root,run,relative_path,name,extension,bytes,sha256,modified,readable
study_logs,PILOT_BAD_FILENAME_V100_P0_NANO_I05_R01,study_logs/PILOT_BAD_FILENAME_V100_P0_NANO_I05_R01.console.log,PILOT_BAD_FILENAME_V100_P0_NANO_I05_R01.console.log,.log,1967184,c039f1055f49fea72fe091711762c8c3835a500e1320b44d213b574f335b6dfd,2026-07-18T01:17:52,True
study_logs,PILOT_BAD_FILENAME_V100_P0_NANO_I05_R02,study_logs/PILOT_BAD_FILENAME_V100_P0_NANO_I05_R02.console.log,PILOT_BAD_FILENAME_V100_P0_NANO_I05_R02.console.log,.log,2130730,d5d54acae81e50416075048093c435514b28c2f6f162e244f546a30426021fbc,2026-07-18T08:03:14,True
study_logs,PILOT_BAD_FILENAME_V100_P0_NANO_I05_R03,study_logs/PILOT_BAD_FILENAME_V100_P0_NANO_I05_R03.console.log,PILOT_BAD_FILENAME_V100_P0_NANO_I05_R03.console.log,.log,2096804,80e7f708d414f7707005ee66337b31ffaed4ab0b009f86e0778b3dae0626ce29,2026-07-18T10:55:25,True
study_logs,SMOKE_V100_P0_I01,study_logs/SMOKE_V100_P0_I01.console.log,SMOKE_V100_P0_I01.console.log,.log,1218048,e924504240b2d8389a231dcee091c20934ea7b898380d581614113119d65f941,2026-07-17T22:58:23,True
study_logs,V100_P0_GPT54_I05_R01,study_logs/V100_P0_GPT54_I05_R01.console.log,V100_P0_GPT54_I05_R01.console.log,.log,1898272,1e68a134fd1574a684aa7397ef96416543d9662039f9c6c947d7b2d5d94f1dd4,2026-07-19T20:44:32,True
study_logs,V100_P0_GPT54_I05_R02,study_logs/V100_P0_GPT54_I05_R02.console.log,V100_P0_GPT54_I05_R02.console.log,.log,1518500,61096b90a7c4cd1baccbbe478cd430030bdcef26ba9585723b47f118cd6fd4f3,2026-07-20T03:27:10,True
study_logs,V100_P0_GPT54_I05_R03,study_logs/V100_P0_GPT54_I05_R03.console.log,V100_P0_GPT54_I05_R03.console.log,.log,18846,566fd0ba4a3a2febf782a51164570e82b99e495102fa196b01de9da81a3c81e2,2026-07-20T09:37:48,True
study_logs,V100_P0_MINI_I05_R01,study_logs/V100_P0_MINI_I05_R01.console.log,V100_P0_MINI_I05_R01.console.log,.log,1526012,ddbd82c5f0c4d2428d9fba01a70ddb4f934cc6d1c6852667ee2df7de39c51d99,2026-07-19T15:19:22,True
study_logs,V100_P0_MINI_I05_R02,study_logs/V100_P0_MINI_I05_R02.console.log,V100_P0_MINI_I05_R02.console.log,.log,1499742,ff10aed0071296bc520a1bad42e2c395923a373236bd96d43e515536c356c012,2026-07-19T16:19:30,True
study_logs,V100_P0_MINI_I05_R03,study_logs/V100_P0_MINI_I05_R03.console.log,V100_P0_MINI_I05_R03.console.log,.log,1480252,c8ac03e6161d8207914fea2ff8bc165e9c445af49143be8acc707315eb5b2ff0,2026-07-19T19:13:17,True
study_logs,V100_P0_MINI_I05_R04,study_logs/V100_P0_MINI_I05_R04.console.log,V100_P0_MINI_I05_R04.console.log,.log,1918908,6bc9c671060ed2f1618592b1fa3eccc1dae6f84d747b618ed75a09acede922e0,2026-07-19T20:28:53,True
study_logs,V100_P0_MINI_I05_R05,study_logs/V100_P0_MINI_I05_R05.console.log,V100_P0_MINI_I05_R05.console.log,.log,1452082,1f7f58b213c576ce318fab56249e7091c9625b031f176bd1f548a5a70550e063,2026-07-20T03:24:56,True
study_logs,V100_P0_NANO_I05_R01,study_logs/V100_P0_NANO_I05_R01.console.log,V100_P0_NANO_I05_R01.console.log,.log,2368318,618e90e52505b4f7d79d89b3a9ef643e02c22f31b5e298842d5f70446b067034,2026-07-18T12:22:53,True
study_logs,V100_P0_NANO_I05_R02,study_logs/V100_P0_NANO_I05_R02.console.log,V100_P0_NANO_I05_R02.console.log,.log,1888466,42977e51f8973922c5c9350bba9e90850df1a289ebf64fe113ca4489fe24729e,2026-07-18T13:29:37,True
study_logs,V100_P0_NANO_I05_R03,study_logs/V100_P0_NANO_I05_R03.console.log,V100_P0_NANO_I05_R03.console.log,.log,2212742,e6cdfced4b53525e0d64f4cbc4ca2505fc0f6fd8c15efcecae33b5327d5588f8,2026-07-18T20:18:19,True
study_logs,V100_P0_NANO_I05_R03_FAILED_ENCODING,study_logs/V100_P0_NANO_I05_R03_FAILED_ENCODING.console.log,V100_P0_NANO_I05_R03_FAILED_ENCODING.console.log,.log,698156,55e1b16f8a8b7f779a663339f182a1ae1a47dca3beb0f3a4cd296c42fe0ef3cf,2026-07-18T12:56:24,True
study_logs,V100_P0_NANO_I05_R04,study_logs/V100_P0_NANO_I05_R04.console.log,V100_P0_NANO_I05_R04.console.log,.log,1952530,e6f42e3fb3679da80e1aa71c5243e711f5539d33837ab89b11a8b06f1ffe50d0,2026-07-18T15:09:42,True
study_logs,V100_P0_NANO_I05_R05,study_logs/V100_P0_NANO_I05_R05.console.log,V100_P0_NANO_I05_R05.console.log,.log,1995118,9c2837b6d9f68e1b2adf159001d9bbc52bd082d9873a305b85fe01817fecf0f3,2026-07-18T20:14:38,True
study_logs,V100_P0_NANO_I05_R05_FAILED_ENCODING,study_logs/V100_P0_NANO_I05_R05_FAILED_ENCODING.console.log,V100_P0_NANO_I05_R05_FAILED_ENCODING.console.log,.log,1311050,b94de5058e5138fea825ca48f401e0aeb37f6228f27a0a968829b7cb0985500c,2026-07-18T14:50:50,True
study_logs,V100_P1_NANO_I05_R01,study_logs/V100_P1_NANO_I05_R01.console.log,V100_P1_NANO_I05_R01.console.log,.log,1921078,d5a7226af736006b8fad98fdfe6400c88763429005d547909359538c5446c95d,2026-07-18T22:02:16,True
study_logs,V100_P1_NANO_I05_R02,study_logs/V100_P1_NANO_I05_R02.console.log,V100_P1_NANO_I05_R02.console.log,.log,1772328,31c30b7590c0025cfb115d6209d38a6312fadfde0b3abdf4829bc5e34b0f754b,2026-07-18T21:49:30,True
study_logs,V100_P1_NANO_I05_R03,study_logs/V100_P1_NANO_I05_R03.console.log,V100_P1_NANO_I05_R03.console.log,.log,2388284,875871404f0d81ce0c675acb004763e4063da72cfaf4c3fa231598f2af8311a7,2026-07-19T14:38:24,True
study_logs,V100_P1_NANO_I05_R04,study_logs/V100_P1_NANO_I05_R04.console.log,V100_P1_NANO_I05_R04.console.log,.log,1779804,a3536ac135ef636f5033796e3bd4f77397efae5cd1a7003e7b529f5cb3c14b0e,2026-07-19T14:39:13,True
study_logs,V100_P1_NANO_I05_R05,study_logs/V100_P1_NANO_I05_R05.console.log,V100_P1_NANO_I05_R05.console.log,.log,1771890,0273dfc10f579025046cac096500d9b7d5e99f175a22505e914e8b9ff56f0738,2026-07-19T15:40:33,True
study_logs,V100_P2_GPT54_I05_R01,study_logs/V100_P2_GPT54_I05_R01.console.log,V100_P2_GPT54_I05_R01.console.log,.log,1523456,273a5b906fc43417b15a5073653af584d5542983ec84eb6084af0e528c0ac7c4,2026-07-20T07:20:08,True
study_logs,V100_P2_GPT54_I05_R02,study_logs/V100_P2_GPT54_I05_R02.console.log,V100_P2_GPT54_I05_R02.console.log,.log,1671682,6dc58a07f00810beef0c60736bffa8c251cc95208c64e7c8bc0291e922cbb87f,2026-07-20T07:24:32,True
study_runs,PILOT_BAD_FILENAME_V100_P0_NANO_I05_R01,study_runs/PILOT_BAD_FILENAME_V100_P0_NANO_I05_R01/checkpoint/0bdcbe7d86d94f278c0ec94a88df76b3/code.py,code.py,.py,2,7eb70257593da06f682a3ddda54a9d260d4fc514f645237f5ca74b08f8da61a6,2026-07-18T00:34:40,True
study_runs,PILOT_BAD_FILENAME_V100_P0_NANO_I05_R01,study_runs/PILOT_BAD_FILENAME_V100_P0_NANO_I05_R01/checkpoint/0bdcbe7d86d94f278c0ec94a88df76b3/exec_result.pkl,exec_result.pkl,.pkl,169,7e4a21d51141ea674226f7a2c3468ac680cd1f147ed94c1243c1d4f9c3f42973,2026-07-18T00:24:10,True
study_runs,PILOT_BAD_FILENAME_V100_P0_NANO_I05_R01,study_runs/PILOT_BAD_FILENAME_V100_P0_NANO_I05_R01/checkpoint/0bdcbe7d86d94f278c0ec94a88df76b3/out.log,out.log,.log,49,b999c05453cbce1dd7fa3d0ee70d14f3b54a511d7b134eda76c99d23181d0525,2026-07-18T00:24:10,True
study_runs,PILOT_BAD_FILENAME_V100_P0_NANO_I05_R01,study_runs/PILOT_BAD_FILENAME_V100_P0_NANO_I05_R01/checkpoint/0fb036b370fd4ef4a3586fcdab36acc2/code.py,code.py,.py,2,7eb70257593da06f682a3ddda54a9d260d4fc514f645237f5ca74b08f8da61a6,2026-07-18T00:21:19,True
study_runs,PILOT_BAD_FILENAME_V100_P0_NANO_I05_R01,study_runs/PILOT_BAD_FILENAME_V100_P0_NANO_I05_R01/checkpoint/0fb036b370fd4ef4a3586fcdab36acc2/exec_result.pkl,exec_result.pkl,.pkl,169,e83d69714e05e91399456a79bedfce030a085e59086a7b88daa72b5dd48dcc46,2026-07-18T00:10:16,True
study_runs,PILOT_BAD_FILENAME_V100_P0_NANO_I05_R01,study_runs/PILOT_BAD_FILENAME_V100_P0_NANO_I05_R01/checkpoint/0fb036b370fd4ef4a3586fcdab36acc2/out.log,out.log,.log,49,b999c05453cbce1dd7fa3d0ee70d14f3b54a511d7b134eda76c99d23181d0525,2026-07-18T00:10:16,True
study_runs,PILOT_BAD_FILENAME_V100_P0_NANO_I05_R01,study_runs/PILOT_BAD_FILENAME_V100_P0_NANO_I05_R01/checkpoint/18fdfe8b4fbf41338e368412cfe7a4b0/code.py,code.py,.py,2,7eb70257593da06f682a3ddda54a9d260d4fc514f645237f5ca74b08f8da61a6,2026-07-18T00:47:29,True
study_runs,PILOT_BAD_FILENAME_V100_P0_NANO_I05_R01,study_runs/PILOT_BAD_FILENAME_V100_P0_NANO_I05_R01/checkpoint/18fdfe8b4fbf41338e368412cfe7a4b0/exec_result.pkl,exec_result.pkl,.pkl,169,e648c90430254324c7e45ce1f9e0e80951490ea6366871a5132dba364dd1d5e3,2026-07-18T00:37:34,True
study_runs,PILOT_BAD_FILENAME_V100_P0_NANO_I05_R01,study_runs/PILOT_BAD_FILENAME_V100_P0_NANO_I05_R01/checkpoint/18fdfe8b4fbf41338e368412cfe7a4b0/out.log,out.log,.log,49,b999c05453cbce1dd7fa3d0ee70d14f3b54a511d7b134eda76c99d23181d0525,2026-07-18T00:37:34,True
study_runs,PILOT_BAD_FILENAME_V100_P0_NANO_I05_R01,study_runs/PILOT_BAD_FILENAME_V100_P0_NANO_I05_R01/checkpoint/1f4746aabdd14e4fb04d1d7a45f71401/code.py,code.py,.py,5970,368d3ecbff1bd1470907c77bc453eca6203662ea03cfd6652a3ccd69bcfdb384,2026-07-18T00:52:52,True
study_runs,PILOT_BAD_FILENAME_V100_P0_NANO_I05_R01,study_runs/PILOT_BAD_FILENAME_V100_P0_NANO_I05_R01/checkpoint/1f4746aabdd14e4fb04d1d7a45f71401/exec_result.pkl,exec_result.pkl,.pkl,834,a4975ee0256959cd28fcc56bf88d2de43cd1c65b4d21b5ac16321eaada9b8373,2026-07-18T00:44:23,True
study_runs,PILOT_BAD_FILENAME_V100_P0_NANO_I05_R01,study_runs/PILOT_BAD_FILENAME_V100_P0_NANO_I05_R01/checkpoint/1f4746aabdd14e4fb04d1d7a45f71401/generated/PrecisionAt10_by_seed.png,PrecisionAt10_by_seed.png,.png,17328,e9609730278a874561e2d34f170f9ff9f7830be5c7dc480a591a4bdb0d0d82e9,2026-07-18T00:44:22,True
study_runs,PILOT_BAD_FILENAME_V100_P0_NANO_I05_R01,study_runs/PILOT_BAD_FILENAME_V100_P0_NANO_I05_R01/checkpoint/1f4746aabdd14e4fb04d1d7a45f71401/out.log,out.log,.log,691,aab0d20223886dcb6f6e1f4cff1c2ed641c15989496a4ea49d1e5878cc2cb339,2026-07-18T00:44:23,True
study_runs,PILOT_BAD_FILENAME_V100_P0_NANO_I05_R01,study_runs/PILOT_BAD_FILENAME_V100_P0_NANO_I05_R01/checkpoint/280cf3b486f3422788d640f6322877ec/code.py,code.py,.py,3381,9e72cd6af15de2b19feba94addac0718201aecea03bd793aa3f378421e64fcff,2026-07-18T00:28:52,True
study_runs,PILOT_BAD_FILENAME_V100_P0_NANO_I05_R01,study_runs/PILOT_BAD_FILENAME_V100_P0_NANO_I05_R01/checkpoint/280cf3b486f3422788d640f6322877ec/exec_result.pkl,exec_result.pkl,.pkl,1049,2c6984edcb684757f4547c1c5e7ca414e6a9ab34098107160876d683e9c12db0,2026-07-18T00:17:26,True
study_runs,PILOT_BAD_FILENAME_V100_P0_NANO_I05_R01,study_runs/PILOT_BAD_FILENAME_V100_P0_NANO_I05_R01/checkpoint/280cf3b486f3422788d640f6322877ec/out.log,out.log,.log,904,9658be54b5f14da0f1b28a2698d40bb75e9ebb267d9f4352464f119bd5956ba4,2026-07-18T00:17:26,True
study_runs,PILOT_BAD_FILENAME_V100_P0_NANO_I05_R01,study_runs/PILOT_BAD_FILENAME_V100_P0_NANO_I05_R01/checkpoint/7a6a2daface94967945ce756e530adf1/code.py,code.py,.py,3750,5e310b36201a86460bb88f53a3316656062d15d845d7bbcd91a6635fdda89ef3,2026-07-18T00:59:40,True
study_runs,PILOT_BAD_FILENAME_V100_P0_NANO_I05_R01,study_runs/PILOT_BAD_FILENAME_V100_P0_NANO_I05_R01/checkpoint/7a6a2daface94967945ce756e530adf1/exec_result.pkl,exec_result.pkl,.pkl,1508,087f4ec9a75c5bf8a301fc1dd0ffededd5d8bde274357ed575e1ce9d02737e8d,2026-07-18T00:49:30,True
study_runs,PILOT_BAD_FILENAME_V100_P0_NANO_I05_R01,study_runs/PILOT_BAD_FILENAME_V100_P0_NANO_I05_R01/checkpoint/7a6a2daface94967945ce756e530adf1/out.log,out.log,.log,1355,f6180e50110aab5e67f9666a6b7fea84a8a009113b7787f72944209e02cc3cb1,2026-07-18T00:49:30,True
study_runs,PILOT_BAD_FILENAME_V100_P0_NANO_I05_R01,study_runs/PILOT_BAD_FILENAME_V100_P0_NANO_I05_R01/checkpoint/c6fc99bea3ae4f79a0dac369c4ecf600/code.py,code.py,.py,6623,310227885f9c5960b14cd13f89cc01a45836e2bc0decf084c89b6ba6bbad6738,2026-07-18T00:41:44,True
study_runs,PILOT_BAD_FILENAME_V100_P0_NANO_I05_R01,study_runs/PILOT_BAD_FILENAME_V100_P0_NANO_I05_R01/checkpoint/c6fc99bea3ae4f79a0dac369c4ecf600/exec_result.pkl,exec_result.pkl,.pkl,283,d06cfeef0d7d40c37b1af8af1c7e2216b353fc03a499aaa1b391c2bb182f21ed,2026-07-18T00:31:17,True
study_runs,PILOT_BAD_FILENAME_V100_P0_NANO_I05_R01,study_runs/PILOT_BAD_FILENAME_V100_P0_NANO_I05_R01/checkpoint/c6fc99bea3ae4f79a0dac369c4ecf600/out.log,out.log,.log,160,8248251e29bccfd95f3fa52ead478349483172102ef951f93d50bd3d2e29c3f1,2026-07-18T00:31:17,True
study_runs,PILOT_BAD_FILENAME_V100_P0_NANO_I05_R01,study_runs/PILOT_BAD_FILENAME_V100_P0_NANO_I05_R01/checkpoint/c6fc99bea3ae4f79a0dac369c4ecf600_iteration1/code.py,code.py,.py,2,7eb70257593da06f682a3ddda54a9d260d4fc514f645237f5ca74b08f8da61a6,2026-07-18T01:17:14,True
study_runs,PILOT_BAD_FILENAME_V100_P0_NANO_I05_R01,study_runs/PILOT_BAD_FILENAME_V100_P0_NANO_I05_R01/checkpoint/c6fc99bea3ae4f79a0dac369c4ecf600_iteration1/exec_result.pkl,exec_result.pkl,.pkl,169,b0a58476ef7878c0c1b1a5f56af36215948a28d0241e447f4782b3afe75b876c,2026-07-18T01:02:03,True
study_runs,PILOT_BAD_FILENAME_V100_P0_NANO_I05_R01,study_runs/PILOT_BAD_FILENAME_V100_P0_NANO_I05_R01/checkpoint/c6fc99bea3ae4f79a0dac369c4ecf600_iteration1/out.log,out.log,.log,49,b999c05453cbce1dd7fa3d0ee70d14f3b54a511d7b134eda76c99d23181d0525,2026-07-18T01:02:03,True
study_runs,PILOT_BAD_FILENAME_V100_P0_NANO_I05_R01,study_runs/PILOT_BAD_FILENAME_V100_P0_NANO_I05_R01/checkpoint/c6fc99bea3ae4f79a0dac369c4ecf600_iteration2/code.py,code.py,.py,5812,503f3a28eac5e41f4d5902a7a2db577093d777b85d11a6ad839114b8c36854b1,2026-07-18T01:17:14,True
study_runs,PILOT_BAD_FILENAME_V100_P0_NANO_I05_R01,study_runs/PILOT_BAD_FILENAME_V100_P0_NANO_I05_R01/checkpoint/c6fc99bea3ae4f79a0dac369c4ecf600_iteration2/exec_result.pkl,exec_result.pkl,.pkl,518,2077a22da46e0dc5fbd05bc35200c874d78ca934e7d4be30f6334e05666f6c34,2026-07-18T01:09:59,True
study_runs,PILOT_BAD_FILENAME_V100_P0_NANO_I05_R01,study_runs/PILOT_BAD_FILENAME_V100_P0_NANO_I05_R01/checkpoint/c6fc99bea3ae4f79a0dac369c4ecf600_iteration2/generated/logs/reproducibility_log.json,reproducibility_log.json,.json,327,2559f9ffaa95397dd9e6bf83057944cd37f6e2f1b666809c1ceca5f53a3ee1dd,2026-07-18T01:09:58,True
study_runs,PILOT_BAD_FILENAME_V100_P0_NANO_I05_R01,study_runs/PILOT_BAD_FILENAME_V100_P0_NANO_I05_R01/checkpoint/c6fc99bea3ae4f79a0dac369c4ecf600_iteration2/generated/plots/Amazon2014VideoGames_ndcg5_bar.png,Amazon2014VideoGames_ndcg5_bar.png,.png,14798,1308e6fd548500699b370c5b257cba2ab658a821f9b79426af8947a58bd3bf69,2026-07-18T01:09:58,True
study_runs,PILOT_BAD_FILENAME_V100_P0_NANO_I05_R01,study_runs/PILOT_BAD_FILENAME_V100_P0_NANO_I05_R01/checkpoint/c6fc99bea3ae4f79a0dac369c4ecf600_iteration2/generated/plots/HetrecLastFM_ndcg5_bar.png,HetrecLastFM_ndcg5_bar.png,.png,13650,c7aaa26f290929eb68f51e03d7c13b6ad52157f079744db8b23160747a2a3bd7,2026-07-18T01:09:58,True
study_runs,PILOT_BAD_FILENAME_V100_P0_NANO_I05_R01,study_runs/PILOT_BAD_FILENAME_V100_P0_NANO_I05_R01/checkpoint/c6fc99bea3ae4f79a0dac369c4ecf600_iteration2/generated/plots/MovieLens100K_ndcg5_bar.png,MovieLens100K_ndcg5_bar.png,.png,13971,e4e6a06f7d03c6b8a0f93335101f2e0a53eda1c77ab15cc89e0e4bbdf0692d66,2026-07-18T01:09:57,True
study_runs,PILOT_BAD_FILENAME_V100_P0_NANO_I05_R01,study_runs/PILOT_BAD_FILENAME_V100_P0_NANO_I05_R01/checkpoint/c6fc99bea3ae4f79a0dac369c4ecf600_iteration2/out.log,out.log,.log,385,42706835eca2bb855c3be58377310a719c2828a6f4703088732b8e0ba8104686,2026-07-18T01:09:59,True
study_runs,PILOT_BAD_FILENAME_V100_P0_NANO_I05_R01,study_runs/PILOT_BAD_FILENAME_V100_P0_NANO_I05_R01/checkpoint/c6fc99bea3ae4f79a0dac369c4ecf600_seed/code.py,code.py,.py,6623,310227885f9c5960b14cd13f89cc01a45836e2bc0decf084c89b6ba6bbad6738,2026-07-18T01:08:28,True
study_runs,PILOT_BAD_FILENAME_V100_P0_NANO_I05_R01,study_runs/PILOT_BAD_FILENAME_V100_P0_NANO_I05_R01/checkpoint/c6fc99bea3ae4f79a0dac369c4ecf600_seed/exec_result.pkl,exec_result.pkl,.pkl,283,2d476b4d4d2566257abd239bc2f0ef2304e633f8b42b8506aee8cef3d46b6839,2026-07-18T00:54:05,True
study_runs,PILOT_BAD_FILENAME_V100_P0_NANO_I05_R01,study_runs/PILOT_BAD_FILENAME_V100_P0_NANO_I05_R01/checkpoint/c6fc99bea3ae4f79a0dac369c4ecf600_seed/out.log,out.log,.log,160,8248251e29bccfd95f3fa52ead478349483172102ef951f93d50bd3d2e29c3f1,2026-07-18T00:54:05,True
study_runs,PILOT_BAD_FILENAME_V100_P0_NANO_I05_R01,study_runs/PILOT_BAD_FILENAME_V100_P0_NANO_I05_R01/code_requirements_final.json,code_requirements_final.json,.json,4220,fd098d9cb66709229cfcbb2c3a81d92bca8ff31504b100328ba1d94b5666ffb1,2026-07-18T00:54:02,True
study_runs,PILOT_BAD_FILENAME_V100_P0_NANO_I05_R01,study_runs/PILOT_BAD_FILENAME_V100_P0_NANO_I05_R01/code_requirements_prototype.json,code_requirements_prototype.json,.json,1187,d967f5c3e828b2962327bf5ac3547a0721e5546cc751210723b635780f978931,2026-07-18T00:06:55,True
study_runs,PILOT_BAD_FILENAME_V100_P0_NANO_I05_R01,study_runs/PILOT_BAD_FILENAME_V100_P0_NANO_I05_R01/config.source.toml,config.source.toml,.toml,386,43ad328d9e971575946598bc6c906a320d878b57103e5825b7bc1b351074558f,2026-07-18T00:06:02,True
study_runs,PILOT_BAD_FILENAME_V100_P0_NANO_I05_R01,study_runs/PILOT_BAD_FILENAME_V100_P0_NANO_I05_R01/config.toml,config.toml,.toml,414,c898a876fd18cdf61a8edcd085b637587d640fd282c758dab0bfb79dee2b5cc7,2026-07-18T00:06:02,True
study_runs,PILOT_BAD_FILENAME_V100_P0_NANO_I05_R01,study_runs/PILOT_BAD_FILENAME_V100_P0_NANO_I05_R01/costs_log.csv,costs_log.csv,.csv,17276,f94bca196e86b52bb0e2fb34259637612f798373f6e3d25d6635688b7be22439,2026-07-18T01:17:46,True
study_runs,PILOT_BAD_FILENAME_V100_P0_NANO_I05_R01,study_runs/PILOT_BAD_FILENAME_V100_P0_NANO_I05_R01/debug.log,debug.log,.log,316532,9a9da7dd9f13d0928e59b1a64800e222917f023b30f36a5605ba327a7d2df5cb,2026-07-18T01:17:52,True
study_runs,PILOT_BAD_FILENAME_V100_P0_NANO_I05_R01,study_runs/PILOT_BAD_FILENAME_V100_P0_NANO_I05_R01/entered_prompt.txt,entered_prompt.txt,.txt,946,dc790c0f84813ae9f582a14783c06db3ee59faaa98d800c6bf831f5ad0d041ab,2026-07-18T00:06:02,True
study_runs,PILOT_BAD_FILENAME_V100_P0_NANO_I05_R01,study_runs/PILOT_BAD_FILENAME_V100_P0_NANO_I05_R01/save.pkl,save.pkl,.pkl,143618,7f47a0216857483bee59387f58a1db1e8c05bb24ce0c68e5ef49b5968ef613b3,2026-07-18T00:52:59,True
study_runs,PILOT_BAD_FILENAME_V100_P0_NANO_I05_R01,study_runs/PILOT_BAD_FILENAME_V100_P0_NANO_I05_R01/statistics/0_0fb036b370fd4ef4a3586fcdab36acc2.txt,0_0fb036b370fd4ef4a3586fcdab36acc2.txt,.txt,407,153d2cabfef4174f9b86479d43ea446b75aa35ae9b62618e58a7b5c20bfc6ef5,2026-07-18T00:14:21,True
study_runs,PILOT_BAD_FILENAME_V100_P0_NANO_I05_R01,study_runs/PILOT_BAD_FILENAME_V100_P0_NANO_I05_R01/statistics/1_280cf3b486f3422788d640f6322877ec.txt,1_280cf3b486f3422788d640f6322877ec.txt,.txt,451,d92f37a6c76731e85fe5936b032d3922ffac34afdda888a1363e00f43e49a93e,2026-07-18T00:21:19,True
study_runs,PILOT_BAD_FILENAME_V100_P0_NANO_I05_R01,study_runs/PILOT_BAD_FILENAME_V100_P0_NANO_I05_R01/statistics/2_0bdcbe7d86d94f278c0ec94a88df76b3.txt,2_0bdcbe7d86d94f278c0ec94a88df76b3.txt,.txt,407,1021ea6e2ce213315fb8fc79073f7c4762e743a8921cfeb39624f33c011cf438,2026-07-18T00:28:52,True
study_runs,PILOT_BAD_FILENAME_V100_P0_NANO_I05_R01,study_runs/PILOT_BAD_FILENAME_V100_P0_NANO_I05_R01/statistics/3_c6fc99bea3ae4f79a0dac369c4ecf600.txt,3_c6fc99bea3ae4f79a0dac369c4ecf600.txt,.txt,484,f705d77e80b781782e04a77e65e99242d87ecf656dee46912ed3eed3b4fcdc60,2026-07-18T00:34:40,True
study_runs,PILOT_BAD_FILENAME_V100_P0_NANO_I05_R01,study_runs/PILOT_BAD_FILENAME_V100_P0_NANO_I05_R01/statistics/4_18fdfe8b4fbf41338e368412cfe7a4b0.txt,4_18fdfe8b4fbf41338e368412cfe7a4b0.txt,.txt,408,71a02b9d7b9115a8b24d0372fd329baab387be86d0c3c8aad644a34433c15273,2026-07-18T00:41:44,True
study_runs,PILOT_BAD_FILENAME_V100_P0_NANO_I05_R01,study_runs/PILOT_BAD_FILENAME_V100_P0_NANO_I05_R01/statistics/5_1f4746aabdd14e4fb04d1d7a45f71401.txt,5_1f4746aabdd14e4fb04d1d7a45f71401.txt,.txt,475,fff2965f41bd051d8224edda544314cbe5fed6f40c68164814d011d750bd767a,2026-07-18T00:47:29,True
study_runs,PILOT_BAD_FILENAME_V100_P0_NANO_I05_R01,study_runs/PILOT_BAD_FILENAME_V100_P0_NANO_I05_R01/statistics/6_7a6a2daface94967945ce756e530adf1.txt,6_7a6a2daface94967945ce756e530adf1.txt,.txt,480,7527468dc7ac119262b2351663e2a64816ba5b522a9b135a8d8a560a075791fb,2026-07-18T00:52:52,True
study_runs,PILOT_BAD_FILENAME_V100_P0_NANO_I05_R01,study_runs/PILOT_BAD_FILENAME_V100_P0_NANO_I05_R01/statistics/7_c6fc99bea3ae4f79a0dac369c4ecf600_seed.txt,7_c6fc99bea3ae4f79a0dac369c4ecf600_seed.txt,.txt,475,ed9f5b1306513cfe8edb283352dbf3273b9da10accb835275abc8f490d640b96,2026-07-18T00:59:40,True
study_runs,PILOT_BAD_FILENAME_V100_P0_NANO_I05_R01,study_runs/PILOT_BAD_FILENAME_V100_P0_NANO_I05_R01/statistics/8_c6fc99bea3ae4f79a0dac369c4ecf600_iteration1.txt,8_c6fc99bea3ae4f79a0dac369c4ecf600_iteration1.txt,.txt,420,8270587ed8d0dd508b0fd714854b147126ddefb53703d1e5e4aa09d6f349a090,2026-07-18T01:08:28,True
study_runs,PILOT_BAD_FILENAME_V100_P0_NANO_I05_R01,study_runs/PILOT_BAD_FILENAME_V100_P0_NANO_I05_R01/statistics/9_c6fc99bea3ae4f79a0dac369c4ecf600_iteration2.txt,9_c6fc99bea3ae4f79a0dac369c4ecf600_iteration2.txt,.txt,511,f18e9b197baa886dd5304af9144e827581c5c0be7a09c8811354a3662a323329,2026-07-18T01:17:14,True
study_runs,PILOT_BAD_FILENAME_V100_P0_NANO_I05_R01,study_runs/PILOT_BAD_FILENAME_V100_P0_NANO_I05_R01/statistics/arguments_per_function.png,arguments_per_function.png,.png,73583,954d96163400c563420cdc773901f9b34fdf7d2ed6d5ffac116c7511fbeaae53,2026-07-18T01:17:50,True
study_runs,PILOT_BAD_FILENAME_V100_P0_NANO_I05_R01,study_runs/PILOT_BAD_FILENAME_V100_P0_NANO_I05_R01/statistics/classes.png,classes.png,.png,41107,e28c42dc42175bfc5f976f74c53b839b0e012be5ca689c39d90bfc3b57602df3,2026-07-18T01:17:50,True
study_runs,PILOT_BAD_FILENAME_V100_P0_NANO_I05_R01,study_runs/PILOT_BAD_FILENAME_V100_P0_NANO_I05_R01/statistics/comment_lines.png,comment_lines.png,.png,80931,c7ce12f0eb4e6f57d203cfec144ecab535c42e9e2169146a896a1c7e03e49826,2026-07-18T01:17:48,True
study_runs,PILOT_BAD_FILENAME_V100_P0_NANO_I05_R01,study_runs/PILOT_BAD_FILENAME_V100_P0_NANO_I05_R01/statistics/conditions.png,conditions.png,.png,74889,56c02130b5a42a52260a6d10984a6c3581a947cb7d546f17660396be14523431,2026-07-18T01:17:52,True
study_runs,PILOT_BAD_FILENAME_V100_P0_NANO_I05_R01,study_runs/PILOT_BAD_FILENAME_V100_P0_NANO_I05_R01/statistics/deletions.png,deletions.png,.png,77759,4a372925d42712abe1bf98665a3f64b51f6c3f88e2bdcb36f5fcd69ce71cbf07,2026-07-18T01:17:52,True
study_runs,PILOT_BAD_FILENAME_V100_P0_NANO_I05_R01,study_runs/PILOT_BAD_FILENAME_V100_P0_NANO_I05_R01/statistics/empty_lines.png,empty_lines.png,.png,77494,779d1d306dab60fc98d603fefc30ed27b403a8e49d90d636ba63836f68483b90,2026-07-18T01:17:47,True
study_runs,PILOT_BAD_FILENAME_V100_P0_NANO_I05_R01,study_runs/PILOT_BAD_FILENAME_V100_P0_NANO_I05_R01/statistics/execution_time.png,execution_time.png,.png,79426,a20eb0e2c07602d2427e25f56d18fc182104d104a2ae75595424862530532671,2026-07-18T01:17:46,True
study_runs,PILOT_BAD_FILENAME_V100_P0_NANO_I05_R01,study_runs/PILOT_BAD_FILENAME_V100_P0_NANO_I05_R01/statistics/functions.png,functions.png,.png,65366,9f454a108a1f31f451cfd5550535a578adeaa487b1ddbe97d55b3485a9dbf1e1,2026-07-18T01:17:49,True
study_runs,PILOT_BAD_FILENAME_V100_P0_NANO_I05_R01,study_runs/PILOT_BAD_FILENAME_V100_P0_NANO_I05_R01/statistics/insertions.png,insertions.png,.png,82401,8201a0cbac8913a34f081ce78ab1dade8b206d0233ccd3975bb6f99a9ae5e053,2026-07-18T01:17:52,True
study_runs,PILOT_BAD_FILENAME_V100_P0_NANO_I05_R01,study_runs/PILOT_BAD_FILENAME_V100_P0_NANO_I05_R01/statistics/libraries_imported.png,libraries_imported.png,.png,75068,9adeadff2b02c6774eb84003cbcba70afba3f0d5f9cea787e22c0042c9bfce9b,2026-07-18T01:17:48,True
study_runs,PILOT_BAD_FILENAME_V100_P0_NANO_I05_R01,study_runs/PILOT_BAD_FILENAME_V100_P0_NANO_I05_R01/statistics/lines_of_code.png,lines_of_code.png,.png,83720,d0e563eccba03506c01aa8dd5563a99d29c9d580a6d46e61d57f2e11cee1c4d0,2026-07-18T01:17:47,True
study_runs,PILOT_BAD_FILENAME_V100_P0_NANO_I05_R01,study_runs/PILOT_BAD_FILENAME_V100_P0_NANO_I05_R01/statistics/loops.png,loops.png,.png,70822,87c47210002277fd842ff044e36f728ff3410d733122214f908f0c0f11411c21,2026-07-18T01:17:51,True
study_runs,PILOT_BAD_FILENAME_V100_P0_NANO_I05_R01,study_runs/PILOT_BAD_FILENAME_V100_P0_NANO_I05_R01/statistics/summary_overall_nodes.txt,summary_overall_nodes.txt,.txt,472,165f1ae52c023204c4c9b1b4ae88a16c64feb9b9b4c4e7feae5a7a33bbfbdc14,2026-07-18T01:17:46,True
study_runs,PILOT_BAD_FILENAME_V100_P0_NANO_I05_R01,study_runs/PILOT_BAD_FILENAME_V100_P0_NANO_I05_R01/statistics/total_characters.png,total_characters.png,.png,92178,2aabd8f4c135255fc8cfbf8bcb134ac16b3524fe05de02cb3de3f6023012aa1c,2026-07-18T01:17:48,True
study_runs,PILOT_BAD_FILENAME_V100_P0_NANO_I05_R01,study_runs/PILOT_BAD_FILENAME_V100_P0_NANO_I05_R01/statistics/variable_assignments.png,variable_assignments.png,.png,86548,28483a96627503dc7a1fca6aca017d503ae5df85f972b29e58006e7adfa95acc,2026-07-18T01:17:51,True
study_runs,PILOT_BAD_FILENAME_V100_P0_NANO_I05_R01,study_runs/PILOT_BAD_FILENAME_V100_P0_NANO_I05_R01/summary.md,summary.md,.md,6329,7a23b76ae83641d21341a73f3d228afcd8920657c6d87a3c5b0e873d3d4dab47,2026-07-18T01:17:46,True
study_runs,PILOT_BAD_FILENAME_V100_P0_NANO_I05_R01,study_runs/PILOT_BAD_FILENAME_V100_P0_NANO_I05_R01/tree_render/pdf/combined_tree.pdf,combined_tree.pdf,.pdf,21963,44def204fd1823d778e6593d0f6aa9df73eed3d3601ff689fa4daf46fb9800e8,2026-07-18T00:52:59,True
study_runs,PILOT_BAD_FILENAME_V100_P0_NANO_I05_R01,study_runs/PILOT_BAD_FILENAME_V100_P0_NANO_I05_R01/tree_render/pdf/tree_0.pdf,tree_0.pdf,.pdf,21200,4c97061553ce059bccead024ca2aa44b4a52875fe35325f44a17e93cf62dba95,2026-07-18T00:52:54,True
study_runs,PILOT_BAD_FILENAME_V100_P0_NANO_I05_R01,study_runs/PILOT_BAD_FILENAME_V100_P0_NANO_I05_R01/tree_render/pdf/tree_1.pdf,tree_1.pdf,.pdf,19763,abd82e69bd1a7dc4a88bdbf610800eaee598a4b7a9c2fca24dcb8e8581d1935f,2026-07-18T00:52:56,True
study_runs,PILOT_BAD_FILENAME_V100_P0_NANO_I05_R01,study_runs/PILOT_BAD_FILENAME_V100_P0_NANO_I05_R01/tree_render/png/combined_tree.png,combined_tree.png,.png,67336,168f0289320343c6d9b9d265c58e88f264b6b8ef83576bf27379555ab4d42f06,2026-07-18T00:52:58,True
study_runs,PILOT_BAD_FILENAME_V100_P0_NANO_I05_R01,study_runs/PILOT_BAD_FILENAME_V100_P0_NANO_I05_R01/tree_render/png/tree_0.png,tree_0.png,.png,50503,75db398d2567757506b397e3c850ff4f856c916547d9b9fa26754e46955580b7,2026-07-18T00:52:53,True
study_runs,PILOT_BAD_FILENAME_V100_P0_NANO_I05_R01,study_runs/PILOT_BAD_FILENAME_V100_P0_NANO_I05_R01/tree_render/png/tree_1.png,tree_1.png,.png,22107,4671c873d4ac0f9f84d4ed048c59d38a9896acfaee4379e389a9c8dfa336a8af,2026-07-18T00:52:55,True
study_runs,PILOT_BAD_FILENAME_V100_P0_NANO_I05_R01,study_runs/PILOT_BAD_FILENAME_V100_P0_NANO_I05_R01/tree_render/svg/combined_tree.svg,combined_tree.svg,.svg,10607,8cb3f116586afd7a4e637051e04da5811ed0931c4b235fc1371c2c030f2173ff,2026-07-18T00:52:59,True
study_runs,PILOT_BAD_FILENAME_V100_P0_NANO_I05_R01,study_runs/PILOT_BAD_FILENAME_V100_P0_NANO_I05_R01/tree_render/svg/tree_0.svg,tree_0.svg,.svg,7952,c28f91e17c6663d34d89c4fc83b9ae0336df3a4257775298a12f914efc4ad5bd,2026-07-18T00:52:55,True
study_runs,PILOT_BAD_FILENAME_V100_P0_NANO_I05_R01,study_runs/PILOT_BAD_FILENAME_V100_P0_NANO_I05_R01/tree_render/svg/tree_1.svg,tree_1.svg,.svg,3176,990560edee19b239d30183d9e116f98bd2347942195782d4f1c01fa4654e8591,2026-07-18T00:52:57,True
study_runs,PILOT_BAD_FILENAME_V100_P0_NANO_I05_R02,study_runs/PILOT_BAD_FILENAME_V100_P0_NANO_I05_R02/checkpoint/015193c407cd486e89fd464e8c07426d/code.py,code.py,.py,3578,90d5cf6f0426a9fec2516e718a9ef4ec92e95c39fe2198c7bb2b8697953240b2,2026-07-18T07:14:23,True
study_runs,PILOT_BAD_FILENAME_V100_P0_NANO_I05_R02,study_runs/PILOT_BAD_FILENAME_V100_P0_NANO_I05_R02/checkpoint/015193c407cd486e89fd464e8c07426d/exec_result.pkl,exec_result.pkl,.pkl,3259,421509995e3b24350f8ee30f649984211861cedaabbb07c52c5a6b3c8beb6d3e,2026-07-18T07:05:34,True
study_runs,PILOT_BAD_FILENAME_V100_P0_NANO_I05_R02,study_runs/PILOT_BAD_FILENAME_V100_P0_NANO_I05_R02/checkpoint/015193c407cd486e89fd464e8c07426d/out.log,out.log,.log,3062,d987e28f1d26b230b6f5fb462364fab9129d1ee99a4deb04220dc9c3fd114236,2026-07-18T07:05:34,True
study_runs,PILOT_BAD_FILENAME_V100_P0_NANO_I05_R02,study_runs/PILOT_BAD_FILENAME_V100_P0_NANO_I05_R02/checkpoint/2ae4e77c87e941deac46b019b0f198b7/code.py,code.py,.py,3759,54697ee5b536ee9665092740fe35e0cc3d2d9553c217d597217b8f413fab475a,2026-07-18T07:28:52,True
study_runs,PILOT_BAD_FILENAME_V100_P0_NANO_I05_R02,study_runs/PILOT_BAD_FILENAME_V100_P0_NANO_I05_R02/checkpoint/2ae4e77c87e941deac46b019b0f198b7/exec_result.pkl,exec_result.pkl,.pkl,803,389646c380ac8114573f60383326696890152e620d5e171c8fca404e08593b28,2026-07-18T07:22:00,True
study_runs,PILOT_BAD_FILENAME_V100_P0_NANO_I05_R02,study_runs/PILOT_BAD_FILENAME_V100_P0_NANO_I05_R02/checkpoint/2ae4e77c87e941deac46b019b0f198b7/out.log,out.log,.log,670,20b08fe3a5b517f6f07188776211d7fc58ef8eec3792597fb51a8dc037a99944,2026-07-18T07:22:00,True
study_runs,PILOT_BAD_FILENAME_V100_P0_NANO_I05_R02,study_runs/PILOT_BAD_FILENAME_V100_P0_NANO_I05_R02/checkpoint/3c61634bc82443cbb27067abc87822a6/code.py,code.py,.py,3502,89fb3e72c404badc02a99966a6ecf853b1e164642604eb41b5b84985ad5b4847,2026-07-18T07:25:28,True
study_runs,PILOT_BAD_FILENAME_V100_P0_NANO_I05_R02,study_runs/PILOT_BAD_FILENAME_V100_P0_NANO_I05_R02/checkpoint/3c61634bc82443cbb27067abc87822a6/exec_result.pkl,exec_result.pkl,.pkl,3258,447b3aaa654bd8de07fdd6467f7618c669f7e6dec7abfc79c575c616622bdfec,2026-07-18T07:16:12,True
study_runs,PILOT_BAD_FILENAME_V100_P0_NANO_I05_R02,study_runs/PILOT_BAD_FILENAME_V100_P0_NANO_I05_R02/checkpoint/3c61634bc82443cbb27067abc87822a6/out.log,out.log,.log,3061,83796d580cf2b16a2b288bf7ceaee8806379fec49f4f734984b6b835297d6996,2026-07-18T07:16:12,True
study_runs,PILOT_BAD_FILENAME_V100_P0_NANO_I05_R02,study_runs/PILOT_BAD_FILENAME_V100_P0_NANO_I05_R02/checkpoint/3c61634bc82443cbb27067abc87822a6_iteration1/code.py,code.py,.py,1498,0419e6a1e4abda0a3641c60eb470848a446625c26cd8a517347b119dbbb84dbf,2026-07-18T08:02:42,True
study_runs,PILOT_BAD_FILENAME_V100_P0_NANO_I05_R02,study_runs/PILOT_BAD_FILENAME_V100_P0_NANO_I05_R02/checkpoint/3c61634bc82443cbb27067abc87822a6_iteration1/exec_result.pkl,exec_result.pkl,.pkl,375,91011b204421d127c274e4abf215e3b18659d882ee19e8d690652833b5caa73b,2026-07-18T07:50:20,True
study_runs,PILOT_BAD_FILENAME_V100_P0_NANO_I05_R02,study_runs/PILOT_BAD_FILENAME_V100_P0_NANO_I05_R02/checkpoint/3c61634bc82443cbb27067abc87822a6_iteration1/out.log,out.log,.log,244,3a76b4495cbd5c3ab065e99dd76667cf21309433f3cb0c63c682167c7084f698,2026-07-18T07:50:20,True
study_runs,PILOT_BAD_FILENAME_V100_P0_NANO_I05_R02,study_runs/PILOT_BAD_FILENAME_V100_P0_NANO_I05_R02/checkpoint/3c61634bc82443cbb27067abc87822a6_iteration2/code.py,code.py,.py,14640,2cc1ae7b1c6f925706e4c7402aa1c6869440b918633242274643d419d6937ba3,2026-07-18T08:02:42,True
study_runs,PILOT_BAD_FILENAME_V100_P0_NANO_I05_R02,study_runs/PILOT_BAD_FILENAME_V100_P0_NANO_I05_R02/checkpoint/3c61634bc82443cbb27067abc87822a6_iteration2/exec_result.pkl,exec_result.pkl,.pkl,2378,e085eb0858f7982a0968d1b47b4486a70027cf7c9f104b397ade513b9c5f15b2,2026-07-18T07:57:12,True
study_runs,PILOT_BAD_FILENAME_V100_P0_NANO_I05_R02,study_runs/PILOT_BAD_FILENAME_V100_P0_NANO_I05_R02/checkpoint/3c61634bc82443cbb27067abc87822a6_iteration2/generated/experiments/final/aggregated/agg_MovieLens100K_ALS.json,agg_MovieLens100K_ALS.json,.json,573,8e085a94229c2782a95337b1e3dde9e612fe481fc20e2bdb669411c4a9dbdb4e,2026-07-18T07:57:10,True
study_runs,PILOT_BAD_FILENAME_V100_P0_NANO_I05_R02,study_runs/PILOT_BAD_FILENAME_V100_P0_NANO_I05_R02/checkpoint/3c61634bc82443cbb27067abc87822a6_iteration2/generated/experiments/final/aggregated/agg_MovieLens100K_ItemKNN.json,agg_MovieLens100K_ItemKNN.json,.json,577,3f6cae1f978c8e7a46720d23e134baa5908c688493233b76bf7c94b3666911c8,2026-07-18T07:57:10,True
study_runs,PILOT_BAD_FILENAME_V100_P0_NANO_I05_R02,study_runs/PILOT_BAD_FILENAME_V100_P0_NANO_I05_R02/checkpoint/3c61634bc82443cbb27067abc87822a6_iteration2/generated/experiments/final/aggregated/agg_MovieLens100K_Pop.json,agg_MovieLens100K_Pop.json,.json,573,b7923fc4b89decc4a5ce955e931b1e6ab0840244f5794b50709da9579b6b6b39,2026-07-18T07:57:10,True
study_runs,PILOT_BAD_FILENAME_V100_P0_NANO_I05_R02,study_runs/PILOT_BAD_FILENAME_V100_P0_NANO_I05_R02/checkpoint/3c61634bc82443cbb27067abc87822a6_iteration2/generated/experiments/final/plots/box_ndcg_MovieLens100K_ALS.png,box_ndcg_MovieLens100K_ALS.png,.png,14513,054aabaed1d5619276dc6a9c97bbb31ee3ea359dc3fbe58c0fa7bc1e64803379,2026-07-18T07:57:11,True
study_runs,PILOT_BAD_FILENAME_V100_P0_NANO_I05_R02,study_runs/PILOT_BAD_FILENAME_V100_P0_NANO_I05_R02/checkpoint/3c61634bc82443cbb27067abc87822a6_iteration2/generated/experiments/final/plots/box_ndcg_MovieLens100K_ItemKNN.png,box_ndcg_MovieLens100K_ItemKNN.png,.png,14654,bdc43d4db2975a3b457c8fda5aab428e184940ad97468e14f639389795c4a23c,2026-07-18T07:57:12,True
study_runs,PILOT_BAD_FILENAME_V100_P0_NANO_I05_R02,study_runs/PILOT_BAD_FILENAME_V100_P0_NANO_I05_R02/checkpoint/3c61634bc82443cbb27067abc87822a6_iteration2/generated/experiments/final/plots/box_ndcg_MovieLens100K_Pop.png,box_ndcg_MovieLens100K_Pop.png,.png,14504,02e4fedf0712ef1cec994f0ed22473543ab0a19d9b1afefa2f78513fed3687f8,2026-07-18T07:57:12,True
study_runs,PILOT_BAD_FILENAME_V100_P0_NANO_I05_R02,study_runs/PILOT_BAD_FILENAME_V100_P0_NANO_I05_R02/checkpoint/3c61634bc82443cbb27067abc87822a6_iteration2/generated/experiments/final/plots/plot_ndcg_MovieLens100K_ALS.png,plot_ndcg_MovieLens100K_ALS.png,.png,22543,0f69deddc7cf00b3701edf3f789bfa8d3ce53ce337ea64a3ed00386c85e91b0b,2026-07-18T07:57:10,True
study_runs,PILOT_BAD_FILENAME_V100_P0_NANO_I05_R02,study_runs/PILOT_BAD_FILENAME_V100_P0_NANO_I05_R02/checkpoint/3c61634bc82443cbb27067abc87822a6_iteration2/generated/experiments/final/plots/plot_ndcg_MovieLens100K_ItemKNN.png,plot_ndcg_MovieLens100K_ItemKNN.png,.png,22687,a1a877f2f01fde8305f5b0d5613497cf5a0c352117a96f279c8cd217d46563b7,2026-07-18T07:57:11,True
study_runs,PILOT_BAD_FILENAME_V100_P0_NANO_I05_R02,study_runs/PILOT_BAD_FILENAME_V100_P0_NANO_I05_R02/checkpoint/3c61634bc82443cbb27067abc87822a6_iteration2/generated/experiments/final/plots/plot_ndcg_MovieLens100K_Pop.png,plot_ndcg_MovieLens100K_Pop.png,.png,22423,9b566337239cb81d6a6860f45009b3c091c0227d8a36f90e0db764d29e446c47,2026-07-18T07:57:12,True
study_runs,PILOT_BAD_FILENAME_V100_P0_NANO_I05_R02,study_runs/PILOT_BAD_FILENAME_V100_P0_NANO_I05_R02/checkpoint/3c61634bc82443cbb27067abc87822a6_iteration2/generated/experiments/final/raw/MovieLens100K_MovieLens100K_seed1001_ALS.json,MovieLens100K_MovieLens100K_seed1001_ALS.json,.json,286,15657c6b7e6910072b8b3a684856e9a8daae36405478eaee7a6a16a63b99ae53,2026-07-18T07:57:10,True
study_runs,PILOT_BAD_FILENAME_V100_P0_NANO_I05_R02,study_runs/PILOT_BAD_FILENAME_V100_P0_NANO_I05_R02/checkpoint/3c61634bc82443cbb27067abc87822a6_iteration2/generated/experiments/final/raw/MovieLens100K_MovieLens100K_seed1001_ItemKNN.json,MovieLens100K_MovieLens100K_seed1001_ItemKNN.json,.json,290,98673e37bb72cea2377080084ca20d59b080a5c28bbca9a0f74de47056c06e61,2026-07-18T07:57:10,True
study_runs,PILOT_BAD_FILENAME_V100_P0_NANO_I05_R02,study_runs/PILOT_BAD_FILENAME_V100_P0_NANO_I05_R02/checkpoint/3c61634bc82443cbb27067abc87822a6_iteration2/generated/experiments/final/raw/MovieLens100K_MovieLens100K_seed1001_Pop.json,MovieLens100K_MovieLens100K_seed1001_Pop.json,.json,286,45797d709037deb0b1c47e2cfc86b490cdabf5c30f6a929a983f2d8d513661ef,2026-07-18T07:57:10,True
study_runs,PILOT_BAD_FILENAME_V100_P0_NANO_I05_R02,study_runs/PILOT_BAD_FILENAME_V100_P0_NANO_I05_R02/checkpoint/3c61634bc82443cbb27067abc87822a6_iteration2/generated/experiments/final/raw/MovieLens100K_MovieLens100K_seed2002_ALS.json,MovieLens100K_MovieLens100K_seed2002_ALS.json,.json,286,2e7379a240c6142fa14d726dd11f4a7884face0ef46afd6b30f711a24782fc15,2026-07-18T07:57:10,True
study_runs,PILOT_BAD_FILENAME_V100_P0_NANO_I05_R02,study_runs/PILOT_BAD_FILENAME_V100_P0_NANO_I05_R02/checkpoint/3c61634bc82443cbb27067abc87822a6_iteration2/generated/experiments/final/raw/MovieLens100K_MovieLens100K_seed2002_ItemKNN.json,MovieLens100K_MovieLens100K_seed2002_ItemKNN.json,.json,290,7bd85d53401e3d9c58f97751cf0656d1ae051b414a9362ffa831500ec353bbd3,2026-07-18T07:57:10,True
study_runs,PILOT_BAD_FILENAME_V100_P0_NANO_I05_R02,study_runs/PILOT_BAD_FILENAME_V100_P0_NANO_I05_R02/checkpoint/3c61634bc82443cbb27067abc87822a6_iteration2/generated/experiments/final/raw/MovieLens100K_MovieLens100K_seed2002_Pop.json,MovieLens100K_MovieLens100K_seed2002_Pop.json,.json,286,438ba96cad2441a816f033c9b354077deffe74fe6cf626d7e2df1b19e5817e84,2026-07-18T07:57:10,True
study_runs,PILOT_BAD_FILENAME_V100_P0_NANO_I05_R02,study_runs/PILOT_BAD_FILENAME_V100_P0_NANO_I05_R02/checkpoint/3c61634bc82443cbb27067abc87822a6_iteration2/generated/experiments/final/raw/MovieLens100K_MovieLens100K_seed3003_ALS.json,MovieLens100K_MovieLens100K_seed3003_ALS.json,.json,286,76683ece282579678bd3c81722979017a0ff2b98644b0781509bb38d42eca53d,2026-07-18T07:57:10,True
study_runs,PILOT_BAD_FILENAME_V100_P0_NANO_I05_R02,study_runs/PILOT_BAD_FILENAME_V100_P0_NANO_I05_R02/checkpoint/3c61634bc82443cbb27067abc87822a6_iteration2/generated/experiments/final/raw/MovieLens100K_MovieLens100K_seed3003_ItemKNN.json,MovieLens100K_MovieLens100K_seed3003_ItemKNN.json,.json,290,f916c87db751bbb772640617a945c5f5a14fe93134ece8cf4fecef87c0a3c75d,2026-07-18T07:57:10,True
study_runs,PILOT_BAD_FILENAME_V100_P0_NANO_I05_R02,study_runs/PILOT_BAD_FILENAME_V100_P0_NANO_I05_R02/checkpoint/3c61634bc82443cbb27067abc87822a6_iteration2/generated/experiments/final/raw/MovieLens100K_MovieLens100K_seed3003_Pop.json,MovieLens100K_MovieLens100K_seed3003_Pop.json,.json,286,339f65ee91f0f239176b2ee5d6ede43777ad030e9e3acb3055a876f96ca78bbd,2026-07-18T07:57:10,True
study_runs,PILOT_BAD_FILENAME_V100_P0_NANO_I05_R02,study_runs/PILOT_BAD_FILENAME_V100_P0_NANO_I05_R02/checkpoint/3c61634bc82443cbb27067abc87822a6_iteration2/generated/experiments/final/raw/MovieLens100K_MovieLens100K_seed4004_ALS.json,MovieLens100K_MovieLens100K_seed4004_ALS.json,.json,286,d19892c50dc8f3a0e56f310e7f524531f07b5cc6e952db2361ab67615a8e9f2d,2026-07-18T07:57:10,True
study_runs,PILOT_BAD_FILENAME_V100_P0_NANO_I05_R02,study_runs/PILOT_BAD_FILENAME_V100_P0_NANO_I05_R02/checkpoint/3c61634bc82443cbb27067abc87822a6_iteration2/generated/experiments/final/raw/MovieLens100K_MovieLens100K_seed4004_ItemKNN.json,MovieLens100K_MovieLens100K_seed4004_ItemKNN.json,.json,290,2bf28b731ff558b1904b99da7be17f9489ad3e427dc46fbbd8bff818781f3522,2026-07-18T07:57:10,True
study_runs,PILOT_BAD_FILENAME_V100_P0_NANO_I05_R02,study_runs/PILOT_BAD_FILENAME_V100_P0_NANO_I05_R02/checkpoint/3c61634bc82443cbb27067abc87822a6_iteration2/generated/experiments/final/raw/MovieLens100K_MovieLens100K_seed4004_Pop.json,MovieLens100K_MovieLens100K_seed4004_Pop.json,.json,286,aa0af4e0ba5e57beb45597631456dad1f455523fadf45d314ed41f7448da5b17,2026-07-18T07:57:10,True
study_runs,PILOT_BAD_FILENAME_V100_P0_NANO_I05_R02,study_runs/PILOT_BAD_FILENAME_V100_P0_NANO_I05_R02/checkpoint/3c61634bc82443cbb27067abc87822a6_iteration2/generated/experiments/final/raw/MovieLens100K_MovieLens100K_seed5005_ALS.json,MovieLens100K_MovieLens100K_seed5005_ALS.json,.json,286,26dd16d3f190e31345213952124cc1124d506933aee5ff5fabf8e28f5ca70a56,2026-07-18T07:57:10,True
study_runs,PILOT_BAD_FILENAME_V100_P0_NANO_I05_R02,study_runs/PILOT_BAD_FILENAME_V100_P0_NANO_I05_R02/checkpoint/3c61634bc82443cbb27067abc87822a6_iteration2/generated/experiments/final/raw/MovieLens100K_MovieLens100K_seed5005_ItemKNN.json,MovieLens100K_MovieLens100K_seed5005_ItemKNN.json,.json,290,8978202fd6fae5ed68186f8b19ce4d865e2e89304c35b08e13613818ef11c589,2026-07-18T07:57:10,True
study_runs,PILOT_BAD_FILENAME_V100_P0_NANO_I05_R02,study_runs/PILOT_BAD_FILENAME_V100_P0_NANO_I05_R02/checkpoint/3c61634bc82443cbb27067abc87822a6_iteration2/generated/experiments/final/raw/MovieLens100K_MovieLens100K_seed5005_Pop.json,MovieLens100K_MovieLens100K_seed5005_Pop.json,.json,286,b23457f7c7c9cd0a1ca3e6e6303edc172d33e7b46b676e96e7a461f08a8dd3f0,2026-07-18T07:57:10,True
study_runs,PILOT_BAD_FILENAME_V100_P0_NANO_I05_R02,study_runs/PILOT_BAD_FILENAME_V100_P0_NANO_I05_R02/checkpoint/3c61634bc82443cbb27067abc87822a6_iteration2/generated/experiments/final/summary.json,summary.json,.json,414,cec99dd46922fbbb592ba66a9fb28098583d1461be4dff07da2607c6f24f0999,2026-07-18T07:57:12,True
study_runs,PILOT_BAD_FILENAME_V100_P0_NANO_I05_R02,study_runs/PILOT_BAD_FILENAME_V100_P0_NANO_I05_R02/checkpoint/3c61634bc82443cbb27067abc87822a6_iteration2/out.log,out.log,.log,2201,cd39fbdbf5258bb82c688894dc41a82728e85d2b782cdf821fa42e1826b67447,2026-07-18T07:57:12,True
study_runs,PILOT_BAD_FILENAME_V100_P0_NANO_I05_R02,study_runs/PILOT_BAD_FILENAME_V100_P0_NANO_I05_R02/checkpoint/3c61634bc82443cbb27067abc87822a6_seed/code.py,code.py,.py,3502,89fb3e72c404badc02a99966a6ecf853b1e164642604eb41b5b84985ad5b4847,2026-07-18T07:53:39,True
study_runs,PILOT_BAD_FILENAME_V100_P0_NANO_I05_R02,study_runs/PILOT_BAD_FILENAME_V100_P0_NANO_I05_R02/checkpoint/3c61634bc82443cbb27067abc87822a6_seed/exec_result.pkl,exec_result.pkl,.pkl,3258,3125aeddfa55d3c810527220132a1e4a859f5ac24c733b456813df9b7c36aac4,2026-07-18T07:44:35,True
study_runs,PILOT_BAD_FILENAME_V100_P0_NANO_I05_R02,study_runs/PILOT_BAD_FILENAME_V100_P0_NANO_I05_R02/checkpoint/3c61634bc82443cbb27067abc87822a6_seed/out.log,out.log,.log,3061,3de78ad738ca1fecb0d8b4a2c26561dbbfba710ac27fdfa440f3e32eb65f13c6,2026-07-18T07:44:35,True
study_runs,PILOT_BAD_FILENAME_V100_P0_NANO_I05_R02,study_runs/PILOT_BAD_FILENAME_V100_P0_NANO_I05_R02/checkpoint/6e70678e1e2941428904dcc5520f6672/code.py,code.py,.py,3487,ccf90ff8b98d86e74142f44d106f41cfa8ab281390961c0fa7a6a832e0798bf8,2026-07-18T07:43:33,True
study_runs,PILOT_BAD_FILENAME_V100_P0_NANO_I05_R02,study_runs/PILOT_BAD_FILENAME_V100_P0_NANO_I05_R02/checkpoint/6e70678e1e2941428904dcc5520f6672/exec_result.pkl,exec_result.pkl,.pkl,7839,84871391b627d776a0cd6c8fa3a0430fe3aceeccb4943608dbbe9d8f6b97e032,2026-07-18T07:36:05,True
study_runs,PILOT_BAD_FILENAME_V100_P0_NANO_I05_R02,study_runs/PILOT_BAD_FILENAME_V100_P0_NANO_I05_R02/checkpoint/6e70678e1e2941428904dcc5520f6672/generated/checkpoints/err.log,err.log,.log,5975,c82c303c9ab0d729d313294053b2514230acc97ddc79eb833b90d24ba6e03c72,2026-07-18T07:36:05,True
study_runs,PILOT_BAD_FILENAME_V100_P0_NANO_I05_R02,study_runs/PILOT_BAD_FILENAME_V100_P0_NANO_I05_R02/checkpoint/6e70678e1e2941428904dcc5520f6672/generated/checkpoints/MovieLens100K-36ca8c6a/LensKit.ImplicitMFScorer-f0dd7ecb-0/model.bpk,model.bpk,.bpk,964784,0b56cdd5fe291c6bc04fcfad2d66b734a4f43bfe1db757f095f34a0da472c601,2026-07-18T07:30:02,True
study_runs,PILOT_BAD_FILENAME_V100_P0_NANO_I05_R02,study_runs/PILOT_BAD_FILENAME_V100_P0_NANO_I05_R02/checkpoint/6e70678e1e2941428904dcc5520f6672/generated/checkpoints/MovieLens100K-36ca8c6a/LensKit.ImplicitMFScorer-f0dd7ecb-0/predictions.json,predictions.json,.json,32934399,54bf655827deb11820d3aefc55253cd66fd20512cadcbd940c8d660c943d8bf5,2026-07-18T07:30:55,True
study_runs,PILOT_BAD_FILENAME_V100_P0_NANO_I05_R02,study_runs/PILOT_BAD_FILENAME_V100_P0_NANO_I05_R02/checkpoint/6e70678e1e2941428904dcc5520f6672/generated/checkpoints/MovieLens100K-36ca8c6a/LensKit.ImplicitMFScorer-f0dd7ecb-1/model.bpk,model.bpk,.bpk,964313,4ede51e8d62a9a8376f6de042b12468f614d802497fe5361475dd7d34721b3ce,2026-07-18T07:31:24,True
study_runs,PILOT_BAD_FILENAME_V100_P0_NANO_I05_R02,study_runs/PILOT_BAD_FILENAME_V100_P0_NANO_I05_R02/checkpoint/6e70678e1e2941428904dcc5520f6672/generated/checkpoints/MovieLens100K-36ca8c6a/LensKit.ImplicitMFScorer-f0dd7ecb-1/predictions.json,predictions.json,.json,32904002,3057b4a6210a10f394fee7e8931488a81196154337059816bcc48069635473c3,2026-07-18T07:32:07,True
study_runs,PILOT_BAD_FILENAME_V100_P0_NANO_I05_R02,study_runs/PILOT_BAD_FILENAME_V100_P0_NANO_I05_R02/checkpoint/6e70678e1e2941428904dcc5520f6672/generated/checkpoints/MovieLens100K-36ca8c6a/LensKit.ImplicitMFScorer-f0dd7ecb-2/model.bpk,model.bpk,.bpk,964964,bb9c2cf8ff40f63f68deed8c0dcf447f9cfda11a8dc77af5d35cdf66086812e4,2026-07-18T07:32:36,True
study_runs,PILOT_BAD_FILENAME_V100_P0_NANO_I05_R02,study_runs/PILOT_BAD_FILENAME_V100_P0_NANO_I05_R02/checkpoint/6e70678e1e2941428904dcc5520f6672/generated/checkpoints/MovieLens100K-36ca8c6a/LensKit.ImplicitMFScorer-f0dd7ecb-2/predictions.json,predictions.json,.json,32937076,1848c5ab2fd01bf7b7251caee6dcf533841b91d63a5569f9d4e4b2dce805faee,2026-07-18T07:33:19,True
study_runs,PILOT_BAD_FILENAME_V100_P0_NANO_I05_R02,study_runs/PILOT_BAD_FILENAME_V100_P0_NANO_I05_R02/checkpoint/6e70678e1e2941428904dcc5520f6672/generated/checkpoints/MovieLens100K-36ca8c6a/LensKit.ImplicitMFScorer-f0dd7ecb-3/model.bpk,model.bpk,.bpk,963797,a9e19f7ba2a1a22e1a0aaf629541bdbbfbc36bf19c0f7c76d9e84e623e8ae07d,2026-07-18T07:33:49,True
study_runs,PILOT_BAD_FILENAME_V100_P0_NANO_I05_R02,study_runs/PILOT_BAD_FILENAME_V100_P0_NANO_I05_R02/checkpoint/6e70678e1e2941428904dcc5520f6672/generated/checkpoints/MovieLens100K-36ca8c6a/LensKit.ImplicitMFScorer-f0dd7ecb-3/predictions.json,predictions.json,.json,32935366,e32c25b1c553e9090944a2426ff08e1d7f99c477efd500ae0eee0c798139e053,2026-07-18T07:34:41,True
study_runs,PILOT_BAD_FILENAME_V100_P0_NANO_I05_R02,study_runs/PILOT_BAD_FILENAME_V100_P0_NANO_I05_R02/checkpoint/6e70678e1e2941428904dcc5520f6672/generated/checkpoints/MovieLens100K-36ca8c6a/LensKit.ImplicitMFScorer-f0dd7ecb-4/model.bpk,model.bpk,.bpk,964251,85b013dc003786d064b7daf67657a4d85e6068a2aa98fde88deb98518776a5fe,2026-07-18T07:35:11,True
study_runs,PILOT_BAD_FILENAME_V100_P0_NANO_I05_R02,study_runs/PILOT_BAD_FILENAME_V100_P0_NANO_I05_R02/checkpoint/6e70678e1e2941428904dcc5520f6672/generated/checkpoints/MovieLens100K-36ca8c6a/LensKit.ImplicitMFScorer-f0dd7ecb-4/predictions.json,predictions.json,.json,32896827,50e5f2ff269f08b2af5456b0ad6a86c3164fc347bc9270935729dcc0f99bbdb9,2026-07-18T07:35:53,True
study_runs,PILOT_BAD_FILENAME_V100_P0_NANO_I05_R02,study_runs/PILOT_BAD_FILENAME_V100_P0_NANO_I05_R02/checkpoint/6e70678e1e2941428904dcc5520f6672/generated/checkpoints/out.log,out.log,.log,0,e3b0c44298fc1c149afbf4c8996fb92427ae41e4649b934ca495991b7852b855,2026-07-18T07:31:05,True
study_runs,PILOT_BAD_FILENAME_V100_P0_NANO_I05_R02,study_runs/PILOT_BAD_FILENAME_V100_P0_NANO_I05_R02/checkpoint/6e70678e1e2941428904dcc5520f6672/generated/checkpoints/progress.json,progress.json,.json,890,2098f19de7db7f02f1b7df80c205275661e277ef91fd739bc6baca0b8ba11e4f,2026-07-18T07:36:04,True
study_runs,PILOT_BAD_FILENAME_V100_P0_NANO_I05_R02,study_runs/PILOT_BAD_FILENAME_V100_P0_NANO_I05_R02/checkpoint/6e70678e1e2941428904dcc5520f6672/generated/checkpoints/results.json,results.json,.json,660,344471b80c72a890cc1b6803cf02b22c30d339bd71e62a8ed2e120f7e0780927,2026-07-18T07:36:05,True
study_runs,PILOT_BAD_FILENAME_V100_P0_NANO_I05_R02,study_runs/PILOT_BAD_FILENAME_V100_P0_NANO_I05_R02/checkpoint/6e70678e1e2941428904dcc5520f6672/out.log,out.log,.log,7526,5b5c02cda2f8f581dfe82fcfbbc629cd2ab798ad1799d55d02702ec5a8473e9b,2026-07-18T07:36:05,True
study_runs,PILOT_BAD_FILENAME_V100_P0_NANO_I05_R02,study_runs/PILOT_BAD_FILENAME_V100_P0_NANO_I05_R02/checkpoint/99081e754efa4dbfa3cff1d2b478301d/code.py,code.py,.py,3453,59e8102661e9086c2c5941249ad817d1240d2e65dc90597eae757e563d637984,2026-07-18T07:48:16,True
study_runs,PILOT_BAD_FILENAME_V100_P0_NANO_I05_R02,study_runs/PILOT_BAD_FILENAME_V100_P0_NANO_I05_R02/checkpoint/99081e754efa4dbfa3cff1d2b478301d/exec_result.pkl,exec_result.pkl,.pkl,3258,ee4d476f04a9e945128ea5604609397af83ca8e2a7e8f442b13eb4f6adb572bc,2026-07-18T07:39:51,True
study_runs,PILOT_BAD_FILENAME_V100_P0_NANO_I05_R02,study_runs/PILOT_BAD_FILENAME_V100_P0_NANO_I05_R02/checkpoint/99081e754efa4dbfa3cff1d2b478301d/out.log,out.log,.log,3061,5fc883c783d4e755d1036af5e6fec9d6c14f11edb5e6e1e9126c66725fc1e0fa,2026-07-18T07:39:51,True
study_runs,PILOT_BAD_FILENAME_V100_P0_NANO_I05_R02,study_runs/PILOT_BAD_FILENAME_V100_P0_NANO_I05_R02/checkpoint/ab5819ca523f4f3184982dd42ee3797e/code.py,code.py,.py,2,7eb70257593da06f682a3ddda54a9d260d4fc514f645237f5ca74b08f8da61a6,2026-07-18T07:38:54,True
study_runs,PILOT_BAD_FILENAME_V100_P0_NANO_I05_R02,study_runs/PILOT_BAD_FILENAME_V100_P0_NANO_I05_R02/checkpoint/ab5819ca523f4f3184982dd42ee3797e/exec_result.pkl,exec_result.pkl,.pkl,169,a79d8ce71ec25b36c0f4ea29517363aded496be4c928823fa54e9140b3bfcf16,2026-07-18T07:26:05,True
study_runs,PILOT_BAD_FILENAME_V100_P0_NANO_I05_R02,study_runs/PILOT_BAD_FILENAME_V100_P0_NANO_I05_R02/checkpoint/ab5819ca523f4f3184982dd42ee3797e/out.log,out.log,.log,49,b999c05453cbce1dd7fa3d0ee70d14f3b54a511d7b134eda76c99d23181d0525,2026-07-18T07:26:05,True
study_runs,PILOT_BAD_FILENAME_V100_P0_NANO_I05_R02,study_runs/PILOT_BAD_FILENAME_V100_P0_NANO_I05_R02/checkpoint/c041136165c04c649e8aee5729792671/code.py,code.py,.py,2,7eb70257593da06f682a3ddda54a9d260d4fc514f645237f5ca74b08f8da61a6,2026-07-18T07:20:17,True
study_runs,PILOT_BAD_FILENAME_V100_P0_NANO_I05_R02,study_runs/PILOT_BAD_FILENAME_V100_P0_NANO_I05_R02/checkpoint/c041136165c04c649e8aee5729792671/exec_result.pkl,exec_result.pkl,.pkl,169,970c1b5b3b471986d7f001e9854526d9badab9ca5c26cdd0671a1bf6a49d4d69,2026-07-18T07:10:21,True
study_runs,PILOT_BAD_FILENAME_V100_P0_NANO_I05_R02,study_runs/PILOT_BAD_FILENAME_V100_P0_NANO_I05_R02/checkpoint/c041136165c04c649e8aee5729792671/out.log,out.log,.log,49,b999c05453cbce1dd7fa3d0ee70d14f3b54a511d7b134eda76c99d23181d0525,2026-07-18T07:10:21,True
study_runs,PILOT_BAD_FILENAME_V100_P0_NANO_I05_R02,study_runs/PILOT_BAD_FILENAME_V100_P0_NANO_I05_R02/code_requirements_final.json,code_requirements_final.json,.json,3266,fa6d2f7e8159870523347904eb95053070d0897717cb69f0c6cecf6671bfa11e,2026-07-18T07:44:29,True
study_runs,PILOT_BAD_FILENAME_V100_P0_NANO_I05_R02,study_runs/PILOT_BAD_FILENAME_V100_P0_NANO_I05_R02/code_requirements_prototype.json,code_requirements_prototype.json,.json,1127,212120b4480608e916bf477722ccdd7b489d6606eadbde1880bff5f4c2ed0486,2026-07-18T07:04:04,True
study_runs,PILOT_BAD_FILENAME_V100_P0_NANO_I05_R02,study_runs/PILOT_BAD_FILENAME_V100_P0_NANO_I05_R02/config.source.toml,config.source.toml,.toml,386,43ad328d9e971575946598bc6c906a320d878b57103e5825b7bc1b351074558f,2026-07-18T07:03:05,True
study_runs,PILOT_BAD_FILENAME_V100_P0_NANO_I05_R02,study_runs/PILOT_BAD_FILENAME_V100_P0_NANO_I05_R02/config.toml,config.toml,.toml,414,73959fbcf223f045f6e14558102cf48749781fdd31ec2e1ef78c0164f63c0599,2026-07-18T07:03:05,True
study_runs,PILOT_BAD_FILENAME_V100_P0_NANO_I05_R02,study_runs/PILOT_BAD_FILENAME_V100_P0_NANO_I05_R02/costs_log.csv,costs_log.csv,.csv,15593,673991f8cbde9d04804e582b448007bd0d61de74ddf7039ce3328e809f30f0f7,2026-07-18T08:03:10,True
study_runs,PILOT_BAD_FILENAME_V100_P0_NANO_I05_R02,study_runs/PILOT_BAD_FILENAME_V100_P0_NANO_I05_R02/debug.log,debug.log,.log,350865,4827f7a328ef9b10dafc2fc8d231119fdf69cf0af19c9042cefe6b536caff443,2026-07-18T08:03:14,True
study_runs,PILOT_BAD_FILENAME_V100_P0_NANO_I05_R02,study_runs/PILOT_BAD_FILENAME_V100_P0_NANO_I05_R02/entered_prompt.txt,entered_prompt.txt,.txt,946,dc790c0f84813ae9f582a14783c06db3ee59faaa98d800c6bf831f5ad0d041ab,2026-07-18T07:03:05,True
study_runs,PILOT_BAD_FILENAME_V100_P0_NANO_I05_R02,study_runs/PILOT_BAD_FILENAME_V100_P0_NANO_I05_R02/save.pkl,save.pkl,.pkl,138854,90b8ee4828a3c85881b9bbf4ede2ec6388e7ea4da2aa3e345b3abf86033264de,2026-07-18T07:43:40,True
study_runs,PILOT_BAD_FILENAME_V100_P0_NANO_I05_R02,study_runs/PILOT_BAD_FILENAME_V100_P0_NANO_I05_R02/statistics/0_015193c407cd486e89fd464e8c07426d.txt,0_015193c407cd486e89fd464e8c07426d.txt,.txt,475,d1292440978275fd82c49da022ed8d71b46771fcdfe0bc8fa8d884d8fedf2fd2,2026-07-18T07:08:13,True
study_runs,PILOT_BAD_FILENAME_V100_P0_NANO_I05_R02,study_runs/PILOT_BAD_FILENAME_V100_P0_NANO_I05_R02/statistics/1_c041136165c04c649e8aee5729792671.txt,1_c041136165c04c649e8aee5729792671.txt,.txt,406,cff8b4b2736e44fc709861d14ed12032ba9264a991428c685666b8acdd7a5043,2026-07-18T07:14:23,True
study_runs,PILOT_BAD_FILENAME_V100_P0_NANO_I05_R02,study_runs/PILOT_BAD_FILENAME_V100_P0_NANO_I05_R02/statistics/2_3c61634bc82443cbb27067abc87822a6.txt,2_3c61634bc82443cbb27067abc87822a6.txt,.txt,472,576d568fae0374450179d6810f8546bf69c7a5ac44c20e76258aac20cce0b5a9,2026-07-18T07:20:17,True
study_runs,PILOT_BAD_FILENAME_V100_P0_NANO_I05_R02,study_runs/PILOT_BAD_FILENAME_V100_P0_NANO_I05_R02/statistics/3_2ae4e77c87e941deac46b019b0f198b7.txt,3_2ae4e77c87e941deac46b019b0f198b7.txt,.txt,499,28c1f747e171c7caf3b30ff945165c12e401bc949d12fe2e5ea747842f05c469,2026-07-18T07:25:28,True
study_runs,PILOT_BAD_FILENAME_V100_P0_NANO_I05_R02,study_runs/PILOT_BAD_FILENAME_V100_P0_NANO_I05_R02/statistics/4_ab5819ca523f4f3184982dd42ee3797e.txt,4_ab5819ca523f4f3184982dd42ee3797e.txt,.txt,408,ab7e3eed1d389d17a08973d61712a0e6f52e17455dc3421fe328c9db85dce151,2026-07-18T07:28:52,True
study_runs,PILOT_BAD_FILENAME_V100_P0_NANO_I05_R02,study_runs/PILOT_BAD_FILENAME_V100_P0_NANO_I05_R02/statistics/5_6e70678e1e2941428904dcc5520f6672.txt,5_6e70678e1e2941428904dcc5520f6672.txt,.txt,458,a7f9988bd90778d52e89e6c2685cc75196122bef7337257f635131084ccb92b8,2026-07-18T07:38:54,True
study_runs,PILOT_BAD_FILENAME_V100_P0_NANO_I05_R02,study_runs/PILOT_BAD_FILENAME_V100_P0_NANO_I05_R02/statistics/6_99081e754efa4dbfa3cff1d2b478301d.txt,6_99081e754efa4dbfa3cff1d2b478301d.txt,.txt,459,9c6b2d3b1d7b571a77f6243244f7ad217080aca64231c889a90386c471e9f1aa,2026-07-18T07:43:33,True
study_runs,PILOT_BAD_FILENAME_V100_P0_NANO_I05_R02,study_runs/PILOT_BAD_FILENAME_V100_P0_NANO_I05_R02/statistics/7_3c61634bc82443cbb27067abc87822a6_seed.txt,7_3c61634bc82443cbb27067abc87822a6_seed.txt,.txt,463,0704dad8284bc69cd5cf69d9795fc1e2439d66448d3173227870d15ceb9bc68a,2026-07-18T07:48:17,True
study_runs,PILOT_BAD_FILENAME_V100_P0_NANO_I05_R02,study_runs/PILOT_BAD_FILENAME_V100_P0_NANO_I05_R02/statistics/8_3c61634bc82443cbb27067abc87822a6_iteration1.txt,8_3c61634bc82443cbb27067abc87822a6_iteration1.txt,.txt,449,85737ce8146243e10749f738c909ec820f05e74b75ace3e493c77f444286061c,2026-07-18T07:53:39,True
study_runs,PILOT_BAD_FILENAME_V100_P0_NANO_I05_R02,study_runs/PILOT_BAD_FILENAME_V100_P0_NANO_I05_R02/statistics/9_3c61634bc82443cbb27067abc87822a6_iteration2.txt,9_3c61634bc82443cbb27067abc87822a6_iteration2.txt,.txt,515,5bfe3ba30090bc0f617c8b9dc008dedd5dd765cb8e185d14858745b644f27dbd,2026-07-18T08:02:42,True
study_runs,PILOT_BAD_FILENAME_V100_P0_NANO_I05_R02,study_runs/PILOT_BAD_FILENAME_V100_P0_NANO_I05_R02/statistics/arguments_per_function.png,arguments_per_function.png,.png,68164,5664ea940928b8470a062cd130f453c866e8f11f84ea347f49b6cd565d764c13,2026-07-18T08:03:12,True
study_runs,PILOT_BAD_FILENAME_V100_P0_NANO_I05_R02,study_runs/PILOT_BAD_FILENAME_V100_P0_NANO_I05_R02/statistics/classes.png,classes.png,.png,42081,7228c742a484f5a1db566d7f2b1f077f85378fa22a1b3508a425c6343df96794,2026-07-18T08:03:12,True
study_runs,PILOT_BAD_FILENAME_V100_P0_NANO_I05_R02,study_runs/PILOT_BAD_FILENAME_V100_P0_NANO_I05_R02/statistics/comment_lines.png,comment_lines.png,.png,67476,9ad66099f9ff3a8a6b1eeac532a0e14dedceb4c3c13744292027e73ea4c36804,2026-07-18T08:03:11,True
study_runs,PILOT_BAD_FILENAME_V100_P0_NANO_I05_R02,study_runs/PILOT_BAD_FILENAME_V100_P0_NANO_I05_R02/statistics/conditions.png,conditions.png,.png,53720,3d8f93990f601a085f137fe1945d244c11e400f9e5c6aa504c367abeca670031,2026-07-18T08:03:13,True
study_runs,PILOT_BAD_FILENAME_V100_P0_NANO_I05_R02,study_runs/PILOT_BAD_FILENAME_V100_P0_NANO_I05_R02/statistics/deletions.png,deletions.png,.png,79529,40d9ea70c0d4b7a0b7306582d1d07dcb13abfa37c70fda32bf8767dd4a4d287f,2026-07-18T08:03:14,True
study_runs,PILOT_BAD_FILENAME_V100_P0_NANO_I05_R02,study_runs/PILOT_BAD_FILENAME_V100_P0_NANO_I05_R02/statistics/empty_lines.png,empty_lines.png,.png,63984,a345614e6be871c5990d9836c38619e59042d67600322e15b799377d809c3296,2026-07-18T08:03:11,True
study_runs,PILOT_BAD_FILENAME_V100_P0_NANO_I05_R02,study_runs/PILOT_BAD_FILENAME_V100_P0_NANO_I05_R02/statistics/execution_time.png,execution_time.png,.png,62876,c7732830d4f53c9eb2e821da9e3e32fd145ce3b647ffb296ed568b32526e9745,2026-07-18T08:03:10,True
study_runs,PILOT_BAD_FILENAME_V100_P0_NANO_I05_R02,study_runs/PILOT_BAD_FILENAME_V100_P0_NANO_I05_R02/statistics/functions.png,functions.png,.png,57130,ecc68bb75179a2aeaaef01edc1f4fc90648a540e6164dc16b2df926c671a86b6,2026-07-18T08:03:12,True
study_runs,PILOT_BAD_FILENAME_V100_P0_NANO_I05_R02,study_runs/PILOT_BAD_FILENAME_V100_P0_NANO_I05_R02/statistics/insertions.png,insertions.png,.png,69940,b7fa97810b667bca3b53972ea1b84f69423aff78f45fdb52a19737cd40cd53e0,2026-07-18T08:03:13,True
study_runs,PILOT_BAD_FILENAME_V100_P0_NANO_I05_R02,study_runs/PILOT_BAD_FILENAME_V100_P0_NANO_I05_R02/statistics/libraries_imported.png,libraries_imported.png,.png,68379,2c3607e00bb33e70d3e898f354b6351c6f4cad8ded0c8a0f6cf1c9401954e6b0,2026-07-18T08:03:12,True
study_runs,PILOT_BAD_FILENAME_V100_P0_NANO_I05_R02,study_runs/PILOT_BAD_FILENAME_V100_P0_NANO_I05_R02/statistics/lines_of_code.png,lines_of_code.png,.png,67922,c0e0baa844e0f8cc25ef181b5e4b675349dce34ec7c0bbb92ca277f2d2bf0e76,2026-07-18T08:03:11,True
study_runs,PILOT_BAD_FILENAME_V100_P0_NANO_I05_R02,study_runs/PILOT_BAD_FILENAME_V100_P0_NANO_I05_R02/statistics/loops.png,loops.png,.png,52361,80b234103d9ee75f05ba3768ff925422657967938a27a30853d2cbc21d6e656c,2026-07-18T08:03:13,True
study_runs,PILOT_BAD_FILENAME_V100_P0_NANO_I05_R02,study_runs/PILOT_BAD_FILENAME_V100_P0_NANO_I05_R02/statistics/summary_overall_nodes.txt,summary_overall_nodes.txt,.txt,488,2909ecb7e12f8f51db6de3bc501b68a5915efab74eceb191b6d61a05bfec8ca3,2026-07-18T08:03:10,True
study_runs,PILOT_BAD_FILENAME_V100_P0_NANO_I05_R02,study_runs/PILOT_BAD_FILENAME_V100_P0_NANO_I05_R02/statistics/total_characters.png,total_characters.png,.png,75731,f5e886fa56661e7423fefa928042afaff1e6c51bcce496292ed9b5dc9ee1d6e2,2026-07-18T08:03:11,True
study_runs,PILOT_BAD_FILENAME_V100_P0_NANO_I05_R02,study_runs/PILOT_BAD_FILENAME_V100_P0_NANO_I05_R02/statistics/variable_assignments.png,variable_assignments.png,.png,66446,2847c34757dd78670c817dd3c1eeff7e3212ff3000747ebc9db6c6690316185a,2026-07-18T08:03:13,True
study_runs,PILOT_BAD_FILENAME_V100_P0_NANO_I05_R02,study_runs/PILOT_BAD_FILENAME_V100_P0_NANO_I05_R02/summary.md,summary.md,.md,5706,20f41efa3d89c5db406eb4c0d16ddf1bf80674d14eb761921ad50efce84259d2,2026-07-18T08:03:10,True
study_runs,PILOT_BAD_FILENAME_V100_P0_NANO_I05_R02,study_runs/PILOT_BAD_FILENAME_V100_P0_NANO_I05_R02/tree_render/pdf/combined_tree.pdf,combined_tree.pdf,.pdf,21481,80296a2dfa50f857337f5115b7c9c3c119c4241e747963780f35a9e6347ebc86,2026-07-18T07:43:39,True
study_runs,PILOT_BAD_FILENAME_V100_P0_NANO_I05_R02,study_runs/PILOT_BAD_FILENAME_V100_P0_NANO_I05_R02/tree_render/pdf/tree_0.pdf,tree_0.pdf,.pdf,20992,cd537e907d87c3642d4bc95fa14b8cd9288806c711c4003d8ba02c1030868e4f,2026-07-18T07:43:35,True
study_runs,PILOT_BAD_FILENAME_V100_P0_NANO_I05_R02,study_runs/PILOT_BAD_FILENAME_V100_P0_NANO_I05_R02/tree_render/pdf/tree_1.pdf,tree_1.pdf,.pdf,20004,5ac5f7b628d800a76d6205ff82dd8e78e8f59ca7b198cab929e6c6b12971d5eb,2026-07-18T07:43:37,True
study_runs,PILOT_BAD_FILENAME_V100_P0_NANO_I05_R02,study_runs/PILOT_BAD_FILENAME_V100_P0_NANO_I05_R02/tree_render/png/combined_tree.png,combined_tree.png,.png,74250,8c62f1e482a7bc4e6e7e4b34fdca22ba1001797f6d9a417ec8a1bbcb87c3bd50,2026-07-18T07:43:38,True
study_runs,PILOT_BAD_FILENAME_V100_P0_NANO_I05_R02,study_runs/PILOT_BAD_FILENAME_V100_P0_NANO_I05_R02/tree_render/png/tree_0.png,tree_0.png,.png,45688,7d3dd9c071df90553bd0487225ac3ab02344d0aacb7ba66d37e4e47a86f32e54,2026-07-18T07:43:34,True
study_runs,PILOT_BAD_FILENAME_V100_P0_NANO_I05_R02,study_runs/PILOT_BAD_FILENAME_V100_P0_NANO_I05_R02/tree_render/png/tree_1.png,tree_1.png,.png,34136,683f2c99a4d3fcc2a3b93e9a377b9098531c3f302b245566926faa801ca8ac2f,2026-07-18T07:43:36,True
study_runs,PILOT_BAD_FILENAME_V100_P0_NANO_I05_R02,study_runs/PILOT_BAD_FILENAME_V100_P0_NANO_I05_R02/tree_render/svg/combined_tree.svg,combined_tree.svg,.svg,10640,1e2a7e72742878a43bd903a551fa8d22ea4ef9ba47694da461ec296126a5d1b9,2026-07-18T07:43:40,True
study_runs,PILOT_BAD_FILENAME_V100_P0_NANO_I05_R02,study_runs/PILOT_BAD_FILENAME_V100_P0_NANO_I05_R02/tree_render/svg/tree_0.svg,tree_0.svg,.svg,6360,aabe04749799e64b4f7e1333bb55ebf5a15a3a7ac211cc9ddb2782073e6ce2f2,2026-07-18T07:43:35,True
study_runs,PILOT_BAD_FILENAME_V100_P0_NANO_I05_R02,study_runs/PILOT_BAD_FILENAME_V100_P0_NANO_I05_R02/tree_render/svg/tree_1.svg,tree_1.svg,.svg,4771,13ae6e01e6aa7c44864dfcf6a9fd0c48a1b1883a68721e8406619516bd35a7a6,2026-07-18T07:43:38,True
study_runs,PILOT_BAD_FILENAME_V100_P0_NANO_I05_R03,study_runs/PILOT_BAD_FILENAME_V100_P0_NANO_I05_R03/checkpoint/0774eb2af6124832aaea2b6811becb64/code.py,code.py,.py,3895,ec320edaf49162713fdb4dbe3d0e51bd30ff758c0c73830cd6cca96132f38047,2026-07-18T10:30:59,True
study_runs,PILOT_BAD_FILENAME_V100_P0_NANO_I05_R03,study_runs/PILOT_BAD_FILENAME_V100_P0_NANO_I05_R03/checkpoint/0774eb2af6124832aaea2b6811becb64/exec_result.pkl,exec_result.pkl,.pkl,3267,2df4cebc0d4e431f7fa192e4999fb2ea7d20fa348f8d36bf009d993493ed21e1,2026-07-18T10:22:34,True
study_runs,PILOT_BAD_FILENAME_V100_P0_NANO_I05_R03,study_runs/PILOT_BAD_FILENAME_V100_P0_NANO_I05_R03/checkpoint/0774eb2af6124832aaea2b6811becb64/out.log,out.log,.log,3070,fba599174c2b36bece23ee8937ee92684a74fef32e536b33cb2983eda0525788,2026-07-18T10:22:34,True
study_runs,PILOT_BAD_FILENAME_V100_P0_NANO_I05_R03,study_runs/PILOT_BAD_FILENAME_V100_P0_NANO_I05_R03/checkpoint/3088b22eb493465a82ae75afba943cc3/code.py,code.py,.py,4776,95e57c3e54b8de4674c03a432dd8d04d9fc15ef1c4c6d613ff4ef4835d7811f9,2026-07-18T10:37:13,True
study_runs,PILOT_BAD_FILENAME_V100_P0_NANO_I05_R03,study_runs/PILOT_BAD_FILENAME_V100_P0_NANO_I05_R03/checkpoint/3088b22eb493465a82ae75afba943cc3/exec_result.pkl,exec_result.pkl,.pkl,7920,a12722931498d74d804e528614e7153b359f6284ff36d3702ae52129cbf77c5c,2026-07-18T10:28:13,True
study_runs,PILOT_BAD_FILENAME_V100_P0_NANO_I05_R03,study_runs/PILOT_BAD_FILENAME_V100_P0_NANO_I05_R03/checkpoint/3088b22eb493465a82ae75afba943cc3/generated/precision_seed_plot.png,precision_seed_plot.png,.png,15445,01d2d25678a8969f3919a605c0f3bfd80fc11ccf93eec3299d543d2c57f279d1,2026-07-18T10:28:12,True
study_runs,PILOT_BAD_FILENAME_V100_P0_NANO_I05_R03,study_runs/PILOT_BAD_FILENAME_V100_P0_NANO_I05_R03/checkpoint/3088b22eb493465a82ae75afba943cc3/generated/prototype_precision_results.csv,prototype_precision_results.csv,.csv,249,d9348cac669aea5f0af76beda4f237f5d980ceae8312f3e4be81be4ccb7e83e5,2026-07-18T10:28:12,True
study_runs,PILOT_BAD_FILENAME_V100_P0_NANO_I05_R03,study_runs/PILOT_BAD_FILENAME_V100_P0_NANO_I05_R03/checkpoint/3088b22eb493465a82ae75afba943cc3/out.log,out.log,.log,7615,4ca6a4a932631add714dd93b5edf3655ced254a1eb40e4051c2466e48b838583,2026-07-18T10:28:13,True
study_runs,PILOT_BAD_FILENAME_V100_P0_NANO_I05_R03,study_runs/PILOT_BAD_FILENAME_V100_P0_NANO_I05_R03/checkpoint/471cd3e59f7e4ff38fc386479e829987/code.py,code.py,.py,5194,e5b73c63bfa5db96ce374ae3ee2fdaaff2b2c1b89ba3329bca3ba24d6ec70b8a,2026-07-18T10:20:28,True
study_runs,PILOT_BAD_FILENAME_V100_P0_NANO_I05_R03,study_runs/PILOT_BAD_FILENAME_V100_P0_NANO_I05_R03/checkpoint/471cd3e59f7e4ff38fc386479e829987/exec_result.pkl,exec_result.pkl,.pkl,1944,d1ecff3baf26a2790c8428fa4a6ea86b90cecf1954ea71701c44ea0e8ac591aa,2026-07-18T10:10:51,True
study_runs,PILOT_BAD_FILENAME_V100_P0_NANO_I05_R03,study_runs/PILOT_BAD_FILENAME_V100_P0_NANO_I05_R03/checkpoint/471cd3e59f7e4ff38fc386479e829987/generated/precision_seed_plot.png,precision_seed_plot.png,.png,23058,894bd0fcf0a210a0bcdc8ee422b671cb4cb4ffda1beea6e11c79f98e3d88c883,2026-07-18T10:10:50,True
study_runs,PILOT_BAD_FILENAME_V100_P0_NANO_I05_R03,study_runs/PILOT_BAD_FILENAME_V100_P0_NANO_I05_R03/checkpoint/471cd3e59f7e4ff38fc386479e829987/generated/prototype_precision_results.csv,prototype_precision_results.csv,.csv,271,c8f024f3fa1941ade3e5a4b46fb18c1c1a3d431bbdfe7c1ee185f7cd3b02277b,2026-07-18T10:10:50,True
study_runs,PILOT_BAD_FILENAME_V100_P0_NANO_I05_R03,study_runs/PILOT_BAD_FILENAME_V100_P0_NANO_I05_R03/checkpoint/471cd3e59f7e4ff38fc386479e829987/out.log,out.log,.log,1783,7a8c6c520f1e541f9f1b1f97352a988d0af4b5bcc5a97d070fe96bb9facff72b,2026-07-18T10:10:51,True
study_runs,PILOT_BAD_FILENAME_V100_P0_NANO_I05_R03,study_runs/PILOT_BAD_FILENAME_V100_P0_NANO_I05_R03/checkpoint/471cd3e59f7e4ff38fc386479e829987_iteration1/code.py,code.py,.py,101,ebfe7c9e4ecf7931956a18e4f975da5a1df6ad0fdd26d8c40dd1e16818d7bd2f,2026-07-18T10:55:04,True
study_runs,PILOT_BAD_FILENAME_V100_P0_NANO_I05_R03,study_runs/PILOT_BAD_FILENAME_V100_P0_NANO_I05_R03/checkpoint/471cd3e59f7e4ff38fc386479e829987_iteration1/exec_result.pkl,exec_result.pkl,.pkl,169,630eeb51ad79cd67023951c4f9b22cd06a4a468d11c65a22095ece9338449710,2026-07-18T10:45:15,True
study_runs,PILOT_BAD_FILENAME_V100_P0_NANO_I05_R03,study_runs/PILOT_BAD_FILENAME_V100_P0_NANO_I05_R03/checkpoint/471cd3e59f7e4ff38fc386479e829987_iteration1/out.log,out.log,.log,49,b999c05453cbce1dd7fa3d0ee70d14f3b54a511d7b134eda76c99d23181d0525,2026-07-18T10:45:15,True
study_runs,PILOT_BAD_FILENAME_V100_P0_NANO_I05_R03,study_runs/PILOT_BAD_FILENAME_V100_P0_NANO_I05_R03/checkpoint/471cd3e59f7e4ff38fc386479e829987_iteration2/code.py,code.py,.py,7589,393180ef5f1ead1a511174bf459fe5b926984164671f256f020cb29e9c57f791,2026-07-18T10:55:04,True
study_runs,PILOT_BAD_FILENAME_V100_P0_NANO_I05_R03,study_runs/PILOT_BAD_FILENAME_V100_P0_NANO_I05_R03/checkpoint/471cd3e59f7e4ff38fc386479e829987_iteration2/exec_result.pkl,exec_result.pkl,.pkl,271,ebccebfac754bda4a9b2017bf82443fe022d81f918d825f392ec550922ecec93,2026-07-18T10:50:10,True
study_runs,PILOT_BAD_FILENAME_V100_P0_NANO_I05_R03,study_runs/PILOT_BAD_FILENAME_V100_P0_NANO_I05_R03/checkpoint/471cd3e59f7e4ff38fc386479e829987_iteration2/out.log,out.log,.log,148,fcebd510b2056a258996c9054791b6a5e588a64e8f4750df5df4984dae86f37c,2026-07-18T10:50:10,True
study_runs,PILOT_BAD_FILENAME_V100_P0_NANO_I05_R03,study_runs/PILOT_BAD_FILENAME_V100_P0_NANO_I05_R03/checkpoint/471cd3e59f7e4ff38fc386479e829987_seed/code.py,code.py,.py,5217,3570f6c84165f0ed6e597943f205b2f0bfbe92b6120e5bfa2a88273aee385573,2026-07-18T10:48:32,True
study_runs,PILOT_BAD_FILENAME_V100_P0_NANO_I05_R03,study_runs/PILOT_BAD_FILENAME_V100_P0_NANO_I05_R03/checkpoint/471cd3e59f7e4ff38fc386479e829987_seed/exec_result.pkl,exec_result.pkl,.pkl,3984,3d8c4daca8997e47eeda16c6d9009dd011a3f1f53d17a69e641e3458ca9169de,2026-07-18T10:40:47,True
study_runs,PILOT_BAD_FILENAME_V100_P0_NANO_I05_R03,study_runs/PILOT_BAD_FILENAME_V100_P0_NANO_I05_R03/checkpoint/471cd3e59f7e4ff38fc386479e829987_seed/generated/checkpoints/err.log,err.log,.log,1195,4da430e9659bb61bd72765495936d07d95cfc1fd625a65a3cfd549baa46343ae,2026-07-18T10:40:46,True
study_runs,PILOT_BAD_FILENAME_V100_P0_NANO_I05_R03,study_runs/PILOT_BAD_FILENAME_V100_P0_NANO_I05_R03/checkpoint/471cd3e59f7e4ff38fc386479e829987_seed/generated/checkpoints/MovieLens100K-938abed0/LensKit.ImplicitMFScorer-f0dd7ecb-42/model.bpk,model.bpk,.bpk,1132698,72de7d00a6843f2b16a69bc22ea3216861ea3138feb974a08669e7c07c76a080,2026-07-18T10:39:43,True
study_runs,PILOT_BAD_FILENAME_V100_P0_NANO_I05_R03,study_runs/PILOT_BAD_FILENAME_V100_P0_NANO_I05_R03/checkpoint/471cd3e59f7e4ff38fc386479e829987_seed/generated/checkpoints/MovieLens100K-938abed0/LensKit.ImplicitMFScorer-f0dd7ecb-42/predictions.json,predictions.json,.json,39281907,8f71c072b1f722548146a1b402bfb5ad5e832b9b6cab61967942b0b0425d0efb,2026-07-18T10:40:37,True
study_runs,PILOT_BAD_FILENAME_V100_P0_NANO_I05_R03,study_runs/PILOT_BAD_FILENAME_V100_P0_NANO_I05_R03/checkpoint/471cd3e59f7e4ff38fc386479e829987_seed/generated/checkpoints/out.log,out.log,.log,0,e3b0c44298fc1c149afbf4c8996fb92427ae41e4649b934ca495991b7852b855,2026-07-18T10:40:46,True
study_runs,PILOT_BAD_FILENAME_V100_P0_NANO_I05_R03,study_runs/PILOT_BAD_FILENAME_V100_P0_NANO_I05_R03/checkpoint/471cd3e59f7e4ff38fc386479e829987_seed/generated/checkpoints/progress.json,progress.json,.json,199,da94bf102bdff54ecc40460e5a6f8c5164fe48f23181ee3b81062131ec0a6e2a,2026-07-18T10:40:43,True
study_runs,PILOT_BAD_FILENAME_V100_P0_NANO_I05_R03,study_runs/PILOT_BAD_FILENAME_V100_P0_NANO_I05_R03/checkpoint/471cd3e59f7e4ff38fc386479e829987_seed/generated/checkpoints/results.json,results.json,.json,2,44136fa355b3678a1146ad16f7e8649e94fb4fc21fe77e8310c060f61caaff8a,2026-07-18T10:40:46,True
study_runs,PILOT_BAD_FILENAME_V100_P0_NANO_I05_R03,study_runs/PILOT_BAD_FILENAME_V100_P0_NANO_I05_R03/checkpoint/471cd3e59f7e4ff38fc386479e829987_seed/generated/precision_seed_plot.png,precision_seed_plot.png,.png,15386,f7c56a300e9ffc79e17e6aced74dbf1c232b706376e852202eab284484276eeb,2026-07-18T10:40:47,True
study_runs,PILOT_BAD_FILENAME_V100_P0_NANO_I05_R03,study_runs/PILOT_BAD_FILENAME_V100_P0_NANO_I05_R03/checkpoint/471cd3e59f7e4ff38fc386479e829987_seed/generated/prototype_precision_results.csv,prototype_precision_results.csv,.csv,251,3643b8dc790a3c97341e9611eacfdeaf00536f820df40cd22262cdcf3449c581,2026-07-18T10:40:46,True
study_runs,PILOT_BAD_FILENAME_V100_P0_NANO_I05_R03,study_runs/PILOT_BAD_FILENAME_V100_P0_NANO_I05_R03/checkpoint/471cd3e59f7e4ff38fc386479e829987_seed/out.log,out.log,.log,3771,b824d68af1615a38761157cab00786e34f31afcc392c57123d2dcb04681ab744,2026-07-18T10:40:47,True
study_runs,PILOT_BAD_FILENAME_V100_P0_NANO_I05_R03,study_runs/PILOT_BAD_FILENAME_V100_P0_NANO_I05_R03/checkpoint/677d51929f6140c5baaf4c028d377259/code.py,code.py,.py,5823,5fe8c5a1e7f4f8e147a491c50a42b6d0a79e53aaf0a1ab8cd1ce3dcf9e18b137,2026-07-18T10:25:53,True
study_runs,PILOT_BAD_FILENAME_V100_P0_NANO_I05_R03,study_runs/PILOT_BAD_FILENAME_V100_P0_NANO_I05_R03/checkpoint/677d51929f6140c5baaf4c028d377259/exec_result.pkl,exec_result.pkl,.pkl,3287,cd6b93c9a2dbf4860dc16a68f2706ff0647d24bfaad14c2a410f8b24c7c71e1c,2026-07-18T10:17:08,True
study_runs,PILOT_BAD_FILENAME_V100_P0_NANO_I05_R03,study_runs/PILOT_BAD_FILENAME_V100_P0_NANO_I05_R03/checkpoint/677d51929f6140c5baaf4c028d377259/out.log,out.log,.log,3090,642cbd21a5de8e796b5b1bb0a274b8dedda4d63aee7ffab560709674fd973bf7,2026-07-18T10:17:08,True
study_runs,PILOT_BAD_FILENAME_V100_P0_NANO_I05_R03,study_runs/PILOT_BAD_FILENAME_V100_P0_NANO_I05_R03/checkpoint/7c7aff516dc44e82bafcc25d1c7616c7/code.py,code.py,.py,3352,38d7aa846a56bc3b90ec027395a0b98c1cf75564564cfac213c5d637d5349212,2026-07-18T10:43:46,True
study_runs,PILOT_BAD_FILENAME_V100_P0_NANO_I05_R03,study_runs/PILOT_BAD_FILENAME_V100_P0_NANO_I05_R03/checkpoint/7c7aff516dc44e82bafcc25d1c7616c7/exec_result.pkl,exec_result.pkl,.pkl,17298,cd4459549bf2f90b110204d3d94c7a44ca0ac7d697c8f2c1f0ecff863e6f93ab,2026-07-18T10:34:48,True
study_runs,PILOT_BAD_FILENAME_V100_P0_NANO_I05_R03,study_runs/PILOT_BAD_FILENAME_V100_P0_NANO_I05_R03/checkpoint/7c7aff516dc44e82bafcc25d1c7616c7/generated/checkpoints/err.log,err.log,.log,1195,4da430e9659bb61bd72765495936d07d95cfc1fd625a65a3cfd549baa46343ae,2026-07-18T10:34:12,True
study_runs,PILOT_BAD_FILENAME_V100_P0_NANO_I05_R03,study_runs/PILOT_BAD_FILENAME_V100_P0_NANO_I05_R03/checkpoint/7c7aff516dc44e82bafcc25d1c7616c7/generated/checkpoints/MovieLens100K-938abed0/LensKit.ImplicitMFScorer-f0dd7ecb-42/model.bpk,model.bpk,.bpk,1132724,113c1a2b0ca4040610a1fa1631fa9b4f20235ae2cf48b4f5738abf02a3c28e11,2026-07-18T10:33:08,True
study_runs,PILOT_BAD_FILENAME_V100_P0_NANO_I05_R03,study_runs/PILOT_BAD_FILENAME_V100_P0_NANO_I05_R03/checkpoint/7c7aff516dc44e82bafcc25d1c7616c7/generated/checkpoints/MovieLens100K-938abed0/LensKit.ImplicitMFScorer-f0dd7ecb-42/predictions.json,predictions.json,.json,39281950,310f2f8d7e0991272d03d5c08279e09a389fb30501c3aec5fe2f7515adfaa5dc,2026-07-18T10:34:01,True
study_runs,PILOT_BAD_FILENAME_V100_P0_NANO_I05_R03,study_runs/PILOT_BAD_FILENAME_V100_P0_NANO_I05_R03/checkpoint/7c7aff516dc44e82bafcc25d1c7616c7/generated/checkpoints/out.log,out.log,.log,0,e3b0c44298fc1c149afbf4c8996fb92427ae41e4649b934ca495991b7852b855,2026-07-18T10:34:12,True
study_runs,PILOT_BAD_FILENAME_V100_P0_NANO_I05_R03,study_runs/PILOT_BAD_FILENAME_V100_P0_NANO_I05_R03/checkpoint/7c7aff516dc44e82bafcc25d1c7616c7/generated/checkpoints/progress.json,progress.json,.json,199,726457e870200baf2a362024d1db12e74eeb7dc1d9e0605ef9ef7957e0f1d994,2026-07-18T10:34:47,True
study_runs,PILOT_BAD_FILENAME_V100_P0_NANO_I05_R03,study_runs/PILOT_BAD_FILENAME_V100_P0_NANO_I05_R03/checkpoint/7c7aff516dc44e82bafcc25d1c7616c7/generated/checkpoints/results.json,results.json,.json,156,30364c6acad2a142e434aa4982d6efd6840b3558bd27ebcd41549f18c44212e6,2026-07-18T10:34:47,True
study_runs,PILOT_BAD_FILENAME_V100_P0_NANO_I05_R03,study_runs/PILOT_BAD_FILENAME_V100_P0_NANO_I05_R03/checkpoint/7c7aff516dc44e82bafcc25d1c7616c7/generated/precision_seed_plot.png,precision_seed_plot.png,.png,15386,f7c56a300e9ffc79e17e6aced74dbf1c232b706376e852202eab284484276eeb,2026-07-18T10:34:48,True
study_runs,PILOT_BAD_FILENAME_V100_P0_NANO_I05_R03,study_runs/PILOT_BAD_FILENAME_V100_P0_NANO_I05_R03/checkpoint/7c7aff516dc44e82bafcc25d1c7616c7/generated/prototype_precision_results.csv,prototype_precision_results.csv,.csv,251,3643b8dc790a3c97341e9611eacfdeaf00536f820df40cd22262cdcf3449c581,2026-07-18T10:34:47,True
study_runs,PILOT_BAD_FILENAME_V100_P0_NANO_I05_R03,study_runs/PILOT_BAD_FILENAME_V100_P0_NANO_I05_R03/checkpoint/7c7aff516dc44e82bafcc25d1c7616c7/out.log,out.log,.log,16801,3620caa2ce18b95acb8e89057e1af6525ce646535b453d6f2df0440c6ad7b861,2026-07-18T10:34:48,True
study_runs,PILOT_BAD_FILENAME_V100_P0_NANO_I05_R03,study_runs/PILOT_BAD_FILENAME_V100_P0_NANO_I05_R03/checkpoint/89e32f37812c4864a78fdf64ce3f046b/code.py,code.py,.py,2,7eb70257593da06f682a3ddda54a9d260d4fc514f645237f5ca74b08f8da61a6,2026-07-18T10:08:24,True
study_runs,PILOT_BAD_FILENAME_V100_P0_NANO_I05_R03,study_runs/PILOT_BAD_FILENAME_V100_P0_NANO_I05_R03/checkpoint/89e32f37812c4864a78fdf64ce3f046b/exec_result.pkl,exec_result.pkl,.pkl,169,998e431d78861096ddea7226cbd48a0ca774ef8d52fa3dcc542dd4ac0609f05c,2026-07-18T09:59:27,True
study_runs,PILOT_BAD_FILENAME_V100_P0_NANO_I05_R03,study_runs/PILOT_BAD_FILENAME_V100_P0_NANO_I05_R03/checkpoint/89e32f37812c4864a78fdf64ce3f046b/out.log,out.log,.log,49,b999c05453cbce1dd7fa3d0ee70d14f3b54a511d7b134eda76c99d23181d0525,2026-07-18T09:59:27,True
study_runs,PILOT_BAD_FILENAME_V100_P0_NANO_I05_R03,study_runs/PILOT_BAD_FILENAME_V100_P0_NANO_I05_R03/checkpoint/a29c2aa2c1a74b6aa7d9d54465462198/code.py,code.py,.py,6757,cac77826f3ad6389657b82871d47f28f1fb81c01795f8ab06d23720c2fab083c,2026-07-18T10:14:29,True
study_runs,PILOT_BAD_FILENAME_V100_P0_NANO_I05_R03,study_runs/PILOT_BAD_FILENAME_V100_P0_NANO_I05_R03/checkpoint/a29c2aa2c1a74b6aa7d9d54465462198/exec_result.pkl,exec_result.pkl,.pkl,238,ecb142fa09194716d2cdc3fb203778bf1e247a78a446279f5e55c5f4f64fc043,2026-07-18T10:05:45,True
study_runs,PILOT_BAD_FILENAME_V100_P0_NANO_I05_R03,study_runs/PILOT_BAD_FILENAME_V100_P0_NANO_I05_R03/checkpoint/a29c2aa2c1a74b6aa7d9d54465462198/out.log,out.log,.log,115,116da64870cf50adb069a96658f6be92a7754a8ab9c67da3ab85ae5dc91b565e,2026-07-18T10:05:45,True
study_runs,PILOT_BAD_FILENAME_V100_P0_NANO_I05_R03,study_runs/PILOT_BAD_FILENAME_V100_P0_NANO_I05_R03/code_requirements_final.json,code_requirements_final.json,.json,2370,13b52cbbb749b73be7477e349565324b5426f6b5571ce4ad8d2c69bbbf727a9a,2026-07-18T10:37:58,True
study_runs,PILOT_BAD_FILENAME_V100_P0_NANO_I05_R03,study_runs/PILOT_BAD_FILENAME_V100_P0_NANO_I05_R03/code_requirements_prototype.json,code_requirements_prototype.json,.json,947,7930384dd7c9d811dbd9ee4ca92213e23c3f206f29b9def7b1ecd993d293c080,2026-07-18T09:57:18,True
study_runs,PILOT_BAD_FILENAME_V100_P0_NANO_I05_R03,study_runs/PILOT_BAD_FILENAME_V100_P0_NANO_I05_R03/config.source.toml,config.source.toml,.toml,386,43ad328d9e971575946598bc6c906a320d878b57103e5825b7bc1b351074558f,2026-07-18T09:56:30,True
study_runs,PILOT_BAD_FILENAME_V100_P0_NANO_I05_R03,study_runs/PILOT_BAD_FILENAME_V100_P0_NANO_I05_R03/config.toml,config.toml,.toml,414,e9e88c445288497681d9e03470c173c77ccf3864de5775cf34f295cf4bf08486,2026-07-18T09:56:30,True
study_runs,PILOT_BAD_FILENAME_V100_P0_NANO_I05_R03,study_runs/PILOT_BAD_FILENAME_V100_P0_NANO_I05_R03/costs_log.csv,costs_log.csv,.csv,15691,2eedb2a8c35e7a177eacf5c0330634b6896b678e7d9bdebac06c997ed9d10d67,2026-07-18T10:55:21,True
study_runs,PILOT_BAD_FILENAME_V100_P0_NANO_I05_R03,study_runs/PILOT_BAD_FILENAME_V100_P0_NANO_I05_R03/debug.log,debug.log,.log,354892,7ba9d18862222ae3f840b54a4553b8d1dd811310acac56aad969e0b0bb142329,2026-07-18T10:55:25,True
study_runs,PILOT_BAD_FILENAME_V100_P0_NANO_I05_R03,study_runs/PILOT_BAD_FILENAME_V100_P0_NANO_I05_R03/entered_prompt.txt,entered_prompt.txt,.txt,946,dc790c0f84813ae9f582a14783c06db3ee59faaa98d800c6bf831f5ad0d041ab,2026-07-18T09:56:30,True
study_runs,PILOT_BAD_FILENAME_V100_P0_NANO_I05_R03,study_runs/PILOT_BAD_FILENAME_V100_P0_NANO_I05_R03/save.pkl,save.pkl,.pkl,207688,1e0e637dca81f3e7aa62395b623e60e62521a585c62923eed197adca8b434b99,2026-07-18T10:37:20,True
study_runs,PILOT_BAD_FILENAME_V100_P0_NANO_I05_R03,study_runs/PILOT_BAD_FILENAME_V100_P0_NANO_I05_R03/statistics/0_89e32f37812c4864a78fdf64ce3f046b.txt,0_89e32f37812c4864a78fdf64ce3f046b.txt,.txt,406,817461be98005bf0bd33d8cc466f8c79551412e33f5886a93ed26a34af811f9d,2026-07-18T10:03:13,True
study_runs,PILOT_BAD_FILENAME_V100_P0_NANO_I05_R03,study_runs/PILOT_BAD_FILENAME_V100_P0_NANO_I05_R03/statistics/1_a29c2aa2c1a74b6aa7d9d54465462198.txt,1_a29c2aa2c1a74b6aa7d9d54465462198.txt,.txt,498,0d229823e9206eb3be373feeb989ce58bad341660bca2cf3588197a7aca04963,2026-07-18T10:08:24,True
study_runs,PILOT_BAD_FILENAME_V100_P0_NANO_I05_R03,study_runs/PILOT_BAD_FILENAME_V100_P0_NANO_I05_R03/statistics/2_471cd3e59f7e4ff38fc386479e829987.txt,2_471cd3e59f7e4ff38fc386479e829987.txt,.txt,465,32aa8ead7fdd6c50479ec8cb52f277fffc94ac03306f30ac41e7e4cfc3297664,2026-07-18T10:14:29,True
study_runs,PILOT_BAD_FILENAME_V100_P0_NANO_I05_R03,study_runs/PILOT_BAD_FILENAME_V100_P0_NANO_I05_R03/statistics/3_677d51929f6140c5baaf4c028d377259.txt,3_677d51929f6140c5baaf4c028d377259.txt,.txt,481,fbb168c4ae13d4f51de4fbcce27f570c8fe953dc0ab3f0c5e5ea7d67e51c6170,2026-07-18T10:20:28,True
study_runs,PILOT_BAD_FILENAME_V100_P0_NANO_I05_R03,study_runs/PILOT_BAD_FILENAME_V100_P0_NANO_I05_R03/statistics/4_0774eb2af6124832aaea2b6811becb64.txt,4_0774eb2af6124832aaea2b6811becb64.txt,.txt,487,19c3b6beae09b9f4ae8cd79c7f175c3b6801a2177444f2ba01e6b355e44d6ba7,2026-07-18T10:25:53,True
study_runs,PILOT_BAD_FILENAME_V100_P0_NANO_I05_R03,study_runs/PILOT_BAD_FILENAME_V100_P0_NANO_I05_R03/statistics/5_3088b22eb493465a82ae75afba943cc3.txt,5_3088b22eb493465a82ae75afba943cc3.txt,.txt,479,47f0e1bec60a92c527a1634e87d0d5269b66d7e58243af36dcd4645f21661735,2026-07-18T10:30:59,True
study_runs,PILOT_BAD_FILENAME_V100_P0_NANO_I05_R03,study_runs/PILOT_BAD_FILENAME_V100_P0_NANO_I05_R03/statistics/6_7c7aff516dc44e82bafcc25d1c7616c7.txt,6_7c7aff516dc44e82bafcc25d1c7616c7.txt,.txt,483,a1afe62cdda5abbc8b5160d18df694c5c630853dc04ad6d2a3c79e1a4d9f808c,2026-07-18T10:37:13,True
study_runs,PILOT_BAD_FILENAME_V100_P0_NANO_I05_R03,study_runs/PILOT_BAD_FILENAME_V100_P0_NANO_I05_R03/statistics/7_471cd3e59f7e4ff38fc386479e829987_seed.txt,7_471cd3e59f7e4ff38fc386479e829987_seed.txt,.txt,488,1dcf84e45e2f31dd7077fb27cd1f523af1abcb53d592c7c5704a795c6492dcbf,2026-07-18T10:43:46,True
study_runs,PILOT_BAD_FILENAME_V100_P0_NANO_I05_R03,study_runs/PILOT_BAD_FILENAME_V100_P0_NANO_I05_R03/statistics/8_471cd3e59f7e4ff38fc386479e829987_iteration1.txt,8_471cd3e59f7e4ff38fc386479e829987_iteration1.txt,.txt,423,6b99fd3f949a18b751aedd9fe22e259e79a239479e99ce7209ade6cb9bf4589b,2026-07-18T10:48:32,True
study_runs,PILOT_BAD_FILENAME_V100_P0_NANO_I05_R03,study_runs/PILOT_BAD_FILENAME_V100_P0_NANO_I05_R03/statistics/9_471cd3e59f7e4ff38fc386479e829987_iteration2.txt,9_471cd3e59f7e4ff38fc386479e829987_iteration2.txt,.txt,476,261e9a1a72b1751b44f13f473ceb285d5109bd272895565721c2859a48f1e574,2026-07-18T10:55:04,True
study_runs,PILOT_BAD_FILENAME_V100_P0_NANO_I05_R03,study_runs/PILOT_BAD_FILENAME_V100_P0_NANO_I05_R03/statistics/arguments_per_function.png,arguments_per_function.png,.png,71890,7910a59b9b2676cc5207a8a18c8149934ffeb63fc41bd5b751502d968230aeca,2026-07-18T10:55:24,True
study_runs,PILOT_BAD_FILENAME_V100_P0_NANO_I05_R03,study_runs/PILOT_BAD_FILENAME_V100_P0_NANO_I05_R03/statistics/classes.png,classes.png,.png,58073,d48f06e606bf0c60b21b7ff694424fb0d93844ff0069d876655cfeacd8649c1d,2026-07-18T10:55:23,True
study_runs,PILOT_BAD_FILENAME_V100_P0_NANO_I05_R03,study_runs/PILOT_BAD_FILENAME_V100_P0_NANO_I05_R03/statistics/comment_lines.png,comment_lines.png,.png,74241,23902fac3d2838afd8b8f3ebb8002ce9d94acf6bacd8ecedc18657585bbe0393,2026-07-18T10:55:22,True
study_runs,PILOT_BAD_FILENAME_V100_P0_NANO_I05_R03,study_runs/PILOT_BAD_FILENAME_V100_P0_NANO_I05_R03/statistics/conditions.png,conditions.png,.png,67147,257ab474af60652f38e28bb10efe98a3047585c643d8ea23cd0ccd3b8646712d,2026-07-18T10:55:24,True
study_runs,PILOT_BAD_FILENAME_V100_P0_NANO_I05_R03,study_runs/PILOT_BAD_FILENAME_V100_P0_NANO_I05_R03/statistics/deletions.png,deletions.png,.png,77829,93ae90f229fd1c65a01f4790ceb1e15e9ec72bce8280523d0a31233bb4a143f8,2026-07-18T10:55:25,True
study_runs,PILOT_BAD_FILENAME_V100_P0_NANO_I05_R03,study_runs/PILOT_BAD_FILENAME_V100_P0_NANO_I05_R03/statistics/empty_lines.png,empty_lines.png,.png,72043,d7c21b8e02215f7358930897ea42f27e6467f5ee022169bbf35ef22db1f8f315,2026-07-18T10:55:22,True
study_runs,PILOT_BAD_FILENAME_V100_P0_NANO_I05_R03,study_runs/PILOT_BAD_FILENAME_V100_P0_NANO_I05_R03/statistics/execution_time.png,execution_time.png,.png,66153,6f7f2ee6383a12bfe91b6cabc7f7d72dbeb1d199ba4b9a614a149400a25ffff0,2026-07-18T10:55:22,True
study_runs,PILOT_BAD_FILENAME_V100_P0_NANO_I05_R03,study_runs/PILOT_BAD_FILENAME_V100_P0_NANO_I05_R03/statistics/functions.png,functions.png,.png,63806,2cfd1f0625a6960d3a41040c7debd8a83dc2c20655899aa4e4635769ecaa840b,2026-07-18T10:55:23,True
study_runs,PILOT_BAD_FILENAME_V100_P0_NANO_I05_R03,study_runs/PILOT_BAD_FILENAME_V100_P0_NANO_I05_R03/statistics/insertions.png,insertions.png,.png,75673,81e0556c30cd77eb26d8b3edb1ce6897afaf334174f2c57744ea182ea453785b,2026-07-18T10:55:25,True
study_runs,PILOT_BAD_FILENAME_V100_P0_NANO_I05_R03,study_runs/PILOT_BAD_FILENAME_V100_P0_NANO_I05_R03/statistics/libraries_imported.png,libraries_imported.png,.png,69304,5de966ec83b2a99f7a37cbb4f734193ce1e7c501ed6092ea7884be2f64442cb5,2026-07-18T10:55:23,True
study_runs,PILOT_BAD_FILENAME_V100_P0_NANO_I05_R03,study_runs/PILOT_BAD_FILENAME_V100_P0_NANO_I05_R03/statistics/lines_of_code.png,lines_of_code.png,.png,79090,2051a7b6f20362da4384d00683b0dbf3a5fedd38ca86fccf5df03a311e274cf0,2026-07-18T10:55:22,True
study_runs,PILOT_BAD_FILENAME_V100_P0_NANO_I05_R03,study_runs/PILOT_BAD_FILENAME_V100_P0_NANO_I05_R03/statistics/loops.png,loops.png,.png,67131,c5f54dd84c91d2f25c0eab8e06506e8fa8ebd2df222008a2f1f933f57aba78d8,2026-07-18T10:55:24,True
study_runs,PILOT_BAD_FILENAME_V100_P0_NANO_I05_R03,study_runs/PILOT_BAD_FILENAME_V100_P0_NANO_I05_R03/statistics/summary_overall_nodes.txt,summary_overall_nodes.txt,.txt,489,b20ab00a509c7fd00301de5da5fc55b5b7e690e54755754519a6cb495eecf55b,2026-07-18T10:55:21,True
study_runs,PILOT_BAD_FILENAME_V100_P0_NANO_I05_R03,study_runs/PILOT_BAD_FILENAME_V100_P0_NANO_I05_R03/statistics/total_characters.png,total_characters.png,.png,87919,4933dbd8d10bef2015823c7cf2b0b0310ad5feb86cfb6fd76c05591f8a1ff061,2026-07-18T10:55:23,True
study_runs,PILOT_BAD_FILENAME_V100_P0_NANO_I05_R03,study_runs/PILOT_BAD_FILENAME_V100_P0_NANO_I05_R03/statistics/variable_assignments.png,variable_assignments.png,.png,77243,91ff42501fb2576398cc7658fc4403d6c66cfb30e5c2df728132fb1aa3beeccf,2026-07-18T10:55:24,True
study_runs,PILOT_BAD_FILENAME_V100_P0_NANO_I05_R03,study_runs/PILOT_BAD_FILENAME_V100_P0_NANO_I05_R03/summary.md,summary.md,.md,4302,2b5b8636f22cd84fb8297dc3c09d115408e776f2bb62e6d6b0058ffa7078bb83,2026-07-18T10:55:21,True
study_runs,PILOT_BAD_FILENAME_V100_P0_NANO_I05_R03,study_runs/PILOT_BAD_FILENAME_V100_P0_NANO_I05_R03/tree_render/pdf/combined_tree.pdf,combined_tree.pdf,.pdf,21544,00c36a16fb78575b18be1395e8e02170d4b60e71eff913fbfd17b2628d3e5944,2026-07-18T10:37:19,True
study_runs,PILOT_BAD_FILENAME_V100_P0_NANO_I05_R03,study_runs/PILOT_BAD_FILENAME_V100_P0_NANO_I05_R03/tree_render/pdf/tree_0.pdf,tree_0.pdf,.pdf,18962,f6f7428e0ad75d5fd56f1245e09f59870672f2d84840f16fc6f5858f16e93852,2026-07-18T10:37:14,True
study_runs,PILOT_BAD_FILENAME_V100_P0_NANO_I05_R03,study_runs/PILOT_BAD_FILENAME_V100_P0_NANO_I05_R03/tree_render/pdf/tree_1.pdf,tree_1.pdf,.pdf,21441,0b070e83c7c00ae68d2d8e0dcf964a109d4be461667ae04614364d085f31bbe1,2026-07-18T10:37:16,True
study_runs,PILOT_BAD_FILENAME_V100_P0_NANO_I05_R03,study_runs/PILOT_BAD_FILENAME_V100_P0_NANO_I05_R03/tree_render/png/combined_tree.png,combined_tree.png,.png,71658,c0a9db3d97114eaf156fda2026df0dd0f6d1e9670217426d572e81ef7d00e375,2026-07-18T10:37:18,True
study_runs,PILOT_BAD_FILENAME_V100_P0_NANO_I05_R03,study_runs/PILOT_BAD_FILENAME_V100_P0_NANO_I05_R03/tree_render/png/tree_0.png,tree_0.png,.png,11479,06b7ba075361b793c9330fea0f39cbd13a3ce7f45f8e6fca64fb42a3efdfddc8,2026-07-18T10:37:13,True
study_runs,PILOT_BAD_FILENAME_V100_P0_NANO_I05_R03,study_runs/PILOT_BAD_FILENAME_V100_P0_NANO_I05_R03/tree_render/png/tree_1.png,tree_1.png,.png,65757,e16833c1cc8d24c14c3bf4cf88804f3c8e7995ffccf31d02990ad45976c0bfcc,2026-07-18T10:37:16,True
study_runs,PILOT_BAD_FILENAME_V100_P0_NANO_I05_R03,study_runs/PILOT_BAD_FILENAME_V100_P0_NANO_I05_R03/tree_render/svg/combined_tree.svg,combined_tree.svg,.svg,10743,0085fb4b1862ddb99085c8441e54fdd628fdab83aeb4398a11b5dacd62ad1ebb,2026-07-18T10:37:20,True
study_runs,PILOT_BAD_FILENAME_V100_P0_NANO_I05_R03,study_runs/PILOT_BAD_FILENAME_V100_P0_NANO_I05_R03/tree_render/svg/tree_0.svg,tree_0.svg,.svg,1611,740ae7b843a7a8310c3d9e5cd89c58f1e5f8664cb7bfea662fde762ff98e967b,2026-07-18T10:37:15,True
study_runs,PILOT_BAD_FILENAME_V100_P0_NANO_I05_R03,study_runs/PILOT_BAD_FILENAME_V100_P0_NANO_I05_R03/tree_render/svg/tree_1.svg,tree_1.svg,.svg,9692,edf942036c17e74e955d4bbda138142f68942f4d3c2238f57de07ecbad848751,2026-07-18T10:37:17,True
study_runs,SMOKE_V100_P0_I01,study_runs/SMOKE_V100_P0_I01/checkpoint/2b04050768474782874f3d86300c385f/code.py,code.py,.py,3244,18d7f47641bd3c99a0b207b6f8380579b18764857b178d01a4d3d3412315acdf,2026-07-17T21:43:09,True
study_runs,SMOKE_V100_P0_I01,study_runs/SMOKE_V100_P0_I01/checkpoint/2b04050768474782874f3d86300c385f/exec_result.pkl,exec_result.pkl,.pkl,24595,5ac6f7a507afc90e92ba0902bf0f21598cee9dce4b6c937983e78fc86a340065,2026-07-17T21:34:07,True
study_runs,SMOKE_V100_P0_I01,study_runs/SMOKE_V100_P0_I01/checkpoint/2b04050768474782874f3d86300c385f/generated/all_results.csv,all_results.csv,.csv,2194,e7ebfc27f9956ca5d5a86a569f65db2a7678cccf86cd9a597733d6b64707faae,2026-07-17T21:34:03,True
study_runs,SMOKE_V100_P0_I01,study_runs/SMOKE_V100_P0_I01/checkpoint/2b04050768474782874f3d86300c385f/generated/checkpoints/err.log,err.log,.log,5975,c82c303c9ab0d729d313294053b2514230acc97ddc79eb833b90d24ba6e03c72,2026-07-17T21:34:03,True
study_runs,SMOKE_V100_P0_I01,study_runs/SMOKE_V100_P0_I01/checkpoint/2b04050768474782874f3d86300c385f/generated/checkpoints/MovieLens100K-938abed0/LensKit.ImplicitMFScorer-ca533e7c-11/model.bpk,model.bpk,.bpk,1133626,53309ed031e320d0f629b021e8a8065a7ed0d661d02dab25c21c6d2704cd6d9e,2026-07-17T21:27:13,True
study_runs,SMOKE_V100_P0_I01,study_runs/SMOKE_V100_P0_I01/checkpoint/2b04050768474782874f3d86300c385f/generated/checkpoints/MovieLens100K-938abed0/LensKit.ImplicitMFScorer-ca533e7c-11/predictions.json,predictions.json,.json,39316301,5baeb7b61a3b6f2557bb48094108835cdc099e1f05f8dad9bdc6f541814d9bc5,2026-07-17T21:28:06,True
study_runs,SMOKE_V100_P0_I01,study_runs/SMOKE_V100_P0_I01/checkpoint/2b04050768474782874f3d86300c385f/generated/checkpoints/MovieLens100K-938abed0/LensKit.ImplicitMFScorer-ca533e7c-22/model.bpk,model.bpk,.bpk,1133938,f96afc7077b913c3de7b3653b2bda53a7fdbbbe2db617738764aa0dcec4a7f6b,2026-07-17T21:28:45,True
study_runs,SMOKE_V100_P0_I01,study_runs/SMOKE_V100_P0_I01/checkpoint/2b04050768474782874f3d86300c385f/generated/checkpoints/MovieLens100K-938abed0/LensKit.ImplicitMFScorer-ca533e7c-22/predictions.json,predictions.json,.json,39315654,ea282b51ec715b596453599ce510db4c4b2d35f44571180425306269b2fef40d,2026-07-17T21:29:40,True
study_runs,SMOKE_V100_P0_I01,study_runs/SMOKE_V100_P0_I01/checkpoint/2b04050768474782874f3d86300c385f/generated/checkpoints/MovieLens100K-938abed0/LensKit.ImplicitMFScorer-ca533e7c-33/model.bpk,model.bpk,.bpk,1133238,0a5a4117503c788500997b96c7b227b0bc9684657b5ec596348c0b362f5c8ecf,2026-07-17T21:30:09,True
study_runs,SMOKE_V100_P0_I01,study_runs/SMOKE_V100_P0_I01/checkpoint/2b04050768474782874f3d86300c385f/generated/checkpoints/MovieLens100K-938abed0/LensKit.ImplicitMFScorer-ca533e7c-33/predictions.json,predictions.json,.json,39318517,8b96bcb6ae86ead5744b18423d4ca8008c2f05539c92ef6e0715506f40257966,2026-07-17T21:31:07,True
study_runs,SMOKE_V100_P0_I01,study_runs/SMOKE_V100_P0_I01/checkpoint/2b04050768474782874f3d86300c385f/generated/checkpoints/MovieLens100K-938abed0/LensKit.ImplicitMFScorer-ca533e7c-44/model.bpk,model.bpk,.bpk,1134114,8761babe3ce19c268bdd6adf1b65f792321e6a22b1fa3933b56d44518db5596a,2026-07-17T21:31:35,True
study_runs,SMOKE_V100_P0_I01,study_runs/SMOKE_V100_P0_I01/checkpoint/2b04050768474782874f3d86300c385f/generated/checkpoints/MovieLens100K-938abed0/LensKit.ImplicitMFScorer-ca533e7c-44/predictions.json,predictions.json,.json,39350822,5c810540efade8bd324a7aed9668429697dfa538d7abf4bbbce4fda35775c8a6,2026-07-17T21:32:29,True
study_runs,SMOKE_V100_P0_I01,study_runs/SMOKE_V100_P0_I01/checkpoint/2b04050768474782874f3d86300c385f/generated/checkpoints/MovieLens100K-938abed0/LensKit.ImplicitMFScorer-ca533e7c-55/model.bpk,model.bpk,.bpk,1133888,d1a820c3ac6a00a39160610429d911cd57ab9d225cf68799415ad0eaa17775a9,2026-07-17T21:32:59,True
study_runs,SMOKE_V100_P0_I01,study_runs/SMOKE_V100_P0_I01/checkpoint/2b04050768474782874f3d86300c385f/generated/checkpoints/MovieLens100K-938abed0/LensKit.ImplicitMFScorer-ca533e7c-55/predictions.json,predictions.json,.json,39319229,27bfaea9a649f4cd12aedae55697f8e7ef8a051185253db361c83aa75746b8c2,2026-07-17T21:33:54,True
study_runs,SMOKE_V100_P0_I01,study_runs/SMOKE_V100_P0_I01/checkpoint/2b04050768474782874f3d86300c385f/generated/checkpoints/out.log,out.log,.log,0,e3b0c44298fc1c149afbf4c8996fb92427ae41e4649b934ca495991b7852b855,2026-07-17T21:28:18,True
study_runs,SMOKE_V100_P0_I01,study_runs/SMOKE_V100_P0_I01/checkpoint/2b04050768474782874f3d86300c385f/generated/checkpoints/progress.json,progress.json,.json,1655,77517e014423c3875201b476037a322190087ca8f657d634ee01a3c14f5c3ae0,2026-07-17T21:34:03,True
study_runs,SMOKE_V100_P0_I01,study_runs/SMOKE_V100_P0_I01/checkpoint/2b04050768474782874f3d86300c385f/generated/checkpoints/results.json,results.json,.json,1289,559732c62f9f24cc5453232b05a9dee5521c1f0f3e10d3d47bfe8fb82ab0ab32,2026-07-17T21:34:03,True
study_runs,SMOKE_V100_P0_I01,study_runs/SMOKE_V100_P0_I01/checkpoint/2b04050768474782874f3d86300c385f/generated/results_seed_11.csv,results_seed_11.csv,.csv,177,1b92e0a8d5e320ee663a06098e6b13afaced8710fb3c11a300be46a15eab6517,2026-07-17T21:28:18,True
study_runs,SMOKE_V100_P0_I01,study_runs/SMOKE_V100_P0_I01/checkpoint/2b04050768474782874f3d86300c385f/generated/results_seed_22.csv,results_seed_22.csv,.csv,322,33362b0cd419f09306d8b15f1720e0a16a5da50be7d16148a5fa2a987b5b18e0,2026-07-17T21:29:49,True
study_runs,SMOKE_V100_P0_I01,study_runs/SMOKE_V100_P0_I01/checkpoint/2b04050768474782874f3d86300c385f/generated/results_seed_33.csv,results_seed_33.csv,.csv,466,57d1e9c47b889eb04492b76e555f240ba4198c9a70f3bb84ea81813d5c773eb1,2026-07-17T21:31:14,True
study_runs,SMOKE_V100_P0_I01,study_runs/SMOKE_V100_P0_I01/checkpoint/2b04050768474782874f3d86300c385f/generated/results_seed_44.csv,results_seed_44.csv,.csv,610,4531a389d86ed6566131af982248c6014be43a996cf8de6d904c6020b9e88840,2026-07-17T21:32:39,True
study_runs,SMOKE_V100_P0_I01,study_runs/SMOKE_V100_P0_I01/checkpoint/2b04050768474782874f3d86300c385f/generated/results_seed_55.csv,results_seed_55.csv,.csv,755,e64757c6914aae578a9c5f32aa20209ed958f0d3263a7e3fd60d76e8d00352b6,2026-07-17T21:34:03,True
study_runs,SMOKE_V100_P0_I01,study_runs/SMOKE_V100_P0_I01/checkpoint/2b04050768474782874f3d86300c385f/generated/seed_sensitivity_plot.png,seed_sensitivity_plot.png,.png,36311,b1d0225d1bde1df54615a832fd0ea5c0f8eacb4619177cee31e803732ef40e21,2026-07-17T21:34:05,True
study_runs,SMOKE_V100_P0_I01,study_runs/SMOKE_V100_P0_I01/checkpoint/2b04050768474782874f3d86300c385f/generated/summary.csv,summary.csv,.csv,218,dfd63930fa8228e5a6d1e66d6141d685691ae5ffab21f664ac268e45880c75aa,2026-07-17T21:34:03,True
study_runs,SMOKE_V100_P0_I01,study_runs/SMOKE_V100_P0_I01/checkpoint/2b04050768474782874f3d86300c385f/out.log,out.log,.log,23918,ce4b187373fcebf105ac13a3464290d632a5245e0fe78a38d7985054726e7a0a,2026-07-17T21:34:07,True
study_runs,SMOKE_V100_P0_I01,study_runs/SMOKE_V100_P0_I01/checkpoint/2b04050768474782874f3d86300c385f_iteration1/code.py,code.py,.py,4917,a46c39d44ce7defc2534a9009a38cf8ba34805b41ba74a720290a1e44bfac0fa,2026-07-17T22:54:22,True
study_runs,SMOKE_V100_P0_I01,study_runs/SMOKE_V100_P0_I01/checkpoint/2b04050768474782874f3d86300c385f_iteration1/exec_result.pkl,exec_result.pkl,.pkl,26464,4dbe19dbe3fa44862d698f9286cb33f8cb08104b84d36c0c2e6b1a4aac7fab4a,2026-07-17T22:50:52,True
study_runs,SMOKE_V100_P0_I01,study_runs/SMOKE_V100_P0_I01/checkpoint/2b04050768474782874f3d86300c385f_iteration1/generated/checkpoints/Amazon2014VideoGames-32d2823b/LensKit.ImplicitMFScorer-f0dd7ecb-11/model.bpk,model.bpk,.bpk,11345487,541230ba043679b5f855448bb66e73d1caebf4879075fc0f27e2c3fefbe4b9ed,2026-07-17T21:48:49,True
study_runs,SMOKE_V100_P0_I01,study_runs/SMOKE_V100_P0_I01/checkpoint/2b04050768474782874f3d86300c385f_iteration1/generated/checkpoints/Amazon2014VideoGames-32d2823b/LensKit.ImplicitMFScorer-f0dd7ecb-11/predictions.json,predictions.json,.json,6856050811,a061f5e8c6630420601be2050f65a48c321e8f92ccb0b523db142887bb75c95c,2026-07-17T22:07:20,True
study_runs,SMOKE_V100_P0_I01,study_runs/SMOKE_V100_P0_I01/checkpoint/2b04050768474782874f3d86300c385f_iteration1/generated/checkpoints/Amazon2014VideoGames-32d2823b/LensKit.ItemKNNScorer-c3d66610-11/model.bpk,model.bpk,.bpk,4750637,38a97384845a16eef41fbb13aea7c90f77aa938d6391ce586805f93f02526034,2026-07-17T22:19:53,True
study_runs,SMOKE_V100_P0_I01,study_runs/SMOKE_V100_P0_I01/checkpoint/2b04050768474782874f3d86300c385f_iteration1/generated/checkpoints/Amazon2014VideoGames-32d2823b/LensKit.ItemKNNScorer-c3d66610-11/predictions.json,predictions.json,.json,892725086,3d617fc3e9521aa6428974d4f6da932ab8b7022fea292687bcc05af1e526061f,2026-07-17T22:22:23,True
study_runs,SMOKE_V100_P0_I01,study_runs/SMOKE_V100_P0_I01/checkpoint/2b04050768474782874f3d86300c385f_iteration1/generated/checkpoints/Amazon2014VideoGames-32d2823b/LensKit.PopScorer-f4aa5539-11/model.bpk,model.bpk,.bpk,927416,b8e4deef6c454582c79700ad3993ce7b22491c4ff7d457bb36fdbd2d8f7b8e2f,2026-07-17T22:24:35,True
study_runs,SMOKE_V100_P0_I01,study_runs/SMOKE_V100_P0_I01/checkpoint/2b04050768474782874f3d86300c385f_iteration1/generated/checkpoints/Amazon2014VideoGames-32d2823b/LensKit.PopScorer-f4aa5539-11/predictions.json,predictions.json,.json,6665596786,6721b921f8e839ace82f20c3e02f774d0927e535bdcba42312ddfdc03665fc3c,2026-07-17T22:39:40,True
study_runs,SMOKE_V100_P0_I01,study_runs/SMOKE_V100_P0_I01/checkpoint/2b04050768474782874f3d86300c385f_iteration1/generated/checkpoints/err.log,err.log,.log,6682,03a13cbcf60ca5bab9130aa6af93917f63504db3556ec5aba7199d9c6fca43d8,2026-07-17T22:50:44,True
study_runs,SMOKE_V100_P0_I01,study_runs/SMOKE_V100_P0_I01/checkpoint/2b04050768474782874f3d86300c385f_iteration1/generated/checkpoints/MovieLens100K-938abed0/LensKit.ImplicitMFScorer-f0dd7ecb-11/model.bpk,model.bpk,.bpk,1133447,cd2e176bfca58b68a3ba81dbe35ac0fe0100e23eae50594a610ec39be478d00c,2026-07-17T21:44:17,True
study_runs,SMOKE_V100_P0_I01,study_runs/SMOKE_V100_P0_I01/checkpoint/2b04050768474782874f3d86300c385f_iteration1/generated/checkpoints/MovieLens100K-938abed0/LensKit.ImplicitMFScorer-f0dd7ecb-11/predictions.json,predictions.json,.json,39315218,74a7ed44644f94e092bff107cea9849e3117753357ecc762fcc43612e24829da,2026-07-17T21:45:10,True
study_runs,SMOKE_V100_P0_I01,study_runs/SMOKE_V100_P0_I01/checkpoint/2b04050768474782874f3d86300c385f_iteration1/generated/checkpoints/MovieLens100K-938abed0/LensKit.ItemKNNScorer-c3d66610-11/model.bpk,model.bpk,.bpk,2817295,edbbc73f42db75a8adbd7908804e85786c17b550ee09c02d9e0cad79e48dc171,2026-07-17T21:45:38,True
study_runs,SMOKE_V100_P0_I01,study_runs/SMOKE_V100_P0_I01/checkpoint/2b04050768474782874f3d86300c385f_iteration1/generated/checkpoints/MovieLens100K-938abed0/LensKit.ItemKNNScorer-c3d66610-11/predictions.json,predictions.json,.json,37583829,ce121a32b92419f122c86d8e6159da80dac2498530ce88af618d606dab17bda1,2026-07-17T21:46:05,True
study_runs,SMOKE_V100_P0_I01,study_runs/SMOKE_V100_P0_I01/checkpoint/2b04050768474782874f3d86300c385f_iteration1/generated/checkpoints/MovieLens100K-938abed0/LensKit.PopScorer-f4aa5539-11/model.bpk,model.bpk,.bpk,314973,16495565bbe2aa62491ae0c9bd7438885e1d1f45000ce5c901da1b463f4432d9,2026-07-17T21:46:31,True
study_runs,SMOKE_V100_P0_I01,study_runs/SMOKE_V100_P0_I01/checkpoint/2b04050768474782874f3d86300c385f_iteration1/generated/checkpoints/MovieLens100K-938abed0/LensKit.PopScorer-f4aa5539-11/predictions.json,predictions.json,.json,39089340,4612219caa0e1c7f45150c69dfeceeed6b54421c6e71c048531c6c5a6f8203a3,2026-07-17T21:47:19,True
study_runs,SMOKE_V100_P0_I01,study_runs/SMOKE_V100_P0_I01/checkpoint/2b04050768474782874f3d86300c385f_iteration1/generated/checkpoints/out.log,out.log,.log,0,e3b0c44298fc1c149afbf4c8996fb92427ae41e4649b934ca495991b7852b855,2026-07-17T21:45:21,True
study_runs,SMOKE_V100_P0_I01,study_runs/SMOKE_V100_P0_I01/checkpoint/2b04050768474782874f3d86300c385f_iteration1/generated/checkpoints/progress.json,progress.json,.json,1070,44bf5b5a22f5a3628a96975c68797e2275b4f15dcae81ebc875cf56ec6c1b05d,2026-07-17T22:40:36,True
study_runs,SMOKE_V100_P0_I01,study_runs/SMOKE_V100_P0_I01/checkpoint/2b04050768474782874f3d86300c385f_iteration1/generated/checkpoints/results.json,results.json,.json,3000,701486686463c80dc90698ddb94d273a79e1b5b78ef0441ce8e7b3af3c4f4356,2026-07-17T22:50:44,True
study_runs,SMOKE_V100_P0_I01,study_runs/SMOKE_V100_P0_I01/checkpoint/2b04050768474782874f3d86300c385f_iteration1/generated/results_MovieLens100K_seed_11.csv,results_MovieLens100K_seed_11.csv,.csv,1520,3bc7aae29b283746aaa5064dc8ee5c62f4e7340153a3556a803fc3a983a1a2c5,2026-07-17T21:47:28,True
study_runs,SMOKE_V100_P0_I01,study_runs/SMOKE_V100_P0_I01/checkpoint/2b04050768474782874f3d86300c385f_iteration1/out.log,out.log,.log,25737,0b162729fb0a6d257a07ccabccc7c3f32e436799759f994bcb15bf76128bd75e,2026-07-17T22:50:52,True
study_runs,SMOKE_V100_P0_I01,study_runs/SMOKE_V100_P0_I01/checkpoint/2b04050768474782874f3d86300c385f_iteration2/code.py,code.py,.py,5086,653f04670c5b986064cef239e56bd2b771b888556ab2ca649cabd5b415fa8f34,2026-07-17T22:54:22,True
study_runs,SMOKE_V100_P0_I01,study_runs/SMOKE_V100_P0_I01/checkpoint/2b04050768474782874f3d86300c385f_iteration2/exec_result.pkl,exec_result.pkl,.pkl,3537,36e4213e585fb3b2bf7303501c2d95d2cdbedf16df0bef740d407a1f9879f60c,2026-07-17T22:53:47,True
study_runs,SMOKE_V100_P0_I01,study_runs/SMOKE_V100_P0_I01/checkpoint/2b04050768474782874f3d86300c385f_iteration2/out.log,out.log,.log,3334,27bb2cdb17a9f518adb2121b268b9b9f0b8e239e9b63c6f8550d8204c69a33ad,2026-07-17T22:53:47,True
study_runs,SMOKE_V100_P0_I01,study_runs/SMOKE_V100_P0_I01/checkpoint/2b04050768474782874f3d86300c385f_seed/code.py,code.py,.py,3244,18d7f47641bd3c99a0b207b6f8380579b18764857b178d01a4d3d3412315acdf,2026-07-17T22:51:51,True
study_runs,SMOKE_V100_P0_I01,study_runs/SMOKE_V100_P0_I01/checkpoint/2b04050768474782874f3d86300c385f_seed/exec_result.pkl,exec_result.pkl,.pkl,24678,555ae9fcd0d86e878c0dc23c8645082301934b2b9dd7cee7d9c670e936ecadb5,2026-07-17T21:42:33,True
study_runs,SMOKE_V100_P0_I01,study_runs/SMOKE_V100_P0_I01/checkpoint/2b04050768474782874f3d86300c385f_seed/generated/all_results.csv,all_results.csv,.csv,2201,87c434e190f3730b551a009c40558d178eb54226643d0d39910f43ddaebf7457,2026-07-17T21:42:31,True
study_runs,SMOKE_V100_P0_I01,study_runs/SMOKE_V100_P0_I01/checkpoint/2b04050768474782874f3d86300c385f_seed/generated/checkpoints/err.log,err.log,.log,5975,c82c303c9ab0d729d313294053b2514230acc97ddc79eb833b90d24ba6e03c72,2026-07-17T21:42:31,True
study_runs,SMOKE_V100_P0_I01,study_runs/SMOKE_V100_P0_I01/checkpoint/2b04050768474782874f3d86300c385f_seed/generated/checkpoints/MovieLens100K-938abed0/LensKit.ImplicitMFScorer-ca533e7c-11/model.bpk,model.bpk,.bpk,1133555,2ef4f2f2aab4f3f5f3e3869c1069de4f65b7957044782076a92a087cb0acd810,2026-07-17T21:35:49,True
study_runs,SMOKE_V100_P0_I01,study_runs/SMOKE_V100_P0_I01/checkpoint/2b04050768474782874f3d86300c385f_seed/generated/checkpoints/MovieLens100K-938abed0/LensKit.ImplicitMFScorer-ca533e7c-11/predictions.json,predictions.json,.json,39318147,15bfdf7dbd60772f1eedd1f17266d9c140df59bd81cb5f6ee623ae1087a54bd8,2026-07-17T21:36:43,True
study_runs,SMOKE_V100_P0_I01,study_runs/SMOKE_V100_P0_I01/checkpoint/2b04050768474782874f3d86300c385f_seed/generated/checkpoints/MovieLens100K-938abed0/LensKit.ImplicitMFScorer-ca533e7c-22/model.bpk,model.bpk,.bpk,1133977,07632d00ca6e87ba6ed0c3cc51530cd8e34b90546fa6a60cff1bd9ab85360226,2026-07-17T21:37:13,True
study_runs,SMOKE_V100_P0_I01,study_runs/SMOKE_V100_P0_I01/checkpoint/2b04050768474782874f3d86300c385f_seed/generated/checkpoints/MovieLens100K-938abed0/LensKit.ImplicitMFScorer-ca533e7c-22/predictions.json,predictions.json,.json,39314914,1fb1346adb357a1280ad95bc2056c3c5fd2e64f092a07ec244adf6e9baa3125f,2026-07-17T21:38:08,True
study_runs,SMOKE_V100_P0_I01,study_runs/SMOKE_V100_P0_I01/checkpoint/2b04050768474782874f3d86300c385f_seed/generated/checkpoints/MovieLens100K-938abed0/LensKit.ImplicitMFScorer-ca533e7c-33/model.bpk,model.bpk,.bpk,1133310,b00cd28cec9b6ea54ef97b43d8712321f7efaf52c6b7c994d6ed3d9d2dce185e,2026-07-17T21:38:38,True
study_runs,SMOKE_V100_P0_I01,study_runs/SMOKE_V100_P0_I01/checkpoint/2b04050768474782874f3d86300c385f_seed/generated/checkpoints/MovieLens100K-938abed0/LensKit.ImplicitMFScorer-ca533e7c-33/predictions.json,predictions.json,.json,39315803,7b5fff259cd2ec270e85e64e669b1a8dbf7d9eac024fbee819b1d1998356cc5d,2026-07-17T21:39:33,True
study_runs,SMOKE_V100_P0_I01,study_runs/SMOKE_V100_P0_I01/checkpoint/2b04050768474782874f3d86300c385f_seed/generated/checkpoints/MovieLens100K-938abed0/LensKit.ImplicitMFScorer-ca533e7c-44/model.bpk,model.bpk,.bpk,1134032,b4633ea4e526b7daa9c2fa043559466aa699a812140af3889efde084d69c36df,2026-07-17T21:40:04,True
study_runs,SMOKE_V100_P0_I01,study_runs/SMOKE_V100_P0_I01/checkpoint/2b04050768474782874f3d86300c385f_seed/generated/checkpoints/MovieLens100K-938abed0/LensKit.ImplicitMFScorer-ca533e7c-44/predictions.json,predictions.json,.json,39350257,7e215d65dc61ea7a6af3b6e741e959e3f4eb9ff3e551b94f9270b8f72f709d49,2026-07-17T21:41:01,True
study_runs,SMOKE_V100_P0_I01,study_runs/SMOKE_V100_P0_I01/checkpoint/2b04050768474782874f3d86300c385f_seed/generated/checkpoints/MovieLens100K-938abed0/LensKit.ImplicitMFScorer-ca533e7c-55/model.bpk,model.bpk,.bpk,1133991,c4aff882e13eb510b6b98f28037ac3d3a0ca7ec3653840f081e768f059ec5b40,2026-07-17T21:41:27,True
study_runs,SMOKE_V100_P0_I01,study_runs/SMOKE_V100_P0_I01/checkpoint/2b04050768474782874f3d86300c385f_seed/generated/checkpoints/MovieLens100K-938abed0/LensKit.ImplicitMFScorer-ca533e7c-55/predictions.json,predictions.json,.json,39319375,f3aba54c10481c8ab6df116de1c672f2b54c5985c227536ff73b017ab0f34343,2026-07-17T21:42:20,True
study_runs,SMOKE_V100_P0_I01,study_runs/SMOKE_V100_P0_I01/checkpoint/2b04050768474782874f3d86300c385f_seed/generated/checkpoints/out.log,out.log,.log,0,e3b0c44298fc1c149afbf4c8996fb92427ae41e4649b934ca495991b7852b855,2026-07-17T21:36:53,True
study_runs,SMOKE_V100_P0_I01,study_runs/SMOKE_V100_P0_I01/checkpoint/2b04050768474782874f3d86300c385f_seed/generated/checkpoints/progress.json,progress.json,.json,1655,77517e014423c3875201b476037a322190087ca8f657d634ee01a3c14f5c3ae0,2026-07-17T21:42:31,True
study_runs,SMOKE_V100_P0_I01,study_runs/SMOKE_V100_P0_I01/checkpoint/2b04050768474782874f3d86300c385f_seed/generated/checkpoints/results.json,results.json,.json,1290,427bb36a693a7bd6b3cdf1a899a799fefe7563861e327984e016ac8245e5fe16,2026-07-17T21:42:31,True
study_runs,SMOKE_V100_P0_I01,study_runs/SMOKE_V100_P0_I01/checkpoint/2b04050768474782874f3d86300c385f_seed/generated/results_seed_11.csv,results_seed_11.csv,.csv,179,00a60cbe08dfd421de76694a571b401fdca55fd3df1fc93c0858ed8e855b364e,2026-07-17T21:36:53,True
study_runs,SMOKE_V100_P0_I01,study_runs/SMOKE_V100_P0_I01/checkpoint/2b04050768474782874f3d86300c385f_seed/generated/results_seed_22.csv,results_seed_22.csv,.csv,323,3c93eb5df5026f7d767c3a1388a047f4d424afec5c25f124677acb2ac2e4c984,2026-07-17T21:38:17,True
study_runs,SMOKE_V100_P0_I01,study_runs/SMOKE_V100_P0_I01/checkpoint/2b04050768474782874f3d86300c385f_seed/generated/results_seed_33.csv,results_seed_33.csv,.csv,467,c53fb7f45201eae2bcb88b1d78c4857bbd5fb77b8bd9bcd616f22d1c460e7358,2026-07-17T21:39:42,True
study_runs,SMOKE_V100_P0_I01,study_runs/SMOKE_V100_P0_I01/checkpoint/2b04050768474782874f3d86300c385f_seed/generated/results_seed_44.csv,results_seed_44.csv,.csv,612,697370fa7a38befa1cdf7de465c7003f7a6a0516b2e74d2116d2a482b9603ab9,2026-07-17T21:41:07,True
study_runs,SMOKE_V100_P0_I01,study_runs/SMOKE_V100_P0_I01/checkpoint/2b04050768474782874f3d86300c385f_seed/generated/results_seed_55.csv,results_seed_55.csv,.csv,756,99d3a874b093ae5aa4e4955bcb6b438ce78b1334e7e5568c63cd93bab2351544,2026-07-17T21:42:31,True
study_runs,SMOKE_V100_P0_I01,study_runs/SMOKE_V100_P0_I01/checkpoint/2b04050768474782874f3d86300c385f_seed/generated/seed_sensitivity_plot.png,seed_sensitivity_plot.png,.png,36247,f2af2e736770296c63da19f564bfd7c515f3f98e16a9be54acdfcb6e10e76bd9,2026-07-17T21:42:32,True
study_runs,SMOKE_V100_P0_I01,study_runs/SMOKE_V100_P0_I01/checkpoint/2b04050768474782874f3d86300c385f_seed/generated/summary.csv,summary.csv,.csv,220,75ec12375f56dc7642429ddae69fc6df014bd12481ea82896f5728537c81064a,2026-07-17T21:42:31,True
study_runs,SMOKE_V100_P0_I01,study_runs/SMOKE_V100_P0_I01/checkpoint/2b04050768474782874f3d86300c385f_seed/out.log,out.log,.log,23999,8632542b6e645b21b5bd413155e7e883b1614126fc32834c7e541cd81e2bedeb,2026-07-17T21:42:33,True
study_runs,SMOKE_V100_P0_I01,study_runs/SMOKE_V100_P0_I01/checkpoint/506a9fd3f66c4bec8dd85db15292903d/code.py,code.py,.py,3179,49a346958aa0b487da34d6b3efe94f551f4f71a729d1faef1a7264415d5c49b3,2026-07-17T20:14:20,True
study_runs,SMOKE_V100_P0_I01,study_runs/SMOKE_V100_P0_I01/checkpoint/506a9fd3f66c4bec8dd85db15292903d/exec_result.pkl,exec_result.pkl,.pkl,3134,3eb692ec52929876c3b36b53a9739ef7d77a5ed347ca6df6db205c0f210bf98e,2026-07-17T20:12:33,True
study_runs,SMOKE_V100_P0_I01,study_runs/SMOKE_V100_P0_I01/checkpoint/506a9fd3f66c4bec8dd85db15292903d/out.log,out.log,.log,2943,0e850a16ad863247c2020cc5d0b071200c71cd3b4f2bcc9f7cc5de2213ff507d,2026-07-17T20:12:33,True
study_runs,SMOKE_V100_P0_I01,study_runs/SMOKE_V100_P0_I01/checkpoint/8ae5c9e5771d4ce2be8d8a2a7b4228f0/code.py,code.py,.py,2360,75ee9b37efa4577ab1a53999f7c74639ab8bb4e0ef131ea85c905e1fe32e4af5,2026-07-17T21:25:39,True
study_runs,SMOKE_V100_P0_I01,study_runs/SMOKE_V100_P0_I01/checkpoint/8ae5c9e5771d4ce2be8d8a2a7b4228f0/exec_result.pkl,exec_result.pkl,.pkl,6890,c6116e579e6abea7cb457e6ae27ad9f343ed86cca228a478d5684e335f0f26e6,2026-07-17T21:23:30,True
study_runs,SMOKE_V100_P0_I01,study_runs/SMOKE_V100_P0_I01/checkpoint/8ae5c9e5771d4ce2be8d8a2a7b4228f0/generated/checkpoints/err.log,err.log,.log,1195,4da430e9659bb61bd72765495936d07d95cfc1fd625a65a3cfd549baa46343ae,2026-07-17T21:23:30,True
study_runs,SMOKE_V100_P0_I01,study_runs/SMOKE_V100_P0_I01/checkpoint/8ae5c9e5771d4ce2be8d8a2a7b4228f0/generated/checkpoints/MovieLens100K-938abed0/LensKit.ImplicitMFScorer-f0dd7ecb-11/model.bpk,model.bpk,.bpk,1133569,e51398a5a887b9fa0aacfb7919c8f258ae13df819768cb0543a8e687041481a7,2026-07-17T21:22:25,True
study_runs,SMOKE_V100_P0_I01,study_runs/SMOKE_V100_P0_I01/checkpoint/8ae5c9e5771d4ce2be8d8a2a7b4228f0/generated/checkpoints/MovieLens100K-938abed0/LensKit.ImplicitMFScorer-f0dd7ecb-11/predictions.json,predictions.json,.json,39314740,48961d04db8d2a32e53d7c143a6f28e9a16cdd19940ab1a4d202484e52cb4ae4,2026-07-17T21:23:20,True
study_runs,SMOKE_V100_P0_I01,study_runs/SMOKE_V100_P0_I01/checkpoint/8ae5c9e5771d4ce2be8d8a2a7b4228f0/generated/checkpoints/out.log,out.log,.log,0,e3b0c44298fc1c149afbf4c8996fb92427ae41e4649b934ca495991b7852b855,2026-07-17T21:23:30,True
study_runs,SMOKE_V100_P0_I01,study_runs/SMOKE_V100_P0_I01/checkpoint/8ae5c9e5771d4ce2be8d8a2a7b4228f0/generated/checkpoints/progress.json,progress.json,.json,199,53cc16ee820ceba2f63d048fc8c818510250d19784ae0cfdfe8cb1631b4c7233,2026-07-17T21:23:29,True
study_runs,SMOKE_V100_P0_I01,study_runs/SMOKE_V100_P0_I01/checkpoint/8ae5c9e5771d4ce2be8d8a2a7b4228f0/generated/checkpoints/results.json,results.json,.json,273,d0707359109d092db4016e93a548e29ca68d5ff74c06505ae0e0e3dba9c05c8b,2026-07-17T21:23:30,True
study_runs,SMOKE_V100_P0_I01,study_runs/SMOKE_V100_P0_I01/checkpoint/8ae5c9e5771d4ce2be8d8a2a7b4228f0/out.log,out.log,.log,6607,ccade285cc791992e78bdef145b2bb354f1bd6ae6754bbb323e802bf5ba3469f,2026-07-17T21:23:30,True
study_runs,SMOKE_V100_P0_I01,study_runs/SMOKE_V100_P0_I01/checkpoint/adc486eedd784beebdf0ad860a0bf732/code.py,code.py,.py,2803,0c9969f18f4b327ef66d3dcab3ea7090e37988af8ab799233887570c679f892b,2026-07-17T21:34:43,True
study_runs,SMOKE_V100_P0_I01,study_runs/SMOKE_V100_P0_I01/checkpoint/adc486eedd784beebdf0ad860a0bf732/exec_result.pkl,exec_result.pkl,.pkl,3226,32f9b9295d024fde67927e0abedf6d09c96f4b681dd4a7075edebc0946a615a9,2026-07-17T21:25:11,True
study_runs,SMOKE_V100_P0_I01,study_runs/SMOKE_V100_P0_I01/checkpoint/adc486eedd784beebdf0ad860a0bf732/out.log,out.log,.log,3029,2a034959fd700864dadc32e0e8c0b701bda9ed76c6af502401419c7191afaa80,2026-07-17T21:25:11,True
study_runs,SMOKE_V100_P0_I01,study_runs/SMOKE_V100_P0_I01/checkpoint/b3f868150f1e48848df96473d4a5fb4e/code.py,code.py,.py,3148,e7effa12b8a1dc3c29c298c38f9fd409e83c94500c4d68487e349aae6982727d,2026-07-17T20:16:33,True
study_runs,SMOKE_V100_P0_I01,study_runs/SMOKE_V100_P0_I01/checkpoint/b3f868150f1e48848df96473d4a5fb4e/exec_result.pkl,exec_result.pkl,.pkl,6993,6428da4592564f396d0659fd60b02121b2d4a37b114d5d96075edd184640508c,2026-07-17T20:15:39,True
study_runs,SMOKE_V100_P0_I01,study_runs/SMOKE_V100_P0_I01/checkpoint/b3f868150f1e48848df96473d4a5fb4e/generated/checkpoints/err.log,err.log,.log,0,e3b0c44298fc1c149afbf4c8996fb92427ae41e4649b934ca495991b7852b855,2026-07-17T20:15:38,True
study_runs,SMOKE_V100_P0_I01,study_runs/SMOKE_V100_P0_I01/checkpoint/b3f868150f1e48848df96473d4a5fb4e/generated/checkpoints/out.log,out.log,.log,0,e3b0c44298fc1c149afbf4c8996fb92427ae41e4649b934ca495991b7852b855,2026-07-17T20:15:38,True
study_runs,SMOKE_V100_P0_I01,study_runs/SMOKE_V100_P0_I01/checkpoint/b3f868150f1e48848df96473d4a5fb4e/generated/checkpoints/progress.json,progress.json,.json,307,1c7b43fa178e0012d27acbd5fafe8cb7f9156a313e9a575a75ae825b0dc03ce1,2026-07-17T20:15:28,True
study_runs,SMOKE_V100_P0_I01,study_runs/SMOKE_V100_P0_I01/checkpoint/b3f868150f1e48848df96473d4a5fb4e/generated/checkpoints/results.json,results.json,.json,2,44136fa355b3678a1146ad16f7e8649e94fb4fc21fe77e8310c060f61caaff8a,2026-07-17T20:15:38,True
study_runs,SMOKE_V100_P0_I01,study_runs/SMOKE_V100_P0_I01/checkpoint/b3f868150f1e48848df96473d4a5fb4e/out.log,out.log,.log,6688,8e855eda3b4c711188e277cde7a66ea4d4d813b04a0ac01ea32f7b7877eeca4b,2026-07-17T20:15:39,True
study_runs,SMOKE_V100_P0_I01,study_runs/SMOKE_V100_P0_I01/checkpoint/f924856511e14a3c92631ccf384e439f/code.py,code.py,.py,2944,dedf8801ee18e2fe13c25b13fa7cc0de3db739279ba26ca156cb4160e275757e,2026-07-17T20:16:33,True
study_runs,SMOKE_V100_P0_I01,study_runs/SMOKE_V100_P0_I01/checkpoint/f924856511e14a3c92631ccf384e439f/exec_result.pkl,exec_result.pkl,.pkl,3125,cc042da549daea2635fd8d0a36c9ccbffd4982451a0e329677fdc0d9ebeb5b6c,2026-07-17T20:13:54,True
study_runs,SMOKE_V100_P0_I01,study_runs/SMOKE_V100_P0_I01/checkpoint/f924856511e14a3c92631ccf384e439f/out.log,out.log,.log,2934,4bcb10cd16fc766081e9af4b5c0185c622116a973225f892906db57675ae4d53,2026-07-17T20:13:54,True
study_runs,SMOKE_V100_P0_I01,study_runs/SMOKE_V100_P0_I01/code_requirements_final.json,code_requirements_final.json,.json,1545,5af14ab31f0cfded759e7c9eb07f5b1694e5eb3f49d72adbf429ab9b5ef49dda,2026-07-17T21:35:20,True
study_runs,SMOKE_V100_P0_I01,study_runs/SMOKE_V100_P0_I01/code_requirements_prototype.json,code_requirements_prototype.json,.json,800,7283ed47570e3504c03a4a565c821ae10538cefc7b8810fd2e5805b93aaebfa3,2026-07-17T21:20:43,True
study_runs,SMOKE_V100_P0_I01,study_runs/SMOKE_V100_P0_I01/config.source.toml,config.source.toml,.toml,386,43ad328d9e971575946598bc6c906a320d878b57103e5825b7bc1b351074558f,2026-07-17T21:20:05,True
study_runs,SMOKE_V100_P0_I01,study_runs/SMOKE_V100_P0_I01/config.toml,config.toml,.toml,413,f016223e8d4d869dab57e98267307fdb7d4097558802b65486d03255c5da628b,2026-07-17T21:20:05,True
study_runs,SMOKE_V100_P0_I01,study_runs/SMOKE_V100_P0_I01/costs_log.csv,costs_log.csv,.csv,8468,71686cb51e8d8aaf2d690cdab6367ecde807126d14d354c0c5e83919419bd5a2,2026-07-17T22:54:32,True
study_runs,SMOKE_V100_P0_I01,study_runs/SMOKE_V100_P0_I01/debug.log,debug.log,.log,295309,4d4fbba435bc097276db09231db67ef12414cd0b767558650f0e03a71bed23d7,2026-07-17T22:54:36,True
study_runs,SMOKE_V100_P0_I01,study_runs/SMOKE_V100_P0_I01/entered_prompt.txt,entered_prompt.txt,.txt,946,dc790c0f84813ae9f582a14783c06db3ee59faaa98d800c6bf831f5ad0d041ab,2026-07-17T21:20:05,True
study_runs,SMOKE_V100_P0_I01,study_runs/SMOKE_V100_P0_I01/save.pkl,save.pkl,.pkl,77019,63dde27de7f237bd9e2963495b46504092d8eb3ce93f9e3dd577c18554f06938,2026-07-17T21:34:51,True
study_runs,SMOKE_V100_P0_I01,study_runs/SMOKE_V100_P0_I01/statistics/0_506a9fd3f66c4bec8dd85db15292903d.txt,0_506a9fd3f66c4bec8dd85db15292903d.txt,.txt,470,201f7681565ae42bece922fb420a2bfa3dba819f46c1769d09a6e8d472358c1f,2026-07-17T20:13:07,True
study_runs,SMOKE_V100_P0_I01,study_runs/SMOKE_V100_P0_I01/statistics/0_8ae5c9e5771d4ce2be8d8a2a7b4228f0.txt,0_8ae5c9e5771d4ce2be8d8a2a7b4228f0.txt,.txt,467,74d08a578056f4ce7cc99417914b5aa791765e98fc2dfad4e8353cfad5d17e4f,2026-07-17T21:24:10,True
study_runs,SMOKE_V100_P0_I01,study_runs/SMOKE_V100_P0_I01/statistics/1_adc486eedd784beebdf0ad860a0bf732.txt,1_adc486eedd784beebdf0ad860a0bf732.txt,.txt,468,059648e920c6aeffe0d9316f2576288290b1a1bf6577d17a7fd128ac7d6bdd93,2026-07-17T21:25:40,True
study_runs,SMOKE_V100_P0_I01,study_runs/SMOKE_V100_P0_I01/statistics/1_f924856511e14a3c92631ccf384e439f.txt,1_f924856511e14a3c92631ccf384e439f.txt,.txt,480,037789e2f5762aa938ae9232b2433e44180c1504e6f793bb8b972ce807355c57,2026-07-17T20:14:20,True
study_runs,SMOKE_V100_P0_I01,study_runs/SMOKE_V100_P0_I01/statistics/2_2b04050768474782874f3d86300c385f.txt,2_2b04050768474782874f3d86300c385f.txt,.txt,454,71bde42a44d270d284ad57cf9b5221e4b4ddcd7c44755ca6eb1967e867ecb8b9,2026-07-17T21:34:43,True
study_runs,SMOKE_V100_P0_I01,study_runs/SMOKE_V100_P0_I01/statistics/2_b3f868150f1e48848df96473d4a5fb4e.txt,2_b3f868150f1e48848df96473d4a5fb4e.txt,.txt,461,f697f95fa82dfd7441f346d241cb0c112bb619e8927ae99253bd2447d884c81b,2026-07-17T20:16:33,True
study_runs,SMOKE_V100_P0_I01,study_runs/SMOKE_V100_P0_I01/statistics/3_2b04050768474782874f3d86300c385f_seed.txt,3_2b04050768474782874f3d86300c385f_seed.txt,.txt,456,5d859b930a2c98ecc61575ffe51b10a255852cdbfd4921ce0b451527a975e4e8,2026-07-17T21:43:09,True
study_runs,SMOKE_V100_P0_I01,study_runs/SMOKE_V100_P0_I01/statistics/4_2b04050768474782874f3d86300c385f_iteration1.txt,4_2b04050768474782874f3d86300c385f_iteration1.txt,.txt,503,d9c5f56dccd5ac0ab680b854ce50c0064d883ad696ec7353692aeb0c53992cb5,2026-07-17T22:51:51,True
study_runs,SMOKE_V100_P0_I01,study_runs/SMOKE_V100_P0_I01/statistics/5_2b04050768474782874f3d86300c385f_iteration2.txt,5_2b04050768474782874f3d86300c385f_iteration2.txt,.txt,500,269c25dcd357bad3e416f5b240cab11eabe3cfbdf5e7b98dc6460b5108dfd415,2026-07-17T22:54:22,True
study_runs,SMOKE_V100_P0_I01,study_runs/SMOKE_V100_P0_I01/statistics/arguments_per_function.png,arguments_per_function.png,.png,54355,9cdfcc5fcdf4dfdc6967a4eab9d6d7dc49ba80f4902f7ef8f4eaf2aecbc5fe47,2026-07-17T22:54:35,True
study_runs,SMOKE_V100_P0_I01,study_runs/SMOKE_V100_P0_I01/statistics/classes.png,classes.png,.png,36216,ee42b62de7878c68a8274dbeb807ec9fc1edd4de80e1b04a736c8a7f4afb3717,2026-07-17T22:54:35,True
study_runs,SMOKE_V100_P0_I01,study_runs/SMOKE_V100_P0_I01/statistics/comment_lines.png,comment_lines.png,.png,43596,abd258f0daed83450a0c5c8222c6a610a75f348aa8f9194ae4e1b4044ec1733c,2026-07-17T22:54:34,True
study_runs,SMOKE_V100_P0_I01,study_runs/SMOKE_V100_P0_I01/statistics/conditions.png,conditions.png,.png,48053,7b4e0e24eef54cf0cec892ce1123ab80acb2b4bf8c77ebf19044ab0ec37ec54c,2026-07-17T22:54:36,True
study_runs,SMOKE_V100_P0_I01,study_runs/SMOKE_V100_P0_I01/statistics/deletions.png,deletions.png,.png,68923,6e66e9d24f8abc36bf1cd04d0b29cdd5a9ccf5f6b904af5b6eb05f31f24ffccf,2026-07-17T22:54:36,True
study_runs,SMOKE_V100_P0_I01,study_runs/SMOKE_V100_P0_I01/statistics/empty_lines.png,empty_lines.png,.png,44154,d60bb9af32807088f9a75f92ad427384fa9c085855499546c0d33cc321c36ed8,2026-07-17T22:54:33,True
study_runs,SMOKE_V100_P0_I01,study_runs/SMOKE_V100_P0_I01/statistics/execution_time.png,execution_time.png,.png,61053,63df90460af73b32b93aa56f8612d53b5d9d7e073b6c50191f6708266f9cdf60,2026-07-17T22:54:33,True
study_runs,SMOKE_V100_P0_I01,study_runs/SMOKE_V100_P0_I01/statistics/functions.png,functions.png,.png,46047,e724104815b17f171c230087d57874a84ceee4e66d0a458b732f6aeca5283a14,2026-07-17T22:54:34,True
study_runs,SMOKE_V100_P0_I01,study_runs/SMOKE_V100_P0_I01/statistics/insertions.png,insertions.png,.png,66676,bdd39685c7a73152a9a69129a430ac710fd2ee342e254eac872c740eeb372452,2026-07-17T22:54:36,True
study_runs,SMOKE_V100_P0_I01,study_runs/SMOKE_V100_P0_I01/statistics/libraries_imported.png,libraries_imported.png,.png,45816,e472c4a5fe55d86573bbbaddec8ef28ade65d0b047920c0d16926d7e00981c55,2026-07-17T22:54:34,True
study_runs,SMOKE_V100_P0_I01,study_runs/SMOKE_V100_P0_I01/statistics/lines_of_code.png,lines_of_code.png,.png,49903,3feac05af3fbcb28301a1151857d351892fcc32e83481b99ebb9eb4339104201,2026-07-17T22:54:33,True
study_runs,SMOKE_V100_P0_I01,study_runs/SMOKE_V100_P0_I01/statistics/loops.png,loops.png,.png,41809,9a5e1ab6152f4260706d687fc0cadf9bae0e1197cd0a7544eeca1df3aef69e3c,2026-07-17T22:54:35,True
study_runs,SMOKE_V100_P0_I01,study_runs/SMOKE_V100_P0_I01/statistics/summary_overall_nodes.txt,summary_overall_nodes.txt,.txt,611,44e6c7ec86d43f5dc405d19c325f2cf2ea1f91bdeb30eb7c5e389e54cc8733eb,2026-07-17T22:54:32,True
study_runs,SMOKE_V100_P0_I01,study_runs/SMOKE_V100_P0_I01/statistics/total_characters.png,total_characters.png,.png,55333,57507e3a06db1f9cfee701939e3e2b2cb6c706d7510bb22b9211d6cbe1c2e3db,2026-07-17T22:54:34,True
study_runs,SMOKE_V100_P0_I01,study_runs/SMOKE_V100_P0_I01/statistics/variable_assignments.png,variable_assignments.png,.png,48631,20b432b153435aeb3afd1628e64ed0f65ee112639a0100697d68061cab16cd6c,2026-07-17T22:54:35,True
study_runs,SMOKE_V100_P0_I01,study_runs/SMOKE_V100_P0_I01/summary.md,summary.md,.md,4481,400b1fe8f368e6e96e59e67c0d498eb906b50e131013cfb480d6f96393ec4c07,2026-07-17T22:54:32,True
study_runs,SMOKE_V100_P0_I01,study_runs/SMOKE_V100_P0_I01/tree_render/pdf/combined_tree.pdf,combined_tree.pdf,.pdf,21634,4b24ede8f167a1d752f99df6f96e261d6f48b1a1716966c886a7bb42c74f91df,2026-07-17T21:34:50,True
study_runs,SMOKE_V100_P0_I01,study_runs/SMOKE_V100_P0_I01/tree_render/pdf/tree_0.pdf,tree_0.pdf,.pdf,18273,621954c101a8850b3ff08d2743c14b8ccb080e23d5fe08a39ffa2d6fe660a6c0,2026-07-17T21:34:45,True
study_runs,SMOKE_V100_P0_I01,study_runs/SMOKE_V100_P0_I01/tree_render/pdf/tree_1.pdf,tree_1.pdf,.pdf,21551,d6883e231cfd70508d1f56336d3dc5b3be545df3ddff6383b39ccdb2387f432b,2026-07-17T21:34:48,True
study_runs,SMOKE_V100_P0_I01,study_runs/SMOKE_V100_P0_I01/tree_render/png/combined_tree.png,combined_tree.png,.png,34905,4ecacdae06c4698b546032269b538dd2f05d1b796cbb1e2dc0d85eb972ab8dc9,2026-07-17T21:34:50,True
study_runs,SMOKE_V100_P0_I01,study_runs/SMOKE_V100_P0_I01/tree_render/png/tree_0.png,tree_0.png,.png,11255,5415741bec8ada98d14cd7b2791a5c97af76a410b68b6a102eee4f5495a10839,2026-07-17T21:34:44,True
study_runs,SMOKE_V100_P0_I01,study_runs/SMOKE_V100_P0_I01/tree_render/png/tree_1.png,tree_1.png,.png,22770,71fba9db4a776ea3e67e69d14e218f38d9bc9257f1a7e507fe2aefd9c3f4ede9,2026-07-17T21:34:47,True
study_runs,SMOKE_V100_P0_I01,study_runs/SMOKE_V100_P0_I01/tree_render/svg/combined_tree.svg,combined_tree.svg,.svg,4197,4755ce080624dba12b00ee8cccf8595cf4ad6f1b759ad1a0f5adef04ffa6462d,2026-07-17T21:34:51,True
study_runs,SMOKE_V100_P0_I01,study_runs/SMOKE_V100_P0_I01/tree_render/svg/tree_0.svg,tree_0.svg,.svg,1611,79026e5bb50def75242c4c5b624736162cf7f33e2e8bfe745ff63e8f09ab7103,2026-07-17T21:34:46,True
study_runs,SMOKE_V100_P0_I01,study_runs/SMOKE_V100_P0_I01/tree_render/svg/tree_1.svg,tree_1.svg,.svg,3167,e6e81881c7a312a31d27aae9b3a94b5920146931a83b14d6bb1e3358b00d7279,2026-07-17T21:34:49,True
study_runs,V100_P0_GPT54_I05_R01,study_runs/V100_P0_GPT54_I05_R01/checkpoint/1a0e67a0ed0f49838458b10f36953597/code.py,code.py,.py,7253,377635048a3ea066394b0f1ae8e9215e41fc328304ffc09a8e170ac0095d7f89,2026-07-19T20:02:19,True
study_runs,V100_P0_GPT54_I05_R01,study_runs/V100_P0_GPT54_I05_R01/checkpoint/1a0e67a0ed0f49838458b10f36953597/exec_result.pkl,exec_result.pkl,.pkl,23857,3179bd4570757b6bb0a479718657d594836f9c8eb449a6a0d4df99aeee3574ee,2026-07-19T20:00:18,True
study_runs,V100_P0_GPT54_I05_R01,study_runs/V100_P0_GPT54_I05_R01/checkpoint/1a0e67a0ed0f49838458b10f36953597/generated/prototype_results.csv,prototype_results.csv,.csv,1283,9b4b277e49f7ff9cfd2be375444b91e7648d0541e9d5b7f5f774ea3822e6bd2f,2026-07-19T20:00:17,True
study_runs,V100_P0_GPT54_I05_R01,study_runs/V100_P0_GPT54_I05_R01/checkpoint/1a0e67a0ed0f49838458b10f36953597/generated/prototype_summary.csv,prototype_summary.csv,.csv,28,38a7905d4aa93a3be0e02e7d8ff28e68a282d507a8f0d833f4a00ea4659490f8,2026-07-19T20:00:17,True
study_runs,V100_P0_GPT54_I05_R01,study_runs/V100_P0_GPT54_I05_R01/checkpoint/1a0e67a0ed0f49838458b10f36953597/generated/seed_13/checkpoint_metric_scan.csv,checkpoint_metric_scan.csv,.csv,202,6f35ddf415950c5e507059b567c7a00a6a95e378cb097208925b4bb6c7253963,2026-07-19T19:56:37,True
study_runs,V100_P0_GPT54_I05_R01,study_runs/V100_P0_GPT54_I05_R01/checkpoint/1a0e67a0ed0f49838458b10f36953597/generated/seed_13/checkpoints/err.log,err.log,.log,951,6a254c2602b7566b8080dc9a3e249853376d2cb68109de34c64df5a7e9f73108,2026-07-19T19:56:37,True
study_runs,V100_P0_GPT54_I05_R01,study_runs/V100_P0_GPT54_I05_R01/checkpoint/1a0e67a0ed0f49838458b10f36953597/generated/seed_13/checkpoints/MovieLens100K-c0b4b14e/LensKit.PopScorer-f4aa5539-13/model.bpk,model.bpk,.bpk,355390,e387edbe9d77f4bfa17e21ac0de0964fbca800d2db0c3ddf424cf08040a5844c,2026-07-19T19:55:42,True
study_runs,V100_P0_GPT54_I05_R01,study_runs/V100_P0_GPT54_I05_R01/checkpoint/1a0e67a0ed0f49838458b10f36953597/generated/seed_13/checkpoints/MovieLens100K-c0b4b14e/LensKit.PopScorer-f4aa5539-13/predictions.json,predictions.json,.json,38765629,1f30cbd239ae1cc04867259dbb8e6269ff83cb2f90c72b9bb87187bb1528074f,2026-07-19T19:56:29,True
study_runs,V100_P0_GPT54_I05_R01,study_runs/V100_P0_GPT54_I05_R01/checkpoint/1a0e67a0ed0f49838458b10f36953597/generated/seed_13/checkpoints/out.log,out.log,.log,0,e3b0c44298fc1c149afbf4c8996fb92427ae41e4649b934ca495991b7852b855,2026-07-19T19:56:37,True
study_runs,V100_P0_GPT54_I05_R01,study_runs/V100_P0_GPT54_I05_R01/checkpoint/1a0e67a0ed0f49838458b10f36953597/generated/seed_13/checkpoints/progress.json,progress.json,.json,192,4f6997bf13ef6ee4cd801aa1d128ec026bdbca778851baec2c93c96c670dc976,2026-07-19T19:56:36,True
study_runs,V100_P0_GPT54_I05_R01,study_runs/V100_P0_GPT54_I05_R01/checkpoint/1a0e67a0ed0f49838458b10f36953597/generated/seed_13/checkpoints/results.json,results.json,.json,145,88f9282215c63c3b622c8008b1698e07c1af7b07010bf9643638618729a41ef2,2026-07-19T19:56:37,True
study_runs,V100_P0_GPT54_I05_R01,study_runs/V100_P0_GPT54_I05_R01/checkpoint/1a0e67a0ed0f49838458b10f36953597/generated/seed_29/checkpoint_metric_scan.csv,checkpoint_metric_scan.csv,.csv,202,da5f066ea4fddf71c52b4cf3e01b1f3475ff58abdc1f3776f2576053e6b3469c,2026-07-19T19:57:50,True
study_runs,V100_P0_GPT54_I05_R01,study_runs/V100_P0_GPT54_I05_R01/checkpoint/1a0e67a0ed0f49838458b10f36953597/generated/seed_29/checkpoints/err.log,err.log,.log,951,6a254c2602b7566b8080dc9a3e249853376d2cb68109de34c64df5a7e9f73108,2026-07-19T19:57:50,True
study_runs,V100_P0_GPT54_I05_R01,study_runs/V100_P0_GPT54_I05_R01/checkpoint/1a0e67a0ed0f49838458b10f36953597/generated/seed_29/checkpoints/MovieLens100K-c0b4b14e/LensKit.PopScorer-f4aa5539-29/model.bpk,model.bpk,.bpk,355644,daca1d5b7f1cbee98056afea94f16439d30cf36cbbda23b381aff6d2e1e11e54,2026-07-19T19:56:55,True
study_runs,V100_P0_GPT54_I05_R01,study_runs/V100_P0_GPT54_I05_R01/checkpoint/1a0e67a0ed0f49838458b10f36953597/generated/seed_29/checkpoints/MovieLens100K-c0b4b14e/LensKit.PopScorer-f4aa5539-29/predictions.json,predictions.json,.json,38821813,278ef946c179700619e355ef5f3b99017cfff8275d8716530a013f382f87c97b,2026-07-19T19:57:42,True
study_runs,V100_P0_GPT54_I05_R01,study_runs/V100_P0_GPT54_I05_R01/checkpoint/1a0e67a0ed0f49838458b10f36953597/generated/seed_29/checkpoints/out.log,out.log,.log,0,e3b0c44298fc1c149afbf4c8996fb92427ae41e4649b934ca495991b7852b855,2026-07-19T19:57:50,True
study_runs,V100_P0_GPT54_I05_R01,study_runs/V100_P0_GPT54_I05_R01/checkpoint/1a0e67a0ed0f49838458b10f36953597/generated/seed_29/checkpoints/progress.json,progress.json,.json,192,5549e9c4265d99850aa353106b7e6f149fa119a45c746adabe79f1ee7e101364,2026-07-19T19:57:50,True
study_runs,V100_P0_GPT54_I05_R01,study_runs/V100_P0_GPT54_I05_R01/checkpoint/1a0e67a0ed0f49838458b10f36953597/generated/seed_29/checkpoints/results.json,results.json,.json,145,e9f9d68964dd02b92f9f7a37ebb3182d064fe5558b99229594aedd62832fb105,2026-07-19T19:57:50,True
study_runs,V100_P0_GPT54_I05_R01,study_runs/V100_P0_GPT54_I05_R01/checkpoint/1a0e67a0ed0f49838458b10f36953597/generated/seed_42/checkpoint_metric_scan.csv,checkpoint_metric_scan.csv,.csv,202,5eb814b1ccd633f7788f51823ecf9709f5beff052665ba7469a68bcba59b0177,2026-07-19T19:59:04,True
study_runs,V100_P0_GPT54_I05_R01,study_runs/V100_P0_GPT54_I05_R01/checkpoint/1a0e67a0ed0f49838458b10f36953597/generated/seed_42/checkpoints/err.log,err.log,.log,951,6a254c2602b7566b8080dc9a3e249853376d2cb68109de34c64df5a7e9f73108,2026-07-19T19:59:04,True
study_runs,V100_P0_GPT54_I05_R01,study_runs/V100_P0_GPT54_I05_R01/checkpoint/1a0e67a0ed0f49838458b10f36953597/generated/seed_42/checkpoints/MovieLens100K-c0b4b14e/LensKit.PopScorer-f4aa5539-42/model.bpk,model.bpk,.bpk,356141,a1c8ea8f2607387c20b63d35207e88adce2409960552ba2d4503c4e8021f3efb,2026-07-19T19:58:08,True
study_runs,V100_P0_GPT54_I05_R01,study_runs/V100_P0_GPT54_I05_R01/checkpoint/1a0e67a0ed0f49838458b10f36953597/generated/seed_42/checkpoints/MovieLens100K-c0b4b14e/LensKit.PopScorer-f4aa5539-42/predictions.json,predictions.json,.json,38800533,5d2b6667342667764827c1084999023e994173fb8cb2d82a8c9adcb6fff9f08f,2026-07-19T19:58:52,True
study_runs,V100_P0_GPT54_I05_R01,study_runs/V100_P0_GPT54_I05_R01/checkpoint/1a0e67a0ed0f49838458b10f36953597/generated/seed_42/checkpoints/out.log,out.log,.log,0,e3b0c44298fc1c149afbf4c8996fb92427ae41e4649b934ca495991b7852b855,2026-07-19T19:59:04,True
study_runs,V100_P0_GPT54_I05_R01,study_runs/V100_P0_GPT54_I05_R01/checkpoint/1a0e67a0ed0f49838458b10f36953597/generated/seed_42/checkpoints/progress.json,progress.json,.json,192,16829cd284059c711d75d78ff41a4cb3d5b60a54cc359d2ffa4cf5707c335ee0,2026-07-19T19:59:03,True
study_runs,V100_P0_GPT54_I05_R01,study_runs/V100_P0_GPT54_I05_R01/checkpoint/1a0e67a0ed0f49838458b10f36953597/generated/seed_42/checkpoints/results.json,results.json,.json,145,9cd49c1a49a665521af17eebbbc4ece4c3092e4310597893aba8c5199b4cff79,2026-07-19T19:59:04,True
study_runs,V100_P0_GPT54_I05_R01,study_runs/V100_P0_GPT54_I05_R01/checkpoint/1a0e67a0ed0f49838458b10f36953597/generated/seed_7/checkpoint_metric_scan.csv,checkpoint_metric_scan.csv,.csv,201,aa2a81959a10a9a0880c4a68584db955a00be9db22de382611eec6d12a0a71e1,2026-07-19T19:55:23,True
study_runs,V100_P0_GPT54_I05_R01,study_runs/V100_P0_GPT54_I05_R01/checkpoint/1a0e67a0ed0f49838458b10f36953597/generated/seed_7/checkpoints/err.log,err.log,.log,951,6a254c2602b7566b8080dc9a3e249853376d2cb68109de34c64df5a7e9f73108,2026-07-19T19:55:23,True
study_runs,V100_P0_GPT54_I05_R01,study_runs/V100_P0_GPT54_I05_R01/checkpoint/1a0e67a0ed0f49838458b10f36953597/generated/seed_7/checkpoints/MovieLens100K-c0b4b14e/LensKit.PopScorer-f4aa5539-7/model.bpk,model.bpk,.bpk,355518,8a8978e2bf65b5af2abfe15ffe5a83cc19bc57d3f6030e3a9ee0b835e1ad3ce9,2026-07-19T19:54:29,True
study_runs,V100_P0_GPT54_I05_R01,study_runs/V100_P0_GPT54_I05_R01/checkpoint/1a0e67a0ed0f49838458b10f36953597/generated/seed_7/checkpoints/MovieLens100K-c0b4b14e/LensKit.PopScorer-f4aa5539-7/predictions.json,predictions.json,.json,38808728,3c600a4e1a3001da38b9e9382c675a115840d725b520793a16d8f131ad14a0b8,2026-07-19T19:55:14,True
study_runs,V100_P0_GPT54_I05_R01,study_runs/V100_P0_GPT54_I05_R01/checkpoint/1a0e67a0ed0f49838458b10f36953597/generated/seed_7/checkpoints/out.log,out.log,.log,0,e3b0c44298fc1c149afbf4c8996fb92427ae41e4649b934ca495991b7852b855,2026-07-19T19:55:23,True
study_runs,V100_P0_GPT54_I05_R01,study_runs/V100_P0_GPT54_I05_R01/checkpoint/1a0e67a0ed0f49838458b10f36953597/generated/seed_7/checkpoints/progress.json,progress.json,.json,191,97708980ede2c1cf0e7829cf47b865163b2fb63741ed247b9bbbefe9d78c2113,2026-07-19T19:55:23,True
study_runs,V100_P0_GPT54_I05_R01,study_runs/V100_P0_GPT54_I05_R01/checkpoint/1a0e67a0ed0f49838458b10f36953597/generated/seed_7/checkpoints/results.json,results.json,.json,144,41fee03bbf8fc2c086e6ff1a8fcbf1310a58a6360effdae237533dc605494277,2026-07-19T19:55:23,True
study_runs,V100_P0_GPT54_I05_R01,study_runs/V100_P0_GPT54_I05_R01/checkpoint/1a0e67a0ed0f49838458b10f36953597/generated/seed_87/checkpoint_metric_scan.csv,checkpoint_metric_scan.csv,.csv,202,b20fecca0120c866630ac3fdf4816c112d570cb0c1c547231adece76ed5dc683,2026-07-19T20:00:17,True
study_runs,V100_P0_GPT54_I05_R01,study_runs/V100_P0_GPT54_I05_R01/checkpoint/1a0e67a0ed0f49838458b10f36953597/generated/seed_87/checkpoints/err.log,err.log,.log,951,6a254c2602b7566b8080dc9a3e249853376d2cb68109de34c64df5a7e9f73108,2026-07-19T20:00:17,True
study_runs,V100_P0_GPT54_I05_R01,study_runs/V100_P0_GPT54_I05_R01/checkpoint/1a0e67a0ed0f49838458b10f36953597/generated/seed_87/checkpoints/MovieLens100K-c0b4b14e/LensKit.PopScorer-f4aa5539-87/model.bpk,model.bpk,.bpk,355976,2c6fb114354845733a5cd30d442626049d0566e13d1aac469a10308578a51249,2026-07-19T19:59:21,True
study_runs,V100_P0_GPT54_I05_R01,study_runs/V100_P0_GPT54_I05_R01/checkpoint/1a0e67a0ed0f49838458b10f36953597/generated/seed_87/checkpoints/MovieLens100K-c0b4b14e/LensKit.PopScorer-f4aa5539-87/predictions.json,predictions.json,.json,38815900,2cdd44dff002cf9ade41645e3a5b1054c275452afbe6afccf551f1f9732cff18,2026-07-19T20:00:06,True
study_runs,V100_P0_GPT54_I05_R01,study_runs/V100_P0_GPT54_I05_R01/checkpoint/1a0e67a0ed0f49838458b10f36953597/generated/seed_87/checkpoints/out.log,out.log,.log,0,e3b0c44298fc1c149afbf4c8996fb92427ae41e4649b934ca495991b7852b855,2026-07-19T20:00:17,True
study_runs,V100_P0_GPT54_I05_R01,study_runs/V100_P0_GPT54_I05_R01/checkpoint/1a0e67a0ed0f49838458b10f36953597/generated/seed_87/checkpoints/progress.json,progress.json,.json,192,97fb9543c526f0d64b1f9caf07d239ca8a903ec5eb39638b5ec2a53f90a49bfa,2026-07-19T20:00:16,True
study_runs,V100_P0_GPT54_I05_R01,study_runs/V100_P0_GPT54_I05_R01/checkpoint/1a0e67a0ed0f49838458b10f36953597/generated/seed_87/checkpoints/results.json,results.json,.json,144,45c8e244cf0e730ac769455fd778d01d7199146475b918be796c3e46fb997761,2026-07-19T20:00:17,True
study_runs,V100_P0_GPT54_I05_R01,study_runs/V100_P0_GPT54_I05_R01/checkpoint/1a0e67a0ed0f49838458b10f36953597/generated/seed_sensitivity_plot.png,seed_sensitivity_plot.png,.png,23115,93f3ca1c56b6271d72ccaba72bd27650e392d67b19368ce4be4600a7d94cb1c8,2026-07-19T20:00:17,True
study_runs,V100_P0_GPT54_I05_R01,study_runs/V100_P0_GPT54_I05_R01/checkpoint/1a0e67a0ed0f49838458b10f36953597/out.log,out.log,.log,23181,839cda6793efee7bb595f947a42fc406593697056690d3df77e4cfb22c85b3dd,2026-07-19T20:00:18,True
study_runs,V100_P0_GPT54_I05_R01,study_runs/V100_P0_GPT54_I05_R01/checkpoint/4682b1c65bcd4677ad764487dbae36e4/code.py,code.py,.py,9488,244f746558c5196658012393c659c5ddda040a36649a1d0d2f5a145229a4011a,2026-07-19T20:20:41,True
study_runs,V100_P0_GPT54_I05_R01,study_runs/V100_P0_GPT54_I05_R01/checkpoint/4682b1c65bcd4677ad764487dbae36e4/exec_result.pkl,exec_result.pkl,.pkl,815,24a0b0e4a6c45c7856f55e7009dfe4cfc50c8a9589783cc2074719ab45a5bf49,2026-07-19T20:12:26,True
study_runs,V100_P0_GPT54_I05_R01,study_runs/V100_P0_GPT54_I05_R01/checkpoint/4682b1c65bcd4677ad764487dbae36e4/out.log,out.log,.log,676,0c9a336d63a6b6432e42a56a082d9bac0e13e77b0cf2c3fad5ce150552cb15bb,2026-07-19T20:12:26,True
study_runs,V100_P0_GPT54_I05_R01,study_runs/V100_P0_GPT54_I05_R01/checkpoint/6f1efc17099f4438af33e637fade2d6a/code.py,code.py,.py,5649,ca267dfe6ccac24cdb902cebfd284af9e7b991fc91dd9140015546b493eda8b9,2026-07-19T20:09:22,True
study_runs,V100_P0_GPT54_I05_R01,study_runs/V100_P0_GPT54_I05_R01/checkpoint/6f1efc17099f4438af33e637fade2d6a/exec_result.pkl,exec_result.pkl,.pkl,5871,a4154f7a8ec5d74e85fb56b747646490afb8d93c6ab2fa7b59efa42aa808a891,2026-07-19T20:01:36,True
study_runs,V100_P0_GPT54_I05_R01,study_runs/V100_P0_GPT54_I05_R01/checkpoint/6f1efc17099f4438af33e637fade2d6a/out.log,out.log,.log,5608,e7972bd49ea735e5199f2221bf682f94f482731456a9f174ccdbd7fb37564a7f,2026-07-19T20:01:36,True
study_runs,V100_P0_GPT54_I05_R01,study_runs/V100_P0_GPT54_I05_R01/checkpoint/7ef1994c0966483b8d54e4a616d85634/code.py,code.py,.py,2,7eb70257593da06f682a3ddda54a9d260d4fc514f645237f5ca74b08f8da61a6,2026-07-19T20:00:47,True
study_runs,V100_P0_GPT54_I05_R01,study_runs/V100_P0_GPT54_I05_R01/checkpoint/7ef1994c0966483b8d54e4a616d85634/exec_result.pkl,exec_result.pkl,.pkl,169,8dff4cef7735f2b8965e72d65ea9eeca3640f461456909d99782da6688d84025,2026-07-19T19:52:56,True
study_runs,V100_P0_GPT54_I05_R01,study_runs/V100_P0_GPT54_I05_R01/checkpoint/7ef1994c0966483b8d54e4a616d85634/out.log,out.log,.log,49,b999c05453cbce1dd7fa3d0ee70d14f3b54a511d7b134eda76c99d23181d0525,2026-07-19T19:52:56,True
study_runs,V100_P0_GPT54_I05_R01,study_runs/V100_P0_GPT54_I05_R01/checkpoint/93fc4b7d72734385b5c9ae72f2765d36/code.py,code.py,.py,6645,6554297e4a137b24087e2e19651f185cc27465ff0f11e685bd52349a6cc37fb3,2026-07-19T19:53:22,True
study_runs,V100_P0_GPT54_I05_R01,study_runs/V100_P0_GPT54_I05_R01/checkpoint/93fc4b7d72734385b5c9ae72f2765d36/exec_result.pkl,exec_result.pkl,.pkl,3766,961ff85f548fd68bc74f1f0bf7179f752c9e26bb179480b02a3eaf5c0fc7516e,2026-07-19T19:51:17,True
study_runs,V100_P0_GPT54_I05_R01,study_runs/V100_P0_GPT54_I05_R01/checkpoint/93fc4b7d72734385b5c9ae72f2765d36/out.log,out.log,.log,3553,13c79b48ddeb04a4ae438388d253cf9882983cc35fa122b28cc0e243f4bdda61,2026-07-19T19:51:17,True
study_runs,V100_P0_GPT54_I05_R01,study_runs/V100_P0_GPT54_I05_R01/checkpoint/b9321e8dcdb647988a09b4cb21c4e170/code.py,code.py,.py,8770,c2b0328250738c958715883ca31e52ff03ec0aedef9bb3e02c0d77b9881a1baf,2026-07-19T20:13:14,True
study_runs,V100_P0_GPT54_I05_R01,study_runs/V100_P0_GPT54_I05_R01/checkpoint/b9321e8dcdb647988a09b4cb21c4e170/exec_result.pkl,exec_result.pkl,.pkl,2238,bbe0ecf87c7a6ce913f9f292d0171fd8e74c6ae6600d1b345c05df4367975d94,2026-07-19T20:10:54,True
study_runs,V100_P0_GPT54_I05_R01,study_runs/V100_P0_GPT54_I05_R01/checkpoint/b9321e8dcdb647988a09b4cb21c4e170/out.log,out.log,.log,2065,9e254d24b1c5cda39bb399c73e31002fee0fdb1cefc19d0b0a5f18973239544d,2026-07-19T20:10:54,True
study_runs,V100_P0_GPT54_I05_R01,study_runs/V100_P0_GPT54_I05_R01/checkpoint/e7849e11813743659c7d53436c07af0d/code.py,code.py,.py,5936,88282802745d5f360fa0f38a56f7830033de86269fb93510ee56ffedb96e01a5,2026-07-19T20:11:29,True
study_runs,V100_P0_GPT54_I05_R01,study_runs/V100_P0_GPT54_I05_R01/checkpoint/e7849e11813743659c7d53436c07af0d/exec_result.pkl,exec_result.pkl,.pkl,24040,339e86932a168b06c0136ccc1eaa786afd1a6f5cc90fd81a14b4a3a67fd2fe83,2026-07-19T20:09:09,True
study_runs,V100_P0_GPT54_I05_R01,study_runs/V100_P0_GPT54_I05_R01/checkpoint/e7849e11813743659c7d53436c07af0d/generated/prototype_results.csv,prototype_results.csv,.csv,762,de01b1861af0df160d2136171b40364ba1106d36a3bd35a5fab55731b9819605,2026-07-19T20:09:08,True
study_runs,V100_P0_GPT54_I05_R01,study_runs/V100_P0_GPT54_I05_R01/checkpoint/e7849e11813743659c7d53436c07af0d/generated/prototype_summary.csv,prototype_summary.csv,.csv,66,4cf8d5a5f0f6f8d9178b2bc9e1c3ab6f0a8bc015301432ffd31bf96744f2d190,2026-07-19T20:09:08,True
study_runs,V100_P0_GPT54_I05_R01,study_runs/V100_P0_GPT54_I05_R01/checkpoint/e7849e11813743659c7d53436c07af0d/generated/seed_13/checkpoints/err.log,err.log,.log,951,6a254c2602b7566b8080dc9a3e249853376d2cb68109de34c64df5a7e9f73108,2026-07-19T20:05:27,True
study_runs,V100_P0_GPT54_I05_R01,study_runs/V100_P0_GPT54_I05_R01/checkpoint/e7849e11813743659c7d53436c07af0d/generated/seed_13/checkpoints/MovieLens100K-c437b6f6/LensKit.PopScorer-f4aa5539-13/model.bpk,model.bpk,.bpk,390636,d83b3f751519a0cd74f86e1d370d305c593ac9d57ea5f6189667f79c2630e74a,2026-07-19T20:04:32,True
study_runs,V100_P0_GPT54_I05_R01,study_runs/V100_P0_GPT54_I05_R01/checkpoint/e7849e11813743659c7d53436c07af0d/generated/seed_13/checkpoints/MovieLens100K-c437b6f6/LensKit.PopScorer-f4aa5539-13/predictions.json,predictions.json,.json,38547550,bc21346977917d7b3fa5e17b37c97b560a5725166950041dcb3c487171b2758f,2026-07-19T20:05:17,True
study_runs,V100_P0_GPT54_I05_R01,study_runs/V100_P0_GPT54_I05_R01/checkpoint/e7849e11813743659c7d53436c07af0d/generated/seed_13/checkpoints/out.log,out.log,.log,0,e3b0c44298fc1c149afbf4c8996fb92427ae41e4649b934ca495991b7852b855,2026-07-19T20:05:27,True
study_runs,V100_P0_GPT54_I05_R01,study_runs/V100_P0_GPT54_I05_R01/checkpoint/e7849e11813743659c7d53436c07af0d/generated/seed_13/checkpoints/progress.json,progress.json,.json,192,8c01d4d9763aed914062057453140206f483cc566bc1ce5346b32dea84e8089f,2026-07-19T20:05:27,True
study_runs,V100_P0_GPT54_I05_R01,study_runs/V100_P0_GPT54_I05_R01/checkpoint/e7849e11813743659c7d53436c07af0d/generated/seed_13/checkpoints/results.json,results.json,.json,145,f61febc12ade33dfd488c0bd277148aeacd84b243be53d0e32b65437155045d2,2026-07-19T20:05:27,True
study_runs,V100_P0_GPT54_I05_R01,study_runs/V100_P0_GPT54_I05_R01/checkpoint/e7849e11813743659c7d53436c07af0d/generated/seed_13/evaluator_results.csv,evaluator_results.csv,.csv,123,62583119c31a1e475f1c021aaa87df258797675a9a3a9ec4a288683a6256a17f,2026-07-19T20:05:27,True
study_runs,V100_P0_GPT54_I05_R01,study_runs/V100_P0_GPT54_I05_R01/checkpoint/e7849e11813743659c7d53436c07af0d/generated/seed_13/evaluator_results.json,evaluator_results.json,.json,145,f61febc12ade33dfd488c0bd277148aeacd84b243be53d0e32b65437155045d2,2026-07-19T20:05:27,True
study_runs,V100_P0_GPT54_I05_R01,study_runs/V100_P0_GPT54_I05_R01/checkpoint/e7849e11813743659c7d53436c07af0d/generated/seed_29/checkpoints/err.log,err.log,.log,951,6a254c2602b7566b8080dc9a3e249853376d2cb68109de34c64df5a7e9f73108,2026-07-19T20:06:41,True
study_runs,V100_P0_GPT54_I05_R01,study_runs/V100_P0_GPT54_I05_R01/checkpoint/e7849e11813743659c7d53436c07af0d/generated/seed_29/checkpoints/MovieLens100K-c437b6f6/LensKit.PopScorer-f4aa5539-29/model.bpk,model.bpk,.bpk,390203,575427746e08ae42e985223de38c5a72dc6189fecb9be6e1969cf00356d21371,2026-07-19T20:05:47,True
study_runs,V100_P0_GPT54_I05_R01,study_runs/V100_P0_GPT54_I05_R01/checkpoint/e7849e11813743659c7d53436c07af0d/generated/seed_29/checkpoints/MovieLens100K-c437b6f6/LensKit.PopScorer-f4aa5539-29/predictions.json,predictions.json,.json,38551698,c52c42b0c5a42ef8c6083bf26ec691d435b936ea972a6c07d6490338c70dd448,2026-07-19T20:06:30,True
study_runs,V100_P0_GPT54_I05_R01,study_runs/V100_P0_GPT54_I05_R01/checkpoint/e7849e11813743659c7d53436c07af0d/generated/seed_29/checkpoints/out.log,out.log,.log,0,e3b0c44298fc1c149afbf4c8996fb92427ae41e4649b934ca495991b7852b855,2026-07-19T20:06:41,True
study_runs,V100_P0_GPT54_I05_R01,study_runs/V100_P0_GPT54_I05_R01/checkpoint/e7849e11813743659c7d53436c07af0d/generated/seed_29/checkpoints/progress.json,progress.json,.json,192,0926327f62b575ad5911ae6dbe0c42c5d1b71ab97f895f77165171ba11cbaae1,2026-07-19T20:06:41,True
study_runs,V100_P0_GPT54_I05_R01,study_runs/V100_P0_GPT54_I05_R01/checkpoint/e7849e11813743659c7d53436c07af0d/generated/seed_29/checkpoints/results.json,results.json,.json,145,c916a1926f947304a1e4fede93c75dc2feed5f5bca04a92c1540612dbc480fb1,2026-07-19T20:06:41,True
study_runs,V100_P0_GPT54_I05_R01,study_runs/V100_P0_GPT54_I05_R01/checkpoint/e7849e11813743659c7d53436c07af0d/generated/seed_29/evaluator_results.csv,evaluator_results.csv,.csv,123,4682d0f8d0f4fcdcd50b95ace172566a6b1d92798e89a3ec4a000c877af23b6e,2026-07-19T20:06:41,True
study_runs,V100_P0_GPT54_I05_R01,study_runs/V100_P0_GPT54_I05_R01/checkpoint/e7849e11813743659c7d53436c07af0d/generated/seed_29/evaluator_results.json,evaluator_results.json,.json,145,c916a1926f947304a1e4fede93c75dc2feed5f5bca04a92c1540612dbc480fb1,2026-07-19T20:06:41,True
study_runs,V100_P0_GPT54_I05_R01,study_runs/V100_P0_GPT54_I05_R01/checkpoint/e7849e11813743659c7d53436c07af0d/generated/seed_42/checkpoints/err.log,err.log,.log,951,6a254c2602b7566b8080dc9a3e249853376d2cb68109de34c64df5a7e9f73108,2026-07-19T20:07:55,True
study_runs,V100_P0_GPT54_I05_R01,study_runs/V100_P0_GPT54_I05_R01/checkpoint/e7849e11813743659c7d53436c07af0d/generated/seed_42/checkpoints/MovieLens100K-c437b6f6/LensKit.PopScorer-f4aa5539-42/model.bpk,model.bpk,.bpk,390431,6d9f03470f194bf657d0a8f272bae4782641df5b3ce43180328dbea6494caf30,2026-07-19T20:07:00,True
study_runs,V100_P0_GPT54_I05_R01,study_runs/V100_P0_GPT54_I05_R01/checkpoint/e7849e11813743659c7d53436c07af0d/generated/seed_42/checkpoints/MovieLens100K-c437b6f6/LensKit.PopScorer-f4aa5539-42/predictions.json,predictions.json,.json,38551544,1f9beb7bb0901ea4704f206a652466d1b047b05abbbf6b3c970417a3d2f97e86,2026-07-19T20:07:44,True
study_runs,V100_P0_GPT54_I05_R01,study_runs/V100_P0_GPT54_I05_R01/checkpoint/e7849e11813743659c7d53436c07af0d/generated/seed_42/checkpoints/out.log,out.log,.log,0,e3b0c44298fc1c149afbf4c8996fb92427ae41e4649b934ca495991b7852b855,2026-07-19T20:07:55,True
study_runs,V100_P0_GPT54_I05_R01,study_runs/V100_P0_GPT54_I05_R01/checkpoint/e7849e11813743659c7d53436c07af0d/generated/seed_42/checkpoints/progress.json,progress.json,.json,192,6edf6b393d122f7a4c8d61935f1c2b71bea20b109820ae2e98f432780f3d99da,2026-07-19T20:07:54,True
study_runs,V100_P0_GPT54_I05_R01,study_runs/V100_P0_GPT54_I05_R01/checkpoint/e7849e11813743659c7d53436c07af0d/generated/seed_42/checkpoints/results.json,results.json,.json,144,d1ec6940aea48d5ea5029f48c5b41454210703f87e2ccdaecdf21d9577ef483c,2026-07-19T20:07:55,True
study_runs,V100_P0_GPT54_I05_R01,study_runs/V100_P0_GPT54_I05_R01/checkpoint/e7849e11813743659c7d53436c07af0d/generated/seed_42/evaluator_results.csv,evaluator_results.csv,.csv,122,fd5fc981d10c1de18cb1eaf4ee091f42bd275c3f5cd0c82af0e9de7c560734fd,2026-07-19T20:07:55,True
study_runs,V100_P0_GPT54_I05_R01,study_runs/V100_P0_GPT54_I05_R01/checkpoint/e7849e11813743659c7d53436c07af0d/generated/seed_42/evaluator_results.json,evaluator_results.json,.json,144,d1ec6940aea48d5ea5029f48c5b41454210703f87e2ccdaecdf21d9577ef483c,2026-07-19T20:07:55,True
study_runs,V100_P0_GPT54_I05_R01,study_runs/V100_P0_GPT54_I05_R01/checkpoint/e7849e11813743659c7d53436c07af0d/generated/seed_7/checkpoints/err.log,err.log,.log,951,6a254c2602b7566b8080dc9a3e249853376d2cb68109de34c64df5a7e9f73108,2026-07-19T20:04:14,True
study_runs,V100_P0_GPT54_I05_R01,study_runs/V100_P0_GPT54_I05_R01/checkpoint/e7849e11813743659c7d53436c07af0d/generated/seed_7/checkpoints/MovieLens100K-c437b6f6/LensKit.PopScorer-f4aa5539-7/model.bpk,model.bpk,.bpk,390752,ca6dd1c5adc508830a90b04ea49eae03e85b334c8fb976919ee338e3fd166a96,2026-07-19T20:03:18,True
study_runs,V100_P0_GPT54_I05_R01,study_runs/V100_P0_GPT54_I05_R01/checkpoint/e7849e11813743659c7d53436c07af0d/generated/seed_7/checkpoints/MovieLens100K-c437b6f6/LensKit.PopScorer-f4aa5539-7/predictions.json,predictions.json,.json,38567824,19c28b2bbbcaf2544225ad1a40eb153b9c15fe3530cb16c129be08de754376ed,2026-07-19T20:04:05,True
study_runs,V100_P0_GPT54_I05_R01,study_runs/V100_P0_GPT54_I05_R01/checkpoint/e7849e11813743659c7d53436c07af0d/generated/seed_7/checkpoints/out.log,out.log,.log,0,e3b0c44298fc1c149afbf4c8996fb92427ae41e4649b934ca495991b7852b855,2026-07-19T20:04:14,True
study_runs,V100_P0_GPT54_I05_R01,study_runs/V100_P0_GPT54_I05_R01/checkpoint/e7849e11813743659c7d53436c07af0d/generated/seed_7/checkpoints/progress.json,progress.json,.json,191,0d84e99c0e95af70986f10c018e19132c0c6a725a17c7dd1fe52999aa49b4398,2026-07-19T20:04:14,True
study_runs,V100_P0_GPT54_I05_R01,study_runs/V100_P0_GPT54_I05_R01/checkpoint/e7849e11813743659c7d53436c07af0d/generated/seed_7/checkpoints/results.json,results.json,.json,143,885f9b24c2da1b10da00a2fa41be12c8660660af69806130bdc8cd34e0234c2d,2026-07-19T20:04:14,True
study_runs,V100_P0_GPT54_I05_R01,study_runs/V100_P0_GPT54_I05_R01/checkpoint/e7849e11813743659c7d53436c07af0d/generated/seed_7/evaluator_results.csv,evaluator_results.csv,.csv,121,ea2723f60c63937ff28b3cb3d24c1684cbcbe8ffb93f5f44b486f8711ea1281f,2026-07-19T20:04:14,True
study_runs,V100_P0_GPT54_I05_R01,study_runs/V100_P0_GPT54_I05_R01/checkpoint/e7849e11813743659c7d53436c07af0d/generated/seed_7/evaluator_results.json,evaluator_results.json,.json,143,885f9b24c2da1b10da00a2fa41be12c8660660af69806130bdc8cd34e0234c2d,2026-07-19T20:04:14,True
study_runs,V100_P0_GPT54_I05_R01,study_runs/V100_P0_GPT54_I05_R01/checkpoint/e7849e11813743659c7d53436c07af0d/generated/seed_87/checkpoints/err.log,err.log,.log,951,6a254c2602b7566b8080dc9a3e249853376d2cb68109de34c64df5a7e9f73108,2026-07-19T20:09:08,True
study_runs,V100_P0_GPT54_I05_R01,study_runs/V100_P0_GPT54_I05_R01/checkpoint/e7849e11813743659c7d53436c07af0d/generated/seed_87/checkpoints/MovieLens100K-c437b6f6/LensKit.PopScorer-f4aa5539-87/model.bpk,model.bpk,.bpk,391076,1b5bc18935189c68f237822b2fdfb762f7514839d1ff5fc663a70e0700c50630,2026-07-19T20:08:12,True
study_runs,V100_P0_GPT54_I05_R01,study_runs/V100_P0_GPT54_I05_R01/checkpoint/e7849e11813743659c7d53436c07af0d/generated/seed_87/checkpoints/MovieLens100K-c437b6f6/LensKit.PopScorer-f4aa5539-87/predictions.json,predictions.json,.json,38544002,f0c1407d2d2e84dbd1d2fbc752eec61acaeacc874a015665dfc4db9b148e57fd,2026-07-19T20:08:59,True
study_runs,V100_P0_GPT54_I05_R01,study_runs/V100_P0_GPT54_I05_R01/checkpoint/e7849e11813743659c7d53436c07af0d/generated/seed_87/checkpoints/out.log,out.log,.log,0,e3b0c44298fc1c149afbf4c8996fb92427ae41e4649b934ca495991b7852b855,2026-07-19T20:09:08,True
study_runs,V100_P0_GPT54_I05_R01,study_runs/V100_P0_GPT54_I05_R01/checkpoint/e7849e11813743659c7d53436c07af0d/generated/seed_87/checkpoints/progress.json,progress.json,.json,192,57f9fcaf06ade75c7f91b5a0626b342e9e2b7b6bb777d863fba19376543109d3,2026-07-19T20:09:07,True
study_runs,V100_P0_GPT54_I05_R01,study_runs/V100_P0_GPT54_I05_R01/checkpoint/e7849e11813743659c7d53436c07af0d/generated/seed_87/checkpoints/results.json,results.json,.json,145,769aaa00517b0e8d16c10bebbcfe01bb2d6f645bc0fd5e7c40136435cf5bd388,2026-07-19T20:09:08,True
study_runs,V100_P0_GPT54_I05_R01,study_runs/V100_P0_GPT54_I05_R01/checkpoint/e7849e11813743659c7d53436c07af0d/generated/seed_87/evaluator_results.csv,evaluator_results.csv,.csv,123,c127a8cd0c28cf223621b13866c01b2920428765b611d2e9888727b5c10d0a81,2026-07-19T20:09:08,True
study_runs,V100_P0_GPT54_I05_R01,study_runs/V100_P0_GPT54_I05_R01/checkpoint/e7849e11813743659c7d53436c07af0d/generated/seed_87/evaluator_results.json,evaluator_results.json,.json,145,769aaa00517b0e8d16c10bebbcfe01bb2d6f645bc0fd5e7c40136435cf5bd388,2026-07-19T20:09:08,True
study_runs,V100_P0_GPT54_I05_R01,study_runs/V100_P0_GPT54_I05_R01/checkpoint/e7849e11813743659c7d53436c07af0d/generated/seed_sensitivity_plot.png,seed_sensitivity_plot.png,.png,49966,5cd5674f129a07b939b8c2670f0d746961608f232a4f1b1166eed3952619aa52,2026-07-19T20:09:09,True
study_runs,V100_P0_GPT54_I05_R01,study_runs/V100_P0_GPT54_I05_R01/checkpoint/e7849e11813743659c7d53436c07af0d/out.log,out.log,.log,23292,f11d67554966903949db79c5029dceeba6a198cb900f2f7dd84dc389e177b91a,2026-07-19T20:09:09,True
study_runs,V100_P0_GPT54_I05_R01,study_runs/V100_P0_GPT54_I05_R01/checkpoint/e7849e11813743659c7d53436c07af0d_iteration1/code.py,code.py,.py,15377,a73a84bd94d9b21a302da6300ed310d853c9a160b0be8e6d2098c1f086947307,2026-07-19T20:44:13,True
study_runs,V100_P0_GPT54_I05_R01,study_runs/V100_P0_GPT54_I05_R01/checkpoint/e7849e11813743659c7d53436c07af0d_iteration1/exec_result.pkl,exec_result.pkl,.pkl,41409,461e7609530bd0340883348c1bb3085cce2e708f93597f9a1da7422395fbf96f,2026-07-19T20:40:15,True
study_runs,V100_P0_GPT54_I05_R01,study_runs/V100_P0_GPT54_I05_R01/checkpoint/e7849e11813743659c7d53436c07af0d_iteration1/generated/MovieLens100K/seed_13/checkpoints/err.log,err.log,.log,3341,8064fa4046d33d51340bd64ca82b03a9305e319f14dc5b50ede1e6d904331d0e,2026-07-19T20:29:49,True
study_runs,V100_P0_GPT54_I05_R01,study_runs/V100_P0_GPT54_I05_R01/checkpoint/e7849e11813743659c7d53436c07af0d_iteration1/generated/MovieLens100K/seed_13/checkpoints/MovieLens100K-c437b6f6/LensKit.ImplicitMFScorer-f0dd7ecb-13/model.bpk,model.bpk,.bpk,1209454,3bc1a1af5fd12f2e7977b1e7f8a93ad308be540ed2ea02ded712a7f77ebcd9ec,2026-07-19T20:28:44,True
study_runs,V100_P0_GPT54_I05_R01,study_runs/V100_P0_GPT54_I05_R01/checkpoint/e7849e11813743659c7d53436c07af0d_iteration1/generated/MovieLens100K/seed_13/checkpoints/MovieLens100K-c437b6f6/LensKit.ImplicitMFScorer-f0dd7ecb-13/predictions.json,predictions.json,.json,38748456,4ecd6d03608e39d3b85e320fc3692234834f7841c606416f44ea14cf2e6714cd,2026-07-19T20:29:37,True
study_runs,V100_P0_GPT54_I05_R01,study_runs/V100_P0_GPT54_I05_R01/checkpoint/e7849e11813743659c7d53436c07af0d_iteration1/generated/MovieLens100K/seed_13/checkpoints/MovieLens100K-c437b6f6/LensKit.ItemKNNScorer-c3d66610-13/model.bpk,model.bpk,.bpk,3359681,a22a3ddfdaaaf95c64cfe09f00dd632b2901d2e6705cd8c02c867d72f0c7e9c4,2026-07-19T20:27:51,True
study_runs,V100_P0_GPT54_I05_R01,study_runs/V100_P0_GPT54_I05_R01/checkpoint/e7849e11813743659c7d53436c07af0d_iteration1/generated/MovieLens100K/seed_13/checkpoints/MovieLens100K-c437b6f6/LensKit.ItemKNNScorer-c3d66610-13/predictions.json,predictions.json,.json,36971746,f9fca29373953e519912afff2bd42975b718537d82b743e87650a66056ef0018,2026-07-19T20:28:15,True
study_runs,V100_P0_GPT54_I05_R01,study_runs/V100_P0_GPT54_I05_R01/checkpoint/e7849e11813743659c7d53436c07af0d_iteration1/generated/MovieLens100K/seed_13/checkpoints/MovieLens100K-c437b6f6/LensKit.PopScorer-f4aa5539-13/model.bpk,model.bpk,.bpk,390641,0964c9b2ae2789c27696753e50fa4ba7f20260219d147313d12f69e901990a3a,2026-07-19T20:26:37,True
study_runs,V100_P0_GPT54_I05_R01,study_runs/V100_P0_GPT54_I05_R01/checkpoint/e7849e11813743659c7d53436c07af0d_iteration1/generated/MovieLens100K/seed_13/checkpoints/MovieLens100K-c437b6f6/LensKit.PopScorer-f4aa5539-13/predictions.json,predictions.json,.json,38547550,bc21346977917d7b3fa5e17b37c97b560a5725166950041dcb3c487171b2758f,2026-07-19T20:27:22,True
study_runs,V100_P0_GPT54_I05_R01,study_runs/V100_P0_GPT54_I05_R01/checkpoint/e7849e11813743659c7d53436c07af0d_iteration1/generated/MovieLens100K/seed_13/checkpoints/out.log,out.log,.log,0,e3b0c44298fc1c149afbf4c8996fb92427ae41e4649b934ca495991b7852b855,2026-07-19T20:27:34,True
study_runs,V100_P0_GPT54_I05_R01,study_runs/V100_P0_GPT54_I05_R01/checkpoint/e7849e11813743659c7d53436c07af0d_iteration1/generated/MovieLens100K/seed_13/checkpoints/progress.json,progress.json,.json,537,15b9eb3d43660b5a2d808038ff24e06010b6da5fd89c45337d562b8600741fc7,2026-07-19T20:29:48,True
study_runs,V100_P0_GPT54_I05_R01,study_runs/V100_P0_GPT54_I05_R01/checkpoint/e7849e11813743659c7d53436c07af0d_iteration1/generated/MovieLens100K/seed_13/checkpoints/results.json,results.json,.json,2226,fadcdffb6b7360bdadf4abb878619870b59dea8245d7d0c766d78351aaaa30d7,2026-07-19T20:29:49,True
study_runs,V100_P0_GPT54_I05_R01,study_runs/V100_P0_GPT54_I05_R01/checkpoint/e7849e11813743659c7d53436c07af0d_iteration1/generated/MovieLens100K/seed_13/evaluator_results.csv,evaluator_results.csv,.csv,2182,7b2a0c5fa8ab874b9817206b9d14e572a142e54c99a9859d80a413f9854247ee,2026-07-19T20:29:49,True
study_runs,V100_P0_GPT54_I05_R01,study_runs/V100_P0_GPT54_I05_R01/checkpoint/e7849e11813743659c7d53436c07af0d_iteration1/generated/MovieLens100K/seed_13/evaluator_results.json,evaluator_results.json,.json,2226,fadcdffb6b7360bdadf4abb878619870b59dea8245d7d0c766d78351aaaa30d7,2026-07-19T20:29:49,True
study_runs,V100_P0_GPT54_I05_R01,study_runs/V100_P0_GPT54_I05_R01/checkpoint/e7849e11813743659c7d53436c07af0d_iteration1/generated/MovieLens100K/seed_13/metrics_wide.csv,metrics_wide.csv,.csv,671,1dfdf2554b5c708d2528d9b3bbefa8f9fed9135bdb94f31d4f4f64ad00414342,2026-07-19T20:29:49,True
study_runs,V100_P0_GPT54_I05_R01,study_runs/V100_P0_GPT54_I05_R01/checkpoint/e7849e11813743659c7d53436c07af0d_iteration1/generated/MovieLens100K/seed_29/checkpoints/err.log,err.log,.log,3341,8064fa4046d33d51340bd64ca82b03a9305e319f14dc5b50ede1e6d904331d0e,2026-07-19T20:33:17,True
study_runs,V100_P0_GPT54_I05_R01,study_runs/V100_P0_GPT54_I05_R01/checkpoint/e7849e11813743659c7d53436c07af0d_iteration1/generated/MovieLens100K/seed_29/checkpoints/MovieLens100K-c437b6f6/LensKit.ImplicitMFScorer-f0dd7ecb-29/model.bpk,model.bpk,.bpk,1209066,8a2d615f71ff93afd6cd83a4774e5902554452026decb6d332feafedf0f288a1,2026-07-19T20:32:13,True
study_runs,V100_P0_GPT54_I05_R01,study_runs/V100_P0_GPT54_I05_R01/checkpoint/e7849e11813743659c7d53436c07af0d_iteration1/generated/MovieLens100K/seed_29/checkpoints/MovieLens100K-c437b6f6/LensKit.ImplicitMFScorer-f0dd7ecb-29/predictions.json,predictions.json,.json,38751428,80d77d189d2cd73cf6423ea363e2f538a8225bfde2fd417180bbf389a0029656,2026-07-19T20:33:05,True
study_runs,V100_P0_GPT54_I05_R01,study_runs/V100_P0_GPT54_I05_R01/checkpoint/e7849e11813743659c7d53436c07af0d_iteration1/generated/MovieLens100K/seed_29/checkpoints/MovieLens100K-c437b6f6/LensKit.ItemKNNScorer-c3d66610-29/model.bpk,model.bpk,.bpk,3360550,6699720d514e786b1146cdcb5a187b9529836d7a76eb8d611c9784f9f8f207e5,2026-07-19T20:31:20,True
study_runs,V100_P0_GPT54_I05_R01,study_runs/V100_P0_GPT54_I05_R01/checkpoint/e7849e11813743659c7d53436c07af0d_iteration1/generated/MovieLens100K/seed_29/checkpoints/MovieLens100K-c437b6f6/LensKit.ItemKNNScorer-c3d66610-29/predictions.json,predictions.json,.json,36971788,5bf56132b6c92f0348ac95e1ff1a9abc983c52938a6d4d02a1782c84f7210ea5,2026-07-19T20:31:43,True
study_runs,V100_P0_GPT54_I05_R01,study_runs/V100_P0_GPT54_I05_R01/checkpoint/e7849e11813743659c7d53436c07af0d_iteration1/generated/MovieLens100K/seed_29/checkpoints/MovieLens100K-c437b6f6/LensKit.PopScorer-f4aa5539-29/model.bpk,model.bpk,.bpk,390204,04a137d1ebbb8310a24c8e349b9ad8a107d0a3c14359e6201dfdec0458b489f1,2026-07-19T20:30:06,True
study_runs,V100_P0_GPT54_I05_R01,study_runs/V100_P0_GPT54_I05_R01/checkpoint/e7849e11813743659c7d53436c07af0d_iteration1/generated/MovieLens100K/seed_29/checkpoints/MovieLens100K-c437b6f6/LensKit.PopScorer-f4aa5539-29/predictions.json,predictions.json,.json,38551698,c52c42b0c5a42ef8c6083bf26ec691d435b936ea972a6c07d6490338c70dd448,2026-07-19T20:30:51,True
study_runs,V100_P0_GPT54_I05_R01,study_runs/V100_P0_GPT54_I05_R01/checkpoint/e7849e11813743659c7d53436c07af0d_iteration1/generated/MovieLens100K/seed_29/checkpoints/out.log,out.log,.log,0,e3b0c44298fc1c149afbf4c8996fb92427ae41e4649b934ca495991b7852b855,2026-07-19T20:31:03,True
study_runs,V100_P0_GPT54_I05_R01,study_runs/V100_P0_GPT54_I05_R01/checkpoint/e7849e11813743659c7d53436c07af0d_iteration1/generated/MovieLens100K/seed_29/checkpoints/progress.json,progress.json,.json,537,7805c8360341ae8bc6d7e691dc2ac5d40e831f8271670dc9f205c64f3f4d6dba,2026-07-19T20:33:17,True
study_runs,V100_P0_GPT54_I05_R01,study_runs/V100_P0_GPT54_I05_R01/checkpoint/e7849e11813743659c7d53436c07af0d_iteration1/generated/MovieLens100K/seed_29/checkpoints/results.json,results.json,.json,2222,ca90c391aede38a4b962279cbb7db8c1418b166d7e51cdee8b310a98bc679123,2026-07-19T20:33:17,True
study_runs,V100_P0_GPT54_I05_R01,study_runs/V100_P0_GPT54_I05_R01/checkpoint/e7849e11813743659c7d53436c07af0d_iteration1/generated/MovieLens100K/seed_29/evaluator_results.csv,evaluator_results.csv,.csv,2174,fc000b21a14162c952f1f4e76ecb78627ca510d62004c4ed6430f9accfcc49df,2026-07-19T20:33:18,True
study_runs,V100_P0_GPT54_I05_R01,study_runs/V100_P0_GPT54_I05_R01/checkpoint/e7849e11813743659c7d53436c07af0d_iteration1/generated/MovieLens100K/seed_29/evaluator_results.json,evaluator_results.json,.json,2222,ca90c391aede38a4b962279cbb7db8c1418b166d7e51cdee8b310a98bc679123,2026-07-19T20:33:18,True
study_runs,V100_P0_GPT54_I05_R01,study_runs/V100_P0_GPT54_I05_R01/checkpoint/e7849e11813743659c7d53436c07af0d_iteration1/generated/MovieLens100K/seed_29/metrics_wide.csv,metrics_wide.csv,.csv,667,cc597d3d2c04f7a1880c97974fc5f7e1bf15c987f0a0b1660fb59f3afbf1dfcd,2026-07-19T20:33:18,True
study_runs,V100_P0_GPT54_I05_R01,study_runs/V100_P0_GPT54_I05_R01/checkpoint/e7849e11813743659c7d53436c07af0d_iteration1/generated/MovieLens100K/seed_42/checkpoints/err.log,err.log,.log,3341,8064fa4046d33d51340bd64ca82b03a9305e319f14dc5b50ede1e6d904331d0e,2026-07-19T20:36:46,True
study_runs,V100_P0_GPT54_I05_R01,study_runs/V100_P0_GPT54_I05_R01/checkpoint/e7849e11813743659c7d53436c07af0d_iteration1/generated/MovieLens100K/seed_42/checkpoints/MovieLens100K-c437b6f6/LensKit.ImplicitMFScorer-f0dd7ecb-42/model.bpk,model.bpk,.bpk,1209199,c74990dfbfd6faff104b938211fe53c97217939ebcce345b8008748e91623f57,2026-07-19T20:35:43,True
study_runs,V100_P0_GPT54_I05_R01,study_runs/V100_P0_GPT54_I05_R01/checkpoint/e7849e11813743659c7d53436c07af0d_iteration1/generated/MovieLens100K/seed_42/checkpoints/MovieLens100K-c437b6f6/LensKit.ImplicitMFScorer-f0dd7ecb-42/predictions.json,predictions.json,.json,38754880,e02ab6efe5ce602387a87e9fd330734945f504218eb5b53ad2bf531a65a558b7,2026-07-19T20:36:34,True
study_runs,V100_P0_GPT54_I05_R01,study_runs/V100_P0_GPT54_I05_R01/checkpoint/e7849e11813743659c7d53436c07af0d_iteration1/generated/MovieLens100K/seed_42/checkpoints/MovieLens100K-c437b6f6/LensKit.ItemKNNScorer-c3d66610-42/model.bpk,model.bpk,.bpk,3367189,c758b8f2e33df0b44c788cfb60ca6c280107e76b29fbc8d434623b516b68c3b2,2026-07-19T20:34:48,True
study_runs,V100_P0_GPT54_I05_R01,study_runs/V100_P0_GPT54_I05_R01/checkpoint/e7849e11813743659c7d53436c07af0d_iteration1/generated/MovieLens100K/seed_42/checkpoints/MovieLens100K-c437b6f6/LensKit.ItemKNNScorer-c3d66610-42/predictions.json,predictions.json,.json,36965491,e045463537263ea6e01ff5482b43fb06ceac1451a8c968f1a276af9fbb3a948d,2026-07-19T20:35:11,True
study_runs,V100_P0_GPT54_I05_R01,study_runs/V100_P0_GPT54_I05_R01/checkpoint/e7849e11813743659c7d53436c07af0d_iteration1/generated/MovieLens100K/seed_42/checkpoints/MovieLens100K-c437b6f6/LensKit.PopScorer-f4aa5539-42/model.bpk,model.bpk,.bpk,390432,ddcf6e426fd0dd7e6b153aacfe0b36b71d21dfa71ba8109d14d7e1b1747958e3,2026-07-19T20:33:34,True
study_runs,V100_P0_GPT54_I05_R01,study_runs/V100_P0_GPT54_I05_R01/checkpoint/e7849e11813743659c7d53436c07af0d_iteration1/generated/MovieLens100K/seed_42/checkpoints/MovieLens100K-c437b6f6/LensKit.PopScorer-f4aa5539-42/predictions.json,predictions.json,.json,38551544,1f9beb7bb0901ea4704f206a652466d1b047b05abbbf6b3c970417a3d2f97e86,2026-07-19T20:34:19,True
study_runs,V100_P0_GPT54_I05_R01,study_runs/V100_P0_GPT54_I05_R01/checkpoint/e7849e11813743659c7d53436c07af0d_iteration1/generated/MovieLens100K/seed_42/checkpoints/out.log,out.log,.log,0,e3b0c44298fc1c149afbf4c8996fb92427ae41e4649b934ca495991b7852b855,2026-07-19T20:34:31,True
study_runs,V100_P0_GPT54_I05_R01,study_runs/V100_P0_GPT54_I05_R01/checkpoint/e7849e11813743659c7d53436c07af0d_iteration1/generated/MovieLens100K/seed_42/checkpoints/progress.json,progress.json,.json,537,ab9b4e54af573e4c468c56d24002f53937446f57f8286f2882778624778d5641,2026-07-19T20:36:45,True
study_runs,V100_P0_GPT54_I05_R01,study_runs/V100_P0_GPT54_I05_R01/checkpoint/e7849e11813743659c7d53436c07af0d_iteration1/generated/MovieLens100K/seed_42/checkpoints/results.json,results.json,.json,2223,091715c3f58f703a3f7bc7f2df2d5e3a65486c9cca7c5960c4d735bd8a56b835,2026-07-19T20:36:46,True
study_runs,V100_P0_GPT54_I05_R01,study_runs/V100_P0_GPT54_I05_R01/checkpoint/e7849e11813743659c7d53436c07af0d_iteration1/generated/MovieLens100K/seed_42/evaluator_results.csv,evaluator_results.csv,.csv,2176,c5a876e4f9bacfe8f8e17075e2cf4fd76b345d64c258d9071c6148334df26b04,2026-07-19T20:36:46,True
study_runs,V100_P0_GPT54_I05_R01,study_runs/V100_P0_GPT54_I05_R01/checkpoint/e7849e11813743659c7d53436c07af0d_iteration1/generated/MovieLens100K/seed_42/evaluator_results.json,evaluator_results.json,.json,2223,091715c3f58f703a3f7bc7f2df2d5e3a65486c9cca7c5960c4d735bd8a56b835,2026-07-19T20:36:46,True
study_runs,V100_P0_GPT54_I05_R01,study_runs/V100_P0_GPT54_I05_R01/checkpoint/e7849e11813743659c7d53436c07af0d_iteration1/generated/MovieLens100K/seed_42/metrics_wide.csv,metrics_wide.csv,.csv,668,b99fde9e100a759d372f3dd78c5df523cb79fe6726132086ab2227d8d11f8832,2026-07-19T20:36:46,True
study_runs,V100_P0_GPT54_I05_R01,study_runs/V100_P0_GPT54_I05_R01/checkpoint/e7849e11813743659c7d53436c07af0d_iteration1/generated/MovieLens100K/seed_7/checkpoints/err.log,err.log,.log,3341,8064fa4046d33d51340bd64ca82b03a9305e319f14dc5b50ede1e6d904331d0e,2026-07-19T20:26:20,True
study_runs,V100_P0_GPT54_I05_R01,study_runs/V100_P0_GPT54_I05_R01/checkpoint/e7849e11813743659c7d53436c07af0d_iteration1/generated/MovieLens100K/seed_7/checkpoints/MovieLens100K-c437b6f6/LensKit.ImplicitMFScorer-f0dd7ecb-7/model.bpk,model.bpk,.bpk,1209708,9b7b78b80f2b5bc9428244b9412139f6e86d0873264089d4396630e09ad38b59,2026-07-19T20:25:16,True
study_runs,V100_P0_GPT54_I05_R01,study_runs/V100_P0_GPT54_I05_R01/checkpoint/e7849e11813743659c7d53436c07af0d_iteration1/generated/MovieLens100K/seed_7/checkpoints/MovieLens100K-c437b6f6/LensKit.ImplicitMFScorer-f0dd7ecb-7/predictions.json,predictions.json,.json,38753575,82834ddc844858eb63f0d9de4c76da9d696d53c53ac3e8dc8b17b8cc12b5c1a9,2026-07-19T20:26:10,True
study_runs,V100_P0_GPT54_I05_R01,study_runs/V100_P0_GPT54_I05_R01/checkpoint/e7849e11813743659c7d53436c07af0d_iteration1/generated/MovieLens100K/seed_7/checkpoints/MovieLens100K-c437b6f6/LensKit.ItemKNNScorer-c3d66610-7/model.bpk,model.bpk,.bpk,3364456,01cc010d08cdb926598eada702bf3874b9a6daaaf1a4b29800f528f92377f72a,2026-07-19T20:24:21,True
study_runs,V100_P0_GPT54_I05_R01,study_runs/V100_P0_GPT54_I05_R01/checkpoint/e7849e11813743659c7d53436c07af0d_iteration1/generated/MovieLens100K/seed_7/checkpoints/MovieLens100K-c437b6f6/LensKit.ItemKNNScorer-c3d66610-7/predictions.json,predictions.json,.json,36971121,f6b042be6e667c636c5ebedf65d7973daadf41e286bc466a0a7996009ece0ace,2026-07-19T20:24:45,True
study_runs,V100_P0_GPT54_I05_R01,study_runs/V100_P0_GPT54_I05_R01/checkpoint/e7849e11813743659c7d53436c07af0d_iteration1/generated/MovieLens100K/seed_7/checkpoints/MovieLens100K-c437b6f6/LensKit.PopScorer-f4aa5539-7/model.bpk,model.bpk,.bpk,390750,cf39987846b818f7f670efe253f5b8cda3890041b59558a92e77247ec9511508,2026-07-19T20:23:07,True
study_runs,V100_P0_GPT54_I05_R01,study_runs/V100_P0_GPT54_I05_R01/checkpoint/e7849e11813743659c7d53436c07af0d_iteration1/generated/MovieLens100K/seed_7/checkpoints/MovieLens100K-c437b6f6/LensKit.PopScorer-f4aa5539-7/predictions.json,predictions.json,.json,38567824,19c28b2bbbcaf2544225ad1a40eb153b9c15fe3530cb16c129be08de754376ed,2026-07-19T20:23:51,True
study_runs,V100_P0_GPT54_I05_R01,study_runs/V100_P0_GPT54_I05_R01/checkpoint/e7849e11813743659c7d53436c07af0d_iteration1/generated/MovieLens100K/seed_7/checkpoints/out.log,out.log,.log,0,e3b0c44298fc1c149afbf4c8996fb92427ae41e4649b934ca495991b7852b855,2026-07-19T20:24:04,True
study_runs,V100_P0_GPT54_I05_R01,study_runs/V100_P0_GPT54_I05_R01/checkpoint/e7849e11813743659c7d53436c07af0d_iteration1/generated/MovieLens100K/seed_7/checkpoints/progress.json,progress.json,.json,534,5e755d9e6e609f2041d189aa06ea3f7ffc91f2665f52324952ead28666864249,2026-07-19T20:26:19,True
study_runs,V100_P0_GPT54_I05_R01,study_runs/V100_P0_GPT54_I05_R01/checkpoint/e7849e11813743659c7d53436c07af0d_iteration1/generated/MovieLens100K/seed_7/checkpoints/results.json,results.json,.json,2207,0b70cdb53613f05233fcc1cc506e75d3e7c9cfb3963e6d551791d66869b682a2,2026-07-19T20:26:20,True
study_runs,V100_P0_GPT54_I05_R01,study_runs/V100_P0_GPT54_I05_R01/checkpoint/e7849e11813743659c7d53436c07af0d_iteration1/generated/MovieLens100K/seed_7/evaluator_results.csv,evaluator_results.csv,.csv,2162,86b8a178a8ea15a1ae1167e83ff58cae410045bd3410b4f53a735d1c34c4fcff,2026-07-19T20:26:20,True
study_runs,V100_P0_GPT54_I05_R01,study_runs/V100_P0_GPT54_I05_R01/checkpoint/e7849e11813743659c7d53436c07af0d_iteration1/generated/MovieLens100K/seed_7/evaluator_results.json,evaluator_results.json,.json,2207,0b70cdb53613f05233fcc1cc506e75d3e7c9cfb3963e6d551791d66869b682a2,2026-07-19T20:26:20,True
study_runs,V100_P0_GPT54_I05_R01,study_runs/V100_P0_GPT54_I05_R01/checkpoint/e7849e11813743659c7d53436c07af0d_iteration1/generated/MovieLens100K/seed_7/metrics_wide.csv,metrics_wide.csv,.csv,664,14f4445650f78cb753b043c41b9a04d4a39552c5b428a54f27040b96bbfb68fc,2026-07-19T20:26:20,True
study_runs,V100_P0_GPT54_I05_R01,study_runs/V100_P0_GPT54_I05_R01/checkpoint/e7849e11813743659c7d53436c07af0d_iteration1/generated/MovieLens100K/seed_87/checkpoints/err.log,err.log,.log,3341,8064fa4046d33d51340bd64ca82b03a9305e319f14dc5b50ede1e6d904331d0e,2026-07-19T20:40:14,True
study_runs,V100_P0_GPT54_I05_R01,study_runs/V100_P0_GPT54_I05_R01/checkpoint/e7849e11813743659c7d53436c07af0d_iteration1/generated/MovieLens100K/seed_87/checkpoints/MovieLens100K-c437b6f6/LensKit.ImplicitMFScorer-f0dd7ecb-87/model.bpk,model.bpk,.bpk,1209982,6d817d2aa856ed1ef5da48a8c9d794c9db79017c789ad5b88b5cde5a95791d0e,2026-07-19T20:39:10,True
study_runs,V100_P0_GPT54_I05_R01,study_runs/V100_P0_GPT54_I05_R01/checkpoint/e7849e11813743659c7d53436c07af0d_iteration1/generated/MovieLens100K/seed_87/checkpoints/MovieLens100K-c437b6f6/LensKit.ImplicitMFScorer-f0dd7ecb-87/predictions.json,predictions.json,.json,38753781,c6710da647461d337f71e31f666f399ec65289fddd1d86bcc3afabb9688d7892,2026-07-19T20:40:02,True
study_runs,V100_P0_GPT54_I05_R01,study_runs/V100_P0_GPT54_I05_R01/checkpoint/e7849e11813743659c7d53436c07af0d_iteration1/generated/MovieLens100K/seed_87/checkpoints/MovieLens100K-c437b6f6/LensKit.ItemKNNScorer-c3d66610-87/model.bpk,model.bpk,.bpk,3355890,aca9feb4ce23517a8e0e31f1b32c3b4c648c34669bf0a487967d7ba403cbcfef,2026-07-19T20:38:16,True
study_runs,V100_P0_GPT54_I05_R01,study_runs/V100_P0_GPT54_I05_R01/checkpoint/e7849e11813743659c7d53436c07af0d_iteration1/generated/MovieLens100K/seed_87/checkpoints/MovieLens100K-c437b6f6/LensKit.ItemKNNScorer-c3d66610-87/predictions.json,predictions.json,.json,36960748,410e240aec581aada41789ebe3e31f9905ac3d91cd496a124a3316cbf5305630,2026-07-19T20:38:40,True
study_runs,V100_P0_GPT54_I05_R01,study_runs/V100_P0_GPT54_I05_R01/checkpoint/e7849e11813743659c7d53436c07af0d_iteration1/generated/MovieLens100K/seed_87/checkpoints/MovieLens100K-c437b6f6/LensKit.PopScorer-f4aa5539-87/model.bpk,model.bpk,.bpk,391082,63f796ced468b2e81200053270f15d06b612cd3c8d9ea44f3bd6ea12f1852fcc,2026-07-19T20:37:03,True
study_runs,V100_P0_GPT54_I05_R01,study_runs/V100_P0_GPT54_I05_R01/checkpoint/e7849e11813743659c7d53436c07af0d_iteration1/generated/MovieLens100K/seed_87/checkpoints/MovieLens100K-c437b6f6/LensKit.PopScorer-f4aa5539-87/predictions.json,predictions.json,.json,38544002,f0c1407d2d2e84dbd1d2fbc752eec61acaeacc874a015665dfc4db9b148e57fd,2026-07-19T20:37:46,True
study_runs,V100_P0_GPT54_I05_R01,study_runs/V100_P0_GPT54_I05_R01/checkpoint/e7849e11813743659c7d53436c07af0d_iteration1/generated/MovieLens100K/seed_87/checkpoints/out.log,out.log,.log,0,e3b0c44298fc1c149afbf4c8996fb92427ae41e4649b934ca495991b7852b855,2026-07-19T20:38:00,True
study_runs,V100_P0_GPT54_I05_R01,study_runs/V100_P0_GPT54_I05_R01/checkpoint/e7849e11813743659c7d53436c07af0d_iteration1/generated/MovieLens100K/seed_87/checkpoints/progress.json,progress.json,.json,537,80a9c4b109c7d429026976f1e2b1186136c2950f3d9689cbb374ed1c8885d6a5,2026-07-19T20:40:13,True
study_runs,V100_P0_GPT54_I05_R01,study_runs/V100_P0_GPT54_I05_R01/checkpoint/e7849e11813743659c7d53436c07af0d_iteration1/generated/MovieLens100K/seed_87/checkpoints/results.json,results.json,.json,2224,f7ea8b5ee22405c9747d92e173edc31558c55ce58726907ee50eeb77632dc74c,2026-07-19T20:40:14,True
study_runs,V100_P0_GPT54_I05_R01,study_runs/V100_P0_GPT54_I05_R01/checkpoint/e7849e11813743659c7d53436c07af0d_iteration1/generated/MovieLens100K/seed_87/evaluator_results.csv,evaluator_results.csv,.csv,2178,102541f649477be7c3ad882511c383cdd2290741cd3a87bed0545701f8102354,2026-07-19T20:40:14,True
study_runs,V100_P0_GPT54_I05_R01,study_runs/V100_P0_GPT54_I05_R01/checkpoint/e7849e11813743659c7d53436c07af0d_iteration1/generated/MovieLens100K/seed_87/evaluator_results.json,evaluator_results.json,.json,2224,f7ea8b5ee22405c9747d92e173edc31558c55ce58726907ee50eeb77632dc74c,2026-07-19T20:40:14,True
study_runs,V100_P0_GPT54_I05_R01,study_runs/V100_P0_GPT54_I05_R01/checkpoint/e7849e11813743659c7d53436c07af0d_iteration1/generated/MovieLens100K/seed_87/metrics_wide.csv,metrics_wide.csv,.csv,669,9eb913c403a3b2180e0cf8a0e5a9bdddf3c35f5533feac0858b10d646e277cb5,2026-07-19T20:40:14,True
study_runs,V100_P0_GPT54_I05_R01,study_runs/V100_P0_GPT54_I05_R01/checkpoint/e7849e11813743659c7d53436c07af0d_iteration1/out.log,out.log,.log,40268,daecc02099b141d5fcc6321e87bc06b050efdc433e94bc03282fc47abb5ab2c6,2026-07-19T20:40:15,True
study_runs,V100_P0_GPT54_I05_R01,study_runs/V100_P0_GPT54_I05_R01/checkpoint/e7849e11813743659c7d53436c07af0d_iteration2/code.py,code.py,.py,14356,95699b3e92bd6aea35be8925bd23efa88423b6b815410374df2d75edcd56ec2c,2026-07-19T20:44:13,True
study_runs,V100_P0_GPT54_I05_R01,study_runs/V100_P0_GPT54_I05_R01/checkpoint/e7849e11813743659c7d53436c07af0d_iteration2/exec_result.pkl,exec_result.pkl,.pkl,4302,1e3eee567474d5b369d6927841b56b15e2e12273ee80752c9d5054f35c851a37,2026-07-19T20:42:33,True
study_runs,V100_P0_GPT54_I05_R01,study_runs/V100_P0_GPT54_I05_R01/checkpoint/e7849e11813743659c7d53436c07af0d_iteration2/out.log,out.log,.log,4079,6c22a0f23950c446b87a4cae5e84754c1bac94b663e99f40a5084fcdec7992aa,2026-07-19T20:42:33,True
study_runs,V100_P0_GPT54_I05_R01,study_runs/V100_P0_GPT54_I05_R01/checkpoint/e7849e11813743659c7d53436c07af0d_seed/code.py,code.py,.py,5936,88282802745d5f360fa0f38a56f7830033de86269fb93510ee56ffedb96e01a5,2026-07-19T20:41:53,True
study_runs,V100_P0_GPT54_I05_R01,study_runs/V100_P0_GPT54_I05_R01/checkpoint/e7849e11813743659c7d53436c07af0d_seed/exec_result.pkl,exec_result.pkl,.pkl,24040,4e102f37ecccf082e51ad17e9ad97ec1ca7ddca91c6dd0a1261f50292df1a022,2026-07-19T20:19:54,True
study_runs,V100_P0_GPT54_I05_R01,study_runs/V100_P0_GPT54_I05_R01/checkpoint/e7849e11813743659c7d53436c07af0d_seed/generated/prototype_results.csv,prototype_results.csv,.csv,762,de01b1861af0df160d2136171b40364ba1106d36a3bd35a5fab55731b9819605,2026-07-19T20:19:53,True
study_runs,V100_P0_GPT54_I05_R01,study_runs/V100_P0_GPT54_I05_R01/checkpoint/e7849e11813743659c7d53436c07af0d_seed/generated/prototype_summary.csv,prototype_summary.csv,.csv,66,4cf8d5a5f0f6f8d9178b2bc9e1c3ab6f0a8bc015301432ffd31bf96744f2d190,2026-07-19T20:19:53,True
study_runs,V100_P0_GPT54_I05_R01,study_runs/V100_P0_GPT54_I05_R01/checkpoint/e7849e11813743659c7d53436c07af0d_seed/generated/seed_13/checkpoints/err.log,err.log,.log,951,6a254c2602b7566b8080dc9a3e249853376d2cb68109de34c64df5a7e9f73108,2026-07-19T20:16:12,True
study_runs,V100_P0_GPT54_I05_R01,study_runs/V100_P0_GPT54_I05_R01/checkpoint/e7849e11813743659c7d53436c07af0d_seed/generated/seed_13/checkpoints/MovieLens100K-c437b6f6/LensKit.PopScorer-f4aa5539-13/model.bpk,model.bpk,.bpk,390647,7208155a95face34415fe0dd1f222a270d4e6fbf05aad68061a1e06f6e873169,2026-07-19T20:15:17,True
study_runs,V100_P0_GPT54_I05_R01,study_runs/V100_P0_GPT54_I05_R01/checkpoint/e7849e11813743659c7d53436c07af0d_seed/generated/seed_13/checkpoints/MovieLens100K-c437b6f6/LensKit.PopScorer-f4aa5539-13/predictions.json,predictions.json,.json,38547550,bc21346977917d7b3fa5e17b37c97b560a5725166950041dcb3c487171b2758f,2026-07-19T20:16:04,True
study_runs,V100_P0_GPT54_I05_R01,study_runs/V100_P0_GPT54_I05_R01/checkpoint/e7849e11813743659c7d53436c07af0d_seed/generated/seed_13/checkpoints/out.log,out.log,.log,0,e3b0c44298fc1c149afbf4c8996fb92427ae41e4649b934ca495991b7852b855,2026-07-19T20:16:12,True
study_runs,V100_P0_GPT54_I05_R01,study_runs/V100_P0_GPT54_I05_R01/checkpoint/e7849e11813743659c7d53436c07af0d_seed/generated/seed_13/checkpoints/progress.json,progress.json,.json,192,8c01d4d9763aed914062057453140206f483cc566bc1ce5346b32dea84e8089f,2026-07-19T20:16:12,True
study_runs,V100_P0_GPT54_I05_R01,study_runs/V100_P0_GPT54_I05_R01/checkpoint/e7849e11813743659c7d53436c07af0d_seed/generated/seed_13/checkpoints/results.json,results.json,.json,145,f61febc12ade33dfd488c0bd277148aeacd84b243be53d0e32b65437155045d2,2026-07-19T20:16:12,True
study_runs,V100_P0_GPT54_I05_R01,study_runs/V100_P0_GPT54_I05_R01/checkpoint/e7849e11813743659c7d53436c07af0d_seed/generated/seed_13/evaluator_results.csv,evaluator_results.csv,.csv,123,62583119c31a1e475f1c021aaa87df258797675a9a3a9ec4a288683a6256a17f,2026-07-19T20:16:12,True
study_runs,V100_P0_GPT54_I05_R01,study_runs/V100_P0_GPT54_I05_R01/checkpoint/e7849e11813743659c7d53436c07af0d_seed/generated/seed_13/evaluator_results.json,evaluator_results.json,.json,145,f61febc12ade33dfd488c0bd277148aeacd84b243be53d0e32b65437155045d2,2026-07-19T20:16:12,True
study_runs,V100_P0_GPT54_I05_R01,study_runs/V100_P0_GPT54_I05_R01/checkpoint/e7849e11813743659c7d53436c07af0d_seed/generated/seed_29/checkpoints/err.log,err.log,.log,951,6a254c2602b7566b8080dc9a3e249853376d2cb68109de34c64df5a7e9f73108,2026-07-19T20:17:27,True
study_runs,V100_P0_GPT54_I05_R01,study_runs/V100_P0_GPT54_I05_R01/checkpoint/e7849e11813743659c7d53436c07af0d_seed/generated/seed_29/checkpoints/MovieLens100K-c437b6f6/LensKit.PopScorer-f4aa5539-29/model.bpk,model.bpk,.bpk,390203,80f6a6f48cbf152e96b204c1a4c2683945e600b812ff51a1e4d2d46010a27b9b,2026-07-19T20:16:32,True
study_runs,V100_P0_GPT54_I05_R01,study_runs/V100_P0_GPT54_I05_R01/checkpoint/e7849e11813743659c7d53436c07af0d_seed/generated/seed_29/checkpoints/MovieLens100K-c437b6f6/LensKit.PopScorer-f4aa5539-29/predictions.json,predictions.json,.json,38551698,c52c42b0c5a42ef8c6083bf26ec691d435b936ea972a6c07d6490338c70dd448,2026-07-19T20:17:15,True
study_runs,V100_P0_GPT54_I05_R01,study_runs/V100_P0_GPT54_I05_R01/checkpoint/e7849e11813743659c7d53436c07af0d_seed/generated/seed_29/checkpoints/out.log,out.log,.log,0,e3b0c44298fc1c149afbf4c8996fb92427ae41e4649b934ca495991b7852b855,2026-07-19T20:17:27,True
study_runs,V100_P0_GPT54_I05_R01,study_runs/V100_P0_GPT54_I05_R01/checkpoint/e7849e11813743659c7d53436c07af0d_seed/generated/seed_29/checkpoints/progress.json,progress.json,.json,192,0926327f62b575ad5911ae6dbe0c42c5d1b71ab97f895f77165171ba11cbaae1,2026-07-19T20:17:26,True
study_runs,V100_P0_GPT54_I05_R01,study_runs/V100_P0_GPT54_I05_R01/checkpoint/e7849e11813743659c7d53436c07af0d_seed/generated/seed_29/checkpoints/results.json,results.json,.json,145,c916a1926f947304a1e4fede93c75dc2feed5f5bca04a92c1540612dbc480fb1,2026-07-19T20:17:27,True
study_runs,V100_P0_GPT54_I05_R01,study_runs/V100_P0_GPT54_I05_R01/checkpoint/e7849e11813743659c7d53436c07af0d_seed/generated/seed_29/evaluator_results.csv,evaluator_results.csv,.csv,123,4682d0f8d0f4fcdcd50b95ace172566a6b1d92798e89a3ec4a000c877af23b6e,2026-07-19T20:17:27,True
study_runs,V100_P0_GPT54_I05_R01,study_runs/V100_P0_GPT54_I05_R01/checkpoint/e7849e11813743659c7d53436c07af0d_seed/generated/seed_29/evaluator_results.json,evaluator_results.json,.json,145,c916a1926f947304a1e4fede93c75dc2feed5f5bca04a92c1540612dbc480fb1,2026-07-19T20:17:27,True
study_runs,V100_P0_GPT54_I05_R01,study_runs/V100_P0_GPT54_I05_R01/checkpoint/e7849e11813743659c7d53436c07af0d_seed/generated/seed_42/checkpoints/err.log,err.log,.log,951,6a254c2602b7566b8080dc9a3e249853376d2cb68109de34c64df5a7e9f73108,2026-07-19T20:18:39,True
study_runs,V100_P0_GPT54_I05_R01,study_runs/V100_P0_GPT54_I05_R01/checkpoint/e7849e11813743659c7d53436c07af0d_seed/generated/seed_42/checkpoints/MovieLens100K-c437b6f6/LensKit.PopScorer-f4aa5539-42/model.bpk,model.bpk,.bpk,390431,a47842fea8d0d905998fed6baa8d1f7b9e5afaf13062a4976693db37e5244c63,2026-07-19T20:17:44,True
study_runs,V100_P0_GPT54_I05_R01,study_runs/V100_P0_GPT54_I05_R01/checkpoint/e7849e11813743659c7d53436c07af0d_seed/generated/seed_42/checkpoints/MovieLens100K-c437b6f6/LensKit.PopScorer-f4aa5539-42/predictions.json,predictions.json,.json,38551544,1f9beb7bb0901ea4704f206a652466d1b047b05abbbf6b3c970417a3d2f97e86,2026-07-19T20:18:30,True
study_runs,V100_P0_GPT54_I05_R01,study_runs/V100_P0_GPT54_I05_R01/checkpoint/e7849e11813743659c7d53436c07af0d_seed/generated/seed_42/checkpoints/out.log,out.log,.log,0,e3b0c44298fc1c149afbf4c8996fb92427ae41e4649b934ca495991b7852b855,2026-07-19T20:18:39,True
study_runs,V100_P0_GPT54_I05_R01,study_runs/V100_P0_GPT54_I05_R01/checkpoint/e7849e11813743659c7d53436c07af0d_seed/generated/seed_42/checkpoints/progress.json,progress.json,.json,192,6edf6b393d122f7a4c8d61935f1c2b71bea20b109820ae2e98f432780f3d99da,2026-07-19T20:18:39,True
study_runs,V100_P0_GPT54_I05_R01,study_runs/V100_P0_GPT54_I05_R01/checkpoint/e7849e11813743659c7d53436c07af0d_seed/generated/seed_42/checkpoints/results.json,results.json,.json,144,d1ec6940aea48d5ea5029f48c5b41454210703f87e2ccdaecdf21d9577ef483c,2026-07-19T20:18:39,True
study_runs,V100_P0_GPT54_I05_R01,study_runs/V100_P0_GPT54_I05_R01/checkpoint/e7849e11813743659c7d53436c07af0d_seed/generated/seed_42/evaluator_results.csv,evaluator_results.csv,.csv,122,fd5fc981d10c1de18cb1eaf4ee091f42bd275c3f5cd0c82af0e9de7c560734fd,2026-07-19T20:18:39,True
study_runs,V100_P0_GPT54_I05_R01,study_runs/V100_P0_GPT54_I05_R01/checkpoint/e7849e11813743659c7d53436c07af0d_seed/generated/seed_42/evaluator_results.json,evaluator_results.json,.json,144,d1ec6940aea48d5ea5029f48c5b41454210703f87e2ccdaecdf21d9577ef483c,2026-07-19T20:18:39,True
study_runs,V100_P0_GPT54_I05_R01,study_runs/V100_P0_GPT54_I05_R01/checkpoint/e7849e11813743659c7d53436c07af0d_seed/generated/seed_7/checkpoints/err.log,err.log,.log,951,6a254c2602b7566b8080dc9a3e249853376d2cb68109de34c64df5a7e9f73108,2026-07-19T20:14:59,True
study_runs,V100_P0_GPT54_I05_R01,study_runs/V100_P0_GPT54_I05_R01/checkpoint/e7849e11813743659c7d53436c07af0d_seed/generated/seed_7/checkpoints/MovieLens100K-c437b6f6/LensKit.PopScorer-f4aa5539-7/model.bpk,model.bpk,.bpk,390751,2c7c63244bb2d40a8348e22815a52334ba3e7c918c56b70a7f0b028d32703ad7,2026-07-19T20:14:04,True
study_runs,V100_P0_GPT54_I05_R01,study_runs/V100_P0_GPT54_I05_R01/checkpoint/e7849e11813743659c7d53436c07af0d_seed/generated/seed_7/checkpoints/MovieLens100K-c437b6f6/LensKit.PopScorer-f4aa5539-7/predictions.json,predictions.json,.json,38567824,19c28b2bbbcaf2544225ad1a40eb153b9c15fe3530cb16c129be08de754376ed,2026-07-19T20:14:50,True
study_runs,V100_P0_GPT54_I05_R01,study_runs/V100_P0_GPT54_I05_R01/checkpoint/e7849e11813743659c7d53436c07af0d_seed/generated/seed_7/checkpoints/out.log,out.log,.log,0,e3b0c44298fc1c149afbf4c8996fb92427ae41e4649b934ca495991b7852b855,2026-07-19T20:14:59,True
study_runs,V100_P0_GPT54_I05_R01,study_runs/V100_P0_GPT54_I05_R01/checkpoint/e7849e11813743659c7d53436c07af0d_seed/generated/seed_7/checkpoints/progress.json,progress.json,.json,191,0d84e99c0e95af70986f10c018e19132c0c6a725a17c7dd1fe52999aa49b4398,2026-07-19T20:14:59,True
study_runs,V100_P0_GPT54_I05_R01,study_runs/V100_P0_GPT54_I05_R01/checkpoint/e7849e11813743659c7d53436c07af0d_seed/generated/seed_7/checkpoints/results.json,results.json,.json,143,885f9b24c2da1b10da00a2fa41be12c8660660af69806130bdc8cd34e0234c2d,2026-07-19T20:14:59,True
study_runs,V100_P0_GPT54_I05_R01,study_runs/V100_P0_GPT54_I05_R01/checkpoint/e7849e11813743659c7d53436c07af0d_seed/generated/seed_7/evaluator_results.csv,evaluator_results.csv,.csv,121,ea2723f60c63937ff28b3cb3d24c1684cbcbe8ffb93f5f44b486f8711ea1281f,2026-07-19T20:14:59,True
study_runs,V100_P0_GPT54_I05_R01,study_runs/V100_P0_GPT54_I05_R01/checkpoint/e7849e11813743659c7d53436c07af0d_seed/generated/seed_7/evaluator_results.json,evaluator_results.json,.json,143,885f9b24c2da1b10da00a2fa41be12c8660660af69806130bdc8cd34e0234c2d,2026-07-19T20:14:59,True
study_runs,V100_P0_GPT54_I05_R01,study_runs/V100_P0_GPT54_I05_R01/checkpoint/e7849e11813743659c7d53436c07af0d_seed/generated/seed_87/checkpoints/err.log,err.log,.log,951,6a254c2602b7566b8080dc9a3e249853376d2cb68109de34c64df5a7e9f73108,2026-07-19T20:19:53,True
study_runs,V100_P0_GPT54_I05_R01,study_runs/V100_P0_GPT54_I05_R01/checkpoint/e7849e11813743659c7d53436c07af0d_seed/generated/seed_87/checkpoints/MovieLens100K-c437b6f6/LensKit.PopScorer-f4aa5539-87/model.bpk,model.bpk,.bpk,391076,de50b82ab7e1ca95a64058fb5dafa022c67a379027c4793e7ed7a1d7334f37d5,2026-07-19T20:18:57,True
study_runs,V100_P0_GPT54_I05_R01,study_runs/V100_P0_GPT54_I05_R01/checkpoint/e7849e11813743659c7d53436c07af0d_seed/generated/seed_87/checkpoints/MovieLens100K-c437b6f6/LensKit.PopScorer-f4aa5539-87/predictions.json,predictions.json,.json,38544002,f0c1407d2d2e84dbd1d2fbc752eec61acaeacc874a015665dfc4db9b148e57fd,2026-07-19T20:19:42,True
study_runs,V100_P0_GPT54_I05_R01,study_runs/V100_P0_GPT54_I05_R01/checkpoint/e7849e11813743659c7d53436c07af0d_seed/generated/seed_87/checkpoints/out.log,out.log,.log,0,e3b0c44298fc1c149afbf4c8996fb92427ae41e4649b934ca495991b7852b855,2026-07-19T20:19:53,True
study_runs,V100_P0_GPT54_I05_R01,study_runs/V100_P0_GPT54_I05_R01/checkpoint/e7849e11813743659c7d53436c07af0d_seed/generated/seed_87/checkpoints/progress.json,progress.json,.json,192,57f9fcaf06ade75c7f91b5a0626b342e9e2b7b6bb777d863fba19376543109d3,2026-07-19T20:19:52,True
study_runs,V100_P0_GPT54_I05_R01,study_runs/V100_P0_GPT54_I05_R01/checkpoint/e7849e11813743659c7d53436c07af0d_seed/generated/seed_87/checkpoints/results.json,results.json,.json,145,769aaa00517b0e8d16c10bebbcfe01bb2d6f645bc0fd5e7c40136435cf5bd388,2026-07-19T20:19:53,True
study_runs,V100_P0_GPT54_I05_R01,study_runs/V100_P0_GPT54_I05_R01/checkpoint/e7849e11813743659c7d53436c07af0d_seed/generated/seed_87/evaluator_results.csv,evaluator_results.csv,.csv,123,c127a8cd0c28cf223621b13866c01b2920428765b611d2e9888727b5c10d0a81,2026-07-19T20:19:53,True
study_runs,V100_P0_GPT54_I05_R01,study_runs/V100_P0_GPT54_I05_R01/checkpoint/e7849e11813743659c7d53436c07af0d_seed/generated/seed_87/evaluator_results.json,evaluator_results.json,.json,145,769aaa00517b0e8d16c10bebbcfe01bb2d6f645bc0fd5e7c40136435cf5bd388,2026-07-19T20:19:53,True
study_runs,V100_P0_GPT54_I05_R01,study_runs/V100_P0_GPT54_I05_R01/checkpoint/e7849e11813743659c7d53436c07af0d_seed/generated/seed_sensitivity_plot.png,seed_sensitivity_plot.png,.png,49966,5cd5674f129a07b939b8c2670f0d746961608f232a4f1b1166eed3952619aa52,2026-07-19T20:19:53,True
study_runs,V100_P0_GPT54_I05_R01,study_runs/V100_P0_GPT54_I05_R01/checkpoint/e7849e11813743659c7d53436c07af0d_seed/out.log,out.log,.log,23292,d72004c52ca968c2ccf429782ce2ca53d134f6f4218b96173c13b7482086d342,2026-07-19T20:19:54,True
study_runs,V100_P0_GPT54_I05_R01,study_runs/V100_P0_GPT54_I05_R01/code_requirements_final.json,code_requirements_final.json,.json,1861,d9979e11e5012bf064c56c695c437822be5978c15b0276d1e920a23a580e20cf,2026-07-19T20:13:40,True
study_runs,V100_P0_GPT54_I05_R01,study_runs/V100_P0_GPT54_I05_R01/code_requirements_prototype.json,code_requirements_prototype.json,.json,699,a1ac3c3ccc294c3d94f243ec69debeb1dd2469882b3b613051d37baaf4f8709e,2026-07-19T19:50:20,True
study_runs,V100_P0_GPT54_I05_R01,study_runs/V100_P0_GPT54_I05_R01/config.source.toml,config.source.toml,.toml,386,43ad328d9e971575946598bc6c906a320d878b57103e5825b7bc1b351074558f,2026-07-19T19:49:45,True
study_runs,V100_P0_GPT54_I05_R01,study_runs/V100_P0_GPT54_I05_R01/config.toml,config.toml,.toml,412,328ae24cd933db4569aec9534cd544c1389bc9365a63d038b6a38bc47004f2c2,2026-07-19T19:49:45,True
study_runs,V100_P0_GPT54_I05_R01,study_runs/V100_P0_GPT54_I05_R01/costs_log.csv,costs_log.csv,.csv,11963,a0fcd0a4ac9f6563a072d907cb0d6501dd88936627dcec19c76d0698dac26c25,2026-07-19T20:44:28,True
study_runs,V100_P0_GPT54_I05_R01,study_runs/V100_P0_GPT54_I05_R01/debug.log,debug.log,.log,350635,9f35b0d8349ed4ee6f7ca6694f30f1fa427ee3e758d061daf4c9ba8a3eda4dc0,2026-07-19T20:44:32,True
study_runs,V100_P0_GPT54_I05_R01,study_runs/V100_P0_GPT54_I05_R01/entered_prompt.txt,entered_prompt.txt,.txt,946,dc790c0f84813ae9f582a14783c06db3ee59faaa98d800c6bf831f5ad0d041ab,2026-07-19T19:49:45,True
study_runs,V100_P0_GPT54_I05_R01,study_runs/V100_P0_GPT54_I05_R01/save.pkl,save.pkl,.pkl,176866,cfb76775831176ce4b8bafe8167c7f8c44c8be822da0187ac239cf284bde841a,2026-07-19T20:13:21,True
study_runs,V100_P0_GPT54_I05_R01,study_runs/V100_P0_GPT54_I05_R01/statistics/0_93fc4b7d72734385b5c9ae72f2765d36.txt,0_93fc4b7d72734385b5c9ae72f2765d36.txt,.txt,488,b5c0613bf110a52661c96aa1b04fc67004611673365f4932b9f99085de716f30,2026-07-19T19:52:06,True
study_runs,V100_P0_GPT54_I05_R01,study_runs/V100_P0_GPT54_I05_R01/statistics/1_7ef1994c0966483b8d54e4a616d85634.txt,1_7ef1994c0966483b8d54e4a616d85634.txt,.txt,409,98b6a9b0b3156b6d77b29ae2ed413aa6735c813f6f10c06c2c1c1b100d9976d7,2026-07-19T19:53:22,True
study_runs,V100_P0_GPT54_I05_R01,study_runs/V100_P0_GPT54_I05_R01/statistics/2_1a0e67a0ed0f49838458b10f36953597.txt,2_1a0e67a0ed0f49838458b10f36953597.txt,.txt,494,89ee9415df6d1ec491cc41a7d478b9b568ab505a8b9f4f0cc544492b05f3e7af,2026-07-19T20:00:47,True
study_runs,V100_P0_GPT54_I05_R01,study_runs/V100_P0_GPT54_I05_R01/statistics/3_6f1efc17099f4438af33e637fade2d6a.txt,3_6f1efc17099f4438af33e637fade2d6a.txt,.txt,477,fcd3aaa7f8303840652d292cb6cf3ab21aaaa39b74039cb4f7490bcc6c7bcd08,2026-07-19T20:02:19,True
study_runs,V100_P0_GPT54_I05_R01,study_runs/V100_P0_GPT54_I05_R01/statistics/4_e7849e11813743659c7d53436c07af0d.txt,4_e7849e11813743659c7d53436c07af0d.txt,.txt,478,f8056d569d414ee672add4c134a44fb64404ce8e16ac3be6ca1aec3e3ba2c24b,2026-07-19T20:09:22,True
study_runs,V100_P0_GPT54_I05_R01,study_runs/V100_P0_GPT54_I05_R01/statistics/5_b9321e8dcdb647988a09b4cb21c4e170.txt,5_b9321e8dcdb647988a09b4cb21c4e170.txt,.txt,490,a5b42a47271bbfe9a03a5f85c161e3d02fc11c24354170e9a4a67b2f52d087f6,2026-07-19T20:11:29,True
study_runs,V100_P0_GPT54_I05_R01,study_runs/V100_P0_GPT54_I05_R01/statistics/6_4682b1c65bcd4677ad764487dbae36e4.txt,6_4682b1c65bcd4677ad764487dbae36e4.txt,.txt,491,8f007cc7dcad0061a9aff699eb24f3598c7e8a71109c388e005d6791d96317bd,2026-07-19T20:13:14,True
study_runs,V100_P0_GPT54_I05_R01,study_runs/V100_P0_GPT54_I05_R01/statistics/7_e7849e11813743659c7d53436c07af0d_seed.txt,7_e7849e11813743659c7d53436c07af0d_seed.txt,.txt,485,11cfe975d194a25e3ee501fca0c7c0651da58ac820c511b57d4aa120dd92f176,2026-07-19T20:20:41,True
study_runs,V100_P0_GPT54_I05_R01,study_runs/V100_P0_GPT54_I05_R01/statistics/8_e7849e11813743659c7d53436c07af0d_iteration1.txt,8_e7849e11813743659c7d53436c07af0d_iteration1.txt,.txt,518,996ca2982aa090ea5f74833b5e31a7315a697fff8eb8be3e4b531bc8c89398a3,2026-07-19T20:41:53,True
study_runs,V100_P0_GPT54_I05_R01,study_runs/V100_P0_GPT54_I05_R01/statistics/9_e7849e11813743659c7d53436c07af0d_iteration2.txt,9_e7849e11813743659c7d53436c07af0d_iteration2.txt,.txt,504,5ed9d67955efc09b7e2b07f8e524efc62322ca6cbda043e6b824ec671c2134cd,2026-07-19T20:44:13,True
study_runs,V100_P0_GPT54_I05_R01,study_runs/V100_P0_GPT54_I05_R01/statistics/arguments_per_function.png,arguments_per_function.png,.png,70416,37b23ecca97f7cd8656a5dec43085e3c34b236074fa1fdc4bbc5c916dab36707,2026-07-19T20:44:31,True
study_runs,V100_P0_GPT54_I05_R01,study_runs/V100_P0_GPT54_I05_R01/statistics/classes.png,classes.png,.png,62335,a4b9d3da651674bf8cc7647cba505126719902d953a62697720566860e7e44f6,2026-07-19T20:44:30,True
study_runs,V100_P0_GPT54_I05_R01,study_runs/V100_P0_GPT54_I05_R01/statistics/comment_lines.png,comment_lines.png,.png,42264,5a94891565c89b7a012094e192d74093b56a6dd7d85514f4953f63d017ee7454,2026-07-19T20:44:29,True
study_runs,V100_P0_GPT54_I05_R01,study_runs/V100_P0_GPT54_I05_R01/statistics/conditions.png,conditions.png,.png,63724,4cb521e78606847f87a2e774cf609a76f7573080b77ca11ded00f4845131e3c9,2026-07-19T20:44:31,True
study_runs,V100_P0_GPT54_I05_R01,study_runs/V100_P0_GPT54_I05_R01/statistics/deletions.png,deletions.png,.png,74318,73e031e6109df64afea218789c261db51220a0f66c3678b5105821c13d8004f0,2026-07-19T20:44:32,True
study_runs,V100_P0_GPT54_I05_R01,study_runs/V100_P0_GPT54_I05_R01/statistics/empty_lines.png,empty_lines.png,.png,66172,7be5fd7378df6b1374138829642a92955f93469f00df6c0df84712c405d64cc8,2026-07-19T20:44:29,True
study_runs,V100_P0_GPT54_I05_R01,study_runs/V100_P0_GPT54_I05_R01/statistics/execution_time.png,execution_time.png,.png,74149,89979ce2d1110d7fac0e3ab637369d2c56511545f549fcc1e95c0efe188697d8,2026-07-19T20:44:28,True
study_runs,V100_P0_GPT54_I05_R01,study_runs/V100_P0_GPT54_I05_R01/statistics/functions.png,functions.png,.png,67437,4e61ddc184463a9a676ff22e6e15029b9bae2a21727d3d759f8eb9b8212fbaa0,2026-07-19T20:44:30,True
study_runs,V100_P0_GPT54_I05_R01,study_runs/V100_P0_GPT54_I05_R01/statistics/insertions.png,insertions.png,.png,79927,a9bcbc76e232ccb9295632db82432d7993c53e1e47107958393c847aa8b98dd0,2026-07-19T20:44:32,True
study_runs,V100_P0_GPT54_I05_R01,study_runs/V100_P0_GPT54_I05_R01/statistics/libraries_imported.png,libraries_imported.png,.png,61023,9e76993b4e08d4d6af20564fecc2daa594d0cf97b5900c47d90de5a39737a95e,2026-07-19T20:44:30,True
study_runs,V100_P0_GPT54_I05_R01,study_runs/V100_P0_GPT54_I05_R01/statistics/lines_of_code.png,lines_of_code.png,.png,75076,50c55bc517fe4fbee37ca54b847161c57d4bc3be5c9caac6238ef6ce90630afa,2026-07-19T20:44:29,True
study_runs,V100_P0_GPT54_I05_R01,study_runs/V100_P0_GPT54_I05_R01/statistics/loops.png,loops.png,.png,57580,4daabf36717022ce589f64d70be3656943d970133d26adec58ad4b4e4a3d3d92,2026-07-19T20:44:31,True
study_runs,V100_P0_GPT54_I05_R01,study_runs/V100_P0_GPT54_I05_R01/statistics/summary_overall_nodes.txt,summary_overall_nodes.txt,.txt,489,d17c5c2910a8520c907eac58eb693f9ed5998a0e6d5053e8debbffaff4126c6d,2026-07-19T20:44:28,True
study_runs,V100_P0_GPT54_I05_R01,study_runs/V100_P0_GPT54_I05_R01/statistics/total_characters.png,total_characters.png,.png,79581,e53d93f0d91449ca468b66cc8686dbde61b330e9c7673815d541ddd0d820d0ce,2026-07-19T20:44:30,True
study_runs,V100_P0_GPT54_I05_R01,study_runs/V100_P0_GPT54_I05_R01/statistics/variable_assignments.png,variable_assignments.png,.png,68569,0a8ca7ec605e9c5ba136ed6042437e2f4d86f45bf2cb4e9f1d9ca4806ff30b3d,2026-07-19T20:44:31,True
study_runs,V100_P0_GPT54_I05_R01,study_runs/V100_P0_GPT54_I05_R01/summary.md,summary.md,.md,6379,eff7a37ae8bbf9b03bec9faaee721cff5a1afeb7934b900f1b2f8b5d13a613f0,2026-07-19T20:44:28,True
study_runs,V100_P0_GPT54_I05_R01,study_runs/V100_P0_GPT54_I05_R01/tree_render/pdf/combined_tree.pdf,combined_tree.pdf,.pdf,23342,80e2787965257125b710455b0f31e8054325cb872091c3bffa9270b9e8f8a248,2026-07-19T20:13:20,True
study_runs,V100_P0_GPT54_I05_R01,study_runs/V100_P0_GPT54_I05_R01/tree_render/pdf/tree_0.pdf,tree_0.pdf,.pdf,23215,e96873e54b0f46c42debdefa42e034f2e4a6f9a5c6fc2a8fd46ba4a6cf6423cd,2026-07-19T20:13:16,True
study_runs,V100_P0_GPT54_I05_R01,study_runs/V100_P0_GPT54_I05_R01/tree_render/pdf/tree_1.pdf,tree_1.pdf,.pdf,18927,05cde5c99f653e778030f4d7023034d8196fb778fd2980871487e518a63254cc,2026-07-19T20:13:18,True
study_runs,V100_P0_GPT54_I05_R01,study_runs/V100_P0_GPT54_I05_R01/tree_render/png/combined_tree.png,combined_tree.png,.png,79180,c0a4c2171ff282b10b228a15efba20f7e82c992cc439c24c7aaad5d0269ae5a6,2026-07-19T20:13:20,True
study_runs,V100_P0_GPT54_I05_R01,study_runs/V100_P0_GPT54_I05_R01/tree_render/png/tree_0.png,tree_0.png,.png,71053,e8c13a3a1098e7b31b3606f60c46d85444b9e30f1049e22486917f09779d76d6,2026-07-19T20:13:15,True
study_runs,V100_P0_GPT54_I05_R01,study_runs/V100_P0_GPT54_I05_R01/tree_render/png/tree_1.png,tree_1.png,.png,10924,f0ae754234f94239a14c3f6a96a4650b7bc14c17fa672db1b789993471b3b4a6,2026-07-19T20:13:17,True
study_runs,V100_P0_GPT54_I05_R01,study_runs/V100_P0_GPT54_I05_R01/tree_render/svg/combined_tree.svg,combined_tree.svg,.svg,10589,f34069e327bbcf9fc9de2d50dcf55b97bd14c66d9a1b5b46b0bdfd7465f0e1c7,2026-07-19T20:13:21,True
study_runs,V100_P0_GPT54_I05_R01,study_runs/V100_P0_GPT54_I05_R01/tree_render/svg/tree_0.svg,tree_0.svg,.svg,9538,608580f44a8f367491545b30743ae73c7fb6c5ebe2259d9c5f74cf6d844cd430,2026-07-19T20:13:16,True
study_runs,V100_P0_GPT54_I05_R01,study_runs/V100_P0_GPT54_I05_R01/tree_render/svg/tree_1.svg,tree_1.svg,.svg,1611,61407e8606deb8ef8703b1ee1c4a61a4de6dd8099566116dc7671dacfcfc4ea2,2026-07-19T20:13:19,True
study_runs,V100_P0_GPT54_I05_R02,study_runs/V100_P0_GPT54_I05_R02/checkpoint/29c2088f69664298962d51e53dd2cc4d/code.py,code.py,.py,4662,23cb9ac27d600c7f35f5f70baa35e5067f5452cf62d5fb7b912959103b237112,2026-07-20T03:09:25,True
study_runs,V100_P0_GPT54_I05_R02,study_runs/V100_P0_GPT54_I05_R02/checkpoint/29c2088f69664298962d51e53dd2cc4d/exec_result.pkl,exec_result.pkl,.pkl,3409,9e7eaa5399eb83fb29e1f2b42978a532518769bf22eae746bb54a755d5405272,2026-07-20T03:07:00,True
study_runs,V100_P0_GPT54_I05_R02,study_runs/V100_P0_GPT54_I05_R02/checkpoint/29c2088f69664298962d51e53dd2cc4d/out.log,out.log,.log,3206,526d04518f64ae4b8013c14e97354efc67753d3d254f3701a99af48e9f2f6942,2026-07-20T03:07:00,True
study_runs,V100_P0_GPT54_I05_R02,study_runs/V100_P0_GPT54_I05_R02/checkpoint/65996d4b431c4de09a2c94c1d0ba75f4/code.py,code.py,.py,7801,d4b80a818e527139795cd818317300462db3c4abadaf2f518d3fdc8071589c2b,2026-07-20T03:11:42,True
study_runs,V100_P0_GPT54_I05_R02,study_runs/V100_P0_GPT54_I05_R02/checkpoint/65996d4b431c4de09a2c94c1d0ba75f4/exec_result.pkl,exec_result.pkl,.pkl,1071,f1386d17a289a8b88d808298c00d67cc9dca96a1ca335b932a569e826f4678b5,2026-07-20T03:08:47,True
study_runs,V100_P0_GPT54_I05_R02,study_runs/V100_P0_GPT54_I05_R02/checkpoint/65996d4b431c4de09a2c94c1d0ba75f4/out.log,out.log,.log,928,9c60253d4fd1d99c2739f2540f2aab83d328c97b3ab9b6b627d04926a5e7dd4a,2026-07-20T03:08:47,True
study_runs,V100_P0_GPT54_I05_R02,study_runs/V100_P0_GPT54_I05_R02/checkpoint/cca8086dfc7d46ee9c4a48e24ac9544c/code.py,code.py,.py,5994,1c39a14d787b4e554b6c5716529435fee2481078caef4fe080f1718c551e1333,2026-07-20T03:19:34,True
study_runs,V100_P0_GPT54_I05_R02,study_runs/V100_P0_GPT54_I05_R02/checkpoint/cca8086dfc7d46ee9c4a48e24ac9544c/exec_result.pkl,exec_result.pkl,.pkl,622,2a65e467e87427b78e30121f10c8df72f7ae2bed430addbe0fce647e10677bd5,2026-07-20T03:16:43,True
study_runs,V100_P0_GPT54_I05_R02,study_runs/V100_P0_GPT54_I05_R02/checkpoint/cca8086dfc7d46ee9c4a48e24ac9544c/out.log,out.log,.log,489,582c6c40c96f50959186f01ea610041342ee83a29b2b3acbe46fa3051472e45d,2026-07-20T03:16:43,True
study_runs,V100_P0_GPT54_I05_R02,study_runs/V100_P0_GPT54_I05_R02/checkpoint/d782c63f1fd1409f9b600fcbeb814dbb/code.py,code.py,.py,8553,c75ffab23dd350d7c76f8cb5b6ae1f179b2297baf630a538be32df400ecfc7c3,2026-07-20T03:14:48,True
study_runs,V100_P0_GPT54_I05_R02,study_runs/V100_P0_GPT54_I05_R02/checkpoint/d782c63f1fd1409f9b600fcbeb814dbb/exec_result.pkl,exec_result.pkl,.pkl,3229,f64a739ad69bbd7f4ddb2be61d3410b1198fbbecb59e94be6b10f8d026276a60,2026-07-20T03:10:30,True
study_runs,V100_P0_GPT54_I05_R02,study_runs/V100_P0_GPT54_I05_R02/checkpoint/d782c63f1fd1409f9b600fcbeb814dbb/out.log,out.log,.log,3032,3c4dfea97b7733929214d553f44fc1c63866b0faad035979535f66e9b4c65ddf,2026-07-20T03:10:30,True
study_runs,V100_P0_GPT54_I05_R02,study_runs/V100_P0_GPT54_I05_R02/checkpoint/eee18c4177524121adf8c4e238bbea74/code.py,code.py,.py,9106,23d24f07251fc336af5f66e1c33e0398d7b9d8205fb30c5effa035f17c182ac1,2026-07-20T03:07:57,True
study_runs,V100_P0_GPT54_I05_R02,study_runs/V100_P0_GPT54_I05_R02/checkpoint/eee18c4177524121adf8c4e238bbea74/exec_result.pkl,exec_result.pkl,.pkl,3802,a248b2e8b261db6f0121bb38efbabde4db420ac16d240b31aac2372668c76677,2026-07-20T03:04:47,True
study_runs,V100_P0_GPT54_I05_R02,study_runs/V100_P0_GPT54_I05_R02/checkpoint/eee18c4177524121adf8c4e238bbea74/out.log,out.log,.log,3589,5321b1453fe40bac22b32a3d07984c8c30441783e325d6a5d1ee899e931e78b5,2026-07-20T03:04:47,True
study_runs,V100_P0_GPT54_I05_R02,study_runs/V100_P0_GPT54_I05_R02/checkpoint/ef50db923528453ab7281e09a7ab63ce/code.py,code.py,.py,7748,38f57542ad5f854884477247745871bc88f0297a8742e72f86542d53272694e4,2026-07-20T03:18:02,True
study_runs,V100_P0_GPT54_I05_R02,study_runs/V100_P0_GPT54_I05_R02/checkpoint/ef50db923528453ab7281e09a7ab63ce/exec_result.pkl,exec_result.pkl,.pkl,4349,d47de38f580b55a4b83c9b4cba4b05d5a5eaa651518d8288479b4aa94e8810aa,2026-07-20T03:13:38,True
study_runs,V100_P0_GPT54_I05_R02,study_runs/V100_P0_GPT54_I05_R02/checkpoint/ef50db923528453ab7281e09a7ab63ce/generated/checkpoints/err.log,err.log,.log,951,6a254c2602b7566b8080dc9a3e249853376d2cb68109de34c64df5a7e9f73108,2026-07-20T03:13:36,True
study_runs,V100_P0_GPT54_I05_R02,study_runs/V100_P0_GPT54_I05_R02/checkpoint/ef50db923528453ab7281e09a7ab63ce/generated/checkpoints/LocalMovieLens100K-c0b4b14e/LensKit.PopScorer-f4aa5539-11/model.bpk,model.bpk,.bpk,353004,849ef6778280bd2e43843a21ab70cd52d889c58481a3c855f1cf10a646a45f3b,2026-07-20T03:12:39,True
study_runs,V100_P0_GPT54_I05_R02,study_runs/V100_P0_GPT54_I05_R02/checkpoint/ef50db923528453ab7281e09a7ab63ce/generated/checkpoints/LocalMovieLens100K-c0b4b14e/LensKit.PopScorer-f4aa5539-11/predictions.json,predictions.json,.json,38793746,e6d459ffabc0ddcf1df8a22659d433a2d1a0fe386c3e1a2aad586e690fe60c11,2026-07-20T03:13:24,True
study_runs,V100_P0_GPT54_I05_R02,study_runs/V100_P0_GPT54_I05_R02/checkpoint/ef50db923528453ab7281e09a7ab63ce/generated/checkpoints/out.log,out.log,.log,0,e3b0c44298fc1c149afbf4c8996fb92427ae41e4649b934ca495991b7852b855,2026-07-20T03:13:36,True
study_runs,V100_P0_GPT54_I05_R02,study_runs/V100_P0_GPT54_I05_R02/checkpoint/ef50db923528453ab7281e09a7ab63ce/generated/checkpoints/progress.json,progress.json,.json,197,1364a60733b157f84f3bb0c8b11a8762fb3f41d2488350357793eebe5a4a389e,2026-07-20T03:13:35,True
study_runs,V100_P0_GPT54_I05_R02,study_runs/V100_P0_GPT54_I05_R02/checkpoint/ef50db923528453ab7281e09a7ab63ce/generated/checkpoints/results.json,results.json,.json,150,5eb4cf96dc28efc1615a7465d414b9802493b5f86a6edb438824579c65f3f382,2026-07-20T03:13:36,True
study_runs,V100_P0_GPT54_I05_R02,study_runs/V100_P0_GPT54_I05_R02/checkpoint/ef50db923528453ab7281e09a7ab63ce/generated/preprocessed_dataset.rsds,preprocessed_dataset.rsds,.rsds,1534897,05403a003e969df5c37b3b0d5a9d156a65c60d4346133be908181c08c6075a38,2026-07-20T03:12:24,True
study_runs,V100_P0_GPT54_I05_R02,study_runs/V100_P0_GPT54_I05_R02/checkpoint/ef50db923528453ab7281e09a7ab63ce/out.log,out.log,.log,4132,19ca4ce65789f4f139983c44ec12694ff6ba55fbeee3255d271971569d768081,2026-07-20T03:13:38,True
study_runs,V100_P0_GPT54_I05_R02,study_runs/V100_P0_GPT54_I05_R02/checkpoint/ef50db923528453ab7281e09a7ab63ce_iteration1/code.py,code.py,.py,17014,221bd941ee5252387422afd1c609f15df373a45081d7cec4fedf46720c1dd931,2026-07-20T03:26:58,True
study_runs,V100_P0_GPT54_I05_R02,study_runs/V100_P0_GPT54_I05_R02/checkpoint/ef50db923528453ab7281e09a7ab63ce_iteration1/exec_result.pkl,exec_result.pkl,.pkl,3395,4b2a7fb8709d09c8b360995266d808e10cd3a1460ef25a7b05d39010cc845d5a,2026-07-20T03:23:25,True
study_runs,V100_P0_GPT54_I05_R02,study_runs/V100_P0_GPT54_I05_R02/checkpoint/ef50db923528453ab7281e09a7ab63ce_iteration1/out.log,out.log,.log,3194,cacc62322568975e68562bb7091f266fa129bed1100398f86427e03dcc862302,2026-07-20T03:23:25,True
study_runs,V100_P0_GPT54_I05_R02,study_runs/V100_P0_GPT54_I05_R02/checkpoint/ef50db923528453ab7281e09a7ab63ce_iteration2/code.py,code.py,.py,18005,f168f5401332c6bbe844acc07a09580f6c6f5748a352dbbbc1e4f610ceb4305d,2026-07-20T03:26:58,True
study_runs,V100_P0_GPT54_I05_R02,study_runs/V100_P0_GPT54_I05_R02/checkpoint/ef50db923528453ab7281e09a7ab63ce_iteration2/exec_result.pkl,exec_result.pkl,.pkl,3915,c9df6e52be9e6b8cf58580a21a9df3d53a1be33c1029ffa403b2223e688d759a,2026-07-20T03:25:57,True
study_runs,V100_P0_GPT54_I05_R02,study_runs/V100_P0_GPT54_I05_R02/checkpoint/ef50db923528453ab7281e09a7ab63ce_iteration2/out.log,out.log,.log,3702,e2b592cecb5f70e14fd52a42cfa35819be39e34bf9682989c4cb33f06ea2704f,2026-07-20T03:25:57,True
study_runs,V100_P0_GPT54_I05_R02,study_runs/V100_P0_GPT54_I05_R02/checkpoint/ef50db923528453ab7281e09a7ab63ce_seed/code.py,code.py,.py,7748,38f57542ad5f854884477247745871bc88f0297a8742e72f86542d53272694e4,2026-07-20T03:24:33,True
study_runs,V100_P0_GPT54_I05_R02,study_runs/V100_P0_GPT54_I05_R02/checkpoint/ef50db923528453ab7281e09a7ab63ce_seed/exec_result.pkl,exec_result.pkl,.pkl,4349,1b5bd313763adb2d47800e235290bb061ac03eddfb10f29221db62fc233ae2e5,2026-07-20T03:21:26,True
study_runs,V100_P0_GPT54_I05_R02,study_runs/V100_P0_GPT54_I05_R02/checkpoint/ef50db923528453ab7281e09a7ab63ce_seed/generated/checkpoints/err.log,err.log,.log,951,6a254c2602b7566b8080dc9a3e249853376d2cb68109de34c64df5a7e9f73108,2026-07-20T03:21:24,True
study_runs,V100_P0_GPT54_I05_R02,study_runs/V100_P0_GPT54_I05_R02/checkpoint/ef50db923528453ab7281e09a7ab63ce_seed/generated/checkpoints/LocalMovieLens100K-c0b4b14e/LensKit.PopScorer-f4aa5539-11/model.bpk,model.bpk,.bpk,353003,e39a1a6f60b0d6a05ad2c38fc0458371a1420a46397aa6933b72066e0c1d6bf2,2026-07-20T03:20:27,True
study_runs,V100_P0_GPT54_I05_R02,study_runs/V100_P0_GPT54_I05_R02/checkpoint/ef50db923528453ab7281e09a7ab63ce_seed/generated/checkpoints/LocalMovieLens100K-c0b4b14e/LensKit.PopScorer-f4aa5539-11/predictions.json,predictions.json,.json,38793746,e6d459ffabc0ddcf1df8a22659d433a2d1a0fe386c3e1a2aad586e690fe60c11,2026-07-20T03:21:14,True
study_runs,V100_P0_GPT54_I05_R02,study_runs/V100_P0_GPT54_I05_R02/checkpoint/ef50db923528453ab7281e09a7ab63ce_seed/generated/checkpoints/out.log,out.log,.log,0,e3b0c44298fc1c149afbf4c8996fb92427ae41e4649b934ca495991b7852b855,2026-07-20T03:21:24,True
study_runs,V100_P0_GPT54_I05_R02,study_runs/V100_P0_GPT54_I05_R02/checkpoint/ef50db923528453ab7281e09a7ab63ce_seed/generated/checkpoints/progress.json,progress.json,.json,197,1364a60733b157f84f3bb0c8b11a8762fb3f41d2488350357793eebe5a4a389e,2026-07-20T03:21:23,True
study_runs,V100_P0_GPT54_I05_R02,study_runs/V100_P0_GPT54_I05_R02/checkpoint/ef50db923528453ab7281e09a7ab63ce_seed/generated/checkpoints/results.json,results.json,.json,150,5eb4cf96dc28efc1615a7465d414b9802493b5f86a6edb438824579c65f3f382,2026-07-20T03:21:24,True
study_runs,V100_P0_GPT54_I05_R02,study_runs/V100_P0_GPT54_I05_R02/checkpoint/ef50db923528453ab7281e09a7ab63ce_seed/generated/preprocessed_dataset.rsds,preprocessed_dataset.rsds,.rsds,1534899,bd1507241f647a9f1ac30db3d84ea941abe3b5dc3dd44bc2cf45bc991e8b875a,2026-07-20T03:20:12,True
study_runs,V100_P0_GPT54_I05_R02,study_runs/V100_P0_GPT54_I05_R02/checkpoint/ef50db923528453ab7281e09a7ab63ce_seed/out.log,out.log,.log,4132,bbe5d50352dde6029bd9b2553e9dc420e6c0596a90a505c715a2e6cea9f79986,2026-07-20T03:21:26,True
study_runs,V100_P0_GPT54_I05_R02,study_runs/V100_P0_GPT54_I05_R02/checkpoint/f2b2ca7867bc45dba3f20bfcb69d50e3/code.py,code.py,.py,6482,77ac73e994305c5d67247a6bcfc9d4e8fff631fc3466960efd695e5d145b440d,2026-07-20T03:22:26,True
study_runs,V100_P0_GPT54_I05_R02,study_runs/V100_P0_GPT54_I05_R02/checkpoint/f2b2ca7867bc45dba3f20bfcb69d50e3/exec_result.pkl,exec_result.pkl,.pkl,3229,4f57e20270825c6dc35cc071b214db1db63170871e56b554c7461007ba92197f,2026-07-20T03:18:32,True
study_runs,V100_P0_GPT54_I05_R02,study_runs/V100_P0_GPT54_I05_R02/checkpoint/f2b2ca7867bc45dba3f20bfcb69d50e3/out.log,out.log,.log,3032,efe1b1c392cff98c4de67640e704616426db6247266496231ca693c08d11ed5e,2026-07-20T03:18:32,True
study_runs,V100_P0_GPT54_I05_R02,study_runs/V100_P0_GPT54_I05_R02/code_requirements_final.json,code_requirements_final.json,.json,2018,3139367e8bcec1a56d472af3b4203378515f0321b86345ed37d1f7bd9684b43f,2026-07-20T03:20:04,True
study_runs,V100_P0_GPT54_I05_R02,study_runs/V100_P0_GPT54_I05_R02/code_requirements_prototype.json,code_requirements_prototype.json,.json,681,4f1aa8cce239773b73364aac7d0888547ec09e2583bc9cf00efa53475fec9561,2026-07-20T03:03:49,True
study_runs,V100_P0_GPT54_I05_R02,study_runs/V100_P0_GPT54_I05_R02/config.source.toml,config.source.toml,.toml,386,43ad328d9e971575946598bc6c906a320d878b57103e5825b7bc1b351074558f,2026-07-20T03:03:11,True
study_runs,V100_P0_GPT54_I05_R02,study_runs/V100_P0_GPT54_I05_R02/config.toml,config.toml,.toml,412,252dd6fbde0fed7b18dde1e216eb3a82913c6e520b59b7e86f7d7874debf32ba,2026-07-20T03:03:11,True
study_runs,V100_P0_GPT54_I05_R02,study_runs/V100_P0_GPT54_I05_R02/costs_log.csv,costs_log.csv,.csv,13813,56a0e5b4f90f0d505fe2c7752b45342b2eb21443455195c6ef6fb69336729f93,2026-07-20T03:27:06,True
study_runs,V100_P0_GPT54_I05_R02,study_runs/V100_P0_GPT54_I05_R02/debug.log,debug.log,.log,253445,05c4f97da0b522213c21262b4a9b067bcee6611c0776ee6b09e388c5ceca4679,2026-07-20T03:27:10,True
study_runs,V100_P0_GPT54_I05_R02,study_runs/V100_P0_GPT54_I05_R02/entered_prompt.txt,entered_prompt.txt,.txt,946,dc790c0f84813ae9f582a14783c06db3ee59faaa98d800c6bf831f5ad0d041ab,2026-07-20T03:03:11,True
study_runs,V100_P0_GPT54_I05_R02,study_runs/V100_P0_GPT54_I05_R02/save.pkl,save.pkl,.pkl,145691,e4a4b349b5a6d420b005ad5feeea0aee2ad5011b62082233c88553949fd897a3,2026-07-20T03:19:41,True
study_runs,V100_P0_GPT54_I05_R02,study_runs/V100_P0_GPT54_I05_R02/statistics/0_eee18c4177524121adf8c4e238bbea74.txt,0_eee18c4177524121adf8c4e238bbea74.txt,.txt,512,b850bd48cf8d49df02be68eb8171ecd6236f1cbf006c9c42f6f9fa13b5e1c9f2,2026-07-20T03:05:52,True
study_runs,V100_P0_GPT54_I05_R02,study_runs/V100_P0_GPT54_I05_R02/statistics/1_29c2088f69664298962d51e53dd2cc4d.txt,1_29c2088f69664298962d51e53dd2cc4d.txt,.txt,458,a94751690be9e22d1f5aa97a947d6d83d6f108312c963830c5a20a6ed3ff2c4f,2026-07-20T03:07:57,True
study_runs,V100_P0_GPT54_I05_R02,study_runs/V100_P0_GPT54_I05_R02/statistics/2_65996d4b431c4de09a2c94c1d0ba75f4.txt,2_65996d4b431c4de09a2c94c1d0ba75f4.txt,.txt,489,f6e076e2299fef2e550831b123b88a19f464e8293acb19a5f5c5342f5d905063,2026-07-20T03:09:25,True
study_runs,V100_P0_GPT54_I05_R02,study_runs/V100_P0_GPT54_I05_R02/statistics/3_d782c63f1fd1409f9b600fcbeb814dbb.txt,3_d782c63f1fd1409f9b600fcbeb814dbb.txt,.txt,478,9ac6d6502a6edbb911e5126730bd76af2aecd2bc817008789ebda1afad80fcea,2026-07-20T03:11:42,True
study_runs,V100_P0_GPT54_I05_R02,study_runs/V100_P0_GPT54_I05_R02/statistics/4_ef50db923528453ab7281e09a7ab63ce.txt,4_ef50db923528453ab7281e09a7ab63ce.txt,.txt,478,0bf9b406bdfa096cd9acf5fdeb5819167aa92d3a8fce1b2eb232f29a670ad1fb,2026-07-20T03:14:48,True
study_runs,V100_P0_GPT54_I05_R02,study_runs/V100_P0_GPT54_I05_R02/statistics/5_cca8086dfc7d46ee9c4a48e24ac9544c.txt,5_cca8086dfc7d46ee9c4a48e24ac9544c.txt,.txt,480,50d4e7bdc2cdc7b7961645d0ed1b0bb49eceef31b721aadb8e8740499afdef24,2026-07-20T03:18:02,True
study_runs,V100_P0_GPT54_I05_R02,study_runs/V100_P0_GPT54_I05_R02/statistics/6_f2b2ca7867bc45dba3f20bfcb69d50e3.txt,6_f2b2ca7867bc45dba3f20bfcb69d50e3.txt,.txt,489,bd19a311850fb4fa7c9b83f0251a7b4df4cf4790932b9184929ee732a3a667a7,2026-07-20T03:19:34,True
study_runs,V100_P0_GPT54_I05_R02,study_runs/V100_P0_GPT54_I05_R02/statistics/7_ef50db923528453ab7281e09a7ab63ce_seed.txt,7_ef50db923528453ab7281e09a7ab63ce_seed.txt,.txt,499,0da77b233eca1b6c3d4df82dd2632e6ff33836230f9415561cc5254248ac800e,2026-07-20T03:22:26,True
study_runs,V100_P0_GPT54_I05_R02,study_runs/V100_P0_GPT54_I05_R02/statistics/8_ef50db923528453ab7281e09a7ab63ce_iteration1.txt,8_ef50db923528453ab7281e09a7ab63ce_iteration1.txt,.txt,515,d54d1530118d09b8c56ff677bbbd75a7c7bb0c45550f370b7d4e64b8944d108b,2026-07-20T03:24:33,True
study_runs,V100_P0_GPT54_I05_R02,study_runs/V100_P0_GPT54_I05_R02/statistics/9_ef50db923528453ab7281e09a7ab63ce_iteration2.txt,9_ef50db923528453ab7281e09a7ab63ce_iteration2.txt,.txt,534,6a3cd12a8a643ceb88a0b81f2f09c65da4db1b73e9eba837f322c3055e0dbf31,2026-07-20T03:26:59,True
study_runs,V100_P0_GPT54_I05_R02,study_runs/V100_P0_GPT54_I05_R02/statistics/arguments_per_function.png,arguments_per_function.png,.png,70404,65ccd52d785f54315ead232bbc298105ec0791c1df19620b97caa516235061e1,2026-07-20T03:27:09,True
study_runs,V100_P0_GPT54_I05_R02,study_runs/V100_P0_GPT54_I05_R02/statistics/classes.png,classes.png,.png,59594,521c5fa1d838c5bf700f972bc5608cadbcab8f1a097322ea2011949519373077,2026-07-20T03:27:08,True
study_runs,V100_P0_GPT54_I05_R02,study_runs/V100_P0_GPT54_I05_R02/statistics/comment_lines.png,comment_lines.png,.png,42213,2748ce3f9ec3ee2bdacb4d7eb66e8716fa28878dacee5014d95cfced4d1d4ecc,2026-07-20T03:27:07,True
study_runs,V100_P0_GPT54_I05_R02,study_runs/V100_P0_GPT54_I05_R02/statistics/conditions.png,conditions.png,.png,66671,0774e86bbaf1672097be1eca7a5ef031c434a01ab10213d4aba03150de286046,2026-07-20T03:27:10,True
study_runs,V100_P0_GPT54_I05_R02,study_runs/V100_P0_GPT54_I05_R02/statistics/deletions.png,deletions.png,.png,77846,5798c19bd52147c0eb430c147d2c1d4a043f3cdfc6b3906af3b77b84080da979,2026-07-20T03:27:10,True
study_runs,V100_P0_GPT54_I05_R02,study_runs/V100_P0_GPT54_I05_R02/statistics/empty_lines.png,empty_lines.png,.png,62901,d1b0e55e36cebaca3c07cbe6e2adf75cec7ff568d2a96892ff29f186392805e7,2026-07-20T03:27:07,True
study_runs,V100_P0_GPT54_I05_R02,study_runs/V100_P0_GPT54_I05_R02/statistics/execution_time.png,execution_time.png,.png,65769,9472a907112f328be583cf0ea632266a2ef372762420ba2d600aee40a54f80af,2026-07-20T03:27:07,True
study_runs,V100_P0_GPT54_I05_R02,study_runs/V100_P0_GPT54_I05_R02/statistics/functions.png,functions.png,.png,60636,407fc862e57e76b0f75f368c9ea2a3b157c3d4671fac96110168b01ce3717cb1,2026-07-20T03:27:08,True
study_runs,V100_P0_GPT54_I05_R02,study_runs/V100_P0_GPT54_I05_R02/statistics/insertions.png,insertions.png,.png,78726,26ff40bcce383fe80b749238f820d6912f2a3491565e1204f376792380e299ac,2026-07-20T03:27:10,True
study_runs,V100_P0_GPT54_I05_R02,study_runs/V100_P0_GPT54_I05_R02/statistics/libraries_imported.png,libraries_imported.png,.png,60003,62bf01ab509fdbdcdc0df5cafe2ade49a17c79f07241c7b89e690ece068619ab,2026-07-20T03:27:08,True
study_runs,V100_P0_GPT54_I05_R02,study_runs/V100_P0_GPT54_I05_R02/statistics/lines_of_code.png,lines_of_code.png,.png,65137,95c983df02d22c875fbeeb4c135a1ff94a1bc885b7f9fd860c74bc6b3a0768b8,2026-07-20T03:27:07,True
study_runs,V100_P0_GPT54_I05_R02,study_runs/V100_P0_GPT54_I05_R02/statistics/loops.png,loops.png,.png,65601,d6583b34487f1f9a488b635a199e084cc6b14cabda28c0602174de9dba0bc7c1,2026-07-20T03:27:09,True
study_runs,V100_P0_GPT54_I05_R02,study_runs/V100_P0_GPT54_I05_R02/statistics/summary_overall_nodes.txt,summary_overall_nodes.txt,.txt,489,88efdbed6cc39a602b0abf512ecaaea10bd09cc391ed0e82bc1aae087846ca30,2026-07-20T03:27:06,True
study_runs,V100_P0_GPT54_I05_R02,study_runs/V100_P0_GPT54_I05_R02/statistics/total_characters.png,total_characters.png,.png,72877,b5b72c488b705499af9a2cdadfd7c60ce75f87d49e3e8fc88962b1ae5eea7330,2026-07-20T03:27:08,True
study_runs,V100_P0_GPT54_I05_R02,study_runs/V100_P0_GPT54_I05_R02/statistics/variable_assignments.png,variable_assignments.png,.png,67598,3fc73966764a1613c6d55ec0bec957707c0578342848747f24c9bf9a617af072,2026-07-20T03:27:09,True
study_runs,V100_P0_GPT54_I05_R02,study_runs/V100_P0_GPT54_I05_R02/summary.md,summary.md,.md,3708,229e13f7eb1356ef8e9ded0a6d58ab113d975c1500209149526dd9d5f2ab1b05,2026-07-20T03:27:06,True
study_runs,V100_P0_GPT54_I05_R02,study_runs/V100_P0_GPT54_I05_R02/tree_render/pdf/combined_tree.pdf,combined_tree.pdf,.pdf,21808,d9035545a18426f983cef333d8ff7f8750b3ee379b2db9141a52ecde9e431982,2026-07-20T03:19:41,True
study_runs,V100_P0_GPT54_I05_R02,study_runs/V100_P0_GPT54_I05_R02/tree_render/pdf/tree_0.pdf,tree_0.pdf,.pdf,21510,686ee244b186c1c19bea165156f287efbd1f066a8644d4535cc0fc33d750938a,2026-07-20T03:19:36,True
study_runs,V100_P0_GPT54_I05_R02,study_runs/V100_P0_GPT54_I05_R02/tree_render/pdf/tree_1.pdf,tree_1.pdf,.pdf,19815,ea4ea06c98b2364914e9b207f14252ca8855ec9e588c79817a0f8f24e7055fc1,2026-07-20T03:19:38,True
study_runs,V100_P0_GPT54_I05_R02,study_runs/V100_P0_GPT54_I05_R02/tree_render/png/combined_tree.png,combined_tree.png,.png,80794,50e6c94da63662642a965fdd7f75cfc8919b0283c0c0d298ccf7cca8d156cd9b,2026-07-20T03:19:40,True
study_runs,V100_P0_GPT54_I05_R02,study_runs/V100_P0_GPT54_I05_R02/tree_render/png/tree_0.png,tree_0.png,.png,55495,d767875ec079f0f05447f418dcb586a1bfbfe6d41e77d2f41843bc115a3e88b0,2026-07-20T03:19:35,True
study_runs,V100_P0_GPT54_I05_R02,study_runs/V100_P0_GPT54_I05_R02/tree_render/png/tree_1.png,tree_1.png,.png,22414,fe4cad90b4a2ee08721a91ebbed89ba71013e405c74d7b242c8ae496982f392e,2026-07-20T03:19:37,True
study_runs,V100_P0_GPT54_I05_R02,study_runs/V100_P0_GPT54_I05_R02/tree_render/svg/combined_tree.svg,combined_tree.svg,.svg,10599,011e16e5b9149e844d0aedfe089738cad7f1c326f237aec15aa9b957ac2f3d80,2026-07-20T03:19:41,True
study_runs,V100_P0_GPT54_I05_R02,study_runs/V100_P0_GPT54_I05_R02/tree_render/svg/tree_0.svg,tree_0.svg,.svg,7923,d3dcad109cfd00f49610f6b8cf68ced886d4fc8d081aa1ac6c727cb8ada4114e,2026-07-20T03:19:37,True
study_runs,V100_P0_GPT54_I05_R02,study_runs/V100_P0_GPT54_I05_R02/tree_render/svg/tree_1.svg,tree_1.svg,.svg,3176,7b2d2c5aef83184961093c773fd50a5b8ff74340393af5d7d50edc8931859b34,2026-07-20T03:19:39,True
study_runs,V100_P0_GPT54_I05_R03,study_runs/V100_P0_GPT54_I05_R03/config.source.toml,config.source.toml,.toml,386,43ad328d9e971575946598bc6c906a320d878b57103e5825b7bc1b351074558f,2026-07-20T09:37:32,True
study_runs,V100_P0_GPT54_I05_R03,study_runs/V100_P0_GPT54_I05_R03/config.toml,config.toml,.toml,412,e84335a16c2c5299732aab209b21df60537d8d76644835bb7ac5fd33df6c6c12,2026-07-20T09:37:32,True
study_runs,V100_P0_GPT54_I05_R03,study_runs/V100_P0_GPT54_I05_R03/costs_log.csv,costs_log.csv,.csv,107,28d1763da4a7e995cd31bedd7b86f557fc2ab6bff7751d4882d3f6d513b89a8e,2026-07-20T09:37:32,True
study_runs,V100_P0_GPT54_I05_R03,study_runs/V100_P0_GPT54_I05_R03/debug.log,debug.log,.log,1311,f16ea098d0475f2b57573ba3bda4b5684c6cfa79f0785ff16baa5066d3c75710,2026-07-20T09:37:32,True
study_runs,V100_P0_GPT54_I05_R03,study_runs/V100_P0_GPT54_I05_R03/entered_prompt.txt,entered_prompt.txt,.txt,946,dc790c0f84813ae9f582a14783c06db3ee59faaa98d800c6bf831f5ad0d041ab,2026-07-20T09:37:32,True
study_runs,V100_P0_MINI_I05_R01,study_runs/V100_P0_MINI_I05_R01/checkpoint/23846b1d0deb4aa0b5161992cadc5f52/code.py,code.py,.py,2931,28e3151f4b8b84ed2f2300c3dca3fac369736648f92363638568f0ddc4051a58,2026-07-19T15:08:12,True
study_runs,V100_P0_MINI_I05_R01,study_runs/V100_P0_MINI_I05_R01/checkpoint/23846b1d0deb4aa0b5161992cadc5f52/exec_result.pkl,exec_result.pkl,.pkl,2115,27aac6cff13e167e6b2385c0548d62f6be8bf23575d62d2197ff7624ff4b140f,2026-07-19T15:04:09,True
study_runs,V100_P0_MINI_I05_R01,study_runs/V100_P0_MINI_I05_R01/checkpoint/23846b1d0deb4aa0b5161992cadc5f52/out.log,out.log,.log,1944,d4ce376a6714f68349515210788a709bb3ddce68b54fbc076108c185f1a1d3f4,2026-07-19T15:04:09,True
study_runs,V100_P0_MINI_I05_R01,study_runs/V100_P0_MINI_I05_R01/checkpoint/7296f7528a22457384d50f4e3c7c94a4/code.py,code.py,.py,2672,0d2239083bd446aa14b620187aaa9f0ed5035eb5a31e809e98bb90afb871f728,2026-07-19T14:56:23,True
study_runs,V100_P0_MINI_I05_R01,study_runs/V100_P0_MINI_I05_R01/checkpoint/7296f7528a22457384d50f4e3c7c94a4/exec_result.pkl,exec_result.pkl,.pkl,6541,81e32e6e3520b3e22bd78a5a5120b1b18dd5d96c1c355fff56f716fad199217b,2026-07-19T14:53:35,True
study_runs,V100_P0_MINI_I05_R01,study_runs/V100_P0_MINI_I05_R01/checkpoint/7296f7528a22457384d50f4e3c7c94a4/generated/checkpoints/MovieLens100K-938abed0/LensKit.ImplicitMFScorer-f0dd7ecb-11/model.bpk,model.bpk,.bpk,1133489,0a1c938531a9a5dd53c2148361c94ef917725d37a6243733b8df98305f8f283f,2026-07-19T14:52:17,True
study_runs,V100_P0_MINI_I05_R01,study_runs/V100_P0_MINI_I05_R01/checkpoint/7296f7528a22457384d50f4e3c7c94a4/generated/checkpoints/MovieLens100K-938abed0/LensKit.ImplicitMFScorer-f0dd7ecb-11/predictions.json,predictions.json,.json,39318298,9e43162fc421f4cd1c267922424747157ae7f6882b0f5481d95f140e05b70154,2026-07-19T14:53:18,True
study_runs,V100_P0_MINI_I05_R01,study_runs/V100_P0_MINI_I05_R01/checkpoint/7296f7528a22457384d50f4e3c7c94a4/generated/checkpoints/progress.json,progress.json,.json,199,53cc16ee820ceba2f63d048fc8c818510250d19784ae0cfdfe8cb1631b4c7233,2026-07-19T14:53:34,True
study_runs,V100_P0_MINI_I05_R01,study_runs/V100_P0_MINI_I05_R01/checkpoint/7296f7528a22457384d50f4e3c7c94a4/out.log,out.log,.log,6260,d4e8ca0b9f34998e44648216fcb3c2e4c387b64363800acce80b1b17408f4a22,2026-07-19T14:53:35,True
study_runs,V100_P0_MINI_I05_R01,study_runs/V100_P0_MINI_I05_R01/checkpoint/977d7ec4949847409c030b314e2dd362/code.py,code.py,.py,3504,9a5691b192ec16864d93b2322d588aafb9d46d664ef3b8ba54eb5d9b1d8fdef3,2026-07-19T15:11:30,True
study_runs,V100_P0_MINI_I05_R01,study_runs/V100_P0_MINI_I05_R01/checkpoint/977d7ec4949847409c030b314e2dd362/exec_result.pkl,exec_result.pkl,.pkl,4747,cf5c4f8229227c092e8a91cec83c34df236c2921a14dad33fc5786de43535076,2026-07-19T15:07:51,True
study_runs,V100_P0_MINI_I05_R01,study_runs/V100_P0_MINI_I05_R01/checkpoint/977d7ec4949847409c030b314e2dd362/generated/checkpoints/err.log,err.log,.log,1195,4da430e9659bb61bd72765495936d07d95cfc1fd625a65a3cfd549baa46343ae,2026-07-19T15:07:50,True
study_runs,V100_P0_MINI_I05_R01,study_runs/V100_P0_MINI_I05_R01/checkpoint/977d7ec4949847409c030b314e2dd362/generated/checkpoints/MovieLens100K-938abed0/LensKit.ItemKNNScorer-c3d66610-42/model.bpk,model.bpk,.bpk,2785277,9b1986f99238a4252b7dde2cff1cc1553d466658104d30e03c939c1013bb7d03,2026-07-19T15:07:05,True
study_runs,V100_P0_MINI_I05_R01,study_runs/V100_P0_MINI_I05_R01/checkpoint/977d7ec4949847409c030b314e2dd362/generated/checkpoints/MovieLens100K-938abed0/LensKit.ItemKNNScorer-c3d66610-42/predictions.json,predictions.json,.json,37520574,44d5fee5bbdf2636836b56525f4a848f966d65e06e2337910bdc52b4c237dbe7,2026-07-19T15:07:40,True
study_runs,V100_P0_MINI_I05_R01,study_runs/V100_P0_MINI_I05_R01/checkpoint/977d7ec4949847409c030b314e2dd362/generated/checkpoints/out.log,out.log,.log,0,e3b0c44298fc1c149afbf4c8996fb92427ae41e4649b934ca495991b7852b855,2026-07-19T15:07:50,True
study_runs,V100_P0_MINI_I05_R01,study_runs/V100_P0_MINI_I05_R01/checkpoint/977d7ec4949847409c030b314e2dd362/generated/checkpoints/progress.json,progress.json,.json,196,bb61ed940598d7742487eca3a0216274ad7f12a83c85a4ff843e223a8cf50f8a,2026-07-19T15:07:49,True
study_runs,V100_P0_MINI_I05_R01,study_runs/V100_P0_MINI_I05_R01/checkpoint/977d7ec4949847409c030b314e2dd362/generated/checkpoints/results.json,results.json,.json,274,aa062c8a2d3aadab9470705dce1b2ac31217bac90bb38c73ae1370586eb5664e,2026-07-19T15:07:50,True
study_runs,V100_P0_MINI_I05_R01,study_runs/V100_P0_MINI_I05_R01/checkpoint/977d7ec4949847409c030b314e2dd362/generated/prototype_movielens_results.png,prototype_movielens_results.png,.png,27525,f1a97ea1f86efb54319aa80880fa0a2658733036239d15df419814cd0dbe6359,2026-07-19T15:07:51,True
study_runs,V100_P0_MINI_I05_R01,study_runs/V100_P0_MINI_I05_R01/checkpoint/977d7ec4949847409c030b314e2dd362/out.log,out.log,.log,4518,93a13358c93a5d5a67e14e88dde713da399a237fc2e31bf6f2edf4dca8ac72e0,2026-07-19T15:07:51,True
study_runs,V100_P0_MINI_I05_R01,study_runs/V100_P0_MINI_I05_R01/checkpoint/9ab94e9cbc3046f4930499a3c4865337/code.py,code.py,.py,4658,82efc10e52ba6f36db6ef957f16f6f2c178e4ea23f5f75d45dc3eb59fceffea6,2026-07-19T14:59:27,True
study_runs,V100_P0_MINI_I05_R01,study_runs/V100_P0_MINI_I05_R01/checkpoint/9ab94e9cbc3046f4930499a3c4865337/exec_result.pkl,exec_result.pkl,.pkl,3304,1b13f9c064306ea405f2d472d6fecb561275767fcc1df3eb4519caf65ee46746,2026-07-19T14:55:29,True
study_runs,V100_P0_MINI_I05_R01,study_runs/V100_P0_MINI_I05_R01/checkpoint/9ab94e9cbc3046f4930499a3c4865337/out.log,out.log,.log,3105,a963e5f72a8d9ea1c4e350276aefcc73647c33e1f4504de054200a03da4d1495,2026-07-19T14:55:29,True
study_runs,V100_P0_MINI_I05_R01,study_runs/V100_P0_MINI_I05_R01/checkpoint/aac562b51b2148e2b73a824edba0b9b3/code.py,code.py,.py,2487,09b6baf80cc41af4470654caadef20077727f955c3aa0482742a70c3210446de,2026-07-19T15:01:54,True
study_runs,V100_P0_MINI_I05_R01,study_runs/V100_P0_MINI_I05_R01/checkpoint/aac562b51b2148e2b73a824edba0b9b3/exec_result.pkl,exec_result.pkl,.pkl,4798,e2514a5e76574e3bdeccd186ddecfff6e65f75353a5488f64a4a9d9156bab2a5,2026-07-19T14:58:54,True
study_runs,V100_P0_MINI_I05_R01,study_runs/V100_P0_MINI_I05_R01/checkpoint/aac562b51b2148e2b73a824edba0b9b3/generated/checkpoints/err.log,err.log,.log,1195,4da430e9659bb61bd72765495936d07d95cfc1fd625a65a3cfd549baa46343ae,2026-07-19T14:58:53,True
study_runs,V100_P0_MINI_I05_R01,study_runs/V100_P0_MINI_I05_R01/checkpoint/aac562b51b2148e2b73a824edba0b9b3/generated/checkpoints/MovieLens100K-938abed0/LensKit.ImplicitMFScorer-f0dd7ecb-42/model.bpk,model.bpk,.bpk,1132701,47034130da301ca9c39d1b693f7da1759e61e8d7b4f2d8da201e70187168bcae,2026-07-19T14:57:48,True
study_runs,V100_P0_MINI_I05_R01,study_runs/V100_P0_MINI_I05_R01/checkpoint/aac562b51b2148e2b73a824edba0b9b3/generated/checkpoints/MovieLens100K-938abed0/LensKit.ImplicitMFScorer-f0dd7ecb-42/predictions.json,predictions.json,.json,39284008,bb42d1ac7e4529d1146432bdd2ddd2d214fdfe1dd5ec4a9388e8cc69a2180f08,2026-07-19T14:58:41,True
study_runs,V100_P0_MINI_I05_R01,study_runs/V100_P0_MINI_I05_R01/checkpoint/aac562b51b2148e2b73a824edba0b9b3/generated/checkpoints/out.log,out.log,.log,0,e3b0c44298fc1c149afbf4c8996fb92427ae41e4649b934ca495991b7852b855,2026-07-19T14:58:53,True
study_runs,V100_P0_MINI_I05_R01,study_runs/V100_P0_MINI_I05_R01/checkpoint/aac562b51b2148e2b73a824edba0b9b3/generated/checkpoints/progress.json,progress.json,.json,199,726457e870200baf2a362024d1db12e74eeb7dc1d9e0605ef9ef7957e0f1d994,2026-07-19T14:58:52,True
study_runs,V100_P0_MINI_I05_R01,study_runs/V100_P0_MINI_I05_R01/checkpoint/aac562b51b2148e2b73a824edba0b9b3/generated/checkpoints/results.json,results.json,.json,280,ce4003a9337e1386e115df77da5c62538ba86c729791d299ea32730b8025cb0b,2026-07-19T14:58:53,True
study_runs,V100_P0_MINI_I05_R01,study_runs/V100_P0_MINI_I05_R01/checkpoint/aac562b51b2148e2b73a824edba0b9b3/generated/prototype_movielens_results.png,prototype_movielens_results.png,.png,25684,532ae8dea4ccd457de149d6a614a6546d818a5330a20022fe9535863d0bd0e04,2026-07-19T14:58:53,True
study_runs,V100_P0_MINI_I05_R01,study_runs/V100_P0_MINI_I05_R01/checkpoint/aac562b51b2148e2b73a824edba0b9b3/out.log,out.log,.log,4573,3b60fca1e8731df88857c886575be5a65c166e184ee6cade2e60faecc3441e86,2026-07-19T14:58:54,True
study_runs,V100_P0_MINI_I05_R01,study_runs/V100_P0_MINI_I05_R01/checkpoint/aad89bc2901c4869b5cdd0898ac24828/code.py,code.py,.py,2927,867883d7bd27089c111e5ba82209b52715c320e3ddbc57fd813fc5c7a9e08c95,2026-07-19T15:05:47,True
study_runs,V100_P0_MINI_I05_R01,study_runs/V100_P0_MINI_I05_R01/checkpoint/aad89bc2901c4869b5cdd0898ac24828/exec_result.pkl,exec_result.pkl,.pkl,3266,261d2d3a85e601db0b76d63b239e9ff4a82aae3f2d7219ecfc838ebb031ceec8,2026-07-19T15:02:32,True
study_runs,V100_P0_MINI_I05_R01,study_runs/V100_P0_MINI_I05_R01/checkpoint/aad89bc2901c4869b5cdd0898ac24828/out.log,out.log,.log,3069,0cd9f1af702d21fb893419c928dac61b143d316803a4a86cbf8f4bda3740b215,2026-07-19T15:02:32,True
study_runs,V100_P0_MINI_I05_R01,study_runs/V100_P0_MINI_I05_R01/checkpoint/b6c02039931c42fcb8d6e8ec9185ebc2/code.py,code.py,.py,3157,3506997559dddc4f0273b968078e28bbc378e6e2357bc4dbf8c4b105f5cb40f7,2026-07-19T15:03:16,True
study_runs,V100_P0_MINI_I05_R01,study_runs/V100_P0_MINI_I05_R01/checkpoint/b6c02039931c42fcb8d6e8ec9185ebc2/exec_result.pkl,exec_result.pkl,.pkl,4756,f70a9d8293ec4ca2163bcbb113c6df90c62d885935a4aa2040fa525df2a67f93,2026-07-19T15:01:23,True
study_runs,V100_P0_MINI_I05_R01,study_runs/V100_P0_MINI_I05_R01/checkpoint/b6c02039931c42fcb8d6e8ec9185ebc2/generated/checkpoints/err.log,err.log,.log,1195,4da430e9659bb61bd72765495936d07d95cfc1fd625a65a3cfd549baa46343ae,2026-07-19T15:01:22,True
study_runs,V100_P0_MINI_I05_R01,study_runs/V100_P0_MINI_I05_R01/checkpoint/b6c02039931c42fcb8d6e8ec9185ebc2/generated/checkpoints/MovieLens100K-c0b4b14e/LensKit.ItemKNNScorer-c3d66610-42/model.bpk,model.bpk,.bpk,3105857,671402463271b44ec0c57ec8b817621790628f9e3208581c7e6a95770c8aa9b4,2026-07-19T15:00:38,True
study_runs,V100_P0_MINI_I05_R01,study_runs/V100_P0_MINI_I05_R01/checkpoint/b6c02039931c42fcb8d6e8ec9185ebc2/generated/checkpoints/MovieLens100K-c0b4b14e/LensKit.ItemKNNScorer-c3d66610-42/predictions.json,predictions.json,.json,37268491,bdfa82a0f91758a8d3f2bdecdbdda1c90a763d3b50d6da64a6270a6cfc6f7fb1,2026-07-19T15:01:13,True
study_runs,V100_P0_MINI_I05_R01,study_runs/V100_P0_MINI_I05_R01/checkpoint/b6c02039931c42fcb8d6e8ec9185ebc2/generated/checkpoints/out.log,out.log,.log,0,e3b0c44298fc1c149afbf4c8996fb92427ae41e4649b934ca495991b7852b855,2026-07-19T15:01:22,True
study_runs,V100_P0_MINI_I05_R01,study_runs/V100_P0_MINI_I05_R01/checkpoint/b6c02039931c42fcb8d6e8ec9185ebc2/generated/checkpoints/progress.json,progress.json,.json,196,67adffde1196fe6892c9c08d9079932e9cced9bfb7c4869c9ad21b26bdd1c920,2026-07-19T15:01:21,True
study_runs,V100_P0_MINI_I05_R01,study_runs/V100_P0_MINI_I05_R01/checkpoint/b6c02039931c42fcb8d6e8ec9185ebc2/generated/checkpoints/results.json,results.json,.json,275,7bf284a3c840e0568c09bee3466e49614fcfe39ca398b58336b3e8a7f3c7d624,2026-07-19T15:01:22,True
study_runs,V100_P0_MINI_I05_R01,study_runs/V100_P0_MINI_I05_R01/checkpoint/b6c02039931c42fcb8d6e8ec9185ebc2/generated/prototype_movielens_results.png,prototype_movielens_results.png,.png,22342,866a9d4d6d2e49020b5272096cc6c5175a79fe003421a09c7e46f5c204b5c07d,2026-07-19T15:01:23,True
study_runs,V100_P0_MINI_I05_R01,study_runs/V100_P0_MINI_I05_R01/checkpoint/b6c02039931c42fcb8d6e8ec9185ebc2/out.log,out.log,.log,4525,bd7d70041d74958b10ce4a99748bb375d6f592c83b9e1925b0ad859bf488d309,2026-07-19T15:01:23,True
study_runs,V100_P0_MINI_I05_R01,study_runs/V100_P0_MINI_I05_R01/checkpoint/b6c02039931c42fcb8d6e8ec9185ebc2_iteration1/code.py,code.py,.py,7441,b7d25de87ed41b319cf329132afe823606ab14cee430704c9784dab59b3c0bad,2026-07-19T15:19:12,True
study_runs,V100_P0_MINI_I05_R01,study_runs/V100_P0_MINI_I05_R01/checkpoint/b6c02039931c42fcb8d6e8ec9185ebc2_iteration1/exec_result.pkl,exec_result.pkl,.pkl,11366,6547e109deba00cb17b06aa64dbe367e43f92b546ec66372a7472f643676ccc2,2026-07-19T15:16:01,True
study_runs,V100_P0_MINI_I05_R01,study_runs/V100_P0_MINI_I05_R01/checkpoint/b6c02039931c42fcb8d6e8ec9185ebc2_iteration1/generated/checkpoints/err.log,err.log,.log,3341,886cfe0165eb1324b0fb957166b243f15f998347fa90189ff16eb7b10ef110eb,2026-07-19T15:15:58,True
study_runs,V100_P0_MINI_I05_R01,study_runs/V100_P0_MINI_I05_R01/checkpoint/b6c02039931c42fcb8d6e8ec9185ebc2_iteration1/generated/checkpoints/MovieLens100KLocal-938abed0/LensKit.ImplicitMFScorer-f0dd7ecb-11/model.bpk,model.bpk,.bpk,1133506,6ab11471fb6107a2a7732c7bbab8c5871bebc202a6a5d3f743208c270f982042,2026-07-19T15:12:36,True
study_runs,V100_P0_MINI_I05_R01,study_runs/V100_P0_MINI_I05_R01/checkpoint/b6c02039931c42fcb8d6e8ec9185ebc2_iteration1/generated/checkpoints/MovieLens100KLocal-938abed0/LensKit.ImplicitMFScorer-f0dd7ecb-11/predictions.json,predictions.json,.json,39315813,0de71d0611b69702fd64e18c44aea7d46cfe4edf0aa37e4d35b1667726faa413,2026-07-19T15:13:33,True
study_runs,V100_P0_MINI_I05_R01,study_runs/V100_P0_MINI_I05_R01/checkpoint/b6c02039931c42fcb8d6e8ec9185ebc2_iteration1/generated/checkpoints/MovieLens100KLocal-938abed0/LensKit.ItemKNNScorer-c3d66610-11/model.bpk,model.bpk,.bpk,2817297,13b39b33bf0472420d6481cb9407e2ed8f88ba0832fbf2fddfd9343758c43b29,2026-07-19T15:13:59,True
study_runs,V100_P0_MINI_I05_R01,study_runs/V100_P0_MINI_I05_R01/checkpoint/b6c02039931c42fcb8d6e8ec9185ebc2_iteration1/generated/checkpoints/MovieLens100KLocal-938abed0/LensKit.ItemKNNScorer-c3d66610-11/predictions.json,predictions.json,.json,37583829,ce121a32b92419f122c86d8e6159da80dac2498530ce88af618d606dab17bda1,2026-07-19T15:14:34,True
study_runs,V100_P0_MINI_I05_R01,study_runs/V100_P0_MINI_I05_R01/checkpoint/b6c02039931c42fcb8d6e8ec9185ebc2_iteration1/generated/checkpoints/MovieLens100KLocal-938abed0/LensKit.PopScorer-f4aa5539-11/model.bpk,model.bpk,.bpk,314967,31b8113ca18ff5a4a8df0b8f2e458c17a810927621b56c5fecf46805b5196023,2026-07-19T15:15:01,True
study_runs,V100_P0_MINI_I05_R01,study_runs/V100_P0_MINI_I05_R01/checkpoint/b6c02039931c42fcb8d6e8ec9185ebc2_iteration1/generated/checkpoints/MovieLens100KLocal-938abed0/LensKit.PopScorer-f4aa5539-11/predictions.json,predictions.json,.json,39089340,4612219caa0e1c7f45150c69dfeceeed6b54421c6e71c048531c6c5a6f8203a3,2026-07-19T15:15:49,True
study_runs,V100_P0_MINI_I05_R01,study_runs/V100_P0_MINI_I05_R01/checkpoint/b6c02039931c42fcb8d6e8ec9185ebc2_iteration1/generated/checkpoints/out.log,out.log,.log,0,e3b0c44298fc1c149afbf4c8996fb92427ae41e4649b934ca495991b7852b855,2026-07-19T15:13:40,True
study_runs,V100_P0_MINI_I05_R01,study_runs/V100_P0_MINI_I05_R01/checkpoint/b6c02039931c42fcb8d6e8ec9185ebc2_iteration1/generated/checkpoints/progress.json,progress.json,.json,552,e286cd976c2e8ef6387942a37705710e93acd5dd7f7f7021b2e3b113ebb55e7c,2026-07-19T15:15:57,True
study_runs,V100_P0_MINI_I05_R01,study_runs/V100_P0_MINI_I05_R01/checkpoint/b6c02039931c42fcb8d6e8ec9185ebc2_iteration1/generated/checkpoints/results.json,results.json,.json,2231,b87547546e8ddc3766f9c7a324f0d9d284ed7c3ddf44524e39b77c1a2c4e7d2f,2026-07-19T15:15:58,True
study_runs,V100_P0_MINI_I05_R01,study_runs/V100_P0_MINI_I05_R01/checkpoint/b6c02039931c42fcb8d6e8ec9185ebc2_iteration1/out.log,out.log,.log,10987,06f8f375a88b6566f0d646aa6e0e09ae2593f808646374c96e34c3c6b36ad269,2026-07-19T15:16:01,True
study_runs,V100_P0_MINI_I05_R01,study_runs/V100_P0_MINI_I05_R01/checkpoint/b6c02039931c42fcb8d6e8ec9185ebc2_iteration2/code.py,code.py,.py,4265,2edc69c5caa67ed079bd2ab17fc33fa791d69ed22a4a4b16a76ef2e553cdc769,2026-07-19T15:19:12,True
study_runs,V100_P0_MINI_I05_R01,study_runs/V100_P0_MINI_I05_R01/checkpoint/b6c02039931c42fcb8d6e8ec9185ebc2_iteration2/exec_result.pkl,exec_result.pkl,.pkl,2363,e569aaa5952a1d0db040b550324468f2ed829d8b2d2e436bfdbda95822d184c9,2026-07-19T15:17:57,True
study_runs,V100_P0_MINI_I05_R01,study_runs/V100_P0_MINI_I05_R01/checkpoint/b6c02039931c42fcb8d6e8ec9185ebc2_iteration2/out.log,out.log,.log,2186,bf8a969c5e20f3b07faf08d70d0e784d74f55bd67f14cbe892a6c16aaadfd874,2026-07-19T15:17:57,True
study_runs,V100_P0_MINI_I05_R01,study_runs/V100_P0_MINI_I05_R01/checkpoint/b6c02039931c42fcb8d6e8ec9185ebc2_seed/code.py,code.py,.py,3157,3506997559dddc4f0273b968078e28bbc378e6e2357bc4dbf8c4b105f5cb40f7,2026-07-19T15:16:55,True
study_runs,V100_P0_MINI_I05_R01,study_runs/V100_P0_MINI_I05_R01/checkpoint/b6c02039931c42fcb8d6e8ec9185ebc2_seed/exec_result.pkl,exec_result.pkl,.pkl,4673,dbc02efce595b67231d9bd85e23cbb18856dee88bc8bf79b60556c2943718bfc,2026-07-19T15:10:08,True
study_runs,V100_P0_MINI_I05_R01,study_runs/V100_P0_MINI_I05_R01/checkpoint/b6c02039931c42fcb8d6e8ec9185ebc2_seed/generated/checkpoints/err.log,err.log,.log,1195,4da430e9659bb61bd72765495936d07d95cfc1fd625a65a3cfd549baa46343ae,2026-07-19T15:10:07,True
study_runs,V100_P0_MINI_I05_R01,study_runs/V100_P0_MINI_I05_R01/checkpoint/b6c02039931c42fcb8d6e8ec9185ebc2_seed/generated/checkpoints/MovieLens100K-c0b4b14e/LensKit.ItemKNNScorer-c3d66610-42/model.bpk,model.bpk,.bpk,3105861,27e763e35ce6de4d2595370175df3de7da34fdc4a56a85b98b67e4d7a56aa234,2026-07-19T15:09:20,True
study_runs,V100_P0_MINI_I05_R01,study_runs/V100_P0_MINI_I05_R01/checkpoint/b6c02039931c42fcb8d6e8ec9185ebc2_seed/generated/checkpoints/MovieLens100K-c0b4b14e/LensKit.ItemKNNScorer-c3d66610-42/predictions.json,predictions.json,.json,37268491,bdfa82a0f91758a8d3f2bdecdbdda1c90a763d3b50d6da64a6270a6cfc6f7fb1,2026-07-19T15:09:57,True
study_runs,V100_P0_MINI_I05_R01,study_runs/V100_P0_MINI_I05_R01/checkpoint/b6c02039931c42fcb8d6e8ec9185ebc2_seed/generated/checkpoints/out.log,out.log,.log,0,e3b0c44298fc1c149afbf4c8996fb92427ae41e4649b934ca495991b7852b855,2026-07-19T15:10:07,True
study_runs,V100_P0_MINI_I05_R01,study_runs/V100_P0_MINI_I05_R01/checkpoint/b6c02039931c42fcb8d6e8ec9185ebc2_seed/generated/checkpoints/progress.json,progress.json,.json,196,67adffde1196fe6892c9c08d9079932e9cced9bfb7c4869c9ad21b26bdd1c920,2026-07-19T15:10:06,True
study_runs,V100_P0_MINI_I05_R01,study_runs/V100_P0_MINI_I05_R01/checkpoint/b6c02039931c42fcb8d6e8ec9185ebc2_seed/generated/checkpoints/results.json,results.json,.json,275,7bf284a3c840e0568c09bee3466e49614fcfe39ca398b58336b3e8a7f3c7d624,2026-07-19T15:10:07,True
study_runs,V100_P0_MINI_I05_R01,study_runs/V100_P0_MINI_I05_R01/checkpoint/b6c02039931c42fcb8d6e8ec9185ebc2_seed/generated/prototype_movielens_results.png,prototype_movielens_results.png,.png,22342,866a9d4d6d2e49020b5272096cc6c5175a79fe003421a09c7e46f5c204b5c07d,2026-07-19T15:10:07,True
study_runs,V100_P0_MINI_I05_R01,study_runs/V100_P0_MINI_I05_R01/checkpoint/b6c02039931c42fcb8d6e8ec9185ebc2_seed/out.log,out.log,.log,4444,2e7d892ae2567ad899b5bcd0b696e4c0fe0663c969eab43256480f5d002520b2,2026-07-19T15:10:08,True
study_runs,V100_P0_MINI_I05_R01,study_runs/V100_P0_MINI_I05_R01/code_requirements_final.json,code_requirements_final.json,.json,1973,0e0f2bb1c23d333103fafd7cd93b8c9fd1b59804700a0b4e45d187ba68cabfdf,2026-07-19T15:08:53,True
study_runs,V100_P0_MINI_I05_R01,study_runs/V100_P0_MINI_I05_R01/code_requirements_prototype.json,code_requirements_prototype.json,.json,853,5cf710ce99188675be98d548ced1f2d1c7fb513a3cde4fec6acca34da56e6b96,2026-07-19T14:51:03,True
study_runs,V100_P0_MINI_I05_R01,study_runs/V100_P0_MINI_I05_R01/config.source.toml,config.source.toml,.toml,386,43ad328d9e971575946598bc6c906a320d878b57103e5825b7bc1b351074558f,2026-07-19T14:50:09,True
study_runs,V100_P0_MINI_I05_R01,study_runs/V100_P0_MINI_I05_R01/config.toml,config.toml,.toml,416,4ca258323f7da13e5ef0d306ddced32ff92f3d9055a3bf7a1e4eaaf907fa55ce,2026-07-19T14:50:09,True
study_runs,V100_P0_MINI_I05_R01,study_runs/V100_P0_MINI_I05_R01/costs_log.csv,costs_log.csv,.csv,14382,82245aa983dccca7ec37a804c4e04f12b312bee2cb3ee0065ae8c94a462801da,2026-07-19T15:19:18,True
study_runs,V100_P0_MINI_I05_R01,study_runs/V100_P0_MINI_I05_R01/debug.log,debug.log,.log,268993,487e30ced9b7b041ffd4d49acfeb14e4317eb663dac48f147ae7b2439aa48915,2026-07-19T15:19:22,True
study_runs,V100_P0_MINI_I05_R01,study_runs/V100_P0_MINI_I05_R01/entered_prompt.txt,entered_prompt.txt,.txt,946,dc790c0f84813ae9f582a14783c06db3ee59faaa98d800c6bf831f5ad0d041ab,2026-07-19T14:50:09,True
study_runs,V100_P0_MINI_I05_R01,study_runs/V100_P0_MINI_I05_R01/save.pkl,save.pkl,.pkl,121345,167e224e8c4ed95f620dc654378c6f92b7f31de30c9071ff29e5a35e7305eef9,2026-07-19T15:08:20,True
study_runs,V100_P0_MINI_I05_R01,study_runs/V100_P0_MINI_I05_R01/statistics/0_7296f7528a22457384d50f4e3c7c94a4.txt,0_7296f7528a22457384d50f4e3c7c94a4.txt,.txt,478,a17d6b9975450b64e7674870d79fc800356b3f17e51745142af9ef4061d67d51,2026-07-19T14:54:45,True
study_runs,V100_P0_MINI_I05_R01,study_runs/V100_P0_MINI_I05_R01/statistics/1_9ab94e9cbc3046f4930499a3c4865337.txt,1_9ab94e9cbc3046f4930499a3c4865337.txt,.txt,509,2d58f112d1ad36afe47fb62653c77e4b33b706c3276322acdd800e1ea82b1eb4,2026-07-19T14:56:23,True
study_runs,V100_P0_MINI_I05_R01,study_runs/V100_P0_MINI_I05_R01/statistics/2_aac562b51b2148e2b73a824edba0b9b3.txt,2_aac562b51b2148e2b73a824edba0b9b3.txt,.txt,470,436f9a73883fea2b21fdd3ea3a3550e8f2ab19752ce6d7a547e64803241ffecb,2026-07-19T14:59:27,True
study_runs,V100_P0_MINI_I05_R01,study_runs/V100_P0_MINI_I05_R01/statistics/3_b6c02039931c42fcb8d6e8ec9185ebc2.txt,3_b6c02039931c42fcb8d6e8ec9185ebc2.txt,.txt,469,20bfd952ae3da34e2a22c56b8fac865e467702e016107a6883616b4bb9a077fa,2026-07-19T15:01:54,True
study_runs,V100_P0_MINI_I05_R01,study_runs/V100_P0_MINI_I05_R01/statistics/4_aad89bc2901c4869b5cdd0898ac24828.txt,4_aad89bc2901c4869b5cdd0898ac24828.txt,.txt,470,c86394e9fc613c694c4e9965a38dd4ffbb1821baf7afa01c82fbab3cdbe255d6,2026-07-19T15:03:17,True
study_runs,V100_P0_MINI_I05_R01,study_runs/V100_P0_MINI_I05_R01/statistics/5_23846b1d0deb4aa0b5161992cadc5f52.txt,5_23846b1d0deb4aa0b5161992cadc5f52.txt,.txt,468,bd4d09c0ccbdc4c12c933528d6195aa5d835b5af2e4ed7d4edc324df09a00644,2026-07-19T15:05:47,True
study_runs,V100_P0_MINI_I05_R01,study_runs/V100_P0_MINI_I05_R01/statistics/6_977d7ec4949847409c030b314e2dd362.txt,6_977d7ec4949847409c030b314e2dd362.txt,.txt,471,b290a8c12d82ace291b32bdd2f528f1546a594b5c9614f38a5b5554f744d6c27,2026-07-19T15:08:12,True
study_runs,V100_P0_MINI_I05_R01,study_runs/V100_P0_MINI_I05_R01/statistics/7_b6c02039931c42fcb8d6e8ec9185ebc2_seed.txt,7_b6c02039931c42fcb8d6e8ec9185ebc2_seed.txt,.txt,477,c106eceaf99036c98b24d40cca69c88869bd1fe42f380c45d2bcc33a9367f69a,2026-07-19T15:11:30,True
study_runs,V100_P0_MINI_I05_R01,study_runs/V100_P0_MINI_I05_R01/statistics/8_b6c02039931c42fcb8d6e8ec9185ebc2_iteration1.txt,8_b6c02039931c42fcb8d6e8ec9185ebc2_iteration1.txt,.txt,496,e8c7bdd6a62b57715190efce889d7035e1d4af1a44f581849131049a79074e30,2026-07-19T15:16:55,True
study_runs,V100_P0_MINI_I05_R01,study_runs/V100_P0_MINI_I05_R01/statistics/9_b6c02039931c42fcb8d6e8ec9185ebc2_iteration2.txt,9_b6c02039931c42fcb8d6e8ec9185ebc2_iteration2.txt,.txt,481,f02ace2a0f548685ceebd0eacb849e703f8711f7e949c2004000446d58ce8791,2026-07-19T15:19:12,True
study_runs,V100_P0_MINI_I05_R01,study_runs/V100_P0_MINI_I05_R01/statistics/arguments_per_function.png,arguments_per_function.png,.png,66723,11e26cae71f330d024f3d57ad1ba88c75b9c611c589238f2c0bd43f1d4e0a388,2026-07-19T15:19:21,True
study_runs,V100_P0_MINI_I05_R01,study_runs/V100_P0_MINI_I05_R01/statistics/classes.png,classes.png,.png,54795,7f656bd5112cc86b5e7f5c6265de7ce10dc20d52aa2b424d7b92272a9dcffabe,2026-07-19T15:19:20,True
study_runs,V100_P0_MINI_I05_R01,study_runs/V100_P0_MINI_I05_R01/statistics/comment_lines.png,comment_lines.png,.png,60010,e0016d1e51cfbcc50ca7f552ff0790676ed4cdab9e423b4839d1b402f666ecb7,2026-07-19T15:19:19,True
study_runs,V100_P0_MINI_I05_R01,study_runs/V100_P0_MINI_I05_R01/statistics/conditions.png,conditions.png,.png,66741,80ef9c4bb518ecfc6f2f1ce5e036fe852f73ad4a745272d73fb6a73e999b3198,2026-07-19T15:19:22,True
study_runs,V100_P0_MINI_I05_R01,study_runs/V100_P0_MINI_I05_R01/statistics/deletions.png,deletions.png,.png,72413,d8d33445a1a5f2054212836003959e0ebead7728e072363aff693736a2e650a2,2026-07-19T15:19:22,True
study_runs,V100_P0_MINI_I05_R01,study_runs/V100_P0_MINI_I05_R01/statistics/empty_lines.png,empty_lines.png,.png,62946,65f445d335cc11c9495b55d0287e418ac4194500d1beed5850c7b569a37a51cf,2026-07-19T15:19:19,True
study_runs,V100_P0_MINI_I05_R01,study_runs/V100_P0_MINI_I05_R01/statistics/execution_time.png,execution_time.png,.png,76217,933b6481c520d153bdc913096e23dc5eae8ccec5177b3242b6426f34884d4935,2026-07-19T15:19:18,True
study_runs,V100_P0_MINI_I05_R01,study_runs/V100_P0_MINI_I05_R01/statistics/functions.png,functions.png,.png,55566,b5d7c4741290b30cb963f079bc1823f86751df89ace10c29fbc86dd5ef86a7c7,2026-07-19T15:19:20,True
study_runs,V100_P0_MINI_I05_R01,study_runs/V100_P0_MINI_I05_R01/statistics/insertions.png,insertions.png,.png,72199,6603ede606a3a6233acfff9967411901f9e6224919422816a4b988b48c92e2d3,2026-07-19T15:19:22,True
study_runs,V100_P0_MINI_I05_R01,study_runs/V100_P0_MINI_I05_R01/statistics/libraries_imported.png,libraries_imported.png,.png,53349,aa1a8d1089ffc0bbda7ecbc552f9debfffd087206302e575f2e6c6943b389c5d,2026-07-19T15:19:20,True
study_runs,V100_P0_MINI_I05_R01,study_runs/V100_P0_MINI_I05_R01/statistics/lines_of_code.png,lines_of_code.png,.png,65856,e70cd786b490e177d4c5342428aa24446c269d35552939deaaf49cebb50d5959,2026-07-19T15:19:19,True
study_runs,V100_P0_MINI_I05_R01,study_runs/V100_P0_MINI_I05_R01/statistics/loops.png,loops.png,.png,60569,64a008fc7534cde1fd958b74bfda0271b023f5b286914a5b1bac4550ea3dea1e,2026-07-19T15:19:21,True
study_runs,V100_P0_MINI_I05_R01,study_runs/V100_P0_MINI_I05_R01/statistics/summary_overall_nodes.txt,summary_overall_nodes.txt,.txt,487,5a7e279152545b64380e14ba7f028deac647051b1e2bcf3f585df04dd7106e21,2026-07-19T15:19:18,True
study_runs,V100_P0_MINI_I05_R01,study_runs/V100_P0_MINI_I05_R01/statistics/total_characters.png,total_characters.png,.png,79110,ff57e9a846ed59ec26286856aa5b3e487f989f482adeda68b5bdf30c8d4f48a3,2026-07-19T15:19:19,True
study_runs,V100_P0_MINI_I05_R01,study_runs/V100_P0_MINI_I05_R01/statistics/variable_assignments.png,variable_assignments.png,.png,65697,cf8c933a53173229479835c1d7d2d5bfa61ffffef7e22913bdba0ff2457e5311,2026-07-19T15:19:21,True
study_runs,V100_P0_MINI_I05_R01,study_runs/V100_P0_MINI_I05_R01/summary.md,summary.md,.md,3123,b2ec18e768f0ba345e2b4f7877492211bd5036c276b489bab844195a9d1118e9,2026-07-19T15:19:18,True
study_runs,V100_P0_MINI_I05_R01,study_runs/V100_P0_MINI_I05_R01/tree_render/pdf/combined_tree.pdf,combined_tree.pdf,.pdf,21911,81c734097d84873a3166e29a3e26c504d8bdf47a7f4a68b46740ad29cad97104,2026-07-19T15:08:19,True
study_runs,V100_P0_MINI_I05_R01,study_runs/V100_P0_MINI_I05_R01/tree_render/pdf/tree_0.pdf,tree_0.pdf,.pdf,21785,e5cfd2602b3f4769f45a767e43384e82ad5eab948391f2d1aa858f3263bb5d96,2026-07-19T15:08:14,True
study_runs,V100_P0_MINI_I05_R01,study_runs/V100_P0_MINI_I05_R01/tree_render/pdf/tree_1.pdf,tree_1.pdf,.pdf,19210,e50c6da26aab43847add98d3c920615a24f6c056d194165cd5690f5c9fb54752,2026-07-19T15:08:17,True
study_runs,V100_P0_MINI_I05_R01,study_runs/V100_P0_MINI_I05_R01/tree_render/png/combined_tree.png,combined_tree.png,.png,78723,4c955c9a4630ee7b1492f1a2a645278f8495007e5cf1c4f7bcfb8840a7a6691d,2026-07-19T15:08:18,True
study_runs,V100_P0_MINI_I05_R01,study_runs/V100_P0_MINI_I05_R01/tree_render/png/tree_0.png,tree_0.png,.png,69764,fd90af3d321ba15b4376a6af79a7d0a6412c276a8ef79c79642e9e6204846176,2026-07-19T15:08:13,True
study_runs,V100_P0_MINI_I05_R01,study_runs/V100_P0_MINI_I05_R01/tree_render/png/tree_1.png,tree_1.png,.png,11576,f807521cd2f97ad27365d2b46caf334ee79f5e5fc4fd5bd2b6e8c611933fc8b1,2026-07-19T15:08:16,True
study_runs,V100_P0_MINI_I05_R01,study_runs/V100_P0_MINI_I05_R01/tree_render/svg/combined_tree.svg,combined_tree.svg,.svg,10641,300add1214a94450923a13234ebe701e6d419b8e2206a66cd06bf8a6f290454f,2026-07-19T15:08:20,True
study_runs,V100_P0_MINI_I05_R01,study_runs/V100_P0_MINI_I05_R01/tree_render/svg/tree_0.svg,tree_0.svg,.svg,9590,90aba702ba0afd47839fbae17e805f024f88c8c497c351ac516ce4a829d523dd,2026-07-19T15:08:15,True
study_runs,V100_P0_MINI_I05_R01,study_runs/V100_P0_MINI_I05_R01/tree_render/svg/tree_1.svg,tree_1.svg,.svg,1611,f1b55f5508ed9fc37e63b57de3a6937dfddfa1e369809289ec006d8a556889b0,2026-07-19T15:08:17,True
study_runs,V100_P0_MINI_I05_R02,study_runs/V100_P0_MINI_I05_R02/checkpoint/042e93d175e94b8bac8df8e1cd39aaa4/code.py,code.py,.py,3180,c02f98339b410ba8a9a872dc5008b556f5655383ac9f3f997a2d1c8cf9d6b091,2026-07-19T15:49:59,True
study_runs,V100_P0_MINI_I05_R02,study_runs/V100_P0_MINI_I05_R02/checkpoint/042e93d175e94b8bac8df8e1cd39aaa4/exec_result.pkl,exec_result.pkl,.pkl,3449,95cf089fbcffa3da1f87028bba1c50e4ff2d7baa08b56b3750cc3b63bd734fa0,2026-07-19T15:47:03,True
study_runs,V100_P0_MINI_I05_R02,study_runs/V100_P0_MINI_I05_R02/checkpoint/042e93d175e94b8bac8df8e1cd39aaa4/out.log,out.log,.log,3246,c258eb772fe0fdcd28cd2392f3f34a288556b0e3786f9329505aa64bf555c0c0,2026-07-19T15:47:03,True
study_runs,V100_P0_MINI_I05_R02,study_runs/V100_P0_MINI_I05_R02/checkpoint/06fe3a757a8f4a78a7e88be8ee026ef1/code.py,code.py,.py,2932,71b7fed50b2691c2d3c562b2a891c7a04b8ecb88cab32d135dd4529991b59835,2026-07-19T15:58:01,True
study_runs,V100_P0_MINI_I05_R02,study_runs/V100_P0_MINI_I05_R02/checkpoint/06fe3a757a8f4a78a7e88be8ee026ef1/exec_result.pkl,exec_result.pkl,.pkl,3451,08e80e04409687ed00a741c22e802f1d1de601b9a27bc6b843177a1a0ab3bdeb,2026-07-19T15:54:18,True
study_runs,V100_P0_MINI_I05_R02,study_runs/V100_P0_MINI_I05_R02/checkpoint/06fe3a757a8f4a78a7e88be8ee026ef1/out.log,out.log,.log,3248,24b2b1974cee317a67c4d3e585aa01e7ff4250cda6ca4dce4f9319b1a54de622,2026-07-19T15:54:18,True
study_runs,V100_P0_MINI_I05_R02,study_runs/V100_P0_MINI_I05_R02/checkpoint/8b4ad2ac4960487da7beea3df7b51b4e/code.py,code.py,.py,2848,3dec87a543b8d59f69fae6f33d113965f66ca31d55b07821681985d862e2af0d,2026-07-19T15:51:20,True
study_runs,V100_P0_MINI_I05_R02,study_runs/V100_P0_MINI_I05_R02/checkpoint/8b4ad2ac4960487da7beea3df7b51b4e/exec_result.pkl,exec_result.pkl,.pkl,4844,197585dbac7c06b123fd0a2a3b9730e25502d1434e53bd64a950f04cddf625a8,2026-07-19T15:49:31,True
study_runs,V100_P0_MINI_I05_R02,study_runs/V100_P0_MINI_I05_R02/checkpoint/8b4ad2ac4960487da7beea3df7b51b4e/generated/checkpoints/err.log,err.log,.log,1195,4da430e9659bb61bd72765495936d07d95cfc1fd625a65a3cfd549baa46343ae,2026-07-19T15:49:30,True
study_runs,V100_P0_MINI_I05_R02,study_runs/V100_P0_MINI_I05_R02/checkpoint/8b4ad2ac4960487da7beea3df7b51b4e/generated/checkpoints/MovieLens100K-c0b4b14e/LensKit.ItemKNNScorer-c3d66610-42/model.bpk,model.bpk,.bpk,3105862,f80d4f8d640cf22d328d2eb0406798788c69321d0b38eb3de3061a219036d559,2026-07-19T15:48:44,True
study_runs,V100_P0_MINI_I05_R02,study_runs/V100_P0_MINI_I05_R02/checkpoint/8b4ad2ac4960487da7beea3df7b51b4e/generated/checkpoints/MovieLens100K-c0b4b14e/LensKit.ItemKNNScorer-c3d66610-42/predictions.json,predictions.json,.json,37268491,bdfa82a0f91758a8d3f2bdecdbdda1c90a763d3b50d6da64a6270a6cfc6f7fb1,2026-07-19T15:49:22,True
study_runs,V100_P0_MINI_I05_R02,study_runs/V100_P0_MINI_I05_R02/checkpoint/8b4ad2ac4960487da7beea3df7b51b4e/generated/checkpoints/out.log,out.log,.log,0,e3b0c44298fc1c149afbf4c8996fb92427ae41e4649b934ca495991b7852b855,2026-07-19T15:49:30,True
study_runs,V100_P0_MINI_I05_R02,study_runs/V100_P0_MINI_I05_R02/checkpoint/8b4ad2ac4960487da7beea3df7b51b4e/generated/checkpoints/progress.json,progress.json,.json,196,67adffde1196fe6892c9c08d9079932e9cced9bfb7c4869c9ad21b26bdd1c920,2026-07-19T15:49:29,True
study_runs,V100_P0_MINI_I05_R02,study_runs/V100_P0_MINI_I05_R02/checkpoint/8b4ad2ac4960487da7beea3df7b51b4e/generated/checkpoints/results.json,results.json,.json,275,7bf284a3c840e0568c09bee3466e49614fcfe39ca398b58336b3e8a7f3c7d624,2026-07-19T15:49:30,True
study_runs,V100_P0_MINI_I05_R02,study_runs/V100_P0_MINI_I05_R02/checkpoint/8b4ad2ac4960487da7beea3df7b51b4e/generated/prototype_metrics_plot.png,prototype_metrics_plot.png,.png,24398,71985cc9b22e9c26c2eba05efa14c561c321f0cb6a372c69ecd8c92606ad3ae9,2026-07-19T15:49:31,True
study_runs,V100_P0_MINI_I05_R02,study_runs/V100_P0_MINI_I05_R02/checkpoint/8b4ad2ac4960487da7beea3df7b51b4e/generated/prototype_results_movielens_itemknn.csv,prototype_results_movielens_itemknn.csv,.csv,173,807a32ec7cc9f83ef15e901388dc89c65f25f2152a8e37277057006e0630a71a,2026-07-19T15:49:30,True
study_runs,V100_P0_MINI_I05_R02,study_runs/V100_P0_MINI_I05_R02/checkpoint/8b4ad2ac4960487da7beea3df7b51b4e/out.log,out.log,.log,4613,f1de9328b5c4a96093fdf35b57cef339b7c902ae5811387cf356de66bb921a46,2026-07-19T15:49:31,True
study_runs,V100_P0_MINI_I05_R02,study_runs/V100_P0_MINI_I05_R02/checkpoint/8b4ad2ac4960487da7beea3df7b51b4e_iteration1/code.py,code.py,.py,5470,fb677ca8544842630071176808ab8ea865d8c24cb2f1e63c447b86b63a5d06c5,2026-07-19T16:19:20,True
study_runs,V100_P0_MINI_I05_R02,study_runs/V100_P0_MINI_I05_R02/checkpoint/8b4ad2ac4960487da7beea3df7b51b4e_iteration1/exec_result.pkl,exec_result.pkl,.pkl,3480,5789f0df618726199e28333074649b89e7a9a56b8bdd467b8cb6ce61f734169c,2026-07-19T15:58:41,True
study_runs,V100_P0_MINI_I05_R02,study_runs/V100_P0_MINI_I05_R02/checkpoint/8b4ad2ac4960487da7beea3df7b51b4e_iteration1/out.log,out.log,.log,3277,86ed4186a532adecdb706637700916e0e10ea5c2563edf1b9d2149e171d2221f,2026-07-19T15:58:41,True
study_runs,V100_P0_MINI_I05_R02,study_runs/V100_P0_MINI_I05_R02/checkpoint/8b4ad2ac4960487da7beea3df7b51b4e_iteration2/code.py,code.py,.py,5206,dbc38e31f2c34ada8e9e668027a6df47a731afe5aa426e8a15a126bbae9d58f0,2026-07-19T16:19:20,True
study_runs,V100_P0_MINI_I05_R02,study_runs/V100_P0_MINI_I05_R02/checkpoint/8b4ad2ac4960487da7beea3df7b51b4e_iteration2/exec_result.pkl,exec_result.pkl,.pkl,38505,8fbf2427aa7d543d87e126adae8ac11be5df85c3eb79ee50df97c624331851e2,2026-07-19T16:18:53,True
study_runs,V100_P0_MINI_I05_R02,study_runs/V100_P0_MINI_I05_R02/checkpoint/8b4ad2ac4960487da7beea3df7b51b4e_iteration2/generated/checkpoints/err.log,err.log,.log,16705,681cf2f75ea275aec55970e5eea41f2463fa5fb10a93ac6a91bf43f776093314,2026-07-19T16:18:52,True
study_runs,V100_P0_MINI_I05_R02,study_runs/V100_P0_MINI_I05_R02/checkpoint/8b4ad2ac4960487da7beea3df7b51b4e_iteration2/generated/checkpoints/MovieLens100K-d6f3ec58/LensKit.ImplicitMFScorer-f0dd7ecb-11/model.bpk,model.bpk,.bpk,1212014,258e3b17c9bcf95ee25ba097b586730f15b41b04c870c1d9863b449be10f09b0,2026-07-19T16:00:44,True
study_runs,V100_P0_MINI_I05_R02,study_runs/V100_P0_MINI_I05_R02/checkpoint/8b4ad2ac4960487da7beea3df7b51b4e_iteration2/generated/checkpoints/MovieLens100K-d6f3ec58/LensKit.ImplicitMFScorer-f0dd7ecb-11/predictions.json,predictions.json,.json,38735515,0018256596fb65d2534e8b0c7c31fb55495f6193d7c7a64cf59d77f7e2e387a4,2026-07-19T16:01:38,True
study_runs,V100_P0_MINI_I05_R02,study_runs/V100_P0_MINI_I05_R02/checkpoint/8b4ad2ac4960487da7beea3df7b51b4e_iteration2/generated/checkpoints/MovieLens100K-d6f3ec58/LensKit.ImplicitMFScorer-f0dd7ecb-22/model.bpk,model.bpk,.bpk,1211259,232e2415b157970ab483bb7d4027d3ff82f6a1a0a68078296349629cdb8196bd,2026-07-19T16:04:25,True
study_runs,V100_P0_MINI_I05_R02,study_runs/V100_P0_MINI_I05_R02/checkpoint/8b4ad2ac4960487da7beea3df7b51b4e_iteration2/generated/checkpoints/MovieLens100K-d6f3ec58/LensKit.ImplicitMFScorer-f0dd7ecb-22/predictions.json,predictions.json,.json,38735297,53dc6b1bfa058c50f4f77e4176f6ca99f79d58744d0e9a7b6aac0766b6dad5fc,2026-07-19T16:05:20,True
study_runs,V100_P0_MINI_I05_R02,study_runs/V100_P0_MINI_I05_R02/checkpoint/8b4ad2ac4960487da7beea3df7b51b4e_iteration2/generated/checkpoints/MovieLens100K-d6f3ec58/LensKit.ImplicitMFScorer-f0dd7ecb-33/model.bpk,model.bpk,.bpk,1211810,751387358e13f2689e4d85c220c0d621241e2c50f64b7f6dc7e3078abea66f4a,2026-07-19T16:08:08,True
study_runs,V100_P0_MINI_I05_R02,study_runs/V100_P0_MINI_I05_R02/checkpoint/8b4ad2ac4960487da7beea3df7b51b4e_iteration2/generated/checkpoints/MovieLens100K-d6f3ec58/LensKit.ImplicitMFScorer-f0dd7ecb-33/predictions.json,predictions.json,.json,38736811,1b0a7ce117cb521381568cca1e6b76bb1cd442d843d807a06bd813b555a33d04,2026-07-19T16:09:02,True
study_runs,V100_P0_MINI_I05_R02,study_runs/V100_P0_MINI_I05_R02/checkpoint/8b4ad2ac4960487da7beea3df7b51b4e_iteration2/generated/checkpoints/MovieLens100K-d6f3ec58/LensKit.ImplicitMFScorer-f0dd7ecb-44/model.bpk,model.bpk,.bpk,1212376,f154e854f8a909c8424baa85e141690b864a9d3e3cd0fd95d64cf521e98db6bc,2026-07-19T16:11:51,True
study_runs,V100_P0_MINI_I05_R02,study_runs/V100_P0_MINI_I05_R02/checkpoint/8b4ad2ac4960487da7beea3df7b51b4e_iteration2/generated/checkpoints/MovieLens100K-d6f3ec58/LensKit.ImplicitMFScorer-f0dd7ecb-44/predictions.json,predictions.json,.json,38733374,5ee15b66eccf9b8a28e771a3625a5ad79fcf2cc6a0c7ac91fb03636172dc5a05,2026-07-19T16:12:45,True
study_runs,V100_P0_MINI_I05_R02,study_runs/V100_P0_MINI_I05_R02/checkpoint/8b4ad2ac4960487da7beea3df7b51b4e_iteration2/generated/checkpoints/MovieLens100K-d6f3ec58/LensKit.ImplicitMFScorer-f0dd7ecb-55/model.bpk,model.bpk,.bpk,1211597,71c9500c193639df484b08268c099f3b5258fc2ae3a0524a6749ede32b4d62b5,2026-07-19T16:15:32,True
study_runs,V100_P0_MINI_I05_R02,study_runs/V100_P0_MINI_I05_R02/checkpoint/8b4ad2ac4960487da7beea3df7b51b4e_iteration2/generated/checkpoints/MovieLens100K-d6f3ec58/LensKit.ImplicitMFScorer-f0dd7ecb-55/predictions.json,predictions.json,.json,38736813,7ea38702282caad7dcc0bb91194dd0952e5d85af5b8dece5a934ccd5e2e50b45,2026-07-19T16:16:28,True
study_runs,V100_P0_MINI_I05_R02,study_runs/V100_P0_MINI_I05_R02/checkpoint/8b4ad2ac4960487da7beea3df7b51b4e_iteration2/generated/checkpoints/MovieLens100K-d6f3ec58/LensKit.ItemKNNScorer-c3d66610-11/model.bpk,model.bpk,.bpk,3388056,089fb03709f508e935b12ff51b6b8c6dc697cd7b2735880113e188ce4154c64e,2026-07-19T16:02:06,True
study_runs,V100_P0_MINI_I05_R02,study_runs/V100_P0_MINI_I05_R02/checkpoint/8b4ad2ac4960487da7beea3df7b51b4e_iteration2/generated/checkpoints/MovieLens100K-d6f3ec58/LensKit.ItemKNNScorer-c3d66610-11/predictions.json,predictions.json,.json,36957246,64748dea42958bb64502ebfebcc17dbc31859d1d485d495ca92922901a46e9dc,2026-07-19T16:02:41,True
study_runs,V100_P0_MINI_I05_R02,study_runs/V100_P0_MINI_I05_R02/checkpoint/8b4ad2ac4960487da7beea3df7b51b4e_iteration2/generated/checkpoints/MovieLens100K-d6f3ec58/LensKit.ItemKNNScorer-c3d66610-22/model.bpk,model.bpk,.bpk,3393649,03d32cdd0e3cacc408bb2c9142022d7de47b96267e323759e2c0990a0394ff68,2026-07-19T16:05:48,True
study_runs,V100_P0_MINI_I05_R02,study_runs/V100_P0_MINI_I05_R02/checkpoint/8b4ad2ac4960487da7beea3df7b51b4e_iteration2/generated/checkpoints/MovieLens100K-d6f3ec58/LensKit.ItemKNNScorer-c3d66610-22/predictions.json,predictions.json,.json,36949426,614f8fbda1faa3d7a34cf01920ba8e3eda722e1313ca7a03abcef59c41ee8e5a,2026-07-19T16:06:23,True
study_runs,V100_P0_MINI_I05_R02,study_runs/V100_P0_MINI_I05_R02/checkpoint/8b4ad2ac4960487da7beea3df7b51b4e_iteration2/generated/checkpoints/MovieLens100K-d6f3ec58/LensKit.ItemKNNScorer-c3d66610-33/model.bpk,model.bpk,.bpk,3383907,407d8fab585b0fe7515569ff65b5e7748d5fe7892ff470ff24c686b408ce66d6,2026-07-19T16:09:30,True
study_runs,V100_P0_MINI_I05_R02,study_runs/V100_P0_MINI_I05_R02/checkpoint/8b4ad2ac4960487da7beea3df7b51b4e_iteration2/generated/checkpoints/MovieLens100K-d6f3ec58/LensKit.ItemKNNScorer-c3d66610-33/predictions.json,predictions.json,.json,36950980,6784a37d7daeada53add8b76520bcece85365b0aac95d208f8767691f08fc416,2026-07-19T16:10:05,True
study_runs,V100_P0_MINI_I05_R02,study_runs/V100_P0_MINI_I05_R02/checkpoint/8b4ad2ac4960487da7beea3df7b51b4e_iteration2/generated/checkpoints/MovieLens100K-d6f3ec58/LensKit.ItemKNNScorer-c3d66610-44/model.bpk,model.bpk,.bpk,3391608,e3dd73335c01ebad03846fc7b832e2a46e2b1e705d566881c3acc7b868ba6650,2026-07-19T16:13:13,True
study_runs,V100_P0_MINI_I05_R02,study_runs/V100_P0_MINI_I05_R02/checkpoint/8b4ad2ac4960487da7beea3df7b51b4e_iteration2/generated/checkpoints/MovieLens100K-d6f3ec58/LensKit.ItemKNNScorer-c3d66610-44/predictions.json,predictions.json,.json,36950086,b82e766a0cff28a31be81a7f23f3854895507e5d007420f5c6375454659978e9,2026-07-19T16:13:48,True
study_runs,V100_P0_MINI_I05_R02,study_runs/V100_P0_MINI_I05_R02/checkpoint/8b4ad2ac4960487da7beea3df7b51b4e_iteration2/generated/checkpoints/MovieLens100K-d6f3ec58/LensKit.ItemKNNScorer-c3d66610-55/model.bpk,model.bpk,.bpk,3383569,1ca7ff5d6116d2c5f41c3a11cc805c645ce08bfef99737d9c655cfd0351e49ed,2026-07-19T16:16:54,True
study_runs,V100_P0_MINI_I05_R02,study_runs/V100_P0_MINI_I05_R02/checkpoint/8b4ad2ac4960487da7beea3df7b51b4e_iteration2/generated/checkpoints/MovieLens100K-d6f3ec58/LensKit.ItemKNNScorer-c3d66610-55/predictions.json,predictions.json,.json,36938384,a5770ec77d4de2420ae53bd33b842c555d38e53424cdf457e7c8d1d03b66fd23,2026-07-19T16:17:28,True
study_runs,V100_P0_MINI_I05_R02,study_runs/V100_P0_MINI_I05_R02/checkpoint/8b4ad2ac4960487da7beea3df7b51b4e_iteration2/generated/checkpoints/MovieLens100K-d6f3ec58/LensKit.PopScorer-f4aa5539-11/model.bpk,model.bpk,.bpk,393163,9b2260ef9c208148dd4b6f886328323e8e443f57871a4e659aaaf35cf91a3f7d,2026-07-19T16:03:08,True
study_runs,V100_P0_MINI_I05_R02,study_runs/V100_P0_MINI_I05_R02/checkpoint/8b4ad2ac4960487da7beea3df7b51b4e_iteration2/generated/checkpoints/MovieLens100K-d6f3ec58/LensKit.PopScorer-f4aa5539-11/predictions.json,predictions.json,.json,38507601,b89235000814f91c0d02d777f5fb95293c0abd725d58eaa3f7023ad3f9b203b3,2026-07-19T16:03:55,True
study_runs,V100_P0_MINI_I05_R02,study_runs/V100_P0_MINI_I05_R02/checkpoint/8b4ad2ac4960487da7beea3df7b51b4e_iteration2/generated/checkpoints/MovieLens100K-d6f3ec58/LensKit.PopScorer-f4aa5539-22/model.bpk,model.bpk,.bpk,392420,5bdc91de07a883fffca0f0d27303ccfcbe1d6ef5718d0af989e43d781aee5cdd,2026-07-19T16:06:50,True
study_runs,V100_P0_MINI_I05_R02,study_runs/V100_P0_MINI_I05_R02/checkpoint/8b4ad2ac4960487da7beea3df7b51b4e_iteration2/generated/checkpoints/MovieLens100K-d6f3ec58/LensKit.PopScorer-f4aa5539-22/predictions.json,predictions.json,.json,38544525,b1cd696f13cc39fd470a86515a706a223b5c3bf267ddd0061cacb7cb5a85a624,2026-07-19T16:07:36,True
study_runs,V100_P0_MINI_I05_R02,study_runs/V100_P0_MINI_I05_R02/checkpoint/8b4ad2ac4960487da7beea3df7b51b4e_iteration2/generated/checkpoints/MovieLens100K-d6f3ec58/LensKit.PopScorer-f4aa5539-33/model.bpk,model.bpk,.bpk,392916,875aa9c03bdda86b0f035d1a18ee565d8452324468fdbd9ff402b654960429ee,2026-07-19T16:10:33,True
study_runs,V100_P0_MINI_I05_R02,study_runs/V100_P0_MINI_I05_R02/checkpoint/8b4ad2ac4960487da7beea3df7b51b4e_iteration2/generated/checkpoints/MovieLens100K-d6f3ec58/LensKit.PopScorer-f4aa5539-33/predictions.json,predictions.json,.json,38545857,f1e4715784fdfe56b4d5f184a56ecb396be5a091c67bacf2becdd7fec7bfaba0,2026-07-19T16:11:20,True
study_runs,V100_P0_MINI_I05_R02,study_runs/V100_P0_MINI_I05_R02/checkpoint/8b4ad2ac4960487da7beea3df7b51b4e_iteration2/generated/checkpoints/MovieLens100K-d6f3ec58/LensKit.PopScorer-f4aa5539-44/model.bpk,model.bpk,.bpk,393543,c65b7fafef808ea234c4acfb4af8eb5d34c0afc7d540358c1a8574806a54e934,2026-07-19T16:14:14,True
study_runs,V100_P0_MINI_I05_R02,study_runs/V100_P0_MINI_I05_R02/checkpoint/8b4ad2ac4960487da7beea3df7b51b4e_iteration2/generated/checkpoints/MovieLens100K-d6f3ec58/LensKit.PopScorer-f4aa5539-44/predictions.json,predictions.json,.json,38550264,4a81a2084cb3e897c7762078c99f003a6a66a718a3485c8747c2b514d19f18d6,2026-07-19T16:15:01,True
study_runs,V100_P0_MINI_I05_R02,study_runs/V100_P0_MINI_I05_R02/checkpoint/8b4ad2ac4960487da7beea3df7b51b4e_iteration2/generated/checkpoints/MovieLens100K-d6f3ec58/LensKit.PopScorer-f4aa5539-55/model.bpk,model.bpk,.bpk,392752,abb3fd3980b82ec5540346e52a78075860bbd1b3111efa2248498eb416023801,2026-07-19T16:17:55,True
study_runs,V100_P0_MINI_I05_R02,study_runs/V100_P0_MINI_I05_R02/checkpoint/8b4ad2ac4960487da7beea3df7b51b4e_iteration2/generated/checkpoints/MovieLens100K-d6f3ec58/LensKit.PopScorer-f4aa5539-55/predictions.json,predictions.json,.json,38549023,8745881e42b1132dca501c95b47b6135c3e7e491c44469167d7eb108ff997e34,2026-07-19T16:18:42,True
study_runs,V100_P0_MINI_I05_R02,study_runs/V100_P0_MINI_I05_R02/checkpoint/8b4ad2ac4960487da7beea3df7b51b4e_iteration2/generated/checkpoints/out.log,out.log,.log,0,e3b0c44298fc1c149afbf4c8996fb92427ae41e4649b934ca495991b7852b855,2026-07-19T16:01:48,True
study_runs,V100_P0_MINI_I05_R02,study_runs/V100_P0_MINI_I05_R02/checkpoint/8b4ad2ac4960487da7beea3df7b51b4e_iteration2/generated/checkpoints/progress.json,progress.json,.json,2585,a381a5656425c899ae8bfdf79dc350dd7dfc841ee10b6d89a6292207f034d41c,2026-07-19T16:18:52,True
study_runs,V100_P0_MINI_I05_R02,study_runs/V100_P0_MINI_I05_R02/checkpoint/8b4ad2ac4960487da7beea3df7b51b4e_iteration2/generated/checkpoints/results.json,results.json,.json,11022,9d37cf3094db060399c5e06303944eacb794ea982903497d6f43b6d23f16b07a,2026-07-19T16:18:52,True
study_runs,V100_P0_MINI_I05_R02,study_runs/V100_P0_MINI_I05_R02/checkpoint/8b4ad2ac4960487da7beea3df7b51b4e_iteration2/out.log,out.log,.log,37548,3fca7d446eaa5d9aa9b36a87b6bfb0268bcf5fb2413b20eeda76b4c9fbd848bb,2026-07-19T16:18:53,True
study_runs,V100_P0_MINI_I05_R02,study_runs/V100_P0_MINI_I05_R02/checkpoint/8b4ad2ac4960487da7beea3df7b51b4e_seed/code.py,code.py,.py,2848,3dec87a543b8d59f69fae6f33d113965f66ca31d55b07821681985d862e2af0d,2026-07-19T15:59:55,True
study_runs,V100_P0_MINI_I05_R02,study_runs/V100_P0_MINI_I05_R02/checkpoint/8b4ad2ac4960487da7beea3df7b51b4e_seed/exec_result.pkl,exec_result.pkl,.pkl,4844,3b9257440b919eedab33fa0744c9de612c16a641db82eabe1ad0f1774a95733e,2026-07-19T15:56:59,True
study_runs,V100_P0_MINI_I05_R02,study_runs/V100_P0_MINI_I05_R02/checkpoint/8b4ad2ac4960487da7beea3df7b51b4e_seed/generated/checkpoints/err.log,err.log,.log,1195,4da430e9659bb61bd72765495936d07d95cfc1fd625a65a3cfd549baa46343ae,2026-07-19T15:56:58,True
study_runs,V100_P0_MINI_I05_R02,study_runs/V100_P0_MINI_I05_R02/checkpoint/8b4ad2ac4960487da7beea3df7b51b4e_seed/generated/checkpoints/MovieLens100K-c0b4b14e/LensKit.ItemKNNScorer-c3d66610-42/model.bpk,model.bpk,.bpk,3105861,90e6a47cd042c78a1570934e7dcd3f36bbe83cb60811ed54ffd5d74ddcaa5ab9,2026-07-19T15:56:12,True
study_runs,V100_P0_MINI_I05_R02,study_runs/V100_P0_MINI_I05_R02/checkpoint/8b4ad2ac4960487da7beea3df7b51b4e_seed/generated/checkpoints/MovieLens100K-c0b4b14e/LensKit.ItemKNNScorer-c3d66610-42/predictions.json,predictions.json,.json,37268491,bdfa82a0f91758a8d3f2bdecdbdda1c90a763d3b50d6da64a6270a6cfc6f7fb1,2026-07-19T15:56:49,True
study_runs,V100_P0_MINI_I05_R02,study_runs/V100_P0_MINI_I05_R02/checkpoint/8b4ad2ac4960487da7beea3df7b51b4e_seed/generated/checkpoints/out.log,out.log,.log,0,e3b0c44298fc1c149afbf4c8996fb92427ae41e4649b934ca495991b7852b855,2026-07-19T15:56:58,True
study_runs,V100_P0_MINI_I05_R02,study_runs/V100_P0_MINI_I05_R02/checkpoint/8b4ad2ac4960487da7beea3df7b51b4e_seed/generated/checkpoints/progress.json,progress.json,.json,196,67adffde1196fe6892c9c08d9079932e9cced9bfb7c4869c9ad21b26bdd1c920,2026-07-19T15:56:57,True
study_runs,V100_P0_MINI_I05_R02,study_runs/V100_P0_MINI_I05_R02/checkpoint/8b4ad2ac4960487da7beea3df7b51b4e_seed/generated/checkpoints/results.json,results.json,.json,275,7bf284a3c840e0568c09bee3466e49614fcfe39ca398b58336b3e8a7f3c7d624,2026-07-19T15:56:58,True
study_runs,V100_P0_MINI_I05_R02,study_runs/V100_P0_MINI_I05_R02/checkpoint/8b4ad2ac4960487da7beea3df7b51b4e_seed/generated/prototype_metrics_plot.png,prototype_metrics_plot.png,.png,24398,71985cc9b22e9c26c2eba05efa14c561c321f0cb6a372c69ecd8c92606ad3ae9,2026-07-19T15:56:58,True
study_runs,V100_P0_MINI_I05_R02,study_runs/V100_P0_MINI_I05_R02/checkpoint/8b4ad2ac4960487da7beea3df7b51b4e_seed/generated/prototype_results_movielens_itemknn.csv,prototype_results_movielens_itemknn.csv,.csv,173,807a32ec7cc9f83ef15e901388dc89c65f25f2152a8e37277057006e0630a71a,2026-07-19T15:56:58,True
study_runs,V100_P0_MINI_I05_R02,study_runs/V100_P0_MINI_I05_R02/checkpoint/8b4ad2ac4960487da7beea3df7b51b4e_seed/out.log,out.log,.log,4613,87e15b67100cec6b47c822309c4119e171c2ad23383cf8b018120487f06d5243,2026-07-19T15:56:59,True
study_runs,V100_P0_MINI_I05_R02,study_runs/V100_P0_MINI_I05_R02/checkpoint/97475fff7a0d4393872f1e96ef9a0908/code.py,code.py,.py,3222,4db2b2c0566f9e3d2168d11476deabc2ceb4df7f417ac16231b4a6a7c18e7035,2026-07-19T15:54:57,True
study_runs,V100_P0_MINI_I05_R02,study_runs/V100_P0_MINI_I05_R02/checkpoint/97475fff7a0d4393872f1e96ef9a0908/exec_result.pkl,exec_result.pkl,.pkl,3461,e4e34a16b8a9254afbb779e9155cef36038eb214ca1831a94d15a9f9d600b628,2026-07-19T15:53:15,True
study_runs,V100_P0_MINI_I05_R02,study_runs/V100_P0_MINI_I05_R02/checkpoint/97475fff7a0d4393872f1e96ef9a0908/out.log,out.log,.log,3258,8944ff434f6f7805826c04d6e8284a7187686532e765791a1fbe87757219cf2a,2026-07-19T15:53:15,True
study_runs,V100_P0_MINI_I05_R02,study_runs/V100_P0_MINI_I05_R02/checkpoint/b8edfc10aa494f6c80e9b589eefd6d98/code.py,code.py,.py,2863,a50e2170a0ebbb4bc1cbd95a3a9cf75c992f61856c642ae43c6de3540b8b0749,2026-07-19T15:53:52,True
study_runs,V100_P0_MINI_I05_R02,study_runs/V100_P0_MINI_I05_R02/checkpoint/b8edfc10aa494f6c80e9b589eefd6d98/exec_result.pkl,exec_result.pkl,.pkl,3469,64ca0b80535737dc135bb3929447009ecdb7d785bdf71e1ea97cdb2f8e906236,2026-07-19T15:51:56,True
study_runs,V100_P0_MINI_I05_R02,study_runs/V100_P0_MINI_I05_R02/checkpoint/b8edfc10aa494f6c80e9b589eefd6d98/out.log,out.log,.log,3266,fb056a03ca3fb1a4b6b9f96af7b8ca31e3b78288f7628768fd4aa11351512606,2026-07-19T15:51:56,True
study_runs,V100_P0_MINI_I05_R02,study_runs/V100_P0_MINI_I05_R02/checkpoint/e57e1159faca46f9a9d3ff50d55f79ea/code.py,code.py,.py,2763,bb513aab245820189f2e0b7de5f379693088dad204070d0d34999e04a147fad3,2026-07-19T15:52:38,True
study_runs,V100_P0_MINI_I05_R02,study_runs/V100_P0_MINI_I05_R02/checkpoint/e57e1159faca46f9a9d3ff50d55f79ea/exec_result.pkl,exec_result.pkl,.pkl,3451,0a38cf7b780a6b466359ba0f003dce60d87a161a5571eb4256a75feba8373da8,2026-07-19T15:50:38,True
study_runs,V100_P0_MINI_I05_R02,study_runs/V100_P0_MINI_I05_R02/checkpoint/e57e1159faca46f9a9d3ff50d55f79ea/out.log,out.log,.log,3248,fa8f66137b2bde6896d5fb18652eabd3535fab1b7b592bcc3b2e2b3baffef126,2026-07-19T15:50:38,True
study_runs,V100_P0_MINI_I05_R02,study_runs/V100_P0_MINI_I05_R02/checkpoint/f10f771f2c3b4b168286e73743819435/code.py,code.py,.py,4066,b47e6551868cb7229bd07a52213bb8d464a7b19a5d6d7dd17b5653ae44bc0f85,2026-07-19T15:47:42,True
study_runs,V100_P0_MINI_I05_R02,study_runs/V100_P0_MINI_I05_R02/checkpoint/f10f771f2c3b4b168286e73743819435/exec_result.pkl,exec_result.pkl,.pkl,3291,f5025effd90a45980aa1209315fb823f0551185cecd1e5cc84b84c5f3e485272,2026-07-19T15:45:17,True
study_runs,V100_P0_MINI_I05_R02,study_runs/V100_P0_MINI_I05_R02/checkpoint/f10f771f2c3b4b168286e73743819435/out.log,out.log,.log,3094,ce5579af0f89555be13a65faec62444113fd79d524f0d4d6e620b7b724d81951,2026-07-19T15:45:17,True
study_runs,V100_P0_MINI_I05_R02,study_runs/V100_P0_MINI_I05_R02/code_requirements_final.json,code_requirements_final.json,.json,1372,6c9c572b32af0e2b6508edcf764aafc79dfaa05bb901f6ffd04eaed5c4caade7,2026-07-19T15:55:46,True
study_runs,V100_P0_MINI_I05_R02,study_runs/V100_P0_MINI_I05_R02/code_requirements_prototype.json,code_requirements_prototype.json,.json,697,7e389b6880c82f121a7c1ff3fdb6daa73501c227c589f6b78449f298efce3485,2026-07-19T15:43:22,True
study_runs,V100_P0_MINI_I05_R02,study_runs/V100_P0_MINI_I05_R02/config.source.toml,config.source.toml,.toml,386,43ad328d9e971575946598bc6c906a320d878b57103e5825b7bc1b351074558f,2026-07-19T15:42:43,True
study_runs,V100_P0_MINI_I05_R02,study_runs/V100_P0_MINI_I05_R02/config.toml,config.toml,.toml,416,9a0c548319f5ae9b3d237b3b863a4d7a9b5ddb65e7adf193317ccf1658657959,2026-07-19T15:42:43,True
study_runs,V100_P0_MINI_I05_R02,study_runs/V100_P0_MINI_I05_R02/costs_log.csv,costs_log.csv,.csv,11836,65dcd92b0414486a2b3dae6476056b68e17e8cf1286e0342b0adf94bb7289890,2026-07-19T16:19:26,True
study_runs,V100_P0_MINI_I05_R02,study_runs/V100_P0_MINI_I05_R02/debug.log,debug.log,.log,270440,6aa34c131bdeb6a864b52c9cbff147b9912c321584d39030edb771891f7d4ff3,2026-07-19T16:19:30,True
study_runs,V100_P0_MINI_I05_R02,study_runs/V100_P0_MINI_I05_R02/entered_prompt.txt,entered_prompt.txt,.txt,946,dc790c0f84813ae9f582a14783c06db3ee59faaa98d800c6bf831f5ad0d041ab,2026-07-19T15:42:43,True
study_runs,V100_P0_MINI_I05_R02,study_runs/V100_P0_MINI_I05_R02/save.pkl,save.pkl,.pkl,111712,9da953e24ab85e22d3ebb254905b7b956d3a4fb0ddedd31ffd9e7709ca9d486b,2026-07-19T15:55:05,True
study_runs,V100_P0_MINI_I05_R02,study_runs/V100_P0_MINI_I05_R02/statistics/0_f10f771f2c3b4b168286e73743819435.txt,0_f10f771f2c3b4b168286e73743819435.txt,.txt,467,722d9a1c2421436d38a2617353319a07009871041689ca5d25458d72ac81f8fb,2026-07-19T15:45:54,True
study_runs,V100_P0_MINI_I05_R02,study_runs/V100_P0_MINI_I05_R02/statistics/1_042e93d175e94b8bac8df8e1cd39aaa4.txt,1_042e93d175e94b8bac8df8e1cd39aaa4.txt,.txt,453,011dd1b9444f2bca2dc0edac106fa6b8da0e3654ce2e531ee4350acee3f6f352,2026-07-19T15:47:42,True
study_runs,V100_P0_MINI_I05_R02,study_runs/V100_P0_MINI_I05_R02/statistics/2_8b4ad2ac4960487da7beea3df7b51b4e.txt,2_8b4ad2ac4960487da7beea3df7b51b4e.txt,.txt,447,d418b97f507e9cddae0572f35883f22d1c6eaae62f7efcf70560846a1d983da6,2026-07-19T15:49:59,True
study_runs,V100_P0_MINI_I05_R02,study_runs/V100_P0_MINI_I05_R02/statistics/3_e57e1159faca46f9a9d3ff50d55f79ea.txt,3_e57e1159faca46f9a9d3ff50d55f79ea.txt,.txt,448,137c490209694c9081d637a7a41ece321b25aa750dce4e32794d58e4a8cd9cd9,2026-07-19T15:51:20,True
study_runs,V100_P0_MINI_I05_R02,study_runs/V100_P0_MINI_I05_R02/statistics/4_b8edfc10aa494f6c80e9b589eefd6d98.txt,4_b8edfc10aa494f6c80e9b589eefd6d98.txt,.txt,446,31f0cd7383bc1058287f2cb7bf8294d56d6dcee3b9f9589475018a034839f8a1,2026-07-19T15:52:38,True
study_runs,V100_P0_MINI_I05_R02,study_runs/V100_P0_MINI_I05_R02/statistics/5_97475fff7a0d4393872f1e96ef9a0908.txt,5_97475fff7a0d4393872f1e96ef9a0908.txt,.txt,448,73549f01aa99fdbe60573d8d2a176c4dcc28e1d7b3c92eade9f2d6062c62d7ba,2026-07-19T15:53:52,True
study_runs,V100_P0_MINI_I05_R02,study_runs/V100_P0_MINI_I05_R02/statistics/6_06fe3a757a8f4a78a7e88be8ee026ef1.txt,6_06fe3a757a8f4a78a7e88be8ee026ef1.txt,.txt,449,83a924d37d1d46b3355d13920b4ba723d2ee880a69eb752bf01821c22edaa2e3,2026-07-19T15:54:58,True
study_runs,V100_P0_MINI_I05_R02,study_runs/V100_P0_MINI_I05_R02/statistics/7_8b4ad2ac4960487da7beea3df7b51b4e_seed.txt,7_8b4ad2ac4960487da7beea3df7b51b4e_seed.txt,.txt,466,9b5cf8bcac463d2903aac8a0a945a8517849ed14322b61e45abbefdd815aeb1b,2026-07-19T15:58:01,True
study_runs,V100_P0_MINI_I05_R02,study_runs/V100_P0_MINI_I05_R02/statistics/8_8b4ad2ac4960487da7beea3df7b51b4e_iteration1.txt,8_8b4ad2ac4960487da7beea3df7b51b4e_iteration1.txt,.txt,490,6dd8ea68e301bb86c682aa518ca613aef72e8f41a31ccbb603f6f82697471bd3,2026-07-19T15:59:55,True
study_runs,V100_P0_MINI_I05_R02,study_runs/V100_P0_MINI_I05_R02/statistics/9_8b4ad2ac4960487da7beea3df7b51b4e_iteration2.txt,9_8b4ad2ac4960487da7beea3df7b51b4e_iteration2.txt,.txt,473,5e969ff6f389d2f3f7c6e35b348b62935f1c072f2c88deff9a699bbedd83b068,2026-07-19T16:19:20,True
study_runs,V100_P0_MINI_I05_R02,study_runs/V100_P0_MINI_I05_R02/statistics/arguments_per_function.png,arguments_per_function.png,.png,57623,3497926bc46658810211e20a0a0b67b516b713f13548c4653a806e6d83221ec0,2026-07-19T16:19:29,True
study_runs,V100_P0_MINI_I05_R02,study_runs/V100_P0_MINI_I05_R02/statistics/classes.png,classes.png,.png,41313,e76dbd7a44f6a104e5475795a55d4149605e98c0b49f3f30da4dc6cb938dde57,2026-07-19T16:19:28,True
study_runs,V100_P0_MINI_I05_R02,study_runs/V100_P0_MINI_I05_R02/statistics/comment_lines.png,comment_lines.png,.png,60004,789fd140c3430cf70a6de952452d97ad26f9e0811db1e446dc602d96976bc187,2026-07-19T16:19:27,True
study_runs,V100_P0_MINI_I05_R02,study_runs/V100_P0_MINI_I05_R02/statistics/conditions.png,conditions.png,.png,51710,9e1eafe5e2c62d9fd81e9b3068c6852fdf5212aed3a730b2952c082f9c0cec7b,2026-07-19T16:19:29,True
study_runs,V100_P0_MINI_I05_R02,study_runs/V100_P0_MINI_I05_R02/statistics/deletions.png,deletions.png,.png,68368,bf247580e0885ba7a636e0e8d33d259b93fcdfbb0b50d0a8fe437e4dcf5613f7,2026-07-19T16:19:30,True
study_runs,V100_P0_MINI_I05_R02,study_runs/V100_P0_MINI_I05_R02/statistics/empty_lines.png,empty_lines.png,.png,52112,6c62833f40d74c8fdf083f02b3d46074bc99e34abd11b84ab2a1ee22b7837060,2026-07-19T16:19:27,True
study_runs,V100_P0_MINI_I05_R02,study_runs/V100_P0_MINI_I05_R02/statistics/execution_time.png,execution_time.png,.png,57591,28cb5e360ffa9a41d1c1f671cdeec3e941f85062398b05d0826630a0b3f5b52f,2026-07-19T16:19:26,True
study_runs,V100_P0_MINI_I05_R02,study_runs/V100_P0_MINI_I05_R02/statistics/functions.png,functions.png,.png,45104,8e6f6d6e832c22fd8048a91882f6a52a5d4a49be237618b7bc52bfa194670017,2026-07-19T16:19:28,True
study_runs,V100_P0_MINI_I05_R02,study_runs/V100_P0_MINI_I05_R02/statistics/insertions.png,insertions.png,.png,69505,7386b090af86f9020b06569b9068c2558ecfadb3447e40e7715e39a3cb37407b,2026-07-19T16:19:30,True
study_runs,V100_P0_MINI_I05_R02,study_runs/V100_P0_MINI_I05_R02/statistics/libraries_imported.png,libraries_imported.png,.png,47369,18bfe1f888295ece31e3e3e2743895354817d7e1eb6a50985d6692dcbe3fa413,2026-07-19T16:19:28,True
study_runs,V100_P0_MINI_I05_R02,study_runs/V100_P0_MINI_I05_R02/statistics/lines_of_code.png,lines_of_code.png,.png,56609,a9a425b2e740f2206e46b5e011e92c54ca8f9d8bf8bcb89c41c46f7052e54753,2026-07-19T16:19:27,True
study_runs,V100_P0_MINI_I05_R02,study_runs/V100_P0_MINI_I05_R02/statistics/loops.png,loops.png,.png,51642,ca31831d7d81e2f2bd9e32c551aeee1a90712789bd56ee8d9d59795b09147127,2026-07-19T16:19:29,True
study_runs,V100_P0_MINI_I05_R02,study_runs/V100_P0_MINI_I05_R02/statistics/summary_overall_nodes.txt,summary_overall_nodes.txt,.txt,486,1a4c61b3968bcf02e6eaef2908faac97e6f65bd7f33ff78e8137b450f910e27d,2026-07-19T16:19:26,True
study_runs,V100_P0_MINI_I05_R02,study_runs/V100_P0_MINI_I05_R02/statistics/total_characters.png,total_characters.png,.png,68487,5e9b2e7206fd089ff6e99a85cb95b048fff60d903de991aad15790d5bc007939,2026-07-19T16:19:27,True
study_runs,V100_P0_MINI_I05_R02,study_runs/V100_P0_MINI_I05_R02/statistics/variable_assignments.png,variable_assignments.png,.png,63293,9cc727c41e613f0901ad4af442ba58ca0fca0003365c22cc17f9aad7179b4bb2,2026-07-19T16:19:29,True
study_runs,V100_P0_MINI_I05_R02,study_runs/V100_P0_MINI_I05_R02/summary.md,summary.md,.md,3554,5c850b76b48b839e68463c64ed8bdc026183ae445d6f51cb7f0717eaf6380f08,2026-07-19T16:19:26,True
study_runs,V100_P0_MINI_I05_R02,study_runs/V100_P0_MINI_I05_R02/tree_render/pdf/combined_tree.pdf,combined_tree.pdf,.pdf,21963,11c17c7245003d6f22a188762e720aa255a322782cb33a02d86be8ff8be3d0b4,2026-07-19T15:55:04,True
study_runs,V100_P0_MINI_I05_R02,study_runs/V100_P0_MINI_I05_R02/tree_render/pdf/tree_0.pdf,tree_0.pdf,.pdf,19196,4f1580da58ed30ead430672c8b072c8ccfc3708e7dada6305218884197e834bc,2026-07-19T15:54:59,True
study_runs,V100_P0_MINI_I05_R02,study_runs/V100_P0_MINI_I05_R02/tree_render/pdf/tree_1.pdf,tree_1.pdf,.pdf,21447,d1a5ab68cea081c2b04dee9d7b692ea65652cfbb3402eef124f01a1d0fc519bb,2026-07-19T15:55:02,True
study_runs,V100_P0_MINI_I05_R02,study_runs/V100_P0_MINI_I05_R02/tree_render/png/combined_tree.png,combined_tree.png,.png,61270,d941475a63649ec717f9d26ef5069ae5b54399772950359fe2b939d0f6c09417,2026-07-19T15:55:03,True
study_runs,V100_P0_MINI_I05_R02,study_runs/V100_P0_MINI_I05_R02/tree_render/png/tree_0.png,tree_0.png,.png,11655,04e73d8f81c3a289741fb20763a9cd9901ead07aaefcf6ce481a97148cc107fb,2026-07-19T15:54:58,True
study_runs,V100_P0_MINI_I05_R02,study_runs/V100_P0_MINI_I05_R02/tree_render/png/tree_1.png,tree_1.png,.png,59667,84cc3027a3caf560e561a1dda05ec8434fa3a7a16700a34a645bbea228dd5300,2026-07-19T15:55:01,True
study_runs,V100_P0_MINI_I05_R02,study_runs/V100_P0_MINI_I05_R02/tree_render/svg/combined_tree.svg,combined_tree.svg,.svg,10514,ee930e883d99581a839dc8705f85d145db66ad6b69851fd281575ee1cfcbf25e,2026-07-19T15:55:05,True
study_runs,V100_P0_MINI_I05_R02,study_runs/V100_P0_MINI_I05_R02/tree_render/svg/tree_0.svg,tree_0.svg,.svg,1611,287981cd84aadc604e38ae18176983f84f2192547a5915a7114a576f0b74f3bc,2026-07-19T15:55:00,True
study_runs,V100_P0_MINI_I05_R02,study_runs/V100_P0_MINI_I05_R02/tree_render/svg/tree_1.svg,tree_1.svg,.svg,9469,756ade5ac9221a23bbcd0da51dfaea2d6cdbb17559359fe39ae2c52b404f684a,2026-07-19T15:55:02,True
study_runs,V100_P0_MINI_I05_R03,study_runs/V100_P0_MINI_I05_R03/checkpoint/2ca5630c0a7741de889f82bc7f2e2ff0/code.py,code.py,.py,2881,f0e11b0b16dedf7697c54039d150e38fcb92d198b98be9cab846fd5e6fe470ba,2026-07-19T16:00:18,True
study_runs,V100_P0_MINI_I05_R03,study_runs/V100_P0_MINI_I05_R03/checkpoint/2ca5630c0a7741de889f82bc7f2e2ff0/exec_result.pkl,exec_result.pkl,.pkl,3473,117bb86f01dcf44492a170e84cbf21533c6c3ce1fab25fe5a74f47e44a9e54d3,2026-07-19T15:51:40,True
study_runs,V100_P0_MINI_I05_R03,study_runs/V100_P0_MINI_I05_R03/checkpoint/2ca5630c0a7741de889f82bc7f2e2ff0/out.log,out.log,.log,3270,3197e8e8bb1b57d2d9660e2b0db1b52c00c6ca3ebbbb52f8f95787da63603b15,2026-07-19T15:51:40,True
study_runs,V100_P0_MINI_I05_R03,study_runs/V100_P0_MINI_I05_R03/checkpoint/4bae3cfa9f6b4a4bb4b360ee0c788768/code.py,code.py,.py,2854,8e88ce7e76479ca378322f266269d55df4e6c3ee61b7974e8197bd15700274f4,2026-07-19T16:08:35,True
study_runs,V100_P0_MINI_I05_R03,study_runs/V100_P0_MINI_I05_R03/checkpoint/4bae3cfa9f6b4a4bb4b360ee0c788768/exec_result.pkl,exec_result.pkl,.pkl,21174,df835ed76cf161cb52e992e390d96d72dbd6add47ba7d9fd5caeb36c561c6ffb,2026-07-19T15:59:50,True
study_runs,V100_P0_MINI_I05_R03,study_runs/V100_P0_MINI_I05_R03/checkpoint/4bae3cfa9f6b4a4bb4b360ee0c788768/generated/checkpoints/err.log,err.log,.log,5975,c82c303c9ab0d729d313294053b2514230acc97ddc79eb833b90d24ba6e03c72,2026-07-19T15:59:49,True
study_runs,V100_P0_MINI_I05_R03,study_runs/V100_P0_MINI_I05_R03/checkpoint/4bae3cfa9f6b4a4bb4b360ee0c788768/generated/checkpoints/MovieLens100K-938abed0/LensKit.ImplicitMFScorer-f0dd7ecb-1/model.bpk,model.bpk,.bpk,1132665,c7dc23d496dd90327b025221bbedee9bfe902ed87330fc4a444c391d81f3fd5b,2026-07-19T15:53:09,True
study_runs,V100_P0_MINI_I05_R03,study_runs/V100_P0_MINI_I05_R03/checkpoint/4bae3cfa9f6b4a4bb4b360ee0c788768/generated/checkpoints/MovieLens100K-938abed0/LensKit.ImplicitMFScorer-f0dd7ecb-1/predictions.json,predictions.json,.json,39281414,d4381314a7a0171da723c9d65ba3031c0969ac647c890d24a5eacf2aac89f77c,2026-07-19T15:54:05,True
study_runs,V100_P0_MINI_I05_R03,study_runs/V100_P0_MINI_I05_R03/checkpoint/4bae3cfa9f6b4a4bb4b360ee0c788768/generated/checkpoints/MovieLens100K-938abed0/LensKit.ImplicitMFScorer-f0dd7ecb-2/model.bpk,model.bpk,.bpk,1133912,561115f426bf18130963efbf84084529b38e22913df10e67289834dea61f800c,2026-07-19T15:54:33,True
study_runs,V100_P0_MINI_I05_R03,study_runs/V100_P0_MINI_I05_R03/checkpoint/4bae3cfa9f6b4a4bb4b360ee0c788768/generated/checkpoints/MovieLens100K-938abed0/LensKit.ImplicitMFScorer-f0dd7ecb-2/predictions.json,predictions.json,.json,39322161,a949646fdb05cb5af46f1d89bbb92c74cb682160b0197a90ddbfaaa45aa19ec4,2026-07-19T15:55:28,True
study_runs,V100_P0_MINI_I05_R03,study_runs/V100_P0_MINI_I05_R03/checkpoint/4bae3cfa9f6b4a4bb4b360ee0c788768/generated/checkpoints/MovieLens100K-938abed0/LensKit.ImplicitMFScorer-f0dd7ecb-3/model.bpk,model.bpk,.bpk,1132836,96dd7d59a944ef81f79c55bb6ea42bf198e16a1fa7f5034a43651cfb51ea308d,2026-07-19T15:55:59,True
study_runs,V100_P0_MINI_I05_R03,study_runs/V100_P0_MINI_I05_R03/checkpoint/4bae3cfa9f6b4a4bb4b360ee0c788768/generated/checkpoints/MovieLens100K-938abed0/LensKit.ImplicitMFScorer-f0dd7ecb-3/predictions.json,predictions.json,.json,39317548,174590343309acb1ca4195cf2e53ce666ad7e0058588304e656db8ec3ad96dad,2026-07-19T15:56:56,True
study_runs,V100_P0_MINI_I05_R03,study_runs/V100_P0_MINI_I05_R03/checkpoint/4bae3cfa9f6b4a4bb4b360ee0c788768/generated/checkpoints/MovieLens100K-938abed0/LensKit.ImplicitMFScorer-f0dd7ecb-4/model.bpk,model.bpk,.bpk,1133899,7b42a9a0049e7609df906af7120ccc713d8299da86d59aa85ae1a263fea5c9f9,2026-07-19T15:57:22,True
study_runs,V100_P0_MINI_I05_R03,study_runs/V100_P0_MINI_I05_R03/checkpoint/4bae3cfa9f6b4a4bb4b360ee0c788768/generated/checkpoints/MovieLens100K-938abed0/LensKit.ImplicitMFScorer-f0dd7ecb-4/predictions.json,predictions.json,.json,39357813,6b1fae08e262df9ae34db6e1f90557b96f05a43b55398aa764276e787104cd40,2026-07-19T15:58:17,True
study_runs,V100_P0_MINI_I05_R03,study_runs/V100_P0_MINI_I05_R03/checkpoint/4bae3cfa9f6b4a4bb4b360ee0c788768/generated/checkpoints/MovieLens100K-938abed0/LensKit.ImplicitMFScorer-f0dd7ecb-5/model.bpk,model.bpk,.bpk,1133520,bbb90ffa910f1e01babd7f63a89f14a794379197a455488b2670abe6c769f9e4,2026-07-19T15:58:45,True
study_runs,V100_P0_MINI_I05_R03,study_runs/V100_P0_MINI_I05_R03/checkpoint/4bae3cfa9f6b4a4bb4b360ee0c788768/generated/checkpoints/MovieLens100K-938abed0/LensKit.ImplicitMFScorer-f0dd7ecb-5/predictions.json,predictions.json,.json,39281352,c05057423df97bf96e7129916f618fb4417e3d0207d53a82f8bffbed76a95350,2026-07-19T15:59:39,True
study_runs,V100_P0_MINI_I05_R03,study_runs/V100_P0_MINI_I05_R03/checkpoint/4bae3cfa9f6b4a4bb4b360ee0c788768/generated/checkpoints/out.log,out.log,.log,0,e3b0c44298fc1c149afbf4c8996fb92427ae41e4649b934ca495991b7852b855,2026-07-19T15:54:13,True
study_runs,V100_P0_MINI_I05_R03,study_runs/V100_P0_MINI_I05_R03/checkpoint/4bae3cfa9f6b4a4bb4b360ee0c788768/generated/checkpoints/progress.json,progress.json,.json,890,518fba572f280db4b5d7aba9b90e23ca3def986038d73f93f4f458b42f83fd97,2026-07-19T15:59:48,True
study_runs,V100_P0_MINI_I05_R03,study_runs/V100_P0_MINI_I05_R03/checkpoint/4bae3cfa9f6b4a4bb4b360ee0c788768/generated/checkpoints/results.json,results.json,.json,642,125853159afba84b76e62213ac82bd0cb4c5c06c05359e912bdeed2ff984713e,2026-07-19T15:59:49,True
study_runs,V100_P0_MINI_I05_R03,study_runs/V100_P0_MINI_I05_R03/checkpoint/4bae3cfa9f6b4a4bb4b360ee0c788768/generated/ndcg10_by_seed.png,ndcg10_by_seed.png,.png,43562,6c2626b35c974c3e0501adfbb7e78c65a314d9db134ed0254a55948119f3b532,2026-07-19T15:59:49,True
study_runs,V100_P0_MINI_I05_R03,study_runs/V100_P0_MINI_I05_R03/checkpoint/4bae3cfa9f6b4a4bb4b360ee0c788768/generated/prototype_runs.csv,prototype_runs.csv,.csv,1249,9aa8cffdce0e48d91fe6117e963cadc4e2d47f487f19ecc4e78cf9ce99400df1,2026-07-19T15:59:49,True
study_runs,V100_P0_MINI_I05_R03,study_runs/V100_P0_MINI_I05_R03/checkpoint/4bae3cfa9f6b4a4bb4b360ee0c788768/out.log,out.log,.log,20553,5207fd5ceb65fe09cc9eeef48601d6ec998033cab4855ec92dc503cc5c8c3a34,2026-07-19T15:59:50,True
study_runs,V100_P0_MINI_I05_R03,study_runs/V100_P0_MINI_I05_R03/checkpoint/64f1c4aae39d4cc68f747732d8232c0e/code.py,code.py,.py,2748,5227f084ee57795c44debaf9bfd2ce9ccbbebbcf236337ca4d45451e003bcc9e,2026-07-19T16:16:44,True
study_runs,V100_P0_MINI_I05_R03,study_runs/V100_P0_MINI_I05_R03/checkpoint/64f1c4aae39d4cc68f747732d8232c0e/exec_result.pkl,exec_result.pkl,.pkl,21612,7fb609e14985dc0bf9418295ed73d22756ee525cdba607dd9a44f88111d25b8c,2026-07-19T16:08:05,True
study_runs,V100_P0_MINI_I05_R03,study_runs/V100_P0_MINI_I05_R03/checkpoint/64f1c4aae39d4cc68f747732d8232c0e/generated/checkpoints/err.log,err.log,.log,5975,c82c303c9ab0d729d313294053b2514230acc97ddc79eb833b90d24ba6e03c72,2026-07-19T16:08:04,True
study_runs,V100_P0_MINI_I05_R03,study_runs/V100_P0_MINI_I05_R03/checkpoint/64f1c4aae39d4cc68f747732d8232c0e/generated/checkpoints/MovieLens100K-938abed0/LensKit.ImplicitMFScorer-f0dd7ecb-1/model.bpk,model.bpk,.bpk,1132776,63bfedc26ac5aa26b0f8abdbfde5df8c445781a37093fcb2f3821d512f56eadf,2026-07-19T16:01:17,True
study_runs,V100_P0_MINI_I05_R03,study_runs/V100_P0_MINI_I05_R03/checkpoint/64f1c4aae39d4cc68f747732d8232c0e/generated/checkpoints/MovieLens100K-938abed0/LensKit.ImplicitMFScorer-f0dd7ecb-1/predictions.json,predictions.json,.json,39280409,7ae15d6a1168a19fdc7c469eaf8de74125b439ae9c95a6d71c8dcbe9817b5f3f,2026-07-19T16:02:12,True
study_runs,V100_P0_MINI_I05_R03,study_runs/V100_P0_MINI_I05_R03/checkpoint/64f1c4aae39d4cc68f747732d8232c0e/generated/checkpoints/MovieLens100K-938abed0/LensKit.ImplicitMFScorer-f0dd7ecb-2/model.bpk,model.bpk,.bpk,1133891,0a1b472f4d3bbfa4175afb9caf6cdd6b169fa72b421046df34d9a816175b45f4,2026-07-19T16:02:44,True
study_runs,V100_P0_MINI_I05_R03,study_runs/V100_P0_MINI_I05_R03/checkpoint/64f1c4aae39d4cc68f747732d8232c0e/generated/checkpoints/MovieLens100K-938abed0/LensKit.ImplicitMFScorer-f0dd7ecb-2/predictions.json,predictions.json,.json,39320152,33661e7414a9733185c145c4d7cf3d45ed64a55c5a096c7ebb30e69ed3a59129,2026-07-19T16:03:38,True
study_runs,V100_P0_MINI_I05_R03,study_runs/V100_P0_MINI_I05_R03/checkpoint/64f1c4aae39d4cc68f747732d8232c0e/generated/checkpoints/MovieLens100K-938abed0/LensKit.ImplicitMFScorer-f0dd7ecb-3/model.bpk,model.bpk,.bpk,1132920,5e07a694b611becc7f9b9082b94da47df444c27c19b96faa5fed1389a3600080,2026-07-19T16:04:08,True
study_runs,V100_P0_MINI_I05_R03,study_runs/V100_P0_MINI_I05_R03/checkpoint/64f1c4aae39d4cc68f747732d8232c0e/generated/checkpoints/MovieLens100K-938abed0/LensKit.ImplicitMFScorer-f0dd7ecb-3/predictions.json,predictions.json,.json,39319317,da462489d996b705ae8c34255e886ab8fbcd82ddf85e997d5504a72cc04e2b57,2026-07-19T16:05:03,True
study_runs,V100_P0_MINI_I05_R03,study_runs/V100_P0_MINI_I05_R03/checkpoint/64f1c4aae39d4cc68f747732d8232c0e/generated/checkpoints/MovieLens100K-938abed0/LensKit.ImplicitMFScorer-f0dd7ecb-4/model.bpk,model.bpk,.bpk,1133882,8c906044d75765b033f9446f70ee62565ea8d4dd934a47d1a7dd24acdfcab3ca,2026-07-19T16:05:34,True
study_runs,V100_P0_MINI_I05_R03,study_runs/V100_P0_MINI_I05_R03/checkpoint/64f1c4aae39d4cc68f747732d8232c0e/generated/checkpoints/MovieLens100K-938abed0/LensKit.ImplicitMFScorer-f0dd7ecb-4/predictions.json,predictions.json,.json,39357220,c20a0e19e230825a5fc4128e904c2d533ef97b55311c5a024fb1cdbccf4c0d4c,2026-07-19T16:06:31,True
study_runs,V100_P0_MINI_I05_R03,study_runs/V100_P0_MINI_I05_R03/checkpoint/64f1c4aae39d4cc68f747732d8232c0e/generated/checkpoints/MovieLens100K-938abed0/LensKit.ImplicitMFScorer-f0dd7ecb-5/model.bpk,model.bpk,.bpk,1133579,fddce46d6a99bf51be7208d9ad311e79e66e458aa98bce8405c78690b4e61d99,2026-07-19T16:06:59,True
study_runs,V100_P0_MINI_I05_R03,study_runs/V100_P0_MINI_I05_R03/checkpoint/64f1c4aae39d4cc68f747732d8232c0e/generated/checkpoints/MovieLens100K-938abed0/LensKit.ImplicitMFScorer-f0dd7ecb-5/predictions.json,predictions.json,.json,39281447,dd478bf77520886c90ddd9ad03121621777b77b5262edff7ba3057e6937d4f3e,2026-07-19T16:07:54,True
study_runs,V100_P0_MINI_I05_R03,study_runs/V100_P0_MINI_I05_R03/checkpoint/64f1c4aae39d4cc68f747732d8232c0e/generated/checkpoints/out.log,out.log,.log,0,e3b0c44298fc1c149afbf4c8996fb92427ae41e4649b934ca495991b7852b855,2026-07-19T16:02:22,True
study_runs,V100_P0_MINI_I05_R03,study_runs/V100_P0_MINI_I05_R03/checkpoint/64f1c4aae39d4cc68f747732d8232c0e/generated/checkpoints/progress.json,progress.json,.json,890,518fba572f280db4b5d7aba9b90e23ca3def986038d73f93f4f458b42f83fd97,2026-07-19T16:08:03,True
study_runs,V100_P0_MINI_I05_R03,study_runs/V100_P0_MINI_I05_R03/checkpoint/64f1c4aae39d4cc68f747732d8232c0e/generated/checkpoints/results.json,results.json,.json,1265,94eeffa4836252ffc5eb893f7d6d5a97c5f1b7b6bdc51e42425a4935e93f049b,2026-07-19T16:08:04,True
study_runs,V100_P0_MINI_I05_R03,study_runs/V100_P0_MINI_I05_R03/checkpoint/64f1c4aae39d4cc68f747732d8232c0e/generated/prototype_runs.csv,prototype_runs.csv,.csv,256,704558893c17525b716ec9cbaea55616bf64eff344e8d67b505efc763606a2e6,2026-07-19T16:08:04,True
study_runs,V100_P0_MINI_I05_R03,study_runs/V100_P0_MINI_I05_R03/checkpoint/64f1c4aae39d4cc68f747732d8232c0e/generated/seed_plot.png,seed_plot.png,.png,23862,450953e11ef6cd538a97fb88a48be9a3f6194248805279ebe38b7e320f3e073d,2026-07-19T16:08:04,True
study_runs,V100_P0_MINI_I05_R03,study_runs/V100_P0_MINI_I05_R03/checkpoint/64f1c4aae39d4cc68f747732d8232c0e/out.log,out.log,.log,21031,7674035fb833196915b36d0aba3c2150d07c3b4eab913541b0146294326e37af,2026-07-19T16:08:05,True
study_runs,V100_P0_MINI_I05_R03,study_runs/V100_P0_MINI_I05_R03/checkpoint/a9663d9dfecc44c6998034c55e22bfe0/code.py,code.py,.py,2636,3e8a37d682929b54711b73b608dfb1bc2cc5beccace86c10af79e54086d13429,2026-07-19T15:52:10,True
study_runs,V100_P0_MINI_I05_R03,study_runs/V100_P0_MINI_I05_R03/checkpoint/a9663d9dfecc44c6998034c55e22bfe0/exec_result.pkl,exec_result.pkl,.pkl,20845,d6ed539ed9b2a3cbe82773a2dd3c5e2a75a810b71f194e45625704d795ff88be,2026-07-19T15:50:30,True
study_runs,V100_P0_MINI_I05_R03,study_runs/V100_P0_MINI_I05_R03/checkpoint/a9663d9dfecc44c6998034c55e22bfe0/generated/checkpoints/err.log,err.log,.log,5975,c82c303c9ab0d729d313294053b2514230acc97ddc79eb833b90d24ba6e03c72,2026-07-19T15:50:29,True
study_runs,V100_P0_MINI_I05_R03,study_runs/V100_P0_MINI_I05_R03/checkpoint/a9663d9dfecc44c6998034c55e22bfe0/generated/checkpoints/MovieLens100K-938abed0/LensKit.ItemKNNScorer-c3d66610-1/model.bpk,model.bpk,.bpk,2780954,8a1da3c175a8183999bfbee85a30fb7e300fe906b55e202fb184f88ef7ca3e5f,2026-07-19T15:45:36,True
study_runs,V100_P0_MINI_I05_R03,study_runs/V100_P0_MINI_I05_R03/checkpoint/a9663d9dfecc44c6998034c55e22bfe0/generated/checkpoints/MovieLens100K-938abed0/LensKit.ItemKNNScorer-c3d66610-1/predictions.json,predictions.json,.json,37538282,5cf4ca7eab1363eae5905b353bab6cd6753d623924431872496b485f0c70343d,2026-07-19T15:46:11,True
study_runs,V100_P0_MINI_I05_R03,study_runs/V100_P0_MINI_I05_R03/checkpoint/a9663d9dfecc44c6998034c55e22bfe0/generated/checkpoints/MovieLens100K-938abed0/LensKit.ItemKNNScorer-c3d66610-2/model.bpk,model.bpk,.bpk,2785880,ebbac227300377fd8d016060ea56f681a61844ac10f74112de31cc556e7bf62a,2026-07-19T15:46:40,True
study_runs,V100_P0_MINI_I05_R03,study_runs/V100_P0_MINI_I05_R03/checkpoint/a9663d9dfecc44c6998034c55e22bfe0/generated/checkpoints/MovieLens100K-938abed0/LensKit.ItemKNNScorer-c3d66610-2/predictions.json,predictions.json,.json,37570479,d49428d2c6b03dacf5942c2d16ddd722c934ae19028b1adf603d20dbceefc19b,2026-07-19T15:47:14,True
study_runs,V100_P0_MINI_I05_R03,study_runs/V100_P0_MINI_I05_R03/checkpoint/a9663d9dfecc44c6998034c55e22bfe0/generated/checkpoints/MovieLens100K-938abed0/LensKit.ItemKNNScorer-c3d66610-3/model.bpk,model.bpk,.bpk,2796719,eaf3c4392838b0bff16663414fd45808cbfcbbd2b768a1b3649f6eb0eba1679c,2026-07-19T15:47:44,True
study_runs,V100_P0_MINI_I05_R03,study_runs/V100_P0_MINI_I05_R03/checkpoint/a9663d9dfecc44c6998034c55e22bfe0/generated/checkpoints/MovieLens100K-938abed0/LensKit.ItemKNNScorer-c3d66610-3/predictions.json,predictions.json,.json,37576771,e5bd2a74f9bc48dd8b522bc99611192fad9372ed0d92694fa40ebddb2aa4be4a,2026-07-19T15:48:09,True
study_runs,V100_P0_MINI_I05_R03,study_runs/V100_P0_MINI_I05_R03/checkpoint/a9663d9dfecc44c6998034c55e22bfe0/generated/checkpoints/MovieLens100K-938abed0/LensKit.ItemKNNScorer-c3d66610-4/model.bpk,model.bpk,.bpk,2800776,538c39be1ad89a43136d4316fb2d6f01820bb5f78ea0cfe93b6e903456e2418b,2026-07-19T15:48:39,True
study_runs,V100_P0_MINI_I05_R03,study_runs/V100_P0_MINI_I05_R03/checkpoint/a9663d9dfecc44c6998034c55e22bfe0/generated/checkpoints/MovieLens100K-938abed0/LensKit.ItemKNNScorer-c3d66610-4/predictions.json,predictions.json,.json,37595531,fffa4eda0077681b7af8db63212b88a20e0944624cc13da4ddfa384d68d5c839,2026-07-19T15:49:17,True
study_runs,V100_P0_MINI_I05_R03,study_runs/V100_P0_MINI_I05_R03/checkpoint/a9663d9dfecc44c6998034c55e22bfe0/generated/checkpoints/MovieLens100K-938abed0/LensKit.ItemKNNScorer-c3d66610-5/model.bpk,model.bpk,.bpk,2789814,bd4b4f9529943c9cd0b8f1674f266d7e247c745af94e686f1c82379a70fb9efd,2026-07-19T15:49:44,True
study_runs,V100_P0_MINI_I05_R03,study_runs/V100_P0_MINI_I05_R03/checkpoint/a9663d9dfecc44c6998034c55e22bfe0/generated/checkpoints/MovieLens100K-938abed0/LensKit.ItemKNNScorer-c3d66610-5/predictions.json,predictions.json,.json,37536795,a95fd12ddee63c7c776927030dae59363356e7ef2bd7671e4336916181bdd2af,2026-07-19T15:50:19,True
study_runs,V100_P0_MINI_I05_R03,study_runs/V100_P0_MINI_I05_R03/checkpoint/a9663d9dfecc44c6998034c55e22bfe0/generated/checkpoints/out.log,out.log,.log,0,e3b0c44298fc1c149afbf4c8996fb92427ae41e4649b934ca495991b7852b855,2026-07-19T15:46:21,True
study_runs,V100_P0_MINI_I05_R03,study_runs/V100_P0_MINI_I05_R03/checkpoint/a9663d9dfecc44c6998034c55e22bfe0/generated/checkpoints/progress.json,progress.json,.json,875,2570e2314c4e052e5562f9a46bf448002f86eeab2f7be504581a71244d33d16d,2026-07-19T15:50:29,True
study_runs,V100_P0_MINI_I05_R03,study_runs/V100_P0_MINI_I05_R03/checkpoint/a9663d9dfecc44c6998034c55e22bfe0/generated/checkpoints/results.json,results.json,.json,1231,1eb041ab5cfef9be7c8913cfb0bc4ba950d0920f93306bf79f48dee87bdffe1d,2026-07-19T15:50:29,True
study_runs,V100_P0_MINI_I05_R03,study_runs/V100_P0_MINI_I05_R03/checkpoint/a9663d9dfecc44c6998034c55e22bfe0/generated/prototype_runs.csv,prototype_runs.csv,.csv,219,d7a60fddd36f57ccfa06f3a4c72d85f3968a9adad34b6fb0b056d01c5cf6dcf8,2026-07-19T15:50:29,True
study_runs,V100_P0_MINI_I05_R03,study_runs/V100_P0_MINI_I05_R03/checkpoint/a9663d9dfecc44c6998034c55e22bfe0/generated/seed_plot.png,seed_plot.png,.png,22608,1b603ef604cbfbfb6371712623f9ba018050ec90c9ff5ae13b9a45baf7a7e417,2026-07-19T15:50:30,True
study_runs,V100_P0_MINI_I05_R03,study_runs/V100_P0_MINI_I05_R03/checkpoint/a9663d9dfecc44c6998034c55e22bfe0/out.log,out.log,.log,20282,12f94851458baa821067f6f7da3354789edf4ac56f9cc8dfd29b79904c0dc584,2026-07-19T15:50:30,True
study_runs,V100_P0_MINI_I05_R03,study_runs/V100_P0_MINI_I05_R03/checkpoint/a9663d9dfecc44c6998034c55e22bfe0_seed/code.py,code.py,.py,2636,3e8a37d682929b54711b73b608dfb1bc2cc5beccace86c10af79e54086d13429,2026-07-19T16:33:33,True
study_runs,V100_P0_MINI_I05_R03,study_runs/V100_P0_MINI_I05_R03/checkpoint/a9663d9dfecc44c6998034c55e22bfe0_seed/exec_result.pkl,exec_result.pkl,.pkl,20845,4afa5b854dd99b8938e0d87fab78f99097afaddbd6449737531c701e6cc8a5d1,2026-07-19T16:32:43,True
study_runs,V100_P0_MINI_I05_R03,study_runs/V100_P0_MINI_I05_R03/checkpoint/a9663d9dfecc44c6998034c55e22bfe0_seed/generated/checkpoints/err.log,err.log,.log,5975,c82c303c9ab0d729d313294053b2514230acc97ddc79eb833b90d24ba6e03c72,2026-07-19T16:32:42,True
study_runs,V100_P0_MINI_I05_R03,study_runs/V100_P0_MINI_I05_R03/checkpoint/a9663d9dfecc44c6998034c55e22bfe0_seed/generated/checkpoints/MovieLens100K-938abed0/LensKit.ItemKNNScorer-c3d66610-1/model.bpk,model.bpk,.bpk,2780950,ef1f9353d8f35a6d078de5baf176409ee2bfa423b13aa1e59f0bfb5a47086333,2026-07-19T16:28:30,True
study_runs,V100_P0_MINI_I05_R03,study_runs/V100_P0_MINI_I05_R03/checkpoint/a9663d9dfecc44c6998034c55e22bfe0_seed/generated/checkpoints/MovieLens100K-938abed0/LensKit.ItemKNNScorer-c3d66610-1/predictions.json,predictions.json,.json,37538282,5cf4ca7eab1363eae5905b353bab6cd6753d623924431872496b485f0c70343d,2026-07-19T16:28:54,True
study_runs,V100_P0_MINI_I05_R03,study_runs/V100_P0_MINI_I05_R03/checkpoint/a9663d9dfecc44c6998034c55e22bfe0_seed/generated/checkpoints/MovieLens100K-938abed0/LensKit.ItemKNNScorer-c3d66610-2/model.bpk,model.bpk,.bpk,2785871,e1f6780842ed2965d2b964bba0e2326b93f4ecb9128122bb284c10c4008d8061,2026-07-19T16:29:24,True
study_runs,V100_P0_MINI_I05_R03,study_runs/V100_P0_MINI_I05_R03/checkpoint/a9663d9dfecc44c6998034c55e22bfe0_seed/generated/checkpoints/MovieLens100K-938abed0/LensKit.ItemKNNScorer-c3d66610-2/predictions.json,predictions.json,.json,37570479,d49428d2c6b03dacf5942c2d16ddd722c934ae19028b1adf603d20dbceefc19b,2026-07-19T16:29:48,True
study_runs,V100_P0_MINI_I05_R03,study_runs/V100_P0_MINI_I05_R03/checkpoint/a9663d9dfecc44c6998034c55e22bfe0_seed/generated/checkpoints/MovieLens100K-938abed0/LensKit.ItemKNNScorer-c3d66610-3/model.bpk,model.bpk,.bpk,2796717,c84a74e28cbb5f2cb85f0b1ba3f81bedfe7499d0aca7ad1be609250bb2a43eee,2026-07-19T16:30:18,True
study_runs,V100_P0_MINI_I05_R03,study_runs/V100_P0_MINI_I05_R03/checkpoint/a9663d9dfecc44c6998034c55e22bfe0_seed/generated/checkpoints/MovieLens100K-938abed0/LensKit.ItemKNNScorer-c3d66610-3/predictions.json,predictions.json,.json,37576771,e5bd2a74f9bc48dd8b522bc99611192fad9372ed0d92694fa40ebddb2aa4be4a,2026-07-19T16:30:42,True
study_runs,V100_P0_MINI_I05_R03,study_runs/V100_P0_MINI_I05_R03/checkpoint/a9663d9dfecc44c6998034c55e22bfe0_seed/generated/checkpoints/MovieLens100K-938abed0/LensKit.ItemKNNScorer-c3d66610-4/model.bpk,model.bpk,.bpk,2800775,0a7329e323769d04f7d23eff037d0e903ab819abce72065bec8135b624309f8e,2026-07-19T16:31:12,True
study_runs,V100_P0_MINI_I05_R03,study_runs/V100_P0_MINI_I05_R03/checkpoint/a9663d9dfecc44c6998034c55e22bfe0_seed/generated/checkpoints/MovieLens100K-938abed0/LensKit.ItemKNNScorer-c3d66610-4/predictions.json,predictions.json,.json,37595531,fffa4eda0077681b7af8db63212b88a20e0944624cc13da4ddfa384d68d5c839,2026-07-19T16:31:37,True
study_runs,V100_P0_MINI_I05_R03,study_runs/V100_P0_MINI_I05_R03/checkpoint/a9663d9dfecc44c6998034c55e22bfe0_seed/generated/checkpoints/MovieLens100K-938abed0/LensKit.ItemKNNScorer-c3d66610-5/model.bpk,model.bpk,.bpk,2789816,df7cb931df91cdf87f5e2b36b8197f4a0e7aaae53f180fef68f2c9dfd326de71,2026-07-19T16:32:07,True
study_runs,V100_P0_MINI_I05_R03,study_runs/V100_P0_MINI_I05_R03/checkpoint/a9663d9dfecc44c6998034c55e22bfe0_seed/generated/checkpoints/MovieLens100K-938abed0/LensKit.ItemKNNScorer-c3d66610-5/predictions.json,predictions.json,.json,37536795,a95fd12ddee63c7c776927030dae59363356e7ef2bd7671e4336916181bdd2af,2026-07-19T16:32:31,True
study_runs,V100_P0_MINI_I05_R03,study_runs/V100_P0_MINI_I05_R03/checkpoint/a9663d9dfecc44c6998034c55e22bfe0_seed/generated/checkpoints/out.log,out.log,.log,0,e3b0c44298fc1c149afbf4c8996fb92427ae41e4649b934ca495991b7852b855,2026-07-19T16:29:06,True
study_runs,V100_P0_MINI_I05_R03,study_runs/V100_P0_MINI_I05_R03/checkpoint/a9663d9dfecc44c6998034c55e22bfe0_seed/generated/checkpoints/progress.json,progress.json,.json,875,2570e2314c4e052e5562f9a46bf448002f86eeab2f7be504581a71244d33d16d,2026-07-19T16:32:42,True
study_runs,V100_P0_MINI_I05_R03,study_runs/V100_P0_MINI_I05_R03/checkpoint/a9663d9dfecc44c6998034c55e22bfe0_seed/generated/checkpoints/results.json,results.json,.json,1231,1eb041ab5cfef9be7c8913cfb0bc4ba950d0920f93306bf79f48dee87bdffe1d,2026-07-19T16:32:42,True
study_runs,V100_P0_MINI_I05_R03,study_runs/V100_P0_MINI_I05_R03/checkpoint/a9663d9dfecc44c6998034c55e22bfe0_seed/generated/prototype_runs.csv,prototype_runs.csv,.csv,219,d7a60fddd36f57ccfa06f3a4c72d85f3968a9adad34b6fb0b056d01c5cf6dcf8,2026-07-19T16:32:42,True
study_runs,V100_P0_MINI_I05_R03,study_runs/V100_P0_MINI_I05_R03/checkpoint/a9663d9dfecc44c6998034c55e22bfe0_seed/generated/seed_plot.png,seed_plot.png,.png,22608,1b603ef604cbfbfb6371712623f9ba018050ec90c9ff5ae13b9a45baf7a7e417,2026-07-19T16:32:43,True
study_runs,V100_P0_MINI_I05_R03,study_runs/V100_P0_MINI_I05_R03/checkpoint/a9663d9dfecc44c6998034c55e22bfe0_seed/out.log,out.log,.log,20282,32fecae58f8b86712a0222bcd610b4d342e473635f3c02d5acbc0666f8ee1d88,2026-07-19T16:32:43,True
study_runs,V100_P0_MINI_I05_R03,study_runs/V100_P0_MINI_I05_R03/checkpoint/ae5c302c20744599a5005e342e748a23/code.py,code.py,.py,3003,0388dd58d05b9bd606a42da9f13227cf77ce13858f4868da1f12ac93307fdfd2,2026-07-19T16:33:33,True
study_runs,V100_P0_MINI_I05_R03,study_runs/V100_P0_MINI_I05_R03/checkpoint/ae5c302c20744599a5005e342e748a23/exec_result.pkl,exec_result.pkl,.pkl,4492,4eb8660b6055bee99f763afd67fa9658b07851ac2f5fa7e830615891eceee3d6,2026-07-19T16:26:59,True
study_runs,V100_P0_MINI_I05_R03,study_runs/V100_P0_MINI_I05_R03/checkpoint/ae5c302c20744599a5005e342e748a23/generated/checkpoints/err.log,err.log,.log,1195,4da430e9659bb61bd72765495936d07d95cfc1fd625a65a3cfd549baa46343ae,2026-07-19T16:26:59,True
study_runs,V100_P0_MINI_I05_R03,study_runs/V100_P0_MINI_I05_R03/checkpoint/ae5c302c20744599a5005e342e748a23/generated/checkpoints/MovieLens100K-938abed0/LensKit.ImplicitMFScorer-f0dd7ecb-1/model.bpk,model.bpk,.bpk,1132904,7c5feb9ee1efa7d57644a178fe7d4bf08a66f0e79f34e11fb3005ec29440223d,2026-07-19T16:25:55,True
study_runs,V100_P0_MINI_I05_R03,study_runs/V100_P0_MINI_I05_R03/checkpoint/ae5c302c20744599a5005e342e748a23/generated/checkpoints/MovieLens100K-938abed0/LensKit.ImplicitMFScorer-f0dd7ecb-1/predictions.json,predictions.json,.json,39283247,a6543fc6f154da61a72ca9dd03215c7fb2291bb6acb0669e87fb91b44b19e265,2026-07-19T16:26:48,True
study_runs,V100_P0_MINI_I05_R03,study_runs/V100_P0_MINI_I05_R03/checkpoint/ae5c302c20744599a5005e342e748a23/generated/checkpoints/out.log,out.log,.log,0,e3b0c44298fc1c149afbf4c8996fb92427ae41e4649b934ca495991b7852b855,2026-07-19T16:26:59,True
study_runs,V100_P0_MINI_I05_R03,study_runs/V100_P0_MINI_I05_R03/checkpoint/ae5c302c20744599a5005e342e748a23/generated/checkpoints/progress.json,progress.json,.json,198,95321ba79bd5627976185fd8022dc9b35785011aae523cacb670f05c50eed4c3,2026-07-19T16:26:58,True
study_runs,V100_P0_MINI_I05_R03,study_runs/V100_P0_MINI_I05_R03/checkpoint/ae5c302c20744599a5005e342e748a23/generated/checkpoints/results.json,results.json,.json,151,d0884503cc69a9805cf1cffc0e4be082053abaa38b4c0f809c1e01afaccd6a24,2026-07-19T16:26:59,True
study_runs,V100_P0_MINI_I05_R03,study_runs/V100_P0_MINI_I05_R03/checkpoint/ae5c302c20744599a5005e342e748a23/out.log,out.log,.log,4271,3177eb5e67c22a4bee6c7c7c30edc24f9dfb4e4de594741d4001020766998757,2026-07-19T16:26:59,True
study_runs,V100_P0_MINI_I05_R03,study_runs/V100_P0_MINI_I05_R03/checkpoint/b3e9be9f1f4d407d9c70764b3ade04ac/code.py,code.py,.py,3166,f57d2494a61f189e01351b9cfe811d2323f0575ef33258f33b4832f3437060d9,2026-07-19T16:24:41,True
study_runs,V100_P0_MINI_I05_R03,study_runs/V100_P0_MINI_I05_R03/checkpoint/b3e9be9f1f4d407d9c70764b3ade04ac/exec_result.pkl,exec_result.pkl,.pkl,21048,e5aaae62f887271c41920b2144032006958179659cd941529fc91965a6e1692b,2026-07-19T16:16:15,True
study_runs,V100_P0_MINI_I05_R03,study_runs/V100_P0_MINI_I05_R03/checkpoint/b3e9be9f1f4d407d9c70764b3ade04ac/generated/checkpoints/err.log,err.log,.log,5975,c82c303c9ab0d729d313294053b2514230acc97ddc79eb833b90d24ba6e03c72,2026-07-19T16:16:14,True
study_runs,V100_P0_MINI_I05_R03,study_runs/V100_P0_MINI_I05_R03/checkpoint/b3e9be9f1f4d407d9c70764b3ade04ac/generated/checkpoints/MovieLens100K-938abed0/LensKit.ImplicitMFScorer-f0dd7ecb-1/model.bpk,model.bpk,.bpk,1132826,6a6cb26144893ad5a78f625fbb6c85aaf27748c3e965d4a6c1bdd9f5fa2d8461,2026-07-19T16:09:33,True
study_runs,V100_P0_MINI_I05_R03,study_runs/V100_P0_MINI_I05_R03/checkpoint/b3e9be9f1f4d407d9c70764b3ade04ac/generated/checkpoints/MovieLens100K-938abed0/LensKit.ImplicitMFScorer-f0dd7ecb-1/predictions.json,predictions.json,.json,39282422,fac26f9a403cc77636f73f9ac20f67013bd36b5900bc9fbf00a38b24238e42b4,2026-07-19T16:10:30,True
study_runs,V100_P0_MINI_I05_R03,study_runs/V100_P0_MINI_I05_R03/checkpoint/b3e9be9f1f4d407d9c70764b3ade04ac/generated/checkpoints/MovieLens100K-938abed0/LensKit.ImplicitMFScorer-f0dd7ecb-2/model.bpk,model.bpk,.bpk,1133866,e193c35818ba541644c24e60cfafe2998fbecc192220dec4969067a36e87c0e2,2026-07-19T16:10:58,True
study_runs,V100_P0_MINI_I05_R03,study_runs/V100_P0_MINI_I05_R03/checkpoint/b3e9be9f1f4d407d9c70764b3ade04ac/generated/checkpoints/MovieLens100K-938abed0/LensKit.ImplicitMFScorer-f0dd7ecb-2/predictions.json,predictions.json,.json,39320610,1f6bb95fb74f955c826bdfeb39aaa39a3e1947823336d8d48ae1d48b9bbc6673,2026-07-19T16:11:53,True
study_runs,V100_P0_MINI_I05_R03,study_runs/V100_P0_MINI_I05_R03/checkpoint/b3e9be9f1f4d407d9c70764b3ade04ac/generated/checkpoints/MovieLens100K-938abed0/LensKit.ImplicitMFScorer-f0dd7ecb-3/model.bpk,model.bpk,.bpk,1132927,17ceeeff50e73013c34f2f1a2cfcea142c7cd93892c6f5a0b11741d6c8db35dc,2026-07-19T16:12:21,True
study_runs,V100_P0_MINI_I05_R03,study_runs/V100_P0_MINI_I05_R03/checkpoint/b3e9be9f1f4d407d9c70764b3ade04ac/generated/checkpoints/MovieLens100K-938abed0/LensKit.ImplicitMFScorer-f0dd7ecb-3/predictions.json,predictions.json,.json,39318143,d3975a22abb5cff02d4a9af4fcbb1165e3aa979674c6503b8c890af31e2ffcb7,2026-07-19T16:13:17,True
study_runs,V100_P0_MINI_I05_R03,study_runs/V100_P0_MINI_I05_R03/checkpoint/b3e9be9f1f4d407d9c70764b3ade04ac/generated/checkpoints/MovieLens100K-938abed0/LensKit.ImplicitMFScorer-f0dd7ecb-4/model.bpk,model.bpk,.bpk,1133950,8e3192e85d742bf252fdc5e029a60d867180b1a9c3a7d017e3e1012b983ff0a7,2026-07-19T16:13:48,True
study_runs,V100_P0_MINI_I05_R03,study_runs/V100_P0_MINI_I05_R03/checkpoint/b3e9be9f1f4d407d9c70764b3ade04ac/generated/checkpoints/MovieLens100K-938abed0/LensKit.ImplicitMFScorer-f0dd7ecb-4/predictions.json,predictions.json,.json,39355901,fb46ad4e665f652c4b0109f748bea24e03be45339513b048b37cde391c951532,2026-07-19T16:14:40,True
study_runs,V100_P0_MINI_I05_R03,study_runs/V100_P0_MINI_I05_R03/checkpoint/b3e9be9f1f4d407d9c70764b3ade04ac/generated/checkpoints/MovieLens100K-938abed0/LensKit.ImplicitMFScorer-f0dd7ecb-5/model.bpk,model.bpk,.bpk,1133589,06c903ac0b9a01dad8954238e6cc80c6e604fc55bf352f8d4d2a60822f3fa944,2026-07-19T16:15:10,True
study_runs,V100_P0_MINI_I05_R03,study_runs/V100_P0_MINI_I05_R03/checkpoint/b3e9be9f1f4d407d9c70764b3ade04ac/generated/checkpoints/MovieLens100K-938abed0/LensKit.ImplicitMFScorer-f0dd7ecb-5/predictions.json,predictions.json,.json,39283379,517f862781212e01eaedece0f68145db6fc4851a018a3c17bd06910319a2cb77,2026-07-19T16:16:06,True
study_runs,V100_P0_MINI_I05_R03,study_runs/V100_P0_MINI_I05_R03/checkpoint/b3e9be9f1f4d407d9c70764b3ade04ac/generated/checkpoints/out.log,out.log,.log,0,e3b0c44298fc1c149afbf4c8996fb92427ae41e4649b934ca495991b7852b855,2026-07-19T16:10:37,True
study_runs,V100_P0_MINI_I05_R03,study_runs/V100_P0_MINI_I05_R03/checkpoint/b3e9be9f1f4d407d9c70764b3ade04ac/generated/checkpoints/progress.json,progress.json,.json,890,518fba572f280db4b5d7aba9b90e23ca3def986038d73f93f4f458b42f83fd97,2026-07-19T16:16:13,True
study_runs,V100_P0_MINI_I05_R03,study_runs/V100_P0_MINI_I05_R03/checkpoint/b3e9be9f1f4d407d9c70764b3ade04ac/generated/checkpoints/results.json,results.json,.json,643,4e7b4e8c1ee642475460c571e3aa74d3ff558f1e2117b22c5926905365200c8f,2026-07-19T16:16:14,True
study_runs,V100_P0_MINI_I05_R03,study_runs/V100_P0_MINI_I05_R03/checkpoint/b3e9be9f1f4d407d9c70764b3ade04ac/generated/ndcg10_by_seed.png,ndcg10_by_seed.png,.png,30100,967b91df34f55c018b1da9521b8d530020947d2ba28833ad8322d1882b236d94,2026-07-19T16:16:15,True
study_runs,V100_P0_MINI_I05_R03,study_runs/V100_P0_MINI_I05_R03/checkpoint/b3e9be9f1f4d407d9c70764b3ade04ac/generated/prototype_runs.csv,prototype_runs.csv,.csv,464,3e8c8220dce5db726f0061b40ff14df7dd9c7c10746999e93ca35d11e528797f,2026-07-19T16:16:14,True
study_runs,V100_P0_MINI_I05_R03,study_runs/V100_P0_MINI_I05_R03/checkpoint/b3e9be9f1f4d407d9c70764b3ade04ac/out.log,out.log,.log,20445,eb1028658afc9db7212fe527e5ff0f5dc4b580ddfee1f3413f4800cc184c8a4d,2026-07-19T16:16:15,True
study_runs,V100_P0_MINI_I05_R03,study_runs/V100_P0_MINI_I05_R03/checkpoint/b643b16303794cfcbfd8ec1958ea27d3/code.py,code.py,.py,2799,4b45a6ee6c277b53b6a025e329d2fd2ffbc9165d9b2d828604463adc259b3d8c,2026-07-19T16:27:29,True
study_runs,V100_P0_MINI_I05_R03,study_runs/V100_P0_MINI_I05_R03/checkpoint/b643b16303794cfcbfd8ec1958ea27d3/exec_result.pkl,exec_result.pkl,.pkl,21355,ff9e9a8f3aba958e9791521ae070fdfe46c81d3644dc2d9f7014e22e58230435,2026-07-19T16:24:22,True
study_runs,V100_P0_MINI_I05_R03,study_runs/V100_P0_MINI_I05_R03/checkpoint/b643b16303794cfcbfd8ec1958ea27d3/generated/checkpoints/err.log,err.log,.log,5975,c82c303c9ab0d729d313294053b2514230acc97ddc79eb833b90d24ba6e03c72,2026-07-19T16:24:21,True
study_runs,V100_P0_MINI_I05_R03,study_runs/V100_P0_MINI_I05_R03/checkpoint/b643b16303794cfcbfd8ec1958ea27d3/generated/checkpoints/MovieLens100K-938abed0/LensKit.ImplicitMFScorer-db8d01ec-11/model.bpk,model.bpk,.bpk,1133491,b37d2490837eba9c1012dbfb8a414bb13afc25948ea613d6c3fbd84d05791a12,2026-07-19T16:17:44,True
study_runs,V100_P0_MINI_I05_R03,study_runs/V100_P0_MINI_I05_R03/checkpoint/b643b16303794cfcbfd8ec1958ea27d3/generated/checkpoints/MovieLens100K-938abed0/LensKit.ImplicitMFScorer-db8d01ec-11/predictions.json,predictions.json,.json,39314100,8aeefff6a87ac29d74fdb9f7f1348e9b447f489e5956af236891d96e7e632ca3,2026-07-19T16:18:39,True
study_runs,V100_P0_MINI_I05_R03,study_runs/V100_P0_MINI_I05_R03/checkpoint/b643b16303794cfcbfd8ec1958ea27d3/generated/checkpoints/MovieLens100K-938abed0/LensKit.ImplicitMFScorer-db8d01ec-22/model.bpk,model.bpk,.bpk,1133766,704c4ad64049bdc5e3bac2d008680cef1dd4ebfd2c7f028e32fed70a0a3671ca,2026-07-19T16:19:07,True
study_runs,V100_P0_MINI_I05_R03,study_runs/V100_P0_MINI_I05_R03/checkpoint/b643b16303794cfcbfd8ec1958ea27d3/generated/checkpoints/MovieLens100K-938abed0/LensKit.ImplicitMFScorer-db8d01ec-22/predictions.json,predictions.json,.json,39315896,765c48bfda5df0e3e58b502de6406937a54b8bd2c6cdd95755792c71a68033a3,2026-07-19T16:20:01,True
study_runs,V100_P0_MINI_I05_R03,study_runs/V100_P0_MINI_I05_R03/checkpoint/b643b16303794cfcbfd8ec1958ea27d3/generated/checkpoints/MovieLens100K-938abed0/LensKit.ImplicitMFScorer-db8d01ec-33/model.bpk,model.bpk,.bpk,1133153,dde9634769b8a8d98703259c302b6ed343d44880c6b7de82f414723d68bc5ac5,2026-07-19T16:20:30,True
study_runs,V100_P0_MINI_I05_R03,study_runs/V100_P0_MINI_I05_R03/checkpoint/b643b16303794cfcbfd8ec1958ea27d3/generated/checkpoints/MovieLens100K-938abed0/LensKit.ImplicitMFScorer-db8d01ec-33/predictions.json,predictions.json,.json,39318539,8d031d186766fc647ec88dd6c1e709c3ebcc3e0d3b2b7d5d303826477bb910e1,2026-07-19T16:21:25,True
study_runs,V100_P0_MINI_I05_R03,study_runs/V100_P0_MINI_I05_R03/checkpoint/b643b16303794cfcbfd8ec1958ea27d3/generated/checkpoints/MovieLens100K-938abed0/LensKit.ImplicitMFScorer-db8d01ec-44/model.bpk,model.bpk,.bpk,1134096,2735531442f962cf6d9eb9ba46363c2c4f06beb950222e6c3721fb1ac3631e9c,2026-07-19T16:21:54,True
study_runs,V100_P0_MINI_I05_R03,study_runs/V100_P0_MINI_I05_R03/checkpoint/b643b16303794cfcbfd8ec1958ea27d3/generated/checkpoints/MovieLens100K-938abed0/LensKit.ImplicitMFScorer-db8d01ec-44/predictions.json,predictions.json,.json,39349505,ce143c409478eccfde1104912bc8bb241ebde428a9725fd51bcc0774035823f2,2026-07-19T16:22:47,True
study_runs,V100_P0_MINI_I05_R03,study_runs/V100_P0_MINI_I05_R03/checkpoint/b643b16303794cfcbfd8ec1958ea27d3/generated/checkpoints/MovieLens100K-938abed0/LensKit.ImplicitMFScorer-db8d01ec-55/model.bpk,model.bpk,.bpk,1133977,ae8b6ee1d0881d985f5bd7d217102ad09105001cb926ef07633b5004160bf707,2026-07-19T16:23:17,True
study_runs,V100_P0_MINI_I05_R03,study_runs/V100_P0_MINI_I05_R03/checkpoint/b643b16303794cfcbfd8ec1958ea27d3/generated/checkpoints/MovieLens100K-938abed0/LensKit.ImplicitMFScorer-db8d01ec-55/predictions.json,predictions.json,.json,39320855,167df152185aa0ad4017f05019a1be1e31b21848e29a7a6510934fab06d5615c,2026-07-19T16:24:10,True
study_runs,V100_P0_MINI_I05_R03,study_runs/V100_P0_MINI_I05_R03/checkpoint/b643b16303794cfcbfd8ec1958ea27d3/generated/checkpoints/out.log,out.log,.log,0,e3b0c44298fc1c149afbf4c8996fb92427ae41e4649b934ca495991b7852b855,2026-07-19T16:18:47,True
study_runs,V100_P0_MINI_I05_R03,study_runs/V100_P0_MINI_I05_R03/checkpoint/b643b16303794cfcbfd8ec1958ea27d3/generated/checkpoints/progress.json,progress.json,.json,1165,76c0bf6cfdbddb9678d1a550e98aa41ab6c3da108a520d3df324df149bc3ef0b,2026-07-19T16:24:20,True
study_runs,V100_P0_MINI_I05_R03,study_runs/V100_P0_MINI_I05_R03/checkpoint/b643b16303794cfcbfd8ec1958ea27d3/generated/checkpoints/results.json,results.json,.json,647,318d461933b89f37f79412d980be0a2e1c5def0294d5e9971e155cb8cc2db95a,2026-07-19T16:24:21,True
study_runs,V100_P0_MINI_I05_R03,study_runs/V100_P0_MINI_I05_R03/checkpoint/b643b16303794cfcbfd8ec1958ea27d3/generated/ndcg10_seed_sensitivity.png,ndcg10_seed_sensitivity.png,.png,53692,acc7a2f530667db40816c9318f8f28e993695c812d4c03df4fc01faf1c881363,2026-07-19T16:24:21,True
study_runs,V100_P0_MINI_I05_R03,study_runs/V100_P0_MINI_I05_R03/checkpoint/b643b16303794cfcbfd8ec1958ea27d3/generated/prototype_seed_summary.csv,prototype_seed_summary.csv,.csv,1301,458636efd23b155e4705ea78017060d6bf01767dfc4b2c102fd55bbbe515cfaf,2026-07-19T16:24:21,True
study_runs,V100_P0_MINI_I05_R03,study_runs/V100_P0_MINI_I05_R03/checkpoint/b643b16303794cfcbfd8ec1958ea27d3/out.log,out.log,.log,20758,f0efce076cf1f15982a58fa327d3358cf8c4b5d513ced34daec31dea53245964,2026-07-19T16:24:22,True
study_runs,V100_P0_MINI_I05_R03,study_runs/V100_P0_MINI_I05_R03/code_requirements_final.json,code_requirements_final.json,.json,1600,173a23413a773a6e1b40bccf9a9003f2a879ca315b16c2df190f3aa6b311cbc8,2026-07-19T16:28:05,True
study_runs,V100_P0_MINI_I05_R03,study_runs/V100_P0_MINI_I05_R03/code_requirements_prototype.json,code_requirements_prototype.json,.json,689,439f166c3c04068f099d9d5b4272f52542c47c19a584b2ab7b934f4f1bc971cb,2026-07-19T15:43:57,True
study_runs,V100_P0_MINI_I05_R03,study_runs/V100_P0_MINI_I05_R03/config.source.toml,config.source.toml,.toml,386,43ad328d9e971575946598bc6c906a320d878b57103e5825b7bc1b351074558f,2026-07-19T15:43:19,True
study_runs,V100_P0_MINI_I05_R03,study_runs/V100_P0_MINI_I05_R03/config.toml,config.toml,.toml,416,0f8511d2942c365a3eaa8644f5c39567b1c8d4d39540419cdeef7cdc41fdad56,2026-07-19T15:43:19,True
study_runs,V100_P0_MINI_I05_R03,study_runs/V100_P0_MINI_I05_R03/costs_log.csv,costs_log.csv,.csv,9167,f7197c27db210d8a960f21357d0344cd1ab87e9dc2dd13292a12cc9720120dea,2026-07-19T16:34:20,True
study_runs,V100_P0_MINI_I05_R03,study_runs/V100_P0_MINI_I05_R03/debug.log,debug.log,.log,293070,a621974b93cba01cf61a552947fa299fe833a6196f965a7ccf92b60a825bc2d5,2026-07-19T16:34:21,True
study_runs,V100_P0_MINI_I05_R03,study_runs/V100_P0_MINI_I05_R03/entered_prompt.txt,entered_prompt.txt,.txt,946,dc790c0f84813ae9f582a14783c06db3ee59faaa98d800c6bf831f5ad0d041ab,2026-07-19T15:43:19,True
study_runs,V100_P0_MINI_I05_R03,study_runs/V100_P0_MINI_I05_R03/save.pkl,save.pkl,.pkl,198075,e5e5e892b6df899c2141cfbda62a8a264b197389d62493a6e4225a631579425b,2026-07-19T16:27:36,True
study_runs,V100_P0_MINI_I05_R03,study_runs/V100_P0_MINI_I05_R03/statistics/0_a9663d9dfecc44c6998034c55e22bfe0.txt,0_a9663d9dfecc44c6998034c55e22bfe0.txt,.txt,487,71aa4add6ac2364d9507e6f7d740c10a9d97a14073baa9d78266afc01330041d,2026-07-19T15:50:48,True
study_runs,V100_P0_MINI_I05_R03,study_runs/V100_P0_MINI_I05_R03/statistics/1_2ca5630c0a7741de889f82bc7f2e2ff0.txt,1_2ca5630c0a7741de889f82bc7f2e2ff0.txt,.txt,468,01b39c8e0e5857fdb613adbc9019d129d09214d021c04edee588383ef64bda63,2026-07-19T15:52:10,True
study_runs,V100_P0_MINI_I05_R03,study_runs/V100_P0_MINI_I05_R03/statistics/2_4bae3cfa9f6b4a4bb4b360ee0c788768.txt,2_4bae3cfa9f6b4a4bb4b360ee0c788768.txt,.txt,483,0d5f890a064d51f909f24830ffb8b8ba90bac1b5ea14502c001572455ce8cadb,2026-07-19T16:00:18,True
study_runs,V100_P0_MINI_I05_R03,study_runs/V100_P0_MINI_I05_R03/statistics/3_64f1c4aae39d4cc68f747732d8232c0e.txt,3_64f1c4aae39d4cc68f747732d8232c0e.txt,.txt,470,b473b9d066b0218c813d7ecaef0dda8d093c7997cef83add320dcdd2e3eb62a6,2026-07-19T16:08:35,True
study_runs,V100_P0_MINI_I05_R03,study_runs/V100_P0_MINI_I05_R03/statistics/4_b3e9be9f1f4d407d9c70764b3ade04ac.txt,4_b3e9be9f1f4d407d9c70764b3ade04ac.txt,.txt,482,d9a31a55a9e108508018c41d9db87926ef247d0ff645ce97459e38a7ab6cf496,2026-07-19T16:16:45,True
study_runs,V100_P0_MINI_I05_R03,study_runs/V100_P0_MINI_I05_R03/statistics/5_b643b16303794cfcbfd8ec1958ea27d3.txt,5_b643b16303794cfcbfd8ec1958ea27d3.txt,.txt,461,276a0815efa393b6f9efaf413b1699f688b6eac9bb4db528637aef4ebd97a6f5,2026-07-19T16:24:41,True
study_runs,V100_P0_MINI_I05_R03,study_runs/V100_P0_MINI_I05_R03/statistics/6_ae5c302c20744599a5005e342e748a23.txt,6_ae5c302c20744599a5005e342e748a23.txt,.txt,490,a898da4d319f26a40563466b69867bc18bf178099b802e3629ca6c7669f0c70d,2026-07-19T16:27:29,True
study_runs,V100_P0_MINI_I05_R03,study_runs/V100_P0_MINI_I05_R03/statistics/7_a9663d9dfecc44c6998034c55e22bfe0_seed.txt,7_a9663d9dfecc44c6998034c55e22bfe0_seed.txt,.txt,495,7822800e78891e1e516df05182e856db94ed3773edacf377c4bcac2bb6145274,2026-07-19T16:33:33,True
study_runs,V100_P0_MINI_I05_R03,study_runs/V100_P0_MINI_I05_R03/tree_render/pdf/combined_tree.pdf,combined_tree.pdf,.pdf,21907,c03ce64976f4fc52fce8468e9d2d5e743d1c427dcf1b8a3634a8d21a7b67ed5c,2026-07-19T16:27:36,True
study_runs,V100_P0_MINI_I05_R03,study_runs/V100_P0_MINI_I05_R03/tree_render/pdf/tree_0.pdf,tree_0.pdf,.pdf,21167,b65e6dcbbc56f8dec7e6a5f5b09df501b38b52887f5f2d2e50bf556c1f3ad1f7,2026-07-19T16:27:31,True
study_runs,V100_P0_MINI_I05_R03,study_runs/V100_P0_MINI_I05_R03/tree_render/pdf/tree_1.pdf,tree_1.pdf,.pdf,19998,07fc33cc0016e8e0f85b6b07c4fa205a93f3cef10b6677b960f0e241e125e82e,2026-07-19T16:27:33,True
study_runs,V100_P0_MINI_I05_R03,study_runs/V100_P0_MINI_I05_R03/tree_render/png/combined_tree.png,combined_tree.png,.png,64778,defa0a7ad667a63521ca2d253c4f4d5f13159d4fcf94a0b7ed52e9a18b27e6c4,2026-07-19T16:27:35,True
study_runs,V100_P0_MINI_I05_R03,study_runs/V100_P0_MINI_I05_R03/tree_render/png/tree_0.png,tree_0.png,.png,46948,89e22ca0739edc54606c13e5240aa0fa28a2d7dcaf2d84b4021721eb040b9b97,2026-07-19T16:27:30,True
study_runs,V100_P0_MINI_I05_R03,study_runs/V100_P0_MINI_I05_R03/tree_render/png/tree_1.png,tree_1.png,.png,22608,50f3d9e516d5d95840b911af2527572b6df5c4ba0feed1f441714f9c62c08820,2026-07-19T16:27:33,True
study_runs,V100_P0_MINI_I05_R03,study_runs/V100_P0_MINI_I05_R03/tree_render/svg/combined_tree.svg,combined_tree.svg,.svg,10591,3431903e3e700b61c92825703d42a140b2481c68594376c1b1381c2c06518005,2026-07-19T16:27:36,True
study_runs,V100_P0_MINI_I05_R03,study_runs/V100_P0_MINI_I05_R03/tree_render/svg/tree_0.svg,tree_0.svg,.svg,7936,0ca894ea6568a8800e2f7b20f9569e8f79c4dc76d2ee9a3c2888a84d4b51d8c7,2026-07-19T16:27:32,True
study_runs,V100_P0_MINI_I05_R03,study_runs/V100_P0_MINI_I05_R03/tree_render/svg/tree_1.svg,tree_1.svg,.svg,3176,4c56be95660dd83675b3a9fbaf6197ac9cbfcdb81fd87832d6bc80f50129690f,2026-07-19T16:27:34,True
study_runs,V100_P0_MINI_I05_R03,study_runs/V100_P0_MINI_I05_R03/workspace/checkpoints/Amazon2014VideoGames-32d2823b/LensKit.ImplicitMFScorer-f0dd7ecb-1/model.bpk,model.bpk,.bpk,11339690,f489093340bf7a06897759ddce2d0a75e24267d7ffcc8bc3cc49fedd7e7450c3,2026-07-19T16:53:02,True
study_runs,V100_P0_MINI_I05_R03,study_runs/V100_P0_MINI_I05_R03/workspace/checkpoints/Amazon2014VideoGames-32d2823b/LensKit.ImplicitMFScorer-f0dd7ecb-1/predictions.json,predictions.json,.json,6854305701,f7015ebe51bfd9cddf72d076a70aa36f451402fb817b94935ed0e6b443fd80b4,2026-07-19T17:09:08,True
study_runs,V100_P0_MINI_I05_R03,study_runs/V100_P0_MINI_I05_R03/workspace/checkpoints/Amazon2014VideoGames-32d2823b/LensKit.ImplicitMFScorer-f0dd7ecb-2/model.bpk,model.bpk,.bpk,11342266,f9926371221ac2f7067d9d691ee4a23cbea3e739d2a60272aa0f32ce58ea7462,2026-07-19T18:02:28,True
study_runs,V100_P0_MINI_I05_R03,study_runs/V100_P0_MINI_I05_R03/workspace/checkpoints/Amazon2014VideoGames-32d2823b/LensKit.ImplicitMFScorer-f0dd7ecb-2/predictions.json,predictions.json,.json,6860419612,91c4f9f4896b3d9e22ab3dcd82a3980a28dc81a8c1afeee638f208f7e93fc8ea,2026-07-19T18:17:37,True
study_runs,V100_P0_MINI_I05_R03,study_runs/V100_P0_MINI_I05_R03/workspace/checkpoints/Amazon2014VideoGames-32d2823b/LensKit.ItemKNNScorer-c3d66610-1/model.bpk,model.bpk,.bpk,4731776,9e8f8587d2170722f219210e32c9deb529c7b8738bfa819cda8cade55d1bbaea,2026-07-19T17:26:04,True
study_runs,V100_P0_MINI_I05_R03,study_runs/V100_P0_MINI_I05_R03/workspace/checkpoints/Amazon2014VideoGames-32d2823b/LensKit.ItemKNNScorer-c3d66610-1/predictions.json,predictions.json,.json,894863783,4de6de83520a7167a1896f78e9a34783f554cc294269f4f4cd2eedeced2442d5,2026-07-19T17:28:26,True
study_runs,V100_P0_MINI_I05_R03,study_runs/V100_P0_MINI_I05_R03/workspace/checkpoints/Amazon2014VideoGames-32d2823b/LensKit.ItemKNNScorer-c3d66610-2/model.bpk,model.bpk,.bpk,4730646,9586aa893907600e0dd28d5edd0a3760662e3573aea90b1beeb550f51d872711,2026-07-19T18:35:55,True
study_runs,V100_P0_MINI_I05_R03,study_runs/V100_P0_MINI_I05_R03/workspace/checkpoints/Amazon2014VideoGames-32d2823b/LensKit.ItemKNNScorer-c3d66610-2/predictions.json,predictions.json,.json,887921550,16c5e00b902137adb055255ffb9dc6e7c62b7c00615cb3a039bf2b5d7e9ed9ae,2026-07-19T18:38:17,True
study_runs,V100_P0_MINI_I05_R03,study_runs/V100_P0_MINI_I05_R03/workspace/checkpoints/Amazon2014VideoGames-32d2823b/LensKit.PopScorer-f4aa5539-1/model.bpk,model.bpk,.bpk,923531,a25b22b4c68aa1016a4701de56d173471e3fcf8a342e4fbf5d364b82c0a3dc4b,2026-07-19T17:30:33,True
study_runs,V100_P0_MINI_I05_R03,study_runs/V100_P0_MINI_I05_R03/workspace/checkpoints/Amazon2014VideoGames-32d2823b/LensKit.PopScorer-f4aa5539-1/predictions.json,predictions.json,.json,6664024249,5fd060ea8d4e993cb2aab269adc5c2c60c2f1a2fab4bab9cd1c244009d51faa1,2026-07-19T17:45:00,True
study_runs,V100_P0_MINI_I05_R03,study_runs/V100_P0_MINI_I05_R03/workspace/checkpoints/Amazon2014VideoGames-32d2823b/LensKit.PopScorer-f4aa5539-2/model.bpk,model.bpk,.bpk,924897,2ffaf9147bd8d44ec5b52ebd89b8323df6cec6f6c053c2ac6422387af3fe6fad,2026-07-19T18:40:24,True
study_runs,V100_P0_MINI_I05_R03,study_runs/V100_P0_MINI_I05_R03/workspace/checkpoints/Amazon2014VideoGames-32d2823b/LensKit.PopScorer-f4aa5539-2/predictions.json,predictions.json,.json,6669824987,5d7e5073d3a6eaee9a8d947ef2181bf3b0fab3ecc12543b691ee29cf771b8b59,2026-07-19T18:55:46,True
study_runs,V100_P0_MINI_I05_R03,study_runs/V100_P0_MINI_I05_R03/workspace/checkpoints/err.log,err.log,.log,22436,4e27d3e61f680ebb3fd888794196facda7f6ce9db5095bb0f21e48389f4dba38,2026-07-19T18:40:07,True
study_runs,V100_P0_MINI_I05_R03,study_runs/V100_P0_MINI_I05_R03/workspace/checkpoints/MovieLens100K-938abed0/LensKit.ImplicitMFScorer-f0dd7ecb-1/model.bpk,model.bpk,.bpk,1132870,7580daec0b123438251113a6b30e6339870fa993bef650e03e3010868f79e556,2026-07-19T16:34:46,True
study_runs,V100_P0_MINI_I05_R03,study_runs/V100_P0_MINI_I05_R03/workspace/checkpoints/MovieLens100K-938abed0/LensKit.ImplicitMFScorer-f0dd7ecb-1/predictions.json,predictions.json,.json,39281938,aeb7ef05445c661147cb7f5684d8d47cd0861ae2e6736b88198fa8d2fba50e1e,2026-07-19T16:35:39,True
study_runs,V100_P0_MINI_I05_R03,study_runs/V100_P0_MINI_I05_R03/workspace/checkpoints/MovieLens100K-938abed0/LensKit.ImplicitMFScorer-f0dd7ecb-2/model.bpk,model.bpk,.bpk,1133802,18b1788eab3371e4ffda87a1085275d2c37f84f9723e64e7c906956c2c71056a,2026-07-19T16:38:16,True
study_runs,V100_P0_MINI_I05_R03,study_runs/V100_P0_MINI_I05_R03/workspace/checkpoints/MovieLens100K-938abed0/LensKit.ImplicitMFScorer-f0dd7ecb-2/predictions.json,predictions.json,.json,39319390,88f30410e614f45757bb87279c71fb47c2608b826f23fcd2683e6733c4c16224,2026-07-19T16:39:10,True
study_runs,V100_P0_MINI_I05_R03,study_runs/V100_P0_MINI_I05_R03/workspace/checkpoints/MovieLens100K-938abed0/LensKit.ImplicitMFScorer-f0dd7ecb-3/model.bpk,model.bpk,.bpk,1132899,5fa1cf4c3957791fda516d01f6502a20f72f63afcb4bd241083d4b68872b3967,2026-07-19T16:41:46,True
study_runs,V100_P0_MINI_I05_R03,study_runs/V100_P0_MINI_I05_R03/workspace/checkpoints/MovieLens100K-938abed0/LensKit.ImplicitMFScorer-f0dd7ecb-3/predictions.json,predictions.json,.json,39318788,f1587b1501b67b8e1c4ec58eb83916001eccb1f359ed4d147350270cdb24ccbb,2026-07-19T16:42:39,True
study_runs,V100_P0_MINI_I05_R03,study_runs/V100_P0_MINI_I05_R03/workspace/checkpoints/MovieLens100K-938abed0/LensKit.ImplicitMFScorer-f0dd7ecb-4/model.bpk,model.bpk,.bpk,1133988,db537f8629c384f6ed4746406876bf2efcc3a02cfa45f473ddf3305462c2b478,2026-07-19T16:45:16,True
study_runs,V100_P0_MINI_I05_R03,study_runs/V100_P0_MINI_I05_R03/workspace/checkpoints/MovieLens100K-938abed0/LensKit.ImplicitMFScorer-f0dd7ecb-4/predictions.json,predictions.json,.json,39356334,bb9235e9fe5affc7423cd8de6d7e8c4ff0cc728895095419f5bdd6f54839ff8a,2026-07-19T16:46:10,True
study_runs,V100_P0_MINI_I05_R03,study_runs/V100_P0_MINI_I05_R03/workspace/checkpoints/MovieLens100K-938abed0/LensKit.ImplicitMFScorer-f0dd7ecb-5/model.bpk,model.bpk,.bpk,1133604,0ba06d53134647f5d483ccbaa2791170a514bad11cc021bea8f360200e923aed,2026-07-19T16:48:46,True
study_runs,V100_P0_MINI_I05_R03,study_runs/V100_P0_MINI_I05_R03/workspace/checkpoints/MovieLens100K-938abed0/LensKit.ImplicitMFScorer-f0dd7ecb-5/predictions.json,predictions.json,.json,39280869,e129e253e9b6c6001d265acb52c540d758c31d00971876dc37fda516e4e2963b,2026-07-19T16:49:39,True
study_runs,V100_P0_MINI_I05_R03,study_runs/V100_P0_MINI_I05_R03/workspace/checkpoints/MovieLens100K-938abed0/LensKit.ItemKNNScorer-c3d66610-1/model.bpk,model.bpk,.bpk,2780951,287963a1f3c7e21b742776ef212610de81d75b562576dd8055b447cbdd7e586a,2026-07-19T16:36:08,True
study_runs,V100_P0_MINI_I05_R03,study_runs/V100_P0_MINI_I05_R03/workspace/checkpoints/MovieLens100K-938abed0/LensKit.ItemKNNScorer-c3d66610-1/predictions.json,predictions.json,.json,37538282,5cf4ca7eab1363eae5905b353bab6cd6753d623924431872496b485f0c70343d,2026-07-19T16:36:32,True
study_runs,V100_P0_MINI_I05_R03,study_runs/V100_P0_MINI_I05_R03/workspace/checkpoints/MovieLens100K-938abed0/LensKit.ItemKNNScorer-c3d66610-2/model.bpk,model.bpk,.bpk,2785886,2fa4f11e9b66b2980f60bb4c37408e1f8cc744de6e09e192729367af1fdd911d,2026-07-19T16:39:38,True
study_runs,V100_P0_MINI_I05_R03,study_runs/V100_P0_MINI_I05_R03/workspace/checkpoints/MovieLens100K-938abed0/LensKit.ItemKNNScorer-c3d66610-2/predictions.json,predictions.json,.json,37570479,d49428d2c6b03dacf5942c2d16ddd722c934ae19028b1adf603d20dbceefc19b,2026-07-19T16:40:02,True
study_runs,V100_P0_MINI_I05_R03,study_runs/V100_P0_MINI_I05_R03/workspace/checkpoints/MovieLens100K-938abed0/LensKit.ItemKNNScorer-c3d66610-3/model.bpk,model.bpk,.bpk,2796723,1f5cbb49ec76ed995e8ad03c30c088dda192357804daf15540608d957586a685,2026-07-19T16:43:08,True
study_runs,V100_P0_MINI_I05_R03,study_runs/V100_P0_MINI_I05_R03/workspace/checkpoints/MovieLens100K-938abed0/LensKit.ItemKNNScorer-c3d66610-3/predictions.json,predictions.json,.json,37576771,e5bd2a74f9bc48dd8b522bc99611192fad9372ed0d92694fa40ebddb2aa4be4a,2026-07-19T16:43:32,True
study_runs,V100_P0_MINI_I05_R03,study_runs/V100_P0_MINI_I05_R03/workspace/checkpoints/MovieLens100K-938abed0/LensKit.ItemKNNScorer-c3d66610-4/model.bpk,model.bpk,.bpk,2800777,3a9165225822893df872aa1f25c7911c25b6951f711d269300536d75b81f402c,2026-07-19T16:46:38,True
study_runs,V100_P0_MINI_I05_R03,study_runs/V100_P0_MINI_I05_R03/workspace/checkpoints/MovieLens100K-938abed0/LensKit.ItemKNNScorer-c3d66610-4/predictions.json,predictions.json,.json,37595531,fffa4eda0077681b7af8db63212b88a20e0944624cc13da4ddfa384d68d5c839,2026-07-19T16:47:02,True
study_runs,V100_P0_MINI_I05_R03,study_runs/V100_P0_MINI_I05_R03/workspace/checkpoints/MovieLens100K-938abed0/LensKit.ItemKNNScorer-c3d66610-5/model.bpk,model.bpk,.bpk,2789813,94f725d392777b93be0bd9cde1d30c677addfda95db2fa95eb708c30205dd2ed,2026-07-19T16:50:07,True
study_runs,V100_P0_MINI_I05_R03,study_runs/V100_P0_MINI_I05_R03/workspace/checkpoints/MovieLens100K-938abed0/LensKit.ItemKNNScorer-c3d66610-5/predictions.json,predictions.json,.json,37536795,a95fd12ddee63c7c776927030dae59363356e7ef2bd7671e4336916181bdd2af,2026-07-19T16:50:31,True
study_runs,V100_P0_MINI_I05_R03,study_runs/V100_P0_MINI_I05_R03/workspace/checkpoints/MovieLens100K-938abed0/LensKit.PopScorer-f4aa5539-1/model.bpk,model.bpk,.bpk,314643,84b1e372c7b61d4c1bf348f7e9f471d7b0f74cdd8a16ea98583218c1c90fedf6,2026-07-19T16:36:59,True
study_runs,V100_P0_MINI_I05_R03,study_runs/V100_P0_MINI_I05_R03/workspace/checkpoints/MovieLens100K-938abed0/LensKit.PopScorer-f4aa5539-1/predictions.json,predictions.json,.json,39051417,f4f6e60cfc8e351eb7c9d075fbbce818bee4950c64ad7fd6f6e534fe09672bff,2026-07-19T16:37:44,True
study_runs,V100_P0_MINI_I05_R03,study_runs/V100_P0_MINI_I05_R03/workspace/checkpoints/MovieLens100K-938abed0/LensKit.PopScorer-f4aa5539-2/model.bpk,model.bpk,.bpk,315348,d5aaac3d3c1a9eb598c8424396c2ececc3c6e0f8d4d73ed5a937cb4035f30cf4,2026-07-19T16:40:29,True
study_runs,V100_P0_MINI_I05_R03,study_runs/V100_P0_MINI_I05_R03/workspace/checkpoints/MovieLens100K-938abed0/LensKit.PopScorer-f4aa5539-2/predictions.json,predictions.json,.json,39104324,184b257617162fa673f47f5cd5f99f992a24450ecfa0bbdb091a40a3da1d1327,2026-07-19T16:41:16,True
study_runs,V100_P0_MINI_I05_R03,study_runs/V100_P0_MINI_I05_R03/workspace/checkpoints/MovieLens100K-938abed0/LensKit.PopScorer-f4aa5539-3/model.bpk,model.bpk,.bpk,314397,a4bdff7fa7aab32997306b638c3c06f5bdea7122d3359ed3cf888040c6a87037,2026-07-19T16:43:59,True
study_runs,V100_P0_MINI_I05_R03,study_runs/V100_P0_MINI_I05_R03/workspace/checkpoints/MovieLens100K-938abed0/LensKit.PopScorer-f4aa5539-3/predictions.json,predictions.json,.json,39094055,a7ae3d4f9680a33cd748be51700d1e644032ab90606291dae3f5d7bb3fbc8f90,2026-07-19T16:44:44,True
study_runs,V100_P0_MINI_I05_R03,study_runs/V100_P0_MINI_I05_R03/workspace/checkpoints/MovieLens100K-938abed0/LensKit.PopScorer-f4aa5539-4/model.bpk,model.bpk,.bpk,315061,8e524bc2bde3897051c40e91f0c59073c2f66d32f4f5de1685dcca0fd162af72,2026-07-19T16:47:29,True
study_runs,V100_P0_MINI_I05_R03,study_runs/V100_P0_MINI_I05_R03/workspace/checkpoints/MovieLens100K-938abed0/LensKit.PopScorer-f4aa5539-4/predictions.json,predictions.json,.json,39121282,9de0dde11df8c9853c5f08a8137a5b366aaa9c48d68d74384987869d7b60a5d9,2026-07-19T16:48:14,True
study_runs,V100_P0_MINI_I05_R03,study_runs/V100_P0_MINI_I05_R03/workspace/checkpoints/MovieLens100K-938abed0/LensKit.PopScorer-f4aa5539-5/model.bpk,model.bpk,.bpk,315503,0cbf4276c1a628ce3df311ed4d7e067637f9fbdd7b41e8331893b4bd2e7fb8f8,2026-07-19T16:51:00,True
study_runs,V100_P0_MINI_I05_R03,study_runs/V100_P0_MINI_I05_R03/workspace/checkpoints/MovieLens100K-938abed0/LensKit.PopScorer-f4aa5539-5/predictions.json,predictions.json,.json,39010039,6d8ff9a7f902d9447764d93a6729c9c8de98c3848c239bcf7b11eef3dfecca34,2026-07-19T16:51:45,True
study_runs,V100_P0_MINI_I05_R03,study_runs/V100_P0_MINI_I05_R03/workspace/checkpoints/out.log,out.log,.log,0,e3b0c44298fc1c149afbf4c8996fb92427ae41e4649b934ca495991b7852b855,2026-07-19T16:35:51,True
study_runs,V100_P0_MINI_I05_R03,study_runs/V100_P0_MINI_I05_R03/workspace/checkpoints/progress.json,progress.json,.json,3630,a16feacb5e67452c17443eb0889defea7e36d3735a25b25be1579ede88fe842c,2026-07-19T19:13:09,True
study_runs,V100_P0_MINI_I05_R03,study_runs/V100_P0_MINI_I05_R03/workspace/checkpoints/results.json,results.json,.json,13000,4f31895b7117b36b90954719eb03cd076c935c7cbeb5995386dc3981ddb5e6c8,2026-07-19T18:01:17,True
study_runs,V100_P0_MINI_I05_R03,study_runs/V100_P0_MINI_I05_R03/workspace/runfile.py,runfile.py,.py,6061,47776d83a0c7b387e800535050ac70fad4bb9f8a0af9f9fb6351fd4800b4f653,2026-07-19T16:34:21,True
study_runs,V100_P0_MINI_I05_R04,study_runs/V100_P0_MINI_I05_R04/checkpoint/0ddf2f48ecfe411c968dfd5ac55fc592/code.py,code.py,.py,3453,9f7496952b84fec7ed65fc21825b3c09ffcf4aaa8833fa7cc6a80b3e6d2968b4,2026-07-19T20:19:04,True
study_runs,V100_P0_MINI_I05_R04,study_runs/V100_P0_MINI_I05_R04/checkpoint/0ddf2f48ecfe411c968dfd5ac55fc592/exec_result.pkl,exec_result.pkl,.pkl,24237,df7c26cae43219b48040baae274d9e070c27175b6b49fb505f71df0fc8a8d7c5,2026-07-19T20:12:25,True
study_runs,V100_P0_MINI_I05_R04,study_runs/V100_P0_MINI_I05_R04/checkpoint/0ddf2f48ecfe411c968dfd5ac55fc592/generated/checkpoints/err.log,err.log,.log,5975,c82c303c9ab0d729d313294053b2514230acc97ddc79eb833b90d24ba6e03c72,2026-07-19T20:12:24,True
study_runs,V100_P0_MINI_I05_R04,study_runs/V100_P0_MINI_I05_R04/checkpoint/0ddf2f48ecfe411c968dfd5ac55fc592/generated/checkpoints/MovieLens100K-938abed0/LensKit.ItemKNNScorer-c3d66610-13/model.bpk,model.bpk,.bpk,2786743,c67b8e7607f60d3b64e1a325bdf2867051cc6c56093f2556530b15158a5eef38,2026-07-19T20:09:04,True
study_runs,V100_P0_MINI_I05_R04,study_runs/V100_P0_MINI_I05_R04/checkpoint/0ddf2f48ecfe411c968dfd5ac55fc592/generated/checkpoints/MovieLens100K-938abed0/LensKit.ItemKNNScorer-c3d66610-13/predictions.json,predictions.json,.json,37593524,ccbd0ed6508112415cc30eaaafc5dd066c2ff81d17fe77a49c4c86a1a20a5648,2026-07-19T20:09:28,True
study_runs,V100_P0_MINI_I05_R04,study_runs/V100_P0_MINI_I05_R04/checkpoint/0ddf2f48ecfe411c968dfd5ac55fc592/generated/checkpoints/MovieLens100K-938abed0/LensKit.ItemKNNScorer-c3d66610-21/model.bpk,model.bpk,.bpk,2786466,0168942e58ca72d9d90eedf242cf0bb67b55f630deae4099b5065d8b1e6e4b97,2026-07-19T20:09:59,True
study_runs,V100_P0_MINI_I05_R04,study_runs/V100_P0_MINI_I05_R04/checkpoint/0ddf2f48ecfe411c968dfd5ac55fc592/generated/checkpoints/MovieLens100K-938abed0/LensKit.ItemKNNScorer-c3d66610-21/predictions.json,predictions.json,.json,37596917,cddbb139678f7301c51c80e0bab04f3598408e157ce3842857f1ab1cfc5d4dd6,2026-07-19T20:10:22,True
study_runs,V100_P0_MINI_I05_R04,study_runs/V100_P0_MINI_I05_R04/checkpoint/0ddf2f48ecfe411c968dfd5ac55fc592/generated/checkpoints/MovieLens100K-938abed0/LensKit.ItemKNNScorer-c3d66610-42/model.bpk,model.bpk,.bpk,2785276,7d6d3c92f756a4f6bc95bb9836d982deff18bf02b0f5452195284267668236dd,2026-07-19T20:10:54,True
study_runs,V100_P0_MINI_I05_R04,study_runs/V100_P0_MINI_I05_R04/checkpoint/0ddf2f48ecfe411c968dfd5ac55fc592/generated/checkpoints/MovieLens100K-938abed0/LensKit.ItemKNNScorer-c3d66610-42/predictions.json,predictions.json,.json,37520574,44d5fee5bbdf2636836b56525f4a848f966d65e06e2337910bdc52b4c237dbe7,2026-07-19T20:11:17,True
study_runs,V100_P0_MINI_I05_R04,study_runs/V100_P0_MINI_I05_R04/checkpoint/0ddf2f48ecfe411c968dfd5ac55fc592/generated/checkpoints/MovieLens100K-938abed0/LensKit.ItemKNNScorer-c3d66610-7/model.bpk,model.bpk,.bpk,2807572,2b9f992c7dc747e38f58da8087bbf73b97956c69a4357a2e303309e350ceb5fe,2026-07-19T20:08:10,True
study_runs,V100_P0_MINI_I05_R04,study_runs/V100_P0_MINI_I05_R04/checkpoint/0ddf2f48ecfe411c968dfd5ac55fc592/generated/checkpoints/MovieLens100K-938abed0/LensKit.ItemKNNScorer-c3d66610-7/predictions.json,predictions.json,.json,37611411,f99779c179fd61bb81d5ef564e77472084e5ef131155e434169bc585c3934da4,2026-07-19T20:08:34,True
study_runs,V100_P0_MINI_I05_R04,study_runs/V100_P0_MINI_I05_R04/checkpoint/0ddf2f48ecfe411c968dfd5ac55fc592/generated/checkpoints/MovieLens100K-938abed0/LensKit.ItemKNNScorer-c3d66610-87/model.bpk,model.bpk,.bpk,2807942,410ec35a2a74df6ef2f2a2fedfb775ee47966075ce15a86936e7a76b68d9974f,2026-07-19T20:11:48,True
study_runs,V100_P0_MINI_I05_R04,study_runs/V100_P0_MINI_I05_R04/checkpoint/0ddf2f48ecfe411c968dfd5ac55fc592/generated/checkpoints/MovieLens100K-938abed0/LensKit.ItemKNNScorer-c3d66610-87/predictions.json,predictions.json,.json,37560539,1af2a1a71009a5d363275d607c731e782f1566040eec047d3b057c9c44eca68b,2026-07-19T20:12:12,True
study_runs,V100_P0_MINI_I05_R04,study_runs/V100_P0_MINI_I05_R04/checkpoint/0ddf2f48ecfe411c968dfd5ac55fc592/generated/checkpoints/out.log,out.log,.log,0,e3b0c44298fc1c149afbf4c8996fb92427ae41e4649b934ca495991b7852b855,2026-07-19T20:08:45,True
study_runs,V100_P0_MINI_I05_R04,study_runs/V100_P0_MINI_I05_R04/checkpoint/0ddf2f48ecfe411c968dfd5ac55fc592/generated/checkpoints/progress.json,progress.json,.json,879,51ff6da08f42d5459b2ca89957d80075c5feb3760891f4ce55d4abeac41d2eeb,2026-07-19T20:12:23,True
study_runs,V100_P0_MINI_I05_R04,study_runs/V100_P0_MINI_I05_R04/checkpoint/0ddf2f48ecfe411c968dfd5ac55fc592/generated/checkpoints/results.json,results.json,.json,1258,318d179b86c4427b6a097e5ceab61c6a920fa539bc61904dc8ead825d353b800,2026-07-19T20:12:24,True
study_runs,V100_P0_MINI_I05_R04,study_runs/V100_P0_MINI_I05_R04/checkpoint/0ddf2f48ecfe411c968dfd5ac55fc592/generated/prototype_seed_results.csv,prototype_seed_results.csv,.csv,2798,e009beadcce8cbc375e73681faeb3315464d8e402c6f21a72ca5970cd690d927,2026-07-19T20:12:24,True
study_runs,V100_P0_MINI_I05_R04,study_runs/V100_P0_MINI_I05_R04/checkpoint/0ddf2f48ecfe411c968dfd5ac55fc592/generated/prototype_seed_summary.csv,prototype_seed_summary.csv,.csv,210,3a23073c424298cc17a3d3d3f9b7a958eb505aa4b15994066a8c4a18f516bafa,2026-07-19T20:12:24,True
study_runs,V100_P0_MINI_I05_R04,study_runs/V100_P0_MINI_I05_R04/checkpoint/0ddf2f48ecfe411c968dfd5ac55fc592/generated/prototype_seed_table.csv,prototype_seed_table.csv,.csv,358,12b8a61014f043e816456408a4bde0a7ee2dd2814ef45d3adf1b096c65b533c2,2026-07-19T20:12:24,True
study_runs,V100_P0_MINI_I05_R04,study_runs/V100_P0_MINI_I05_R04/checkpoint/0ddf2f48ecfe411c968dfd5ac55fc592/generated/seed_variation_plot.png,seed_variation_plot.png,.png,51105,a7539a867c6002ccbb69f2c930b26faa0f2a49a2435ea38e840a939d0d01cf49,2026-07-19T20:12:24,True
study_runs,V100_P0_MINI_I05_R04,study_runs/V100_P0_MINI_I05_R04/checkpoint/0ddf2f48ecfe411c968dfd5ac55fc592/out.log,out.log,.log,23570,693b83a171d168edaf12e21a69853a139db8b634e943db1c60d7ebb143ab342b,2026-07-19T20:12:25,True
study_runs,V100_P0_MINI_I05_R04,study_runs/V100_P0_MINI_I05_R04/checkpoint/0ddf2f48ecfe411c968dfd5ac55fc592_iteration1/code.py,code.py,.py,7538,fae21e600af4d8b4b164c23fb8cb7cb441c1f9c261f5c48ab1c2a9fa7c607adf,2026-07-19T20:28:44,True
study_runs,V100_P0_MINI_I05_R04,study_runs/V100_P0_MINI_I05_R04/checkpoint/0ddf2f48ecfe411c968dfd5ac55fc592_iteration1/exec_result.pkl,exec_result.pkl,.pkl,844,056754ed967067a69cb2f9df983281ddd17be0af1267b494661bb186346ee26e,2026-07-19T20:25:29,True
study_runs,V100_P0_MINI_I05_R04,study_runs/V100_P0_MINI_I05_R04/checkpoint/0ddf2f48ecfe411c968dfd5ac55fc592_iteration1/out.log,out.log,.log,707,ef641a92d1be342ab1e99f1b805a8c97f631d8ff17cb94af12236e095c448286,2026-07-19T20:25:29,True
study_runs,V100_P0_MINI_I05_R04,study_runs/V100_P0_MINI_I05_R04/checkpoint/0ddf2f48ecfe411c968dfd5ac55fc592_iteration2/code.py,code.py,.py,6619,430d4f528c3f8b4b14488b7813755248e605621a474e2f250f26842d6106d575,2026-07-19T20:28:44,True
study_runs,V100_P0_MINI_I05_R04,study_runs/V100_P0_MINI_I05_R04/checkpoint/0ddf2f48ecfe411c968dfd5ac55fc592_iteration2/exec_result.pkl,exec_result.pkl,.pkl,472,0d29c503f8c581178c5b25f6f70541a12e1d8ca230a19a693b83d83ab96bd355,2026-07-19T20:27:45,True
study_runs,V100_P0_MINI_I05_R04,study_runs/V100_P0_MINI_I05_R04/checkpoint/0ddf2f48ecfe411c968dfd5ac55fc592_iteration2/out.log,out.log,.log,343,c811e0c703005390ca697c3aa598e4604d53455833c2db2cf977408954a46f6a,2026-07-19T20:27:45,True
study_runs,V100_P0_MINI_I05_R04,study_runs/V100_P0_MINI_I05_R04/checkpoint/0ddf2f48ecfe411c968dfd5ac55fc592_seed/code.py,code.py,.py,3453,9f7496952b84fec7ed65fc21825b3c09ffcf4aaa8833fa7cc6a80b3e6d2968b4,2026-07-19T20:26:15,True
study_runs,V100_P0_MINI_I05_R04,study_runs/V100_P0_MINI_I05_R04/checkpoint/0ddf2f48ecfe411c968dfd5ac55fc592_seed/exec_result.pkl,exec_result.pkl,.pkl,24320,c31bd5cfd3d925889895c6a4936428853961df8d40153e096dc0b88d4f7302db,2026-07-19T20:24:17,True
study_runs,V100_P0_MINI_I05_R04,study_runs/V100_P0_MINI_I05_R04/checkpoint/0ddf2f48ecfe411c968dfd5ac55fc592_seed/generated/checkpoints/err.log,err.log,.log,5975,c82c303c9ab0d729d313294053b2514230acc97ddc79eb833b90d24ba6e03c72,2026-07-19T20:24:16,True
study_runs,V100_P0_MINI_I05_R04,study_runs/V100_P0_MINI_I05_R04/checkpoint/0ddf2f48ecfe411c968dfd5ac55fc592_seed/generated/checkpoints/MovieLens100K-938abed0/LensKit.ItemKNNScorer-c3d66610-13/model.bpk,model.bpk,.bpk,2786745,d3d07aab48557e19e84df46e291679b6fb6e39aef577fb1e7f1f9af76f05dc3f,2026-07-19T20:20:59,True
study_runs,V100_P0_MINI_I05_R04,study_runs/V100_P0_MINI_I05_R04/checkpoint/0ddf2f48ecfe411c968dfd5ac55fc592_seed/generated/checkpoints/MovieLens100K-938abed0/LensKit.ItemKNNScorer-c3d66610-13/predictions.json,predictions.json,.json,37593524,ccbd0ed6508112415cc30eaaafc5dd066c2ff81d17fe77a49c4c86a1a20a5648,2026-07-19T20:21:22,True
study_runs,V100_P0_MINI_I05_R04,study_runs/V100_P0_MINI_I05_R04/checkpoint/0ddf2f48ecfe411c968dfd5ac55fc592_seed/generated/checkpoints/MovieLens100K-938abed0/LensKit.ItemKNNScorer-c3d66610-21/model.bpk,model.bpk,.bpk,2786464,8123c6aec04fed6d916ae741669071a84cbaafc19ec06dca09a224c12d349527,2026-07-19T20:21:53,True
study_runs,V100_P0_MINI_I05_R04,study_runs/V100_P0_MINI_I05_R04/checkpoint/0ddf2f48ecfe411c968dfd5ac55fc592_seed/generated/checkpoints/MovieLens100K-938abed0/LensKit.ItemKNNScorer-c3d66610-21/predictions.json,predictions.json,.json,37596917,cddbb139678f7301c51c80e0bab04f3598408e157ce3842857f1ab1cfc5d4dd6,2026-07-19T20:22:17,True
study_runs,V100_P0_MINI_I05_R04,study_runs/V100_P0_MINI_I05_R04/checkpoint/0ddf2f48ecfe411c968dfd5ac55fc592_seed/generated/checkpoints/MovieLens100K-938abed0/LensKit.ItemKNNScorer-c3d66610-42/model.bpk,model.bpk,.bpk,2785282,207f58251a14cdcf403ffe334c1c975979e8b49ec2d9e5db84d97625c36bfb1d,2026-07-19T20:22:47,True
study_runs,V100_P0_MINI_I05_R04,study_runs/V100_P0_MINI_I05_R04/checkpoint/0ddf2f48ecfe411c968dfd5ac55fc592_seed/generated/checkpoints/MovieLens100K-938abed0/LensKit.ItemKNNScorer-c3d66610-42/predictions.json,predictions.json,.json,37520574,44d5fee5bbdf2636836b56525f4a848f966d65e06e2337910bdc52b4c237dbe7,2026-07-19T20:23:11,True
study_runs,V100_P0_MINI_I05_R04,study_runs/V100_P0_MINI_I05_R04/checkpoint/0ddf2f48ecfe411c968dfd5ac55fc592_seed/generated/checkpoints/MovieLens100K-938abed0/LensKit.ItemKNNScorer-c3d66610-7/model.bpk,model.bpk,.bpk,2807570,abfde71abc9fec4889aef5a3a9cb5ce1e10d03f0e451150330540496dfd6cded,2026-07-19T20:20:03,True
study_runs,V100_P0_MINI_I05_R04,study_runs/V100_P0_MINI_I05_R04/checkpoint/0ddf2f48ecfe411c968dfd5ac55fc592_seed/generated/checkpoints/MovieLens100K-938abed0/LensKit.ItemKNNScorer-c3d66610-7/predictions.json,predictions.json,.json,37611411,f99779c179fd61bb81d5ef564e77472084e5ef131155e434169bc585c3934da4,2026-07-19T20:20:27,True
study_runs,V100_P0_MINI_I05_R04,study_runs/V100_P0_MINI_I05_R04/checkpoint/0ddf2f48ecfe411c968dfd5ac55fc592_seed/generated/checkpoints/MovieLens100K-938abed0/LensKit.ItemKNNScorer-c3d66610-87/model.bpk,model.bpk,.bpk,2807946,460af326b7e8ee9a0c9855d08b5bc213efb3b5043fe700934ed75d36ed8d4e4b,2026-07-19T20:23:41,True
study_runs,V100_P0_MINI_I05_R04,study_runs/V100_P0_MINI_I05_R04/checkpoint/0ddf2f48ecfe411c968dfd5ac55fc592_seed/generated/checkpoints/MovieLens100K-938abed0/LensKit.ItemKNNScorer-c3d66610-87/predictions.json,predictions.json,.json,37560539,1af2a1a71009a5d363275d607c731e782f1566040eec047d3b057c9c44eca68b,2026-07-19T20:24:05,True
study_runs,V100_P0_MINI_I05_R04,study_runs/V100_P0_MINI_I05_R04/checkpoint/0ddf2f48ecfe411c968dfd5ac55fc592_seed/generated/checkpoints/out.log,out.log,.log,0,e3b0c44298fc1c149afbf4c8996fb92427ae41e4649b934ca495991b7852b855,2026-07-19T20:20:39,True
study_runs,V100_P0_MINI_I05_R04,study_runs/V100_P0_MINI_I05_R04/checkpoint/0ddf2f48ecfe411c968dfd5ac55fc592_seed/generated/checkpoints/progress.json,progress.json,.json,879,51ff6da08f42d5459b2ca89957d80075c5feb3760891f4ce55d4abeac41d2eeb,2026-07-19T20:24:16,True
study_runs,V100_P0_MINI_I05_R04,study_runs/V100_P0_MINI_I05_R04/checkpoint/0ddf2f48ecfe411c968dfd5ac55fc592_seed/generated/checkpoints/results.json,results.json,.json,1258,318d179b86c4427b6a097e5ceab61c6a920fa539bc61904dc8ead825d353b800,2026-07-19T20:24:16,True
study_runs,V100_P0_MINI_I05_R04,study_runs/V100_P0_MINI_I05_R04/checkpoint/0ddf2f48ecfe411c968dfd5ac55fc592_seed/generated/prototype_seed_results.csv,prototype_seed_results.csv,.csv,2798,e009beadcce8cbc375e73681faeb3315464d8e402c6f21a72ca5970cd690d927,2026-07-19T20:24:16,True
study_runs,V100_P0_MINI_I05_R04,study_runs/V100_P0_MINI_I05_R04/checkpoint/0ddf2f48ecfe411c968dfd5ac55fc592_seed/generated/prototype_seed_summary.csv,prototype_seed_summary.csv,.csv,210,3a23073c424298cc17a3d3d3f9b7a958eb505aa4b15994066a8c4a18f516bafa,2026-07-19T20:24:16,True
study_runs,V100_P0_MINI_I05_R04,study_runs/V100_P0_MINI_I05_R04/checkpoint/0ddf2f48ecfe411c968dfd5ac55fc592_seed/generated/prototype_seed_table.csv,prototype_seed_table.csv,.csv,358,12b8a61014f043e816456408a4bde0a7ee2dd2814ef45d3adf1b096c65b533c2,2026-07-19T20:24:16,True
study_runs,V100_P0_MINI_I05_R04,study_runs/V100_P0_MINI_I05_R04/checkpoint/0ddf2f48ecfe411c968dfd5ac55fc592_seed/generated/seed_variation_plot.png,seed_variation_plot.png,.png,51105,a7539a867c6002ccbb69f2c930b26faa0f2a49a2435ea38e840a939d0d01cf49,2026-07-19T20:24:17,True
study_runs,V100_P0_MINI_I05_R04,study_runs/V100_P0_MINI_I05_R04/checkpoint/0ddf2f48ecfe411c968dfd5ac55fc592_seed/out.log,out.log,.log,23651,a70b508d09f9b73122e3fab38022eac2e0c63f61a690bd6c98b3f47ca1f95634,2026-07-19T20:24:17,True
study_runs,V100_P0_MINI_I05_R04,study_runs/V100_P0_MINI_I05_R04/checkpoint/429968f4a2d5464781e553f6868ecfb7/code.py,code.py,.py,2501,4bf499ada8e10c421f2532297f2aedc33846503f9755b5e0c91ee3286203870d,2026-07-19T19:57:54,True
study_runs,V100_P0_MINI_I05_R04,study_runs/V100_P0_MINI_I05_R04/checkpoint/429968f4a2d5464781e553f6868ecfb7/exec_result.pkl,exec_result.pkl,.pkl,6688,dc7de9dde2aab43fbbcc0bb368b1eea00676f9c76739659ca48e9f5ff6b931c6,2026-07-19T19:51:17,True
study_runs,V100_P0_MINI_I05_R04,study_runs/V100_P0_MINI_I05_R04/checkpoint/429968f4a2d5464781e553f6868ecfb7/generated/checkpoints/err.log,err.log,.log,1195,4da430e9659bb61bd72765495936d07d95cfc1fd625a65a3cfd549baa46343ae,2026-07-19T19:51:17,True
study_runs,V100_P0_MINI_I05_R04,study_runs/V100_P0_MINI_I05_R04/checkpoint/429968f4a2d5464781e553f6868ecfb7/generated/checkpoints/MovieLens100K-51d35041/LensKit.ImplicitMFScorer-f0dd7ecb-11/model.bpk,model.bpk,.bpk,1153555,4fbb506be975372ea162aa98e786fdc31eea3f5d326d1a28ef57bf3087d11f62,2026-07-19T19:50:13,True
study_runs,V100_P0_MINI_I05_R04,study_runs/V100_P0_MINI_I05_R04/checkpoint/429968f4a2d5464781e553f6868ecfb7/generated/checkpoints/MovieLens100K-51d35041/LensKit.ImplicitMFScorer-f0dd7ecb-11/predictions.json,predictions.json,.json,39192715,b7f1ae7c3a9688655d6174129b965f6bed6b0246da0a0d926409ac07ecf84fec,2026-07-19T19:51:08,True
study_runs,V100_P0_MINI_I05_R04,study_runs/V100_P0_MINI_I05_R04/checkpoint/429968f4a2d5464781e553f6868ecfb7/generated/checkpoints/out.log,out.log,.log,0,e3b0c44298fc1c149afbf4c8996fb92427ae41e4649b934ca495991b7852b855,2026-07-19T19:51:17,True
study_runs,V100_P0_MINI_I05_R04,study_runs/V100_P0_MINI_I05_R04/checkpoint/429968f4a2d5464781e553f6868ecfb7/generated/checkpoints/progress.json,progress.json,.json,199,e8473236abf2ab9e16b6ef754163754103d3e9731465456c1b924d6ce0ba70e0,2026-07-19T19:51:16,True
study_runs,V100_P0_MINI_I05_R04,study_runs/V100_P0_MINI_I05_R04/checkpoint/429968f4a2d5464781e553f6868ecfb7/generated/checkpoints/results.json,results.json,.json,152,f99a28729bb64ca2902be3aa68b1e73380d4fc5d7b0478161b07f0b38e2bd349,2026-07-19T19:51:17,True
study_runs,V100_P0_MINI_I05_R04,study_runs/V100_P0_MINI_I05_R04/checkpoint/429968f4a2d5464781e553f6868ecfb7/out.log,out.log,.log,6405,56c121b7d5e34e88b4ffc7e973e9a06319092c9d28ec17839e3971ad4ce700ea,2026-07-19T19:51:17,True
study_runs,V100_P0_MINI_I05_R04,study_runs/V100_P0_MINI_I05_R04/checkpoint/598bf8a4666a4d18a6e1a66d70d7dd17/code.py,code.py,.py,3471,4b22ed86c04ac2dd7fdd41fcbc7937660cf5a179b07b65acead9df78b9549dfe,2026-07-19T20:05:29,True
study_runs,V100_P0_MINI_I05_R04,study_runs/V100_P0_MINI_I05_R04/checkpoint/598bf8a4666a4d18a6e1a66d70d7dd17/exec_result.pkl,exec_result.pkl,.pkl,3480,b90bcadfc366a79cf97ef5bbb43a5c02dddf8a2b97ec19ac4ad9ddfb86f2b1d5,2026-07-19T19:58:45,True
study_runs,V100_P0_MINI_I05_R04,study_runs/V100_P0_MINI_I05_R04/checkpoint/598bf8a4666a4d18a6e1a66d70d7dd17/out.log,out.log,.log,3275,95c8714ebc4e657718e0859b4323a1bfb77707dd9d7ed19bd3cf5f6113b178cd,2026-07-19T19:58:45,True
study_runs,V100_P0_MINI_I05_R04,study_runs/V100_P0_MINI_I05_R04/checkpoint/6624255987bf439f9714e8560c0cd3b5/code.py,code.py,.py,3592,db1c9d099090ea11f81484d3bf6693e7d3cf871382390b6633577069351a1778,2026-07-19T20:24:48,True
study_runs,V100_P0_MINI_I05_R04,study_runs/V100_P0_MINI_I05_R04/checkpoint/6624255987bf439f9714e8560c0cd3b5/exec_result.pkl,exec_result.pkl,.pkl,26938,f0971624b50b6f489aa6b694322697d1a1497d0e1dd8b3cc39fb1a5aebafb41c,2026-07-19T20:18:35,True
study_runs,V100_P0_MINI_I05_R04,study_runs/V100_P0_MINI_I05_R04/checkpoint/6624255987bf439f9714e8560c0cd3b5/generated/checkpoints/err.log,err.log,.log,5975,c82c303c9ab0d729d313294053b2514230acc97ddc79eb833b90d24ba6e03c72,2026-07-19T20:18:34,True
study_runs,V100_P0_MINI_I05_R04,study_runs/V100_P0_MINI_I05_R04/checkpoint/6624255987bf439f9714e8560c0cd3b5/generated/checkpoints/MovieLens100K-938abed0/LensKit.ItemKNNScorer-5f816cf5-13/model.bpk,model.bpk,.bpk,2786738,4b659b499367de1fe558eb555e696fd971bbe36855f07c6c5b5a985c9a320474,2026-07-19T20:15:05,True
study_runs,V100_P0_MINI_I05_R04,study_runs/V100_P0_MINI_I05_R04/checkpoint/6624255987bf439f9714e8560c0cd3b5/generated/checkpoints/MovieLens100K-938abed0/LensKit.ItemKNNScorer-5f816cf5-13/predictions.json,predictions.json,.json,37593524,ccbd0ed6508112415cc30eaaafc5dd066c2ff81d17fe77a49c4c86a1a20a5648,2026-07-19T20:15:29,True
study_runs,V100_P0_MINI_I05_R04,study_runs/V100_P0_MINI_I05_R04/checkpoint/6624255987bf439f9714e8560c0cd3b5/generated/checkpoints/MovieLens100K-938abed0/LensKit.ItemKNNScorer-5f816cf5-21/model.bpk,model.bpk,.bpk,2786461,22828f0f94a4f6398f61b6dd0204afd2f9f8ec7db1a7c30d2392703de7ada306,2026-07-19T20:16:01,True
study_runs,V100_P0_MINI_I05_R04,study_runs/V100_P0_MINI_I05_R04/checkpoint/6624255987bf439f9714e8560c0cd3b5/generated/checkpoints/MovieLens100K-938abed0/LensKit.ItemKNNScorer-5f816cf5-21/predictions.json,predictions.json,.json,37596917,cddbb139678f7301c51c80e0bab04f3598408e157ce3842857f1ab1cfc5d4dd6,2026-07-19T20:16:34,True
study_runs,V100_P0_MINI_I05_R04,study_runs/V100_P0_MINI_I05_R04/checkpoint/6624255987bf439f9714e8560c0cd3b5/generated/checkpoints/MovieLens100K-938abed0/LensKit.ItemKNNScorer-5f816cf5-42/model.bpk,model.bpk,.bpk,2785280,2548d96d9856b8dc44df644ad0685771e67ee9f96549bbf75e62cfa34ab1e366,2026-07-19T20:17:04,True
study_runs,V100_P0_MINI_I05_R04,study_runs/V100_P0_MINI_I05_R04/checkpoint/6624255987bf439f9714e8560c0cd3b5/generated/checkpoints/MovieLens100K-938abed0/LensKit.ItemKNNScorer-5f816cf5-42/predictions.json,predictions.json,.json,37520574,44d5fee5bbdf2636836b56525f4a848f966d65e06e2337910bdc52b4c237dbe7,2026-07-19T20:17:28,True
study_runs,V100_P0_MINI_I05_R04,study_runs/V100_P0_MINI_I05_R04/checkpoint/6624255987bf439f9714e8560c0cd3b5/generated/checkpoints/MovieLens100K-938abed0/LensKit.ItemKNNScorer-5f816cf5-7/model.bpk,model.bpk,.bpk,2807571,7fb5584dfb1ffa44bb9d8d142f43774d34a3e0e97e8294ec3e652d0b9d7d5f42,2026-07-19T20:14:10,True
study_runs,V100_P0_MINI_I05_R04,study_runs/V100_P0_MINI_I05_R04/checkpoint/6624255987bf439f9714e8560c0cd3b5/generated/checkpoints/MovieLens100K-938abed0/LensKit.ItemKNNScorer-5f816cf5-7/predictions.json,predictions.json,.json,37611411,f99779c179fd61bb81d5ef564e77472084e5ef131155e434169bc585c3934da4,2026-07-19T20:14:34,True
study_runs,V100_P0_MINI_I05_R04,study_runs/V100_P0_MINI_I05_R04/checkpoint/6624255987bf439f9714e8560c0cd3b5/generated/checkpoints/MovieLens100K-938abed0/LensKit.ItemKNNScorer-5f816cf5-87/model.bpk,model.bpk,.bpk,2807942,7c444d4e6f7c631bfbc20ba21371951861f2316bd40f1f839240839bdd24b85d,2026-07-19T20:17:59,True
study_runs,V100_P0_MINI_I05_R04,study_runs/V100_P0_MINI_I05_R04/checkpoint/6624255987bf439f9714e8560c0cd3b5/generated/checkpoints/MovieLens100K-938abed0/LensKit.ItemKNNScorer-5f816cf5-87/predictions.json,predictions.json,.json,37560539,1af2a1a71009a5d363275d607c731e782f1566040eec047d3b057c9c44eca68b,2026-07-19T20:18:22,True
study_runs,V100_P0_MINI_I05_R04,study_runs/V100_P0_MINI_I05_R04/checkpoint/6624255987bf439f9714e8560c0cd3b5/generated/checkpoints/out.log,out.log,.log,0,e3b0c44298fc1c149afbf4c8996fb92427ae41e4649b934ca495991b7852b855,2026-07-19T20:14:46,True
study_runs,V100_P0_MINI_I05_R04,study_runs/V100_P0_MINI_I05_R04/checkpoint/6624255987bf439f9714e8560c0cd3b5/generated/checkpoints/progress.json,progress.json,.json,1149,a2af1613aa8157f8711802234519e2607767cfe58fe68af3df07a26da55aaf03,2026-07-19T20:18:33,True
study_runs,V100_P0_MINI_I05_R04,study_runs/V100_P0_MINI_I05_R04/checkpoint/6624255987bf439f9714e8560c0cd3b5/generated/checkpoints/results.json,results.json,.json,1258,1685b9d72b9bbb8898558b88ea219508a95796459a4e770a3273a17d4626b328,2026-07-19T20:18:34,True
study_runs,V100_P0_MINI_I05_R04,study_runs/V100_P0_MINI_I05_R04/checkpoint/6624255987bf439f9714e8560c0cd3b5/generated/prototype_seed_results.csv,prototype_seed_results.csv,.csv,2798,a016a2e6b553f864ac84643903de05e2d176fab86d7c09b822fb9b281d71d9a3,2026-07-19T20:18:34,True
study_runs,V100_P0_MINI_I05_R04,study_runs/V100_P0_MINI_I05_R04/checkpoint/6624255987bf439f9714e8560c0cd3b5/generated/prototype_seed_summary.csv,prototype_seed_summary.csv,.csv,1113,6c1709025731869311ffd521fe11a9709a12bacf841620538364b8b7ff627424,2026-07-19T20:18:34,True
study_runs,V100_P0_MINI_I05_R04,study_runs/V100_P0_MINI_I05_R04/checkpoint/6624255987bf439f9714e8560c0cd3b5/generated/prototype_seed_table.csv,prototype_seed_table.csv,.csv,2062,4575ae5196edbebe4a4744dd716fa0997625df82064833cf8ea5c8b56e7021f9,2026-07-19T20:18:34,True
study_runs,V100_P0_MINI_I05_R04,study_runs/V100_P0_MINI_I05_R04/checkpoint/6624255987bf439f9714e8560c0cd3b5/generated/seed_variation_plot.png,seed_variation_plot.png,.png,63601,c91f1669fcbce8347f5400a6518d740f716e616c3d2cadd6c5fc79473ab7fbde,2026-07-19T20:18:34,True
study_runs,V100_P0_MINI_I05_R04,study_runs/V100_P0_MINI_I05_R04/checkpoint/6624255987bf439f9714e8560c0cd3b5/out.log,out.log,.log,26211,abe1db1c25c7885053873bf707bf244fb4dd2ed821ee3c5d7f896bbfae7955f8,2026-07-19T20:18:35,True
study_runs,V100_P0_MINI_I05_R04,study_runs/V100_P0_MINI_I05_R04/checkpoint/72e46d355e0a49fc85af38961d5e11ef/code.py,code.py,.py,3385,790b6b0e7f5eea8928f1032454e10819d109925e43f1a9e2cf324d92d5cea488,2026-07-19T20:13:03,True
study_runs,V100_P0_MINI_I05_R04,study_runs/V100_P0_MINI_I05_R04/checkpoint/72e46d355e0a49fc85af38961d5e11ef/exec_result.pkl,exec_result.pkl,.pkl,3488,0184b3a0c9e0912230079d7c086f7629b4a472fb62fdbe3e68fdd20cab2818d4,2026-07-19T20:06:27,True
study_runs,V100_P0_MINI_I05_R04,study_runs/V100_P0_MINI_I05_R04/checkpoint/72e46d355e0a49fc85af38961d5e11ef/out.log,out.log,.log,3283,cba61d11959c4aa5ac82b9f519d24bda7bebc60e7170f760c453f1cf1ae2ee95,2026-07-19T20:06:27,True
study_runs,V100_P0_MINI_I05_R04,study_runs/V100_P0_MINI_I05_R04/checkpoint/81f0cfbf8c764fd2916c0548137ef91b/code.py,code.py,.py,3341,6033a61e9c1214d60a39f3d04a4c795cd41fd77eaea7ee5c1666bfee06b8ef6b,2026-07-19T20:07:04,True
study_runs,V100_P0_MINI_I05_R04,study_runs/V100_P0_MINI_I05_R04/checkpoint/81f0cfbf8c764fd2916c0548137ef91b/exec_result.pkl,exec_result.pkl,.pkl,26720,76848c195c1152c91953f008f81e0a7d8060137913a411fd968672920e04e4f4,2026-07-19T20:04:54,True
study_runs,V100_P0_MINI_I05_R04,study_runs/V100_P0_MINI_I05_R04/checkpoint/81f0cfbf8c764fd2916c0548137ef91b/generated/checkpoints/err.log,err.log,.log,5975,c82c303c9ab0d729d313294053b2514230acc97ddc79eb833b90d24ba6e03c72,2026-07-19T20:04:53,True
study_runs,V100_P0_MINI_I05_R04,study_runs/V100_P0_MINI_I05_R04/checkpoint/81f0cfbf8c764fd2916c0548137ef91b/generated/checkpoints/MovieLens100K-938abed0/LensKit.ItemKNNScorer-c3d66610-13/model.bpk,model.bpk,.bpk,2786742,6b369b2ac1fff38db1a2a7194eb548ba41f91935ff231365c1f5ee76ce38e078,2026-07-19T20:01:35,True
study_runs,V100_P0_MINI_I05_R04,study_runs/V100_P0_MINI_I05_R04/checkpoint/81f0cfbf8c764fd2916c0548137ef91b/generated/checkpoints/MovieLens100K-938abed0/LensKit.ItemKNNScorer-c3d66610-13/predictions.json,predictions.json,.json,37593524,ccbd0ed6508112415cc30eaaafc5dd066c2ff81d17fe77a49c4c86a1a20a5648,2026-07-19T20:01:59,True
study_runs,V100_P0_MINI_I05_R04,study_runs/V100_P0_MINI_I05_R04/checkpoint/81f0cfbf8c764fd2916c0548137ef91b/generated/checkpoints/MovieLens100K-938abed0/LensKit.ItemKNNScorer-c3d66610-21/model.bpk,model.bpk,.bpk,2786464,d8514b35bbb5f017907f86bb781b6b72b0355bc6a1a48b5abd7deef31c7bd839,2026-07-19T20:02:29,True
study_runs,V100_P0_MINI_I05_R04,study_runs/V100_P0_MINI_I05_R04/checkpoint/81f0cfbf8c764fd2916c0548137ef91b/generated/checkpoints/MovieLens100K-938abed0/LensKit.ItemKNNScorer-c3d66610-21/predictions.json,predictions.json,.json,37596917,cddbb139678f7301c51c80e0bab04f3598408e157ce3842857f1ab1cfc5d4dd6,2026-07-19T20:02:52,True
study_runs,V100_P0_MINI_I05_R04,study_runs/V100_P0_MINI_I05_R04/checkpoint/81f0cfbf8c764fd2916c0548137ef91b/generated/checkpoints/MovieLens100K-938abed0/LensKit.ItemKNNScorer-c3d66610-42/model.bpk,model.bpk,.bpk,2785283,c561171533040aa4f1e455ae870fb2b53d5afdf43c35030ce4bfe17d6bd29316,2026-07-19T20:03:23,True
study_runs,V100_P0_MINI_I05_R04,study_runs/V100_P0_MINI_I05_R04/checkpoint/81f0cfbf8c764fd2916c0548137ef91b/generated/checkpoints/MovieLens100K-938abed0/LensKit.ItemKNNScorer-c3d66610-42/predictions.json,predictions.json,.json,37520574,44d5fee5bbdf2636836b56525f4a848f966d65e06e2337910bdc52b4c237dbe7,2026-07-19T20:03:47,True
study_runs,V100_P0_MINI_I05_R04,study_runs/V100_P0_MINI_I05_R04/checkpoint/81f0cfbf8c764fd2916c0548137ef91b/generated/checkpoints/MovieLens100K-938abed0/LensKit.ItemKNNScorer-c3d66610-7/model.bpk,model.bpk,.bpk,2807579,690156b4a0e90bde41cd891d67d4507a02e43c02d3cfcfb51b01b354289ca00e,2026-07-19T20:00:41,True
study_runs,V100_P0_MINI_I05_R04,study_runs/V100_P0_MINI_I05_R04/checkpoint/81f0cfbf8c764fd2916c0548137ef91b/generated/checkpoints/MovieLens100K-938abed0/LensKit.ItemKNNScorer-c3d66610-7/predictions.json,predictions.json,.json,37611411,f99779c179fd61bb81d5ef564e77472084e5ef131155e434169bc585c3934da4,2026-07-19T20:01:07,True
study_runs,V100_P0_MINI_I05_R04,study_runs/V100_P0_MINI_I05_R04/checkpoint/81f0cfbf8c764fd2916c0548137ef91b/generated/checkpoints/MovieLens100K-938abed0/LensKit.ItemKNNScorer-c3d66610-87/model.bpk,model.bpk,.bpk,2807943,e31b9b85496154cb79f3ab6b813ae2e5e5aab52f7dceabb62d20b8aa1ef840de,2026-07-19T20:04:18,True
study_runs,V100_P0_MINI_I05_R04,study_runs/V100_P0_MINI_I05_R04/checkpoint/81f0cfbf8c764fd2916c0548137ef91b/generated/checkpoints/MovieLens100K-938abed0/LensKit.ItemKNNScorer-c3d66610-87/predictions.json,predictions.json,.json,37560539,1af2a1a71009a5d363275d607c731e782f1566040eec047d3b057c9c44eca68b,2026-07-19T20:04:42,True
study_runs,V100_P0_MINI_I05_R04,study_runs/V100_P0_MINI_I05_R04/checkpoint/81f0cfbf8c764fd2916c0548137ef91b/generated/checkpoints/out.log,out.log,.log,0,e3b0c44298fc1c149afbf4c8996fb92427ae41e4649b934ca495991b7852b855,2026-07-19T20:01:17,True
study_runs,V100_P0_MINI_I05_R04,study_runs/V100_P0_MINI_I05_R04/checkpoint/81f0cfbf8c764fd2916c0548137ef91b/generated/checkpoints/progress.json,progress.json,.json,879,51ff6da08f42d5459b2ca89957d80075c5feb3760891f4ce55d4abeac41d2eeb,2026-07-19T20:04:53,True
study_runs,V100_P0_MINI_I05_R04,study_runs/V100_P0_MINI_I05_R04/checkpoint/81f0cfbf8c764fd2916c0548137ef91b/generated/checkpoints/results.json,results.json,.json,1241,91c1028ecba0ebf10880ab2da668df29c5e769a4be910743eea5d2fdd863c8fe,2026-07-19T20:04:53,True
study_runs,V100_P0_MINI_I05_R04,study_runs/V100_P0_MINI_I05_R04/checkpoint/81f0cfbf8c764fd2916c0548137ef91b/generated/prototype_seed_results.csv,prototype_seed_results.csv,.csv,2748,d6d5732bf50860e21735baf1c8840016d8d4d7d84ea9c2563c11a1b4200815d0,2026-07-19T20:04:53,True
study_runs,V100_P0_MINI_I05_R04,study_runs/V100_P0_MINI_I05_R04/checkpoint/81f0cfbf8c764fd2916c0548137ef91b/generated/prototype_seed_summary.csv,prototype_seed_summary.csv,.csv,1092,f3d3c4201cbb81c27d6826d2802925bd8b6bea05ffcee157fc4918e5710e326b,2026-07-19T20:04:53,True
study_runs,V100_P0_MINI_I05_R04,study_runs/V100_P0_MINI_I05_R04/checkpoint/81f0cfbf8c764fd2916c0548137ef91b/generated/seed_variation_plot.png,seed_variation_plot.png,.png,50679,8cc203ef19872652f19d7e1138b781f273397c90214a99c7038f67f0d22c9d5c,2026-07-19T20:04:54,True
study_runs,V100_P0_MINI_I05_R04,study_runs/V100_P0_MINI_I05_R04/checkpoint/81f0cfbf8c764fd2916c0548137ef91b/out.log,out.log,.log,25991,55c8b6a51d355391dac5ca5000edc3f2d5f25175d1e28e7ccf9a5894b4caef78,2026-07-19T20:04:54,True
study_runs,V100_P0_MINI_I05_R04,study_runs/V100_P0_MINI_I05_R04/checkpoint/e543f9f743a340479000d7640c0720a3/code.py,code.py,.py,3643,6b64c702611c62beb4583bd7e5a4812af8673bbc6062bd80889d6c49bc6ee4c8,2026-07-19T19:59:32,True
study_runs,V100_P0_MINI_I05_R04,study_runs/V100_P0_MINI_I05_R04/checkpoint/e543f9f743a340479000d7640c0720a3/exec_result.pkl,exec_result.pkl,.pkl,24179,218d1f0b25affc29763a779337b7ae108456cc7c6662cd8ad5b48e9ee4761cee,2026-07-19T19:57:36,True
study_runs,V100_P0_MINI_I05_R04,study_runs/V100_P0_MINI_I05_R04/checkpoint/e543f9f743a340479000d7640c0720a3/generated/checkpoints/err.log,err.log,.log,5975,c82c303c9ab0d729d313294053b2514230acc97ddc79eb833b90d24ba6e03c72,2026-07-19T19:57:33,True
study_runs,V100_P0_MINI_I05_R04,study_runs/V100_P0_MINI_I05_R04/checkpoint/e543f9f743a340479000d7640c0720a3/generated/checkpoints/MovieLens100K-938abed0/LensKit.ItemKNNScorer-c3d66610-13/model.bpk,model.bpk,.bpk,2786742,a0154c338b37e750d41af65b45ca167a77674d6a5a0c3b7cd861c80b1d3a5a89,2026-07-19T19:54:03,True
study_runs,V100_P0_MINI_I05_R04,study_runs/V100_P0_MINI_I05_R04/checkpoint/e543f9f743a340479000d7640c0720a3/generated/checkpoints/MovieLens100K-938abed0/LensKit.ItemKNNScorer-c3d66610-13/predictions.json,predictions.json,.json,37593524,ccbd0ed6508112415cc30eaaafc5dd066c2ff81d17fe77a49c4c86a1a20a5648,2026-07-19T19:54:28,True
study_runs,V100_P0_MINI_I05_R04,study_runs/V100_P0_MINI_I05_R04/checkpoint/e543f9f743a340479000d7640c0720a3/generated/checkpoints/MovieLens100K-938abed0/LensKit.ItemKNNScorer-c3d66610-21/model.bpk,model.bpk,.bpk,2786459,9eff0b48996f229a572db448464565af97e0f8aba621076fe708a6828359dfa9,2026-07-19T19:54:58,True
study_runs,V100_P0_MINI_I05_R04,study_runs/V100_P0_MINI_I05_R04/checkpoint/e543f9f743a340479000d7640c0720a3/generated/checkpoints/MovieLens100K-938abed0/LensKit.ItemKNNScorer-c3d66610-21/predictions.json,predictions.json,.json,37596917,cddbb139678f7301c51c80e0bab04f3598408e157ce3842857f1ab1cfc5d4dd6,2026-07-19T19:55:23,True
study_runs,V100_P0_MINI_I05_R04,study_runs/V100_P0_MINI_I05_R04/checkpoint/e543f9f743a340479000d7640c0720a3/generated/checkpoints/MovieLens100K-938abed0/LensKit.ItemKNNScorer-c3d66610-42/model.bpk,model.bpk,.bpk,2785287,de02143dfdba059e0fcad19d35da0788e13481f250aae92a6045aae80c3fcf1a,2026-07-19T19:55:54,True
study_runs,V100_P0_MINI_I05_R04,study_runs/V100_P0_MINI_I05_R04/checkpoint/e543f9f743a340479000d7640c0720a3/generated/checkpoints/MovieLens100K-938abed0/LensKit.ItemKNNScorer-c3d66610-42/predictions.json,predictions.json,.json,37520574,44d5fee5bbdf2636836b56525f4a848f966d65e06e2337910bdc52b4c237dbe7,2026-07-19T19:56:28,True
study_runs,V100_P0_MINI_I05_R04,study_runs/V100_P0_MINI_I05_R04/checkpoint/e543f9f743a340479000d7640c0720a3/generated/checkpoints/MovieLens100K-938abed0/LensKit.ItemKNNScorer-c3d66610-7/model.bpk,model.bpk,.bpk,2807578,b448fb066a0e390ee6e38ac778ee007c0f18fa8f7215e41c70cfbe960b071163,2026-07-19T19:53:09,True
study_runs,V100_P0_MINI_I05_R04,study_runs/V100_P0_MINI_I05_R04/checkpoint/e543f9f743a340479000d7640c0720a3/generated/checkpoints/MovieLens100K-938abed0/LensKit.ItemKNNScorer-c3d66610-7/predictions.json,predictions.json,.json,37611411,f99779c179fd61bb81d5ef564e77472084e5ef131155e434169bc585c3934da4,2026-07-19T19:53:34,True
study_runs,V100_P0_MINI_I05_R04,study_runs/V100_P0_MINI_I05_R04/checkpoint/e543f9f743a340479000d7640c0720a3/generated/checkpoints/MovieLens100K-938abed0/LensKit.ItemKNNScorer-c3d66610-87/model.bpk,model.bpk,.bpk,2807936,e37bc649d3094c2ba38696e9f533d6141d783661176734113ee4060eed6f6440,2026-07-19T19:56:58,True
study_runs,V100_P0_MINI_I05_R04,study_runs/V100_P0_MINI_I05_R04/checkpoint/e543f9f743a340479000d7640c0720a3/generated/checkpoints/MovieLens100K-938abed0/LensKit.ItemKNNScorer-c3d66610-87/predictions.json,predictions.json,.json,37560539,1af2a1a71009a5d363275d607c731e782f1566040eec047d3b057c9c44eca68b,2026-07-19T19:57:24,True
study_runs,V100_P0_MINI_I05_R04,study_runs/V100_P0_MINI_I05_R04/checkpoint/e543f9f743a340479000d7640c0720a3/generated/checkpoints/out.log,out.log,.log,0,e3b0c44298fc1c149afbf4c8996fb92427ae41e4649b934ca495991b7852b855,2026-07-19T19:53:45,True
study_runs,V100_P0_MINI_I05_R04,study_runs/V100_P0_MINI_I05_R04/checkpoint/e543f9f743a340479000d7640c0720a3/generated/checkpoints/progress.json,progress.json,.json,879,51ff6da08f42d5459b2ca89957d80075c5feb3760891f4ce55d4abeac41d2eeb,2026-07-19T19:57:33,True
study_runs,V100_P0_MINI_I05_R04,study_runs/V100_P0_MINI_I05_R04/checkpoint/e543f9f743a340479000d7640c0720a3/generated/checkpoints/results.json,results.json,.json,1241,91c1028ecba0ebf10880ab2da668df29c5e769a4be910743eea5d2fdd863c8fe,2026-07-19T19:57:33,True
study_runs,V100_P0_MINI_I05_R04,study_runs/V100_P0_MINI_I05_R04/checkpoint/e543f9f743a340479000d7640c0720a3/generated/prototype_seed_results.csv,prototype_seed_results.csv,.csv,2748,d6d5732bf50860e21735baf1c8840016d8d4d7d84ea9c2563c11a1b4200815d0,2026-07-19T19:57:33,True
study_runs,V100_P0_MINI_I05_R04,study_runs/V100_P0_MINI_I05_R04/checkpoint/e543f9f743a340479000d7640c0720a3/generated/prototype_seed_summary.csv,prototype_seed_summary.csv,.csv,206,3b3532d1ef7d1e979dd5b74f437d7316cfa2a4e25ab141a1022aedd2adff5645,2026-07-19T19:57:34,True
study_runs,V100_P0_MINI_I05_R04,study_runs/V100_P0_MINI_I05_R04/checkpoint/e543f9f743a340479000d7640c0720a3/generated/seed_variation_plot.png,seed_variation_plot.png,.png,51167,fd8c0c8865111cd0027a0f139ebe15c3728638d73bbb1f62dcdb67c3d3d47ee2,2026-07-19T19:57:35,True
study_runs,V100_P0_MINI_I05_R04,study_runs/V100_P0_MINI_I05_R04/checkpoint/e543f9f743a340479000d7640c0720a3/out.log,out.log,.log,23522,555c76c1906087f6d69390e7cf0d9c3899f5504fa1397e3be01f1a37a3812cba,2026-07-19T19:57:36,True
study_runs,V100_P0_MINI_I05_R04,study_runs/V100_P0_MINI_I05_R04/code_requirements_final.json,code_requirements_final.json,.json,1449,104f895ed324e5c8bc339714bd69d4d7d067940e06a4f9437a1b797f5f7df241,2026-07-19T20:19:39,True
study_runs,V100_P0_MINI_I05_R04,study_runs/V100_P0_MINI_I05_R04/code_requirements_prototype.json,code_requirements_prototype.json,.json,732,bbc64e7032791fa5a910377ec32e9633406f13730504cd044dd80523e56fd8e0,2026-07-19T19:48:43,True
study_runs,V100_P0_MINI_I05_R04,study_runs/V100_P0_MINI_I05_R04/config.source.toml,config.source.toml,.toml,386,43ad328d9e971575946598bc6c906a320d878b57103e5825b7bc1b351074558f,2026-07-19T19:48:03,True
study_runs,V100_P0_MINI_I05_R04,study_runs/V100_P0_MINI_I05_R04/config.toml,config.toml,.toml,416,c9a4c0a29314dcb98c83769673fb4fdb4c0c6245600f139702776ef3b25c3605,2026-07-19T19:48:03,True
study_runs,V100_P0_MINI_I05_R04,study_runs/V100_P0_MINI_I05_R04/costs_log.csv,costs_log.csv,.csv,13221,6a8347ff8ce2cb092166b6835f88cdbd5ac29b0150a4ffde999ae22b4ad629c5,2026-07-19T20:28:49,True
study_runs,V100_P0_MINI_I05_R04,study_runs/V100_P0_MINI_I05_R04/debug.log,debug.log,.log,356438,493ba16f3286f1a60f959c7fa5820853c709904c664100eb5ec4c53cbea021ab,2026-07-19T20:28:53,True
study_runs,V100_P0_MINI_I05_R04,study_runs/V100_P0_MINI_I05_R04/entered_prompt.txt,entered_prompt.txt,.txt,946,dc790c0f84813ae9f582a14783c06db3ee59faaa98d800c6bf831f5ad0d041ab,2026-07-19T19:48:03,True
study_runs,V100_P0_MINI_I05_R04,study_runs/V100_P0_MINI_I05_R04/save.pkl,save.pkl,.pkl,207746,26d5d2d0628866cb50a21b2c92fbd7a1a5888f87d1299ba0332db646b862be65,2026-07-19T20:19:11,True
study_runs,V100_P0_MINI_I05_R04,study_runs/V100_P0_MINI_I05_R04/statistics/0_429968f4a2d5464781e553f6868ecfb7.txt,0_429968f4a2d5464781e553f6868ecfb7.txt,.txt,475,9a5f3144dc15d3c9f87d25b72a81465b089395c71d45adb981dfb46a74123d7c,2026-07-19T19:51:58,True
study_runs,V100_P0_MINI_I05_R04,study_runs/V100_P0_MINI_I05_R04/statistics/1_e543f9f743a340479000d7640c0720a3.txt,1_e543f9f743a340479000d7640c0720a3.txt,.txt,478,e3b69d9faf1e8cb6bc16d7667677789309dd3dc48d09e0754c0290eb22232ba9,2026-07-19T19:57:54,True
study_runs,V100_P0_MINI_I05_R04,study_runs/V100_P0_MINI_I05_R04/statistics/2_598bf8a4666a4d18a6e1a66d70d7dd17.txt,2_598bf8a4666a4d18a6e1a66d70d7dd17.txt,.txt,472,432f1315d40a84e47822d4b46ab5ccc9dbbf93c096579f6c0a7acf2a69c02192,2026-07-19T19:59:32,True
study_runs,V100_P0_MINI_I05_R04,study_runs/V100_P0_MINI_I05_R04/statistics/3_81f0cfbf8c764fd2916c0548137ef91b.txt,3_81f0cfbf8c764fd2916c0548137ef91b.txt,.txt,472,59b970570d006364587248512c50f969babe50d7388181a4908d69aceadd98c0,2026-07-19T20:05:30,True
study_runs,V100_P0_MINI_I05_R04,study_runs/V100_P0_MINI_I05_R04/statistics/4_72e46d355e0a49fc85af38961d5e11ef.txt,4_72e46d355e0a49fc85af38961d5e11ef.txt,.txt,468,b243f58ae4f18a42142af7ee824bde829e4f6a013e79a0121db4331ce104dca6,2026-07-19T20:07:04,True
study_runs,V100_P0_MINI_I05_R04,study_runs/V100_P0_MINI_I05_R04/statistics/5_0ddf2f48ecfe411c968dfd5ac55fc592.txt,5_0ddf2f48ecfe411c968dfd5ac55fc592.txt,.txt,474,e0cad6e3bd4116d5cc932a74896a479be42f57c646e8bb7c26b5b3bde00cf017,2026-07-19T20:13:03,True
study_runs,V100_P0_MINI_I05_R04,study_runs/V100_P0_MINI_I05_R04/statistics/6_6624255987bf439f9714e8560c0cd3b5.txt,6_6624255987bf439f9714e8560c0cd3b5.txt,.txt,472,28951083db9d07fff62888618b6dfce9a2a2dda46b37666c892cc049cef5e4de,2026-07-19T20:19:04,True
study_runs,V100_P0_MINI_I05_R04,study_runs/V100_P0_MINI_I05_R04/statistics/7_0ddf2f48ecfe411c968dfd5ac55fc592_seed.txt,7_0ddf2f48ecfe411c968dfd5ac55fc592_seed.txt,.txt,461,59c53bde5bb97081da2756cb2f14da132b939471db7e9f868f0f2df58ed4c835,2026-07-19T20:24:48,True
study_runs,V100_P0_MINI_I05_R04,study_runs/V100_P0_MINI_I05_R04/statistics/8_0ddf2f48ecfe411c968dfd5ac55fc592_iteration1.txt,8_0ddf2f48ecfe411c968dfd5ac55fc592_iteration1.txt,.txt,499,1bcb40bceb132ae96358409db31cabdf6085264398515a0b7ced085594119531,2026-07-19T20:26:15,True
study_runs,V100_P0_MINI_I05_R04,study_runs/V100_P0_MINI_I05_R04/statistics/9_0ddf2f48ecfe411c968dfd5ac55fc592_iteration2.txt,9_0ddf2f48ecfe411c968dfd5ac55fc592_iteration2.txt,.txt,483,2e13ae6f0755f584c8c0b7434dea635bd32f76ff8712d4b4323df8ab5f3e0a62,2026-07-19T20:28:44,True
study_runs,V100_P0_MINI_I05_R04,study_runs/V100_P0_MINI_I05_R04/statistics/arguments_per_function.png,arguments_per_function.png,.png,64393,5f4a36932ab5c6a12f5bcb2474f5b0289782a9e6f470e276e0799afe66848ff7,2026-07-19T20:28:52,True
study_runs,V100_P0_MINI_I05_R04,study_runs/V100_P0_MINI_I05_R04/statistics/classes.png,classes.png,.png,50709,ded861f8f3136eff91e4c8e5d4a24acf33fb082b9b2504c227a4a0d8e880c150,2026-07-19T20:28:51,True
study_runs,V100_P0_MINI_I05_R04,study_runs/V100_P0_MINI_I05_R04/statistics/comment_lines.png,comment_lines.png,.png,52081,b63d7236799c8e7aed55fa38cefff90d82b433062e78a25dcf6753210d288b56,2026-07-19T20:28:50,True
study_runs,V100_P0_MINI_I05_R04,study_runs/V100_P0_MINI_I05_R04/statistics/conditions.png,conditions.png,.png,44376,359abea70585eccade545706265db43e38d7444e754c1599bbcaad3acb4f302f,2026-07-19T20:28:52,True
study_runs,V100_P0_MINI_I05_R04,study_runs/V100_P0_MINI_I05_R04/statistics/deletions.png,deletions.png,.png,71497,2db5171f273bb9111b89d8f92000420d0706f76fe3cd37884245048877cf8881,2026-07-19T20:28:53,True
study_runs,V100_P0_MINI_I05_R04,study_runs/V100_P0_MINI_I05_R04/statistics/empty_lines.png,empty_lines.png,.png,55417,345c024f134db6dbff8acd99455c18ee107063b17f8d46e4892aa630f6c7f5d7,2026-07-19T20:28:50,True
study_runs,V100_P0_MINI_I05_R04,study_runs/V100_P0_MINI_I05_R04/statistics/execution_time.png,execution_time.png,.png,80971,d421aa449ef93fb9b5333b996e7aec4989fd6fc358309a98104ee1a3b5c06153,2026-07-19T20:28:49,True
study_runs,V100_P0_MINI_I05_R04,study_runs/V100_P0_MINI_I05_R04/statistics/functions.png,functions.png,.png,53022,1fc55c4b5df3dcd9f3e55bb2a7212b6966e239945f4569b25bb55ee382e6e56c,2026-07-19T20:28:51,True
study_runs,V100_P0_MINI_I05_R04,study_runs/V100_P0_MINI_I05_R04/statistics/insertions.png,insertions.png,.png,68667,9dd498fc0c5c6f92eda5096c60c5237763bbdce0bcf19c8026c078e7f4a7930e,2026-07-19T20:28:52,True
study_runs,V100_P0_MINI_I05_R04,study_runs/V100_P0_MINI_I05_R04/statistics/libraries_imported.png,libraries_imported.png,.png,44397,b3a2d07ba5a2ca8de895c00c3425d650d06f5aa8402df0cf1464fbf6e2238b74,2026-07-19T20:28:51,True
study_runs,V100_P0_MINI_I05_R04,study_runs/V100_P0_MINI_I05_R04/statistics/lines_of_code.png,lines_of_code.png,.png,57481,11cc44d24e217ecb8d28114b32c8b2eec7b24d8bf332c8bda0abc01076a25eae,2026-07-19T20:28:50,True
study_runs,V100_P0_MINI_I05_R04,study_runs/V100_P0_MINI_I05_R04/statistics/loops.png,loops.png,.png,45436,0b6e88b097d251577ee72e4a449039f94abaaa8c9753bae292d20611aeeedb8f,2026-07-19T20:28:52,True
study_runs,V100_P0_MINI_I05_R04,study_runs/V100_P0_MINI_I05_R04/statistics/summary_overall_nodes.txt,summary_overall_nodes.txt,.txt,489,5d56722ba77a9da630073c1f2e10e9d69d4526beb3e34f242724a71ff18b7ab0,2026-07-19T20:28:49,True
study_runs,V100_P0_MINI_I05_R04,study_runs/V100_P0_MINI_I05_R04/statistics/total_characters.png,total_characters.png,.png,68598,08b9bdac2c9c3e869a648997aec2b0bf16967393b78dbb1a061cb994db73c25f,2026-07-19T20:28:51,True
study_runs,V100_P0_MINI_I05_R04,study_runs/V100_P0_MINI_I05_R04/statistics/variable_assignments.png,variable_assignments.png,.png,57218,c1cd56771f2bbb3e667fbb45e238e5018c775afec77f585d3bb4e4b71436cbc0,2026-07-19T20:28:52,True
study_runs,V100_P0_MINI_I05_R04,study_runs/V100_P0_MINI_I05_R04/summary.md,summary.md,.md,2808,6a5c6bea10bd81936b7a449bc3e28a1ff07bffbc641ae65fc2ea321bec863d30,2026-07-19T20:28:49,True
study_runs,V100_P0_MINI_I05_R04,study_runs/V100_P0_MINI_I05_R04/tree_render/pdf/combined_tree.pdf,combined_tree.pdf,.pdf,23385,06c50fec98e4ba17f54191e810338b717a8494b39e37d67a24735187284332b7,2026-07-19T20:19:11,True
study_runs,V100_P0_MINI_I05_R04,study_runs/V100_P0_MINI_I05_R04/tree_render/pdf/tree_0.pdf,tree_0.pdf,.pdf,18589,2dec9d8d08182d45f2a457ff065a4192b11630de34d5a178f7ccf10974bdab05,2026-07-19T20:19:06,True
study_runs,V100_P0_MINI_I05_R04,study_runs/V100_P0_MINI_I05_R04/tree_render/pdf/tree_1.pdf,tree_1.pdf,.pdf,23234,e60e1de8dc53fd5f0e1a300945b139cae1aef2f41d4665d75361c9d4790d5c3f,2026-07-19T20:19:08,True
study_runs,V100_P0_MINI_I05_R04,study_runs/V100_P0_MINI_I05_R04/tree_render/png/combined_tree.png,combined_tree.png,.png,74104,4572af5b7b8b952e8d4379417bdd518a3a1ff22d82a9a75cbf03c105bf0eacdc,2026-07-19T20:19:10,True
study_runs,V100_P0_MINI_I05_R04,study_runs/V100_P0_MINI_I05_R04/tree_render/png/tree_0.png,tree_0.png,.png,11158,5464916b361ffee4309bf3743740c30fc31032f2c06f81cfce2aa251505e333a,2026-07-19T20:19:05,True
study_runs,V100_P0_MINI_I05_R04,study_runs/V100_P0_MINI_I05_R04/tree_render/png/tree_1.png,tree_1.png,.png,67575,74161272a28536d80356478cf090fc237a4f46e9d2bd61e0d87f37ac67904f96,2026-07-19T20:19:08,True
study_runs,V100_P0_MINI_I05_R04,study_runs/V100_P0_MINI_I05_R04/tree_render/svg/combined_tree.svg,combined_tree.svg,.svg,10650,5a0b7c1d9c54a853a403fbfbfaa7335d219be721d29b018bdafbc3f7d16e06fc,2026-07-19T20:19:11,True
study_runs,V100_P0_MINI_I05_R04,study_runs/V100_P0_MINI_I05_R04/tree_render/svg/tree_0.svg,tree_0.svg,.svg,1611,bdac2dd85ff58b981a7a9dab5d47a2128344854b8e152857474762887c75b449,2026-07-19T20:19:07,True
study_runs,V100_P0_MINI_I05_R04,study_runs/V100_P0_MINI_I05_R04/tree_render/svg/tree_1.svg,tree_1.svg,.svg,9599,d05fd7b49a4dca7e20c43cec4434dbf7ef5aa8a2922ba8953144352b442b81ce,2026-07-19T20:19:09,True
study_runs,V100_P0_MINI_I05_R05,study_runs/V100_P0_MINI_I05_R05/checkpoint/33efaaf355e04edbb0aaacba40eb5402/code.py,code.py,.py,2584,846d3973f88860a71eeafb5143ec1ef2f6135fc8ae66d99679a6ece9773b3f21,2026-07-20T03:14:20,True
study_runs,V100_P0_MINI_I05_R05,study_runs/V100_P0_MINI_I05_R05/checkpoint/33efaaf355e04edbb0aaacba40eb5402/exec_result.pkl,exec_result.pkl,.pkl,3278,4d6949bd61f17edacd334d6267c82bd79822aeaf7272f5878e56a4c89adef803,2026-07-20T03:11:25,True
study_runs,V100_P0_MINI_I05_R05,study_runs/V100_P0_MINI_I05_R05/checkpoint/33efaaf355e04edbb0aaacba40eb5402/out.log,out.log,.log,3081,4563bf9d646e61a67ab134f2a747dc559e5014cea0979b54acbb5a59ad89d0fb,2026-07-20T03:11:25,True
study_runs,V100_P0_MINI_I05_R05,study_runs/V100_P0_MINI_I05_R05/checkpoint/45bbaea5347142a089ee75b7dab25565/code.py,code.py,.py,2723,11593ad1f12066ab20fe674e94666b7add305d0a6953bc0009550bfbff6af1ab,2026-07-20T03:08:48,True
study_runs,V100_P0_MINI_I05_R05,study_runs/V100_P0_MINI_I05_R05/checkpoint/45bbaea5347142a089ee75b7dab25565/exec_result.pkl,exec_result.pkl,.pkl,3274,03a6ed33e6838c9addb4507cc26f3ce7c9f257e33bda1eb5c991ded4bd3a0fd5,2026-07-20T03:04:58,True
study_runs,V100_P0_MINI_I05_R05,study_runs/V100_P0_MINI_I05_R05/checkpoint/45bbaea5347142a089ee75b7dab25565/out.log,out.log,.log,3077,7a57f298c4add691a921817bdda74c6abbdb98c036f0b640293f63016bdf35d5,2026-07-20T03:04:58,True
study_runs,V100_P0_MINI_I05_R05,study_runs/V100_P0_MINI_I05_R05/checkpoint/5f85c771837f46e69ed3548da85ed85f/code.py,code.py,.py,3621,af1f34df27369b27ce0bc0a7bbdc5938338bb2467cc6eb4c2b8d465cc27b304c,2026-07-20T03:10:54,True
study_runs,V100_P0_MINI_I05_R05,study_runs/V100_P0_MINI_I05_R05/checkpoint/5f85c771837f46e69ed3548da85ed85f/exec_result.pkl,exec_result.pkl,.pkl,6607,887db6d092b4342b1c5780f6d3ac1a9da7f121d404a64fc962bb26dc68c759ca,2026-07-20T03:08:10,True
study_runs,V100_P0_MINI_I05_R05,study_runs/V100_P0_MINI_I05_R05/checkpoint/5f85c771837f46e69ed3548da85ed85f/generated/checkpoints/err.log,err.log,.log,951,6a254c2602b7566b8080dc9a3e249853376d2cb68109de34c64df5a7e9f73108,2026-07-20T03:08:10,True
study_runs,V100_P0_MINI_I05_R05,study_runs/V100_P0_MINI_I05_R05/checkpoint/5f85c771837f46e69ed3548da85ed85f/generated/checkpoints/MovieLens100K-938abed0/LensKit.PopScorer-f4aa5539-11/model.bpk,model.bpk,.bpk,314970,6a7fdf3c142bb4ec73a91676fe53292e18c7fdf1c20c1fcb8e8093982c312265,2026-07-20T03:07:13,True
study_runs,V100_P0_MINI_I05_R05,study_runs/V100_P0_MINI_I05_R05/checkpoint/5f85c771837f46e69ed3548da85ed85f/generated/checkpoints/MovieLens100K-938abed0/LensKit.PopScorer-f4aa5539-11/predictions.json,predictions.json,.json,39089340,4612219caa0e1c7f45150c69dfeceeed6b54421c6e71c048531c6c5a6f8203a3,2026-07-20T03:07:57,True
study_runs,V100_P0_MINI_I05_R05,study_runs/V100_P0_MINI_I05_R05/checkpoint/5f85c771837f46e69ed3548da85ed85f/generated/checkpoints/out.log,out.log,.log,0,e3b0c44298fc1c149afbf4c8996fb92427ae41e4649b934ca495991b7852b855,2026-07-20T03:08:10,True
study_runs,V100_P0_MINI_I05_R05,study_runs/V100_P0_MINI_I05_R05/checkpoint/5f85c771837f46e69ed3548da85ed85f/generated/checkpoints/progress.json,progress.json,.json,192,35df4ddf3b6c2d71b6ffb5b23f7b26e9d4b34855ed17bea52b422fd709b23f2f,2026-07-20T03:08:09,True
study_runs,V100_P0_MINI_I05_R05,study_runs/V100_P0_MINI_I05_R05/checkpoint/5f85c771837f46e69ed3548da85ed85f/generated/checkpoints/results.json,results.json,.json,262,88cfd5d9aa667cd711f6d6f29633401a387fc336473c671ef9d067417cc31e9f,2026-07-20T03:08:10,True
study_runs,V100_P0_MINI_I05_R05,study_runs/V100_P0_MINI_I05_R05/checkpoint/5f85c771837f46e69ed3548da85ed85f/out.log,out.log,.log,6324,0f435e46b4c8a4318e2ce571c0ae6ab209f35745008e706376863d7adbd08c8a,2026-07-20T03:08:10,True
study_runs,V100_P0_MINI_I05_R05,study_runs/V100_P0_MINI_I05_R05/checkpoint/868275c3d05d4004ab2e433980557401/code.py,code.py,.py,4387,153a26e9b39747e6cdd7dc70c55db210075855e8cdb5ca9c0650ff2cb54a3704,2026-07-20T03:20:46,True
study_runs,V100_P0_MINI_I05_R05,study_runs/V100_P0_MINI_I05_R05/checkpoint/868275c3d05d4004ab2e433980557401/exec_result.pkl,exec_result.pkl,.pkl,3543,eb925271d28183dcb3b73ab9293870318c83811dc3adcea65f1d9c95c0439b47,2026-07-20T03:17:39,True
study_runs,V100_P0_MINI_I05_R05,study_runs/V100_P0_MINI_I05_R05/checkpoint/868275c3d05d4004ab2e433980557401/out.log,out.log,.log,3338,0a9df3c01e71512696b8f3f6629ef03a90d2b8e7623dba85e4adaf95da715039,2026-07-20T03:17:39,True
study_runs,V100_P0_MINI_I05_R05,study_runs/V100_P0_MINI_I05_R05/checkpoint/a60f1446dae34e6c85594e6ccf365727/code.py,code.py,.py,2824,7a8bbb81fa5bd132b80952b5c01fe63032064dfad8c1da25b929af01e0ad1652,2026-07-20T03:16:48,True
study_runs,V100_P0_MINI_I05_R05,study_runs/V100_P0_MINI_I05_R05/checkpoint/a60f1446dae34e6c85594e6ccf365727/exec_result.pkl,exec_result.pkl,.pkl,6764,c28789df3aba43b1e2a525a82e6bdbfe74f261032a146e552862e1047b034e06,2026-07-20T03:13:48,True
study_runs,V100_P0_MINI_I05_R05,study_runs/V100_P0_MINI_I05_R05/checkpoint/a60f1446dae34e6c85594e6ccf365727/generated/checkpoints/err.log,err.log,.log,951,6a254c2602b7566b8080dc9a3e249853376d2cb68109de34c64df5a7e9f73108,2026-07-20T03:13:48,True
study_runs,V100_P0_MINI_I05_R05,study_runs/V100_P0_MINI_I05_R05/checkpoint/a60f1446dae34e6c85594e6ccf365727/generated/checkpoints/MovieLens100K-43a5f96f/LensKit.PopScorer-f4aa5539-11/model.bpk,model.bpk,.bpk,375479,dd55c4da69c9723bdb211c00ccda0d8f4077ccfabda1c1483c1d52c5ef535782,2026-07-20T03:12:51,True
study_runs,V100_P0_MINI_I05_R05,study_runs/V100_P0_MINI_I05_R05/checkpoint/a60f1446dae34e6c85594e6ccf365727/generated/checkpoints/MovieLens100K-43a5f96f/LensKit.PopScorer-f4aa5539-11/predictions.json,predictions.json,.json,38692019,9728f474041aed62e064781f6d900bf536ad56030b5028accbb1c0f8637c3b29,2026-07-20T03:13:35,True
study_runs,V100_P0_MINI_I05_R05,study_runs/V100_P0_MINI_I05_R05/checkpoint/a60f1446dae34e6c85594e6ccf365727/generated/checkpoints/out.log,out.log,.log,0,e3b0c44298fc1c149afbf4c8996fb92427ae41e4649b934ca495991b7852b855,2026-07-20T03:13:48,True
study_runs,V100_P0_MINI_I05_R05,study_runs/V100_P0_MINI_I05_R05/checkpoint/a60f1446dae34e6c85594e6ccf365727/generated/checkpoints/progress.json,progress.json,.json,192,909ec8bde61eaeee225a1c3a5be53bcef9b1d44e9d35eb348434a0677b14bf83,2026-07-20T03:13:47,True
study_runs,V100_P0_MINI_I05_R05,study_runs/V100_P0_MINI_I05_R05/checkpoint/a60f1446dae34e6c85594e6ccf365727/generated/checkpoints/results.json,results.json,.json,267,221deb95231fb8dda0b6b3a55f76d91ce059ab94ca107f0a9089f4bc14269cf7,2026-07-20T03:13:48,True
study_runs,V100_P0_MINI_I05_R05,study_runs/V100_P0_MINI_I05_R05/checkpoint/a60f1446dae34e6c85594e6ccf365727/out.log,out.log,.log,6481,91c9243e39f9c7f9702c9a897471e9a525a6302f9084fc67dae6d012868628c8,2026-07-20T03:13:48,True
study_runs,V100_P0_MINI_I05_R05,study_runs/V100_P0_MINI_I05_R05/checkpoint/b961f343d9f8405a8f194c65eb67b0cf/code.py,code.py,.py,2583,a96f2b86d665f0328bc84b64e4004b84f7820fd05ac93e29060c39edd45dc4e0,2026-07-20T03:12:03,True
study_runs,V100_P0_MINI_I05_R05,study_runs/V100_P0_MINI_I05_R05/checkpoint/b961f343d9f8405a8f194c65eb67b0cf/exec_result.pkl,exec_result.pkl,.pkl,6752,e494607b9132d5f1cb2762d6a454469003d16b2df4bc0fe36429226abb83a635,2026-07-20T03:10:22,True
study_runs,V100_P0_MINI_I05_R05,study_runs/V100_P0_MINI_I05_R05/checkpoint/b961f343d9f8405a8f194c65eb67b0cf/generated/checkpoints/err.log,err.log,.log,951,6a254c2602b7566b8080dc9a3e249853376d2cb68109de34c64df5a7e9f73108,2026-07-20T03:10:21,True
study_runs,V100_P0_MINI_I05_R05,study_runs/V100_P0_MINI_I05_R05/checkpoint/b961f343d9f8405a8f194c65eb67b0cf/generated/checkpoints/MovieLens100K-938abed0/LensKit.PopScorer-f4aa5539-11/model.bpk,model.bpk,.bpk,314976,5887874cdb482a3cfda8783a23fa83b02090feab8bdfd1f6f7384d8da2ea631b,2026-07-20T03:09:24,True
study_runs,V100_P0_MINI_I05_R05,study_runs/V100_P0_MINI_I05_R05/checkpoint/b961f343d9f8405a8f194c65eb67b0cf/generated/checkpoints/MovieLens100K-938abed0/LensKit.PopScorer-f4aa5539-11/predictions.json,predictions.json,.json,39089340,4612219caa0e1c7f45150c69dfeceeed6b54421c6e71c048531c6c5a6f8203a3,2026-07-20T03:10:09,True
study_runs,V100_P0_MINI_I05_R05,study_runs/V100_P0_MINI_I05_R05/checkpoint/b961f343d9f8405a8f194c65eb67b0cf/generated/checkpoints/out.log,out.log,.log,0,e3b0c44298fc1c149afbf4c8996fb92427ae41e4649b934ca495991b7852b855,2026-07-20T03:10:21,True
study_runs,V100_P0_MINI_I05_R05,study_runs/V100_P0_MINI_I05_R05/checkpoint/b961f343d9f8405a8f194c65eb67b0cf/generated/checkpoints/progress.json,progress.json,.json,192,35df4ddf3b6c2d71b6ffb5b23f7b26e9d4b34855ed17bea52b422fd709b23f2f,2026-07-20T03:10:21,True
study_runs,V100_P0_MINI_I05_R05,study_runs/V100_P0_MINI_I05_R05/checkpoint/b961f343d9f8405a8f194c65eb67b0cf/generated/checkpoints/results.json,results.json,.json,266,b5a1c1fed13f3d7630f410cb46c79c0f6fde3a835085757cc31ff2481f727126,2026-07-20T03:10:21,True
study_runs,V100_P0_MINI_I05_R05,study_runs/V100_P0_MINI_I05_R05/checkpoint/b961f343d9f8405a8f194c65eb67b0cf/out.log,out.log,.log,6469,b314b1278a38fe82dcb95b3a4f8af3f4ac493d512c82d343c456ab1f3e86f0fe,2026-07-20T03:10:22,True
study_runs,V100_P0_MINI_I05_R05,study_runs/V100_P0_MINI_I05_R05/checkpoint/c1cab3cf57c346019ca9d1992dcac3ef/code.py,code.py,.py,3124,7f615719e1592de7a1482516e778c0a942e14e55b5626cf57deeb0d8e1fa8206,2026-07-20T03:18:01,True
study_runs,V100_P0_MINI_I05_R05,study_runs/V100_P0_MINI_I05_R05/checkpoint/c1cab3cf57c346019ca9d1992dcac3ef/exec_result.pkl,exec_result.pkl,.pkl,4398,5ac218bb1af13148d0b170e5ee2c3a2775e516c0da33ae46e5b2e46e8a73b195,2026-07-20T03:16:29,True
study_runs,V100_P0_MINI_I05_R05,study_runs/V100_P0_MINI_I05_R05/checkpoint/c1cab3cf57c346019ca9d1992dcac3ef/generated/checkpoints/err.log,err.log,.log,951,6a254c2602b7566b8080dc9a3e249853376d2cb68109de34c64df5a7e9f73108,2026-07-20T03:16:28,True
study_runs,V100_P0_MINI_I05_R05,study_runs/V100_P0_MINI_I05_R05/checkpoint/c1cab3cf57c346019ca9d1992dcac3ef/generated/checkpoints/MovieLens100K-938abed0/LensKit.PopScorer-f4aa5539-42/model.bpk,model.bpk,.bpk,314944,ed25c03482ec201819ac11392412405c7f3c68b4739b09461d83deff25f650c5,2026-07-20T03:15:31,True
study_runs,V100_P0_MINI_I05_R05,study_runs/V100_P0_MINI_I05_R05/checkpoint/c1cab3cf57c346019ca9d1992dcac3ef/generated/checkpoints/MovieLens100K-938abed0/LensKit.PopScorer-f4aa5539-42/predictions.json,predictions.json,.json,39030742,e873db521daa6ad7479bf6310994379dd44559a4417c6875b0f21d1840f00564,2026-07-20T03:16:17,True
study_runs,V100_P0_MINI_I05_R05,study_runs/V100_P0_MINI_I05_R05/checkpoint/c1cab3cf57c346019ca9d1992dcac3ef/generated/checkpoints/out.log,out.log,.log,0,e3b0c44298fc1c149afbf4c8996fb92427ae41e4649b934ca495991b7852b855,2026-07-20T03:16:28,True
study_runs,V100_P0_MINI_I05_R05,study_runs/V100_P0_MINI_I05_R05/checkpoint/c1cab3cf57c346019ca9d1992dcac3ef/generated/checkpoints/progress.json,progress.json,.json,192,fb62e009e9c58f38c45eeedf07bb504bc47c0dbc06e9aa247eb16c6f21aa6e9c,2026-07-20T03:16:27,True
study_runs,V100_P0_MINI_I05_R05,study_runs/V100_P0_MINI_I05_R05/checkpoint/c1cab3cf57c346019ca9d1992dcac3ef/generated/checkpoints/results.json,results.json,.json,266,92e4a08d1674e2d57711f83628907b155058800a24ffdb738a7d3b5cb64e75c3,2026-07-20T03:16:28,True
study_runs,V100_P0_MINI_I05_R05,study_runs/V100_P0_MINI_I05_R05/checkpoint/c1cab3cf57c346019ca9d1992dcac3ef/generated/prototype_metrics.png,prototype_metrics.png,.png,26233,efaa271a8e6d029d67491d7be5283f02bf4f3461222519f94f3bbb429a888070,2026-07-20T03:16:29,True
study_runs,V100_P0_MINI_I05_R05,study_runs/V100_P0_MINI_I05_R05/checkpoint/c1cab3cf57c346019ca9d1992dcac3ef/out.log,out.log,.log,4177,86e1938bd58070e6a8e00a900e00e4cba3909518b22d0a6fea7d173ed520c05f,2026-07-20T03:16:29,True
study_runs,V100_P0_MINI_I05_R05,study_runs/V100_P0_MINI_I05_R05/checkpoint/c1cab3cf57c346019ca9d1992dcac3ef_iteration1/code.py,code.py,.py,6178,a89e6a6c441eb566acb7629311567525d07b0a711e778f88761a41a71dd29cd9,2026-07-20T03:24:46,True
study_runs,V100_P0_MINI_I05_R05,study_runs/V100_P0_MINI_I05_R05/checkpoint/c1cab3cf57c346019ca9d1992dcac3ef_iteration1/exec_result.pkl,exec_result.pkl,.pkl,2671,11b5be0f44e7bd429fa0c6bb53e03d1d09245ea885bc1c18169e6b51ea09fa22,2026-07-20T03:21:29,True
study_runs,V100_P0_MINI_I05_R05,study_runs/V100_P0_MINI_I05_R05/checkpoint/c1cab3cf57c346019ca9d1992dcac3ef_iteration1/generated/checkpoints/err.log,err.log,.log,0,e3b0c44298fc1c149afbf4c8996fb92427ae41e4649b934ca495991b7852b855,2026-07-20T03:21:28,True
study_runs,V100_P0_MINI_I05_R05,study_runs/V100_P0_MINI_I05_R05/checkpoint/c1cab3cf57c346019ca9d1992dcac3ef_iteration1/generated/checkpoints/out.log,out.log,.log,0,e3b0c44298fc1c149afbf4c8996fb92427ae41e4649b934ca495991b7852b855,2026-07-20T03:21:28,True
study_runs,V100_P0_MINI_I05_R05,study_runs/V100_P0_MINI_I05_R05/checkpoint/c1cab3cf57c346019ca9d1992dcac3ef_iteration1/generated/checkpoints/progress.json,progress.json,.json,199,d05321e741da4f4f8cb79f581f778c0eca84d691dae2b6f850c7341696963010,2026-07-20T03:21:28,True
study_runs,V100_P0_MINI_I05_R05,study_runs/V100_P0_MINI_I05_R05/checkpoint/c1cab3cf57c346019ca9d1992dcac3ef_iteration1/out.log,out.log,.log,2490,1a55b7f4ff380fe10ef805fac04307c58071b90cdb043a91558b5223b5b83ecf,2026-07-20T03:21:29,True
study_runs,V100_P0_MINI_I05_R05,study_runs/V100_P0_MINI_I05_R05/checkpoint/c1cab3cf57c346019ca9d1992dcac3ef_iteration2/code.py,code.py,.py,5757,72e594c41bdc9952197a144cd5a7d2cbe72e0b75508cad5e2a66bc77ee1cacc0,2026-07-20T03:24:46,True
study_runs,V100_P0_MINI_I05_R05,study_runs/V100_P0_MINI_I05_R05/checkpoint/c1cab3cf57c346019ca9d1992dcac3ef_iteration2/exec_result.pkl,exec_result.pkl,.pkl,844,c1b30a13dde7f0ac4a4ac02921408347f3f63974a2af9678f11b7ce4daad7f8c,2026-07-20T03:22:58,True
study_runs,V100_P0_MINI_I05_R05,study_runs/V100_P0_MINI_I05_R05/checkpoint/c1cab3cf57c346019ca9d1992dcac3ef_iteration2/out.log,out.log,.log,707,60526767c1e7dca6e9de749511b636942796dc8d1f727aac4124da731b6fd6d4,2026-07-20T03:22:58,True
study_runs,V100_P0_MINI_I05_R05,study_runs/V100_P0_MINI_I05_R05/checkpoint/c1cab3cf57c346019ca9d1992dcac3ef_seed/code.py,code.py,.py,3124,7f615719e1592de7a1482516e778c0a942e14e55b5626cf57deeb0d8e1fa8206,2026-07-20T03:22:26,True
study_runs,V100_P0_MINI_I05_R05,study_runs/V100_P0_MINI_I05_R05/checkpoint/c1cab3cf57c346019ca9d1992dcac3ef_seed/exec_result.pkl,exec_result.pkl,.pkl,4398,00e44fc1f3f14d7c64d36105914bf3e5966dde6d26330d3264d58bdbe6dd4e85,2026-07-20T03:20:01,True
study_runs,V100_P0_MINI_I05_R05,study_runs/V100_P0_MINI_I05_R05/checkpoint/c1cab3cf57c346019ca9d1992dcac3ef_seed/generated/checkpoints/err.log,err.log,.log,951,6a254c2602b7566b8080dc9a3e249853376d2cb68109de34c64df5a7e9f73108,2026-07-20T03:20:00,True
study_runs,V100_P0_MINI_I05_R05,study_runs/V100_P0_MINI_I05_R05/checkpoint/c1cab3cf57c346019ca9d1992dcac3ef_seed/generated/checkpoints/MovieLens100K-938abed0/LensKit.PopScorer-f4aa5539-42/model.bpk,model.bpk,.bpk,314944,13ec8421fe75473ca7eb4b4a1d0002083027f641cc835943de72482837cca417,2026-07-20T03:19:03,True
study_runs,V100_P0_MINI_I05_R05,study_runs/V100_P0_MINI_I05_R05/checkpoint/c1cab3cf57c346019ca9d1992dcac3ef_seed/generated/checkpoints/MovieLens100K-938abed0/LensKit.PopScorer-f4aa5539-42/predictions.json,predictions.json,.json,39030742,e873db521daa6ad7479bf6310994379dd44559a4417c6875b0f21d1840f00564,2026-07-20T03:19:48,True
study_runs,V100_P0_MINI_I05_R05,study_runs/V100_P0_MINI_I05_R05/checkpoint/c1cab3cf57c346019ca9d1992dcac3ef_seed/generated/checkpoints/out.log,out.log,.log,0,e3b0c44298fc1c149afbf4c8996fb92427ae41e4649b934ca495991b7852b855,2026-07-20T03:20:00,True
study_runs,V100_P0_MINI_I05_R05,study_runs/V100_P0_MINI_I05_R05/checkpoint/c1cab3cf57c346019ca9d1992dcac3ef_seed/generated/checkpoints/progress.json,progress.json,.json,192,fb62e009e9c58f38c45eeedf07bb504bc47c0dbc06e9aa247eb16c6f21aa6e9c,2026-07-20T03:20:00,True
study_runs,V100_P0_MINI_I05_R05,study_runs/V100_P0_MINI_I05_R05/checkpoint/c1cab3cf57c346019ca9d1992dcac3ef_seed/generated/checkpoints/results.json,results.json,.json,266,92e4a08d1674e2d57711f83628907b155058800a24ffdb738a7d3b5cb64e75c3,2026-07-20T03:20:00,True
study_runs,V100_P0_MINI_I05_R05,study_runs/V100_P0_MINI_I05_R05/checkpoint/c1cab3cf57c346019ca9d1992dcac3ef_seed/generated/prototype_metrics.png,prototype_metrics.png,.png,26233,efaa271a8e6d029d67491d7be5283f02bf4f3461222519f94f3bbb429a888070,2026-07-20T03:20:01,True
study_runs,V100_P0_MINI_I05_R05,study_runs/V100_P0_MINI_I05_R05/checkpoint/c1cab3cf57c346019ca9d1992dcac3ef_seed/out.log,out.log,.log,4177,97efadfc3014e728596e13118a6749f346fd0a3de6882fb64f1a1cb1afb53076,2026-07-20T03:20:01,True
study_runs,V100_P0_MINI_I05_R05,study_runs/V100_P0_MINI_I05_R05/code_requirements_final.json,code_requirements_final.json,.json,2156,b7ee73d1b11699f2547feda44ff65108e7c0663407182f4c7d667b0f520e30af,2026-07-20T03:18:40,True
study_runs,V100_P0_MINI_I05_R05,study_runs/V100_P0_MINI_I05_R05/code_requirements_prototype.json,code_requirements_prototype.json,.json,801,60cfd51f7c11521d21da78ba0aca4c57d05a75d488f6b6bfefdab9b8708d1321,2026-07-20T03:04:05,True
study_runs,V100_P0_MINI_I05_R05,study_runs/V100_P0_MINI_I05_R05/config.source.toml,config.source.toml,.toml,386,43ad328d9e971575946598bc6c906a320d878b57103e5825b7bc1b351074558f,2026-07-20T03:03:30,True
study_runs,V100_P0_MINI_I05_R05,study_runs/V100_P0_MINI_I05_R05/config.toml,config.toml,.toml,416,641980381cdd1ee700c9e649cbbd22efbf7b21c93e0d51cb4c42b02fec6e9b8d,2026-07-20T03:03:30,True
study_runs,V100_P0_MINI_I05_R05,study_runs/V100_P0_MINI_I05_R05/costs_log.csv,costs_log.csv,.csv,12198,329663e2869ab9f6a3ff0f999079546d0ce4a24a3f1ab7ba3d79dbb3fe543950,2026-07-20T03:24:53,True
study_runs,V100_P0_MINI_I05_R05,study_runs/V100_P0_MINI_I05_R05/debug.log,debug.log,.log,247329,4c5f11157f05f7a3c4249f235ef164a8f0d537dd3d532661f90c658c70dd2728,2026-07-20T03:24:56,True
study_runs,V100_P0_MINI_I05_R05,study_runs/V100_P0_MINI_I05_R05/entered_prompt.txt,entered_prompt.txt,.txt,946,dc790c0f84813ae9f582a14783c06db3ee59faaa98d800c6bf831f5ad0d041ab,2026-07-20T03:03:30,True
study_runs,V100_P0_MINI_I05_R05,study_runs/V100_P0_MINI_I05_R05/save.pkl,save.pkl,.pkl,121963,5cfa55c5cac93ebdf2c08884379adf10870bc775a38be600d90b304055ea9afb,2026-07-20T03:18:08,True
study_runs,V100_P0_MINI_I05_R05,study_runs/V100_P0_MINI_I05_R05/statistics/0_45bbaea5347142a089ee75b7dab25565.txt,0_45bbaea5347142a089ee75b7dab25565.txt,.txt,455,2b3adb1cfcbce3827f8a0cc2ee6238e969f427367df0cd3709decf647c0af2fc,2026-07-20T03:05:35,True
study_runs,V100_P0_MINI_I05_R05,study_runs/V100_P0_MINI_I05_R05/statistics/1_5f85c771837f46e69ed3548da85ed85f.txt,1_5f85c771837f46e69ed3548da85ed85f.txt,.txt,464,29fb610ac1643a57eb14e652ee9510cfc4e1575ff3c7b1f021061f5658457b9c,2026-07-20T03:08:48,True
study_runs,V100_P0_MINI_I05_R05,study_runs/V100_P0_MINI_I05_R05/statistics/2_b961f343d9f8405a8f194c65eb67b0cf.txt,2_b961f343d9f8405a8f194c65eb67b0cf.txt,.txt,455,c7c02e3e969edae588825260206ee2fc091b52fdabee9e4e744ef3bcde9dede5,2026-07-20T03:10:54,True
study_runs,V100_P0_MINI_I05_R05,study_runs/V100_P0_MINI_I05_R05/statistics/3_33efaaf355e04edbb0aaacba40eb5402.txt,3_33efaaf355e04edbb0aaacba40eb5402.txt,.txt,456,2b6c62fb5cb341069394e5d931e079ad851476ee8ceb1f8538b41788b6db5658,2026-07-20T03:12:03,True
study_runs,V100_P0_MINI_I05_R05,study_runs/V100_P0_MINI_I05_R05/statistics/4_a60f1446dae34e6c85594e6ccf365727.txt,4_a60f1446dae34e6c85594e6ccf365727.txt,.txt,457,6435ccccf152fb9e15af92b60b8c5729d8633dc638d786a057b084fceaec2895,2026-07-20T03:14:20,True
study_runs,V100_P0_MINI_I05_R05,study_runs/V100_P0_MINI_I05_R05/statistics/5_c1cab3cf57c346019ca9d1992dcac3ef.txt,5_c1cab3cf57c346019ca9d1992dcac3ef.txt,.txt,458,857876cfc3295febaeb7e2d82e58c3c275e50375cd80b10e5de4a3142a1622f5,2026-07-20T03:16:48,True
study_runs,V100_P0_MINI_I05_R05,study_runs/V100_P0_MINI_I05_R05/statistics/6_868275c3d05d4004ab2e433980557401.txt,6_868275c3d05d4004ab2e433980557401.txt,.txt,458,746d5df7da1960c2fab28d4743e54cd1d6e7ed76c304228b195d083ff3e5fa47,2026-07-20T03:18:01,True
study_runs,V100_P0_MINI_I05_R05,study_runs/V100_P0_MINI_I05_R05/statistics/7_c1cab3cf57c346019ca9d1992dcac3ef_seed.txt,7_c1cab3cf57c346019ca9d1992dcac3ef_seed.txt,.txt,460,f52d51a799e523f8d7447bf27e517c08af3e70181112129a18675c125b0cf1a2,2026-07-20T03:20:46,True
study_runs,V100_P0_MINI_I05_R05,study_runs/V100_P0_MINI_I05_R05/statistics/8_c1cab3cf57c346019ca9d1992dcac3ef_iteration1.txt,8_c1cab3cf57c346019ca9d1992dcac3ef_iteration1.txt,.txt,493,f3384c906f12766ea8322541987dc3300242737afaf5628613eb98f1bc081155,2026-07-20T03:22:26,True
study_runs,V100_P0_MINI_I05_R05,study_runs/V100_P0_MINI_I05_R05/statistics/9_c1cab3cf57c346019ca9d1992dcac3ef_iteration2.txt,9_c1cab3cf57c346019ca9d1992dcac3ef_iteration2.txt,.txt,477,34be771730a2b1710888382b4f6f8e0a67c88e750a8f7316ef5e5f83d8aeb664,2026-07-20T03:24:46,True
study_runs,V100_P0_MINI_I05_R05,study_runs/V100_P0_MINI_I05_R05/statistics/arguments_per_function.png,arguments_per_function.png,.png,71096,7f680dba757eb8a8b9b8430b10793940d0dc936311e3e5b7f704f8e4563e5b09,2026-07-20T03:24:55,True
study_runs,V100_P0_MINI_I05_R05,study_runs/V100_P0_MINI_I05_R05/statistics/classes.png,classes.png,.png,40777,5d69b4ad3f94e47b061669f214fb27ba7b8d408a3be2c2533a676cbd7f98447e,2026-07-20T03:24:55,True
study_runs,V100_P0_MINI_I05_R05,study_runs/V100_P0_MINI_I05_R05/statistics/comment_lines.png,comment_lines.png,.png,59430,b8cf047f42538822c3efb72d852b491aa2e142ecfdfd5362e715dfc235d554bf,2026-07-20T03:24:54,True
study_runs,V100_P0_MINI_I05_R05,study_runs/V100_P0_MINI_I05_R05/statistics/conditions.png,conditions.png,.png,60186,ca780bfc20d46f2bcb0faef7951b8996534551c62d372455681edbf13fc7cd1e,2026-07-20T03:24:56,True
study_runs,V100_P0_MINI_I05_R05,study_runs/V100_P0_MINI_I05_R05/statistics/deletions.png,deletions.png,.png,69200,1fe7a8170867872a21971c5e2932c370b2bc1f769ea171e1ef6a8039a14706fd,2026-07-20T03:24:56,True
study_runs,V100_P0_MINI_I05_R05,study_runs/V100_P0_MINI_I05_R05/statistics/empty_lines.png,empty_lines.png,.png,58624,250f9f11ec2cb49fef3cbeecfb35066af2130faf763f29f880aa5a3e270019ad,2026-07-20T03:24:54,True
study_runs,V100_P0_MINI_I05_R05,study_runs/V100_P0_MINI_I05_R05/statistics/execution_time.png,execution_time.png,.png,75551,380da2da039bf8c9d24613ff4ac38bee8ab1b23a9cf763003ef01037b8ebfdd7,2026-07-20T03:24:53,True
study_runs,V100_P0_MINI_I05_R05,study_runs/V100_P0_MINI_I05_R05/statistics/functions.png,functions.png,.png,56165,b79e8f9c64051949343e246568bb7f64c2c34fe650ed66b95a0fd3bda8134c99,2026-07-20T03:24:55,True
study_runs,V100_P0_MINI_I05_R05,study_runs/V100_P0_MINI_I05_R05/statistics/insertions.png,insertions.png,.png,74434,75fee34a23c09167557ccd848ce8d815e28c474b3d971c76f4cc702c9b01dc0e,2026-07-20T03:24:56,True
study_runs,V100_P0_MINI_I05_R05,study_runs/V100_P0_MINI_I05_R05/statistics/libraries_imported.png,libraries_imported.png,.png,49371,7065c1b290cc9dd478ad99135e6113960baacb0dff4553079cd7823a50dfa42b,2026-07-20T03:24:54,True
study_runs,V100_P0_MINI_I05_R05,study_runs/V100_P0_MINI_I05_R05/statistics/lines_of_code.png,lines_of_code.png,.png,62799,4d22229039919edd69f227ca2c547f54425a605144ebccf6ae486a3893cf6027,2026-07-20T03:24:53,True
study_runs,V100_P0_MINI_I05_R05,study_runs/V100_P0_MINI_I05_R05/statistics/loops.png,loops.png,.png,62330,d5d7694c432b532f621cdae587aefd1a0d0813a247bb5b7292d25d541dd630bf,2026-07-20T03:24:56,True
study_runs,V100_P0_MINI_I05_R05,study_runs/V100_P0_MINI_I05_R05/statistics/summary_overall_nodes.txt,summary_overall_nodes.txt,.txt,476,1d0f74c71ee2813e76679de781a28ceedb2c054142c56185337cb99ef6e24c74,2026-07-20T03:24:53,True
study_runs,V100_P0_MINI_I05_R05,study_runs/V100_P0_MINI_I05_R05/statistics/total_characters.png,total_characters.png,.png,71737,2b5710a6b1d56f128f50a235d5227a9d8f5e4aa49bdc36225697044a294704d9,2026-07-20T03:24:54,True
study_runs,V100_P0_MINI_I05_R05,study_runs/V100_P0_MINI_I05_R05/statistics/variable_assignments.png,variable_assignments.png,.png,65781,445171b869fe14feb8eeae501da3f991f401c9f39bde7e84092fc3ff6b370038,2026-07-20T03:24:55,True
study_runs,V100_P0_MINI_I05_R05,study_runs/V100_P0_MINI_I05_R05/summary.md,summary.md,.md,3140,0c09f20421d614a9dc2bab9d70d988a5077625581a2feb622d2e2228dbc29785,2026-07-20T03:24:53,True
study_runs,V100_P0_MINI_I05_R05,study_runs/V100_P0_MINI_I05_R05/tree_render/pdf/combined_tree.pdf,combined_tree.pdf,.pdf,23357,a01139e5d96663922fa4ba9a759041db97ea8eb9f59662c4f5992f6bb8d2ed35,2026-07-20T03:18:07,True
study_runs,V100_P0_MINI_I05_R05,study_runs/V100_P0_MINI_I05_R05/tree_render/pdf/tree_0.pdf,tree_0.pdf,.pdf,22801,d1edccd8f56a53621d2e9895ce714e2c61ff875ce8d638c96eef229ef510b7c4,2026-07-20T03:18:03,True
study_runs,V100_P0_MINI_I05_R05,study_runs/V100_P0_MINI_I05_R05/tree_render/pdf/tree_1.pdf,tree_1.pdf,.pdf,18921,b0348c571465f80b22f2ce827540fe7b1f064f8d34f8a7a20e2571d6a8d3ef4b,2026-07-20T03:18:05,True
study_runs,V100_P0_MINI_I05_R05,study_runs/V100_P0_MINI_I05_R05/tree_render/png/combined_tree.png,combined_tree.png,.png,73924,6f9bdbd19766a212cf13c5805a5450e8a9e17737a85b9e04dce3dcc4ec8db201,2026-07-20T03:18:06,True
study_runs,V100_P0_MINI_I05_R05,study_runs/V100_P0_MINI_I05_R05/tree_render/png/tree_0.png,tree_0.png,.png,67382,cb89241d0ed1d290e9b9403fbcf4a869942a9993beb3c6f7ff9f71def3d782a6,2026-07-20T03:18:02,True
study_runs,V100_P0_MINI_I05_R05,study_runs/V100_P0_MINI_I05_R05/tree_render/png/tree_1.png,tree_1.png,.png,11049,629c9f4312d6285db67cd1850d275b1f55829ac70cec2cf6023a613b9e5c0504,2026-07-20T03:18:04,True
study_runs,V100_P0_MINI_I05_R05,study_runs/V100_P0_MINI_I05_R05/tree_render/svg/combined_tree.svg,combined_tree.svg,.svg,10650,5675d3fe81491d6ee278402f4a8c9a8edad13742971a9820bdbd4bc0ddc4b76c,2026-07-20T03:18:08,True
study_runs,V100_P0_MINI_I05_R05,study_runs/V100_P0_MINI_I05_R05/tree_render/svg/tree_0.svg,tree_0.svg,.svg,9599,11b52c9d260b41ee7c1efa316a307e5a37dc245399f7e52fc65646b94737a96d,2026-07-20T03:18:03,True
study_runs,V100_P0_MINI_I05_R05,study_runs/V100_P0_MINI_I05_R05/tree_render/svg/tree_1.svg,tree_1.svg,.svg,1611,478beb2605b61b27859b155f979ba7098b1ff86d8f87dfdc234299d7e7ed5d50,2026-07-20T03:18:06,True
study_runs,V100_P0_NANO_I05_R01,study_runs/V100_P0_NANO_I05_R01/checkpoint/1390f6c0be5743b8927162dbbe425e75/code.py,code.py,.py,2758,8958a3fa619dfb740059eab776fa8fbe33c71b393389e6c2dc796afca8648005,2026-07-18T11:57:42,True
study_runs,V100_P0_NANO_I05_R01,study_runs/V100_P0_NANO_I05_R01/checkpoint/1390f6c0be5743b8927162dbbe425e75/exec_result.pkl,exec_result.pkl,.pkl,17311,ac04151a7fca5f4926471beb400b52cb31f385c391d9cada2558b688ff3a2545,2026-07-18T11:49:46,True
study_runs,V100_P0_NANO_I05_R01,study_runs/V100_P0_NANO_I05_R01/checkpoint/1390f6c0be5743b8927162dbbe425e75/generated/checkpoints/err.log,err.log,.log,1195,4da430e9659bb61bd72765495936d07d95cfc1fd625a65a3cfd549baa46343ae,2026-07-18T11:49:11,True
study_runs,V100_P0_NANO_I05_R01,study_runs/V100_P0_NANO_I05_R01/checkpoint/1390f6c0be5743b8927162dbbe425e75/generated/checkpoints/MovieLens100K-36ca8c6a/LensKit.ImplicitMFScorer-f0dd7ecb-42/model.bpk,model.bpk,.bpk,963626,1b3263ee983d920fd6f9eb6db364fc70613f940289a00a585c05868b20c4347c,2026-07-18T11:48:17,True
study_runs,V100_P0_NANO_I05_R01,study_runs/V100_P0_NANO_I05_R01/checkpoint/1390f6c0be5743b8927162dbbe425e75/generated/checkpoints/MovieLens100K-36ca8c6a/LensKit.ImplicitMFScorer-f0dd7ecb-42/predictions.json,predictions.json,.json,32903304,1955a83f249d9f145420a03638a2baf2ae7e7a9108ca099f82a347e515883433,2026-07-18T11:49:00,True
study_runs,V100_P0_NANO_I05_R01,study_runs/V100_P0_NANO_I05_R01/checkpoint/1390f6c0be5743b8927162dbbe425e75/generated/checkpoints/out.log,out.log,.log,0,e3b0c44298fc1c149afbf4c8996fb92427ae41e4649b934ca495991b7852b855,2026-07-18T11:49:11,True
study_runs,V100_P0_NANO_I05_R01,study_runs/V100_P0_NANO_I05_R01/checkpoint/1390f6c0be5743b8927162dbbe425e75/generated/checkpoints/progress.json,progress.json,.json,199,5951c79fd825ff6f29e49b51234527b245c3f17fbde367b3e8a4effe5d2b6205,2026-07-18T11:49:45,True
study_runs,V100_P0_NANO_I05_R01,study_runs/V100_P0_NANO_I05_R01/checkpoint/1390f6c0be5743b8927162dbbe425e75/generated/checkpoints/results.json,results.json,.json,155,de67b75a156437221f6bdfdb7eda45e48596c1d03ea6145323ffce919f7dc731,2026-07-18T11:49:46,True
study_runs,V100_P0_NANO_I05_R01,study_runs/V100_P0_NANO_I05_R01/checkpoint/1390f6c0be5743b8927162dbbe425e75/generated/precision5_seed_plot.png,precision5_seed_plot.png,.png,19425,76cee4c0bc76a15677dfc59f4e6c9e09ac24286bfa485663945b5f12f9e47c38,2026-07-18T11:49:46,True
study_runs,V100_P0_NANO_I05_R01,study_runs/V100_P0_NANO_I05_R01/checkpoint/1390f6c0be5743b8927162dbbe425e75/out.log,out.log,.log,16804,bd47857ddfa2b2ba22f3e7d48b7bc70e62067e395f5fa3c2f6de0dfc51ffdeeb,2026-07-18T11:49:46,True
study_runs,V100_P0_NANO_I05_R01,study_runs/V100_P0_NANO_I05_R01/checkpoint/1390f6c0be5743b8927162dbbe425e75_iteration1/code.py,code.py,.py,7174,dcc058a71e9e6b45732eecd753eacdcfff17415952507bc3e6a1eb848581539e,2026-07-18T12:22:01,True
study_runs,V100_P0_NANO_I05_R01,study_runs/V100_P0_NANO_I05_R01/checkpoint/1390f6c0be5743b8927162dbbe425e75_iteration1/exec_result.pkl,exec_result.pkl,.pkl,3257,0726a4818157bc85c81bc52da58ca67a493ed9bd7aa1bdade029ce405aa8c6e3,2026-07-18T12:06:18,True
study_runs,V100_P0_NANO_I05_R01,study_runs/V100_P0_NANO_I05_R01/checkpoint/1390f6c0be5743b8927162dbbe425e75_iteration1/generated/repro/seeds.json,seeds.json,.json,43,4a4e2af26fe11229a6eb877f9571b07e9eb8dfeff3661b4c48e864fcaee4016c,2026-07-18T12:06:18,True
study_runs,V100_P0_NANO_I05_R01,study_runs/V100_P0_NANO_I05_R01/checkpoint/1390f6c0be5743b8927162dbbe425e75_iteration1/out.log,out.log,.log,3060,707e2bb6949acb73e9c4d974af6d8ead3dc812fb292b114fb72b149636328ccb,2026-07-18T12:06:18,True
study_runs,V100_P0_NANO_I05_R01,study_runs/V100_P0_NANO_I05_R01/checkpoint/1390f6c0be5743b8927162dbbe425e75_iteration2/code.py,code.py,.py,7844,b0d33407234977d4f4f54fdb8c2b918ff4d8b8301727ff6225b2325211916362,2026-07-18T12:22:01,True
study_runs,V100_P0_NANO_I05_R01,study_runs/V100_P0_NANO_I05_R01/checkpoint/1390f6c0be5743b8927162dbbe425e75_iteration2/exec_result.pkl,exec_result.pkl,.pkl,44738,27b41a56adf1e62e9027115c63c0cdda143886263b94741a993bb7ce11ae804b,2026-07-18T12:18:23,True
study_runs,V100_P0_NANO_I05_R01,study_runs/V100_P0_NANO_I05_R01/checkpoint/1390f6c0be5743b8927162dbbe425e75_iteration2/generated/checkpoints/err.log,err.log,.log,3341,886cfe0165eb1324b0fb957166b243f15f998347fa90189ff16eb7b10ef110eb,2026-07-18T12:16:45,True
study_runs,V100_P0_NANO_I05_R01,study_runs/V100_P0_NANO_I05_R01/checkpoint/1390f6c0be5743b8927162dbbe425e75_iteration2/generated/checkpoints/MovieLens100K-fa2ae422/LensKit.ImplicitMFScorer-f0dd7ecb-42/model.bpk,model.bpk,.bpk,1227061,34335e37b9d4ee79808ab6011a502c5d2232ed2d0d1358fa1f8cdc378c9652c1,2026-07-18T12:13:33,True
study_runs,V100_P0_NANO_I05_R01,study_runs/V100_P0_NANO_I05_R01/checkpoint/1390f6c0be5743b8927162dbbe425e75_iteration2/generated/checkpoints/MovieLens100K-fa2ae422/LensKit.ImplicitMFScorer-f0dd7ecb-42/predictions.json,predictions.json,.json,43734880,35888c06c79ceff1404d17af00e7923cea0b4fcf2198b5c8560cc44d2c74c55f,2026-07-18T12:14:26,True
study_runs,V100_P0_NANO_I05_R01,study_runs/V100_P0_NANO_I05_R01/checkpoint/1390f6c0be5743b8927162dbbe425e75_iteration2/generated/checkpoints/MovieLens100K-fa2ae422/LensKit.ItemKNNScorer-c3d66610-42/model.bpk,model.bpk,.bpk,3284711,28b42f1f1b44ee4e97d4e23a812c5f6bb0fdfa4ab8f478bbad078e1776c17699,2026-07-18T12:14:55,True
study_runs,V100_P0_NANO_I05_R01,study_runs/V100_P0_NANO_I05_R01/checkpoint/1390f6c0be5743b8927162dbbe425e75_iteration2/generated/checkpoints/MovieLens100K-fa2ae422/LensKit.ItemKNNScorer-c3d66610-42/predictions.json,predictions.json,.json,41650029,0d29802cf45fa3c489340921c20d8c9ab356e1020d69d205b47cb053d4a48028,2026-07-18T12:15:19,True
study_runs,V100_P0_NANO_I05_R01,study_runs/V100_P0_NANO_I05_R01/checkpoint/1390f6c0be5743b8927162dbbe425e75_iteration2/generated/checkpoints/MovieLens100K-fa2ae422/LensKit.PopScorer-f4aa5539-42/model.bpk,model.bpk,.bpk,360562,94eb4e520041535996f428bea3c8e976a6b63f6a33731285ac325c0f0f4317da,2026-07-18T12:15:48,True
study_runs,V100_P0_NANO_I05_R01,study_runs/V100_P0_NANO_I05_R01/checkpoint/1390f6c0be5743b8927162dbbe425e75_iteration2/generated/checkpoints/MovieLens100K-fa2ae422/LensKit.PopScorer-f4aa5539-42/predictions.json,predictions.json,.json,43575241,b57843747349d21fbe9decfa5e3bdde1e3a19cb79d237cd10dc6b56902180850,2026-07-18T12:16:32,True
study_runs,V100_P0_NANO_I05_R01,study_runs/V100_P0_NANO_I05_R01/checkpoint/1390f6c0be5743b8927162dbbe425e75_iteration2/generated/checkpoints/out.log,out.log,.log,0,e3b0c44298fc1c149afbf4c8996fb92427ae41e4649b934ca495991b7852b855,2026-07-18T12:14:38,True
study_runs,V100_P0_NANO_I05_R01,study_runs/V100_P0_NANO_I05_R01/checkpoint/1390f6c0be5743b8927162dbbe425e75_iteration2/generated/checkpoints/progress.json,progress.json,.json,537,794438c10e6d0496231374eeee09e71b3d0f3640fe0290e74f7c66b1115b8a13,2026-07-18T12:18:18,True
study_runs,V100_P0_NANO_I05_R01,study_runs/V100_P0_NANO_I05_R01/checkpoint/1390f6c0be5743b8927162dbbe425e75_iteration2/generated/checkpoints/results.json,results.json,.json,2227,0d5dd263966fb95567ae34dfa9f18d3a242c9a3ad01d64dc2626f698b850815c,2026-07-18T12:18:18,True
study_runs,V100_P0_NANO_I05_R01,study_runs/V100_P0_NANO_I05_R01/checkpoint/1390f6c0be5743b8927162dbbe425e75_iteration2/generated/plots/MovieLens100K-mean_ndcg.png,MovieLens100K-mean_ndcg.png,.png,17823,8ac78243a42ed8268c2b3cbad9e36acdecafcc0042588ba0e34f998161af7d43,2026-07-18T12:18:19,True
study_runs,V100_P0_NANO_I05_R01,study_runs/V100_P0_NANO_I05_R01/checkpoint/1390f6c0be5743b8927162dbbe425e75_iteration2/generated/repro/seeds.json,seeds.json,.json,43,4a4e2af26fe11229a6eb877f9571b07e9eb8dfeff3661b4c48e864fcaee4016c,2026-07-18T12:13:13,True
study_runs,V100_P0_NANO_I05_R01,study_runs/V100_P0_NANO_I05_R01/checkpoint/1390f6c0be5743b8927162dbbe425e75_iteration2/generated/results/MovieLens100K_summary.csv,MovieLens100K_summary.csv,.csv,590,b097ec497fb695b6fa56139a6ec4efde2e01a24fd6c869635356d1fdc824c803,2026-07-18T12:18:18,True
study_runs,V100_P0_NANO_I05_R01,study_runs/V100_P0_NANO_I05_R01/checkpoint/1390f6c0be5743b8927162dbbe425e75_iteration2/out.log,out.log,.log,43749,5093be940a3f2fdd5046f88f0f205401d833d1bd4aeb7b88e9c1859f031c21f5,2026-07-18T12:18:23,True
study_runs,V100_P0_NANO_I05_R01,study_runs/V100_P0_NANO_I05_R01/checkpoint/1390f6c0be5743b8927162dbbe425e75_seed/code.py,code.py,.py,2758,8958a3fa619dfb740059eab776fa8fbe33c71b393389e6c2dc796afca8648005,2026-07-18T12:10:37,True
study_runs,V100_P0_NANO_I05_R01,study_runs/V100_P0_NANO_I05_R01/checkpoint/1390f6c0be5743b8927162dbbe425e75_seed/exec_result.pkl,exec_result.pkl,.pkl,17371,40175f2c35237d99362b1c02ad7e07b02cbe33be81cddafbf861415fd4975983,2026-07-18T12:00:26,True
study_runs,V100_P0_NANO_I05_R01,study_runs/V100_P0_NANO_I05_R01/checkpoint/1390f6c0be5743b8927162dbbe425e75_seed/generated/checkpoints/err.log,err.log,.log,1195,4da430e9659bb61bd72765495936d07d95cfc1fd625a65a3cfd549baa46343ae,2026-07-18T11:59:51,True
study_runs,V100_P0_NANO_I05_R01,study_runs/V100_P0_NANO_I05_R01/checkpoint/1390f6c0be5743b8927162dbbe425e75_seed/generated/checkpoints/MovieLens100K-36ca8c6a/LensKit.ImplicitMFScorer-f0dd7ecb-42/model.bpk,model.bpk,.bpk,963472,0bb070eecd32f6282b7bc4dacd149aff21baf4ffc14eba6d7f1581d3255a5638,2026-07-18T11:58:57,True
study_runs,V100_P0_NANO_I05_R01,study_runs/V100_P0_NANO_I05_R01/checkpoint/1390f6c0be5743b8927162dbbe425e75_seed/generated/checkpoints/MovieLens100K-36ca8c6a/LensKit.ImplicitMFScorer-f0dd7ecb-42/predictions.json,predictions.json,.json,32902229,ecb602d5d5bb50a6de6a6826f0abecb286b8d2dae4918a77973079a05dda521a,2026-07-18T11:59:40,True
study_runs,V100_P0_NANO_I05_R01,study_runs/V100_P0_NANO_I05_R01/checkpoint/1390f6c0be5743b8927162dbbe425e75_seed/generated/checkpoints/out.log,out.log,.log,0,e3b0c44298fc1c149afbf4c8996fb92427ae41e4649b934ca495991b7852b855,2026-07-18T11:59:51,True
study_runs,V100_P0_NANO_I05_R01,study_runs/V100_P0_NANO_I05_R01/checkpoint/1390f6c0be5743b8927162dbbe425e75_seed/generated/checkpoints/progress.json,progress.json,.json,199,5951c79fd825ff6f29e49b51234527b245c3f17fbde367b3e8a4effe5d2b6205,2026-07-18T12:00:25,True
study_runs,V100_P0_NANO_I05_R01,study_runs/V100_P0_NANO_I05_R01/checkpoint/1390f6c0be5743b8927162dbbe425e75_seed/generated/checkpoints/results.json,results.json,.json,156,3b63a19496dce2a961b8f275c919aadb9c518e6418f89b56cc826810e9369022,2026-07-18T12:00:25,True
study_runs,V100_P0_NANO_I05_R01,study_runs/V100_P0_NANO_I05_R01/checkpoint/1390f6c0be5743b8927162dbbe425e75_seed/generated/precision5_seed_plot.png,precision5_seed_plot.png,.png,19425,76cee4c0bc76a15677dfc59f4e6c9e09ac24286bfa485663945b5f12f9e47c38,2026-07-18T12:00:26,True
study_runs,V100_P0_NANO_I05_R01,study_runs/V100_P0_NANO_I05_R01/checkpoint/1390f6c0be5743b8927162dbbe425e75_seed/out.log,out.log,.log,16864,2c0066acdb595e270e3ae54aa8e134b5945285d4966b01ca69015afe0890103e,2026-07-18T12:00:26,True
study_runs,V100_P0_NANO_I05_R01,study_runs/V100_P0_NANO_I05_R01/checkpoint/30515235274c4e9f810042ff01ad146d/code.py,code.py,.py,3483,caa087b626d7a95c606a8eff7ffccd56cd37ed1d2546cafc16069d9d77b56071,2026-07-18T11:52:52,True
study_runs,V100_P0_NANO_I05_R01,study_runs/V100_P0_NANO_I05_R01/checkpoint/30515235274c4e9f810042ff01ad146d/exec_result.pkl,exec_result.pkl,.pkl,3256,19744402b00dee0a5aa8a0229750cebaef6f28fc2596d45f0792fdea42147c83,2026-07-18T11:43:45,True
study_runs,V100_P0_NANO_I05_R01,study_runs/V100_P0_NANO_I05_R01/checkpoint/30515235274c4e9f810042ff01ad146d/out.log,out.log,.log,3059,2be72fca3b45cd927c9b2d5da84d34ed0db4cb9b178a6ccdcb3d1abfa74fa7b6,2026-07-18T11:43:45,True
study_runs,V100_P0_NANO_I05_R01,study_runs/V100_P0_NANO_I05_R01/checkpoint/68cabbbc75664b5896083f4b1803231a/code.py,code.py,.py,2787,7cecf5d710e1b505e1f6f9e761e41b18c8bba83b3dc54823f08f95f8f9c42380,2026-07-18T11:29:53,True
study_runs,V100_P0_NANO_I05_R01,study_runs/V100_P0_NANO_I05_R01/checkpoint/68cabbbc75664b5896083f4b1803231a/exec_result.pkl,exec_result.pkl,.pkl,3256,b782f228b95f953e0fb98d3635614a27daf1a4ef4e685b2a768146664fdf99e4,2026-07-18T11:18:38,True
study_runs,V100_P0_NANO_I05_R01,study_runs/V100_P0_NANO_I05_R01/checkpoint/68cabbbc75664b5896083f4b1803231a/out.log,out.log,.log,3059,c9fa7e8471d3b36b4f46cadda71004eb96c77340a95fce9ec8f5c9a1d3bbf957,2026-07-18T11:18:38,True
study_runs,V100_P0_NANO_I05_R01,study_runs/V100_P0_NANO_I05_R01/checkpoint/904094bc4dec46988262a1fe8b9d35f6/code.py,code.py,.py,2192,0f524c0d4808e65d7c69fe7783bde9213281dbc1f5ae3c547f8afa6c1abd9f55,2026-07-18T11:42:21,True
study_runs,V100_P0_NANO_I05_R01,study_runs/V100_P0_NANO_I05_R01/checkpoint/904094bc4dec46988262a1fe8b9d35f6/exec_result.pkl,exec_result.pkl,.pkl,3984,9cdd44d91882c39b078cb81de1c82d77a7175c80adf6fd91f9e2afd3d9054414,2026-07-18T11:33:07,True
study_runs,V100_P0_NANO_I05_R01,study_runs/V100_P0_NANO_I05_R01/checkpoint/904094bc4dec46988262a1fe8b9d35f6/generated/checkpoints/err.log,err.log,.log,1413,b3c5674e1401c21f8e413a5477d8ecf68071b268a0b524f4844ea93aa784187b,2026-07-18T11:33:07,True
study_runs,V100_P0_NANO_I05_R01,study_runs/V100_P0_NANO_I05_R01/checkpoint/904094bc4dec46988262a1fe8b9d35f6/generated/checkpoints/MovieLens100K-08d57673/LensKit.ItemKNNScorer-3415f984-42/model.bpk,model.bpk,.bpk,3130304,4f7874fd41dca649ed1e85003df0aa730754c040e148048651313dc88d5344a9,2026-07-18T11:32:32,True
study_runs,V100_P0_NANO_I05_R01,study_runs/V100_P0_NANO_I05_R01/checkpoint/904094bc4dec46988262a1fe8b9d35f6/generated/checkpoints/MovieLens100K-08d57673/LensKit.ItemKNNScorer-3415f984-42/predictions.json,predictions.json,.json,36589063,a74a42c20f322d474f117646a12d279ae3793d02f9963c8ed5aac1ae65ce6466,2026-07-18T11:32:55,True
study_runs,V100_P0_NANO_I05_R01,study_runs/V100_P0_NANO_I05_R01/checkpoint/904094bc4dec46988262a1fe8b9d35f6/generated/checkpoints/out.log,out.log,.log,0,e3b0c44298fc1c149afbf4c8996fb92427ae41e4649b934ca495991b7852b855,2026-07-18T11:33:07,True
study_runs,V100_P0_NANO_I05_R01,study_runs/V100_P0_NANO_I05_R01/checkpoint/904094bc4dec46988262a1fe8b9d35f6/generated/checkpoints/progress.json,progress.json,.json,315,2ebf9267dabea4c23333a559007ace74d229e97507b9d621b467690323b3d1d1,2026-07-18T11:33:06,True
study_runs,V100_P0_NANO_I05_R01,study_runs/V100_P0_NANO_I05_R01/checkpoint/904094bc4dec46988262a1fe8b9d35f6/generated/checkpoints/results.json,results.json,.json,271,0ae6f1a0e091ccd0b32877eca1fea31f383949ce08eabe82600404bef66db5b8,2026-07-18T11:33:07,True
study_runs,V100_P0_NANO_I05_R01,study_runs/V100_P0_NANO_I05_R01/checkpoint/904094bc4dec46988262a1fe8b9d35f6/out.log,out.log,.log,3783,859a4ae39ac64c693a58f34fef18482cfd860c30e72dc744f2ab10574ffc8c84,2026-07-18T11:33:07,True
study_runs,V100_P0_NANO_I05_R01,study_runs/V100_P0_NANO_I05_R01/checkpoint/bb55ca0ddab64ee888dc16a97f278052/code.py,code.py,.py,2,7eb70257593da06f682a3ddda54a9d260d4fc514f645237f5ca74b08f8da61a6,2026-07-18T12:03:34,True
study_runs,V100_P0_NANO_I05_R01,study_runs/V100_P0_NANO_I05_R01/checkpoint/bb55ca0ddab64ee888dc16a97f278052/exec_result.pkl,exec_result.pkl,.pkl,169,041749d7ecd72f016febad32760d3484feabee9f59d54f95649ed29136062d41,2026-07-18T11:54:04,True
study_runs,V100_P0_NANO_I05_R01,study_runs/V100_P0_NANO_I05_R01/checkpoint/bb55ca0ddab64ee888dc16a97f278052/out.log,out.log,.log,49,b999c05453cbce1dd7fa3d0ee70d14f3b54a511d7b134eda76c99d23181d0525,2026-07-18T11:54:04,True
study_runs,V100_P0_NANO_I05_R01,study_runs/V100_P0_NANO_I05_R01/checkpoint/d685542335b541bda6180c4aa38c51d2/code.py,code.py,.py,3279,682d96695a5c5e9a3c06320532d261f477c091d516abc3a6d51e0527f51e627e,2026-07-18T11:47:02,True
study_runs,V100_P0_NANO_I05_R01,study_runs/V100_P0_NANO_I05_R01/checkpoint/d685542335b541bda6180c4aa38c51d2/exec_result.pkl,exec_result.pkl,.pkl,3049,810ece57ceb121e5fbc85c28cf3dc021390307646415e1a2a9a230a9da6ab9ca,2026-07-18T11:38:51,True
study_runs,V100_P0_NANO_I05_R01,study_runs/V100_P0_NANO_I05_R01/checkpoint/d685542335b541bda6180c4aa38c51d2/out.log,out.log,.log,2858,0cf1931dd0bd0a74bf75587b97eb743a37d844b6ff25e26456db3083f373be9e,2026-07-18T11:38:51,True
study_runs,V100_P0_NANO_I05_R01,study_runs/V100_P0_NANO_I05_R01/checkpoint/fb056bbc8ea4465b8bd57be4a1f3d081/code.py,code.py,.py,2,7eb70257593da06f682a3ddda54a9d260d4fc514f645237f5ca74b08f8da61a6,2026-07-18T11:36:55,True
study_runs,V100_P0_NANO_I05_R01,study_runs/V100_P0_NANO_I05_R01/checkpoint/fb056bbc8ea4465b8bd57be4a1f3d081/exec_result.pkl,exec_result.pkl,.pkl,169,42948b5f3d38d9c0ff09b4d732b826723cc4f6085197934ecab2a4f39d3d3f85,2026-07-18T11:25:23,True
study_runs,V100_P0_NANO_I05_R01,study_runs/V100_P0_NANO_I05_R01/checkpoint/fb056bbc8ea4465b8bd57be4a1f3d081/out.log,out.log,.log,49,b999c05453cbce1dd7fa3d0ee70d14f3b54a511d7b134eda76c99d23181d0525,2026-07-18T11:25:23,True
study_runs,V100_P0_NANO_I05_R01,study_runs/V100_P0_NANO_I05_R01/code_requirements_final.json,code_requirements_final.json,.json,2389,c5469c50e821dc4b2d2198d7630f7249c92e3a28d261594ca910904d234f3604,2026-07-18T11:58:33,True
study_runs,V100_P0_NANO_I05_R01,study_runs/V100_P0_NANO_I05_R01/code_requirements_prototype.json,code_requirements_prototype.json,.json,1145,276e8a2ce4eda24d8af9108e92163e73e9ee6e6cfd0815b78f01225c5a694898,2026-07-18T11:16:24,True
study_runs,V100_P0_NANO_I05_R01,study_runs/V100_P0_NANO_I05_R01/config.source.toml,config.source.toml,.toml,386,43ad328d9e971575946598bc6c906a320d878b57103e5825b7bc1b351074558f,2026-07-18T11:15:28,True
study_runs,V100_P0_NANO_I05_R01,study_runs/V100_P0_NANO_I05_R01/config.toml,config.toml,.toml,414,c898a876fd18cdf61a8edcd085b637587d640fd282c758dab0bfb79dee2b5cc7,2026-07-18T11:15:28,True
study_runs,V100_P0_NANO_I05_R01,study_runs/V100_P0_NANO_I05_R01/costs_log.csv,costs_log.csv,.csv,16244,2db9afd8f7b29cfb543fc91697bdda322f192ed8f6bd8f462cf7d33f93d99d2d,2026-07-18T12:22:49,True
study_runs,V100_P0_NANO_I05_R01,study_runs/V100_P0_NANO_I05_R01/debug.log,debug.log,.log,412579,2bff9db0657ec8068befcf3d5c3af0a0bb12130ecd4178cb318edee41907f02b,2026-07-18T12:22:53,True
study_runs,V100_P0_NANO_I05_R01,study_runs/V100_P0_NANO_I05_R01/entered_prompt.txt,entered_prompt.txt,.txt,946,dc790c0f84813ae9f582a14783c06db3ee59faaa98d800c6bf831f5ad0d041ab,2026-07-18T11:15:28,True
study_runs,V100_P0_NANO_I05_R01,study_runs/V100_P0_NANO_I05_R01/save.pkl,save.pkl,.pkl,188319,903b838d2a5b2ebe403c6133249507431e3a1b6044daa2c3bd7d5f1898661bf5,2026-07-18T11:57:49,True
study_runs,V100_P0_NANO_I05_R01,study_runs/V100_P0_NANO_I05_R01/statistics/0_68cabbbc75664b5896083f4b1803231a.txt,0_68cabbbc75664b5896083f4b1803231a.txt,.txt,452,d34803c42ff935ec0698df55e9a493cfce3c4c5df7fd78e61b7fe155c708192e,2026-07-18T11:22:05,True
study_runs,V100_P0_NANO_I05_R01,study_runs/V100_P0_NANO_I05_R01/statistics/1_fb056bbc8ea4465b8bd57be4a1f3d081.txt,1_fb056bbc8ea4465b8bd57be4a1f3d081.txt,.txt,408,5fe6d50835d3ffe59aaaac256c2f5d55f64f9545643bbd94a14b591ed66daa64,2026-07-18T11:29:53,True
study_runs,V100_P0_NANO_I05_R01,study_runs/V100_P0_NANO_I05_R01/statistics/2_904094bc4dec46988262a1fe8b9d35f6.txt,2_904094bc4dec46988262a1fe8b9d35f6.txt,.txt,453,89a8c9c6989410cf3496fd974c1ebf50bc2056aa561cb5e7dc97f12f5f9c99ee,2026-07-18T11:36:55,True
study_runs,V100_P0_NANO_I05_R01,study_runs/V100_P0_NANO_I05_R01/statistics/3_d685542335b541bda6180c4aa38c51d2.txt,3_d685542335b541bda6180c4aa38c51d2.txt,.txt,477,f58f165c788161d8ad3aa80bf1a61eb76891d38d4ea8162eecdb2bfea580fdfa,2026-07-18T11:42:21,True
study_runs,V100_P0_NANO_I05_R01,study_runs/V100_P0_NANO_I05_R01/statistics/4_30515235274c4e9f810042ff01ad146d.txt,4_30515235274c4e9f810042ff01ad146d.txt,.txt,462,f83c44b8fb9b7090841f4cba00e7b54bf6035db5d920461a303c525c651e9218,2026-07-18T11:47:02,True
study_runs,V100_P0_NANO_I05_R01,study_runs/V100_P0_NANO_I05_R01/statistics/5_1390f6c0be5743b8927162dbbe425e75.txt,5_1390f6c0be5743b8927162dbbe425e75.txt,.txt,446,debab4a36ae29c7f30239911e7008303f53ab8f50e5b75dd4ab03f9b235ef000,2026-07-18T11:52:52,True
study_runs,V100_P0_NANO_I05_R01,study_runs/V100_P0_NANO_I05_R01/statistics/6_bb55ca0ddab64ee888dc16a97f278052.txt,6_bb55ca0ddab64ee888dc16a97f278052.txt,.txt,407,0b98eb47e0766c563b1a23247759c042df9bd1cd975d34e429856fb409cfc837,2026-07-18T11:57:42,True
study_runs,V100_P0_NANO_I05_R01,study_runs/V100_P0_NANO_I05_R01/statistics/7_1390f6c0be5743b8927162dbbe425e75_seed.txt,7_1390f6c0be5743b8927162dbbe425e75_seed.txt,.txt,449,55be6e38124149cdb3d9643a45b7f146df8559649c070e7bc2e9ef38afbf5fe1,2026-07-18T12:03:35,True
study_runs,V100_P0_NANO_I05_R01,study_runs/V100_P0_NANO_I05_R01/statistics/8_1390f6c0be5743b8927162dbbe425e75_iteration1.txt,8_1390f6c0be5743b8927162dbbe425e75_iteration1.txt,.txt,491,3407fab507984629af5ec62bb8450d4856a73d31b18c985deccf7607f293392f,2026-07-18T12:10:37,True
study_runs,V100_P0_NANO_I05_R01,study_runs/V100_P0_NANO_I05_R01/statistics/9_1390f6c0be5743b8927162dbbe425e75_iteration2.txt,9_1390f6c0be5743b8927162dbbe425e75_iteration2.txt,.txt,475,38e20e4042b61b85915cac99d022fdb67da4ef137b504b7dd47710864e81c938,2026-07-18T12:22:01,True
study_runs,V100_P0_NANO_I05_R01,study_runs/V100_P0_NANO_I05_R01/statistics/arguments_per_function.png,arguments_per_function.png,.png,52717,de9582a14b8bbfa31dc85a507d285f50b5d444caef708ce774e5e76f2b4db406,2026-07-18T12:22:51,True
study_runs,V100_P0_NANO_I05_R01,study_runs/V100_P0_NANO_I05_R01/statistics/classes.png,classes.png,.png,40871,db2e34706dd530d17856ca702442e4318da46ebe9415fbbd8242ae8ad4bf9eca,2026-07-18T12:22:51,True
study_runs,V100_P0_NANO_I05_R01,study_runs/V100_P0_NANO_I05_R01/statistics/comment_lines.png,comment_lines.png,.png,71331,c40954e1dccf4e7fde5f5f18a105d6148ddec79ad28efbee95a1afe56d18bdf1,2026-07-18T12:22:50,True
study_runs,V100_P0_NANO_I05_R01,study_runs/V100_P0_NANO_I05_R01/statistics/conditions.png,conditions.png,.png,62104,451ce15d6bfb66339860dc6cae896f25ebd39171d8c7a3166bd1af3c5b2d3725,2026-07-18T12:22:52,True
study_runs,V100_P0_NANO_I05_R01,study_runs/V100_P0_NANO_I05_R01/statistics/deletions.png,deletions.png,.png,80632,1e76fcb8e52aed7df25a8dc9aa9a894cc8248003f732faee4ffdabd0865affbf,2026-07-18T12:22:53,True
study_runs,V100_P0_NANO_I05_R01,study_runs/V100_P0_NANO_I05_R01/statistics/empty_lines.png,empty_lines.png,.png,65276,b39ed442aa62cc46ca578dd9e2d79b7c6586b838ccb95d359bebc0eac5f893a4,2026-07-18T12:22:50,True
study_runs,V100_P0_NANO_I05_R01,study_runs/V100_P0_NANO_I05_R01/statistics/execution_time.png,execution_time.png,.png,71138,1ebf14392e9e030ad79607441244bccd41b62e0404033c98ef8b38ababd53273,2026-07-18T12:22:49,True
study_runs,V100_P0_NANO_I05_R01,study_runs/V100_P0_NANO_I05_R01/statistics/functions.png,functions.png,.png,56616,59df0cc78cb80f35f5efedc6b139b1e635bcb320d464cc1384b7bacd9794caa9,2026-07-18T12:22:51,True
study_runs,V100_P0_NANO_I05_R01,study_runs/V100_P0_NANO_I05_R01/statistics/insertions.png,insertions.png,.png,73772,b3abb785156401dbcd2863f12ffa35daa6ea76ba00a23dcd5cd5eb281636dc8f,2026-07-18T12:22:52,True
study_runs,V100_P0_NANO_I05_R01,study_runs/V100_P0_NANO_I05_R01/statistics/libraries_imported.png,libraries_imported.png,.png,68734,9a2df24b8bc5a090e1676ddd604ddc8af9fdd7fccd079bd7601e838f215276b1,2026-07-18T12:22:51,True
study_runs,V100_P0_NANO_I05_R01,study_runs/V100_P0_NANO_I05_R01/statistics/lines_of_code.png,lines_of_code.png,.png,71162,d1981c952880ed0a44cec112eae5f053e689c31e06f551945f3afb3dd783f1b8,2026-07-18T12:22:50,True
study_runs,V100_P0_NANO_I05_R01,study_runs/V100_P0_NANO_I05_R01/statistics/loops.png,loops.png,.png,53538,165ca021fc838982751f89c59b005dd50e03ea9c31d5109f33f75e4019a8a829,2026-07-18T12:22:52,True
study_runs,V100_P0_NANO_I05_R01,study_runs/V100_P0_NANO_I05_R01/statistics/summary_overall_nodes.txt,summary_overall_nodes.txt,.txt,472,1cbba18c1b696a77de4868737ffde6d0618b62b86a8c31ac6fcf4e955aa8f4fc,2026-07-18T12:22:49,True
study_runs,V100_P0_NANO_I05_R01,study_runs/V100_P0_NANO_I05_R01/statistics/total_characters.png,total_characters.png,.png,78658,9046a74cb3405edfdb53ab0b81946c1258f0976d36a864330583c5d96fc64e4d,2026-07-18T12:22:50,True
study_runs,V100_P0_NANO_I05_R01,study_runs/V100_P0_NANO_I05_R01/statistics/variable_assignments.png,variable_assignments.png,.png,69019,18cfd69247d5624f19585c32935f5bb7212d4e85e0107d5cde76a25b05e66556,2026-07-18T12:22:52,True
study_runs,V100_P0_NANO_I05_R01,study_runs/V100_P0_NANO_I05_R01/summary.md,summary.md,.md,7290,ddc2902c91adf92616752f610becc1026351a7ae4f5bdbc7135a5e78dc52cf16,2026-07-18T12:22:49,True
study_runs,V100_P0_NANO_I05_R01,study_runs/V100_P0_NANO_I05_R01/tree_render/pdf/combined_tree.pdf,combined_tree.pdf,.pdf,21819,292ce84041e4e735e158a9161cd94503a39059c92fe75a158cce5aac547e4638,2026-07-18T11:57:48,True
study_runs,V100_P0_NANO_I05_R01,study_runs/V100_P0_NANO_I05_R01/tree_render/pdf/tree_0.pdf,tree_0.pdf,.pdf,20997,387370b7a9ce9c78c5b97f1d657fb5c1a5cedecb4e2d953f3ca3a7e73196a296,2026-07-18T11:57:44,True
study_runs,V100_P0_NANO_I05_R01,study_runs/V100_P0_NANO_I05_R01/tree_render/pdf/tree_1.pdf,tree_1.pdf,.pdf,21134,bf6f2ef2b6af49974a5fc53c6859b59e80a32d826dc0937d0f5295ee3ac4120a,2026-07-18T11:57:46,True
study_runs,V100_P0_NANO_I05_R01,study_runs/V100_P0_NANO_I05_R01/tree_render/png/combined_tree.png,combined_tree.png,.png,73478,4336f6ee88e68e1ca8a7f2b80d252cd38b7b7ccf906f5a45ea96f6d53e309199,2026-07-18T11:57:48,True
study_runs,V100_P0_NANO_I05_R01,study_runs/V100_P0_NANO_I05_R01/tree_render/png/tree_0.png,tree_0.png,.png,45368,277098acde658dea86bfc8993b91b1c2692cd91c192d10cb3ad085f6e9a36b15,2026-07-18T11:57:43,True
study_runs,V100_P0_NANO_I05_R01,study_runs/V100_P0_NANO_I05_R01/tree_render/png/tree_1.png,tree_1.png,.png,33645,974ce3f2ecc09e3380a1b538addec363cec78c059c11d86ba34b29601ad14303,2026-07-18T11:57:45,True
study_runs,V100_P0_NANO_I05_R01,study_runs/V100_P0_NANO_I05_R01/tree_render/svg/combined_tree.svg,combined_tree.svg,.svg,10640,12f796b4a0cbbdd81c4cca205e88c672ef296b718d568835ef225a48a730b7cc,2026-07-18T11:57:49,True
study_runs,V100_P0_NANO_I05_R01,study_runs/V100_P0_NANO_I05_R01/tree_render/svg/tree_0.svg,tree_0.svg,.svg,6360,10f20649ac29592ff4d309807a583832f79d5136fd310a02cbe80b0b914144e8,2026-07-18T11:57:45,True
study_runs,V100_P0_NANO_I05_R01,study_runs/V100_P0_NANO_I05_R01/tree_render/svg/tree_1.svg,tree_1.svg,.svg,4771,1a6722d467b279073bf776030224c0afd18d5ce3c882f5e18cf1c24336918789,2026-07-18T11:57:47,True
study_runs,V100_P0_NANO_I05_R02,study_runs/V100_P0_NANO_I05_R02/checkpoint/18b7f6bec8674f31bade4bbe0b7b00d1/code.py,code.py,.py,2,7eb70257593da06f682a3ddda54a9d260d4fc514f645237f5ca74b08f8da61a6,2026-07-18T13:09:28,True
study_runs,V100_P0_NANO_I05_R02,study_runs/V100_P0_NANO_I05_R02/checkpoint/18b7f6bec8674f31bade4bbe0b7b00d1/exec_result.pkl,exec_result.pkl,.pkl,169,16dfcb7a344d384aac324f4573a914542036f2662e520c5c16cfd2bc738d7d68,2026-07-18T13:01:30,True
study_runs,V100_P0_NANO_I05_R02,study_runs/V100_P0_NANO_I05_R02/checkpoint/18b7f6bec8674f31bade4bbe0b7b00d1/out.log,out.log,.log,49,b999c05453cbce1dd7fa3d0ee70d14f3b54a511d7b134eda76c99d23181d0525,2026-07-18T13:01:30,True
study_runs,V100_P0_NANO_I05_R02,study_runs/V100_P0_NANO_I05_R02/checkpoint/6a0cf4c7c8ae4eb38239a2d32552fcef/code.py,code.py,.py,8323,63ab1350d501ff4237fce96c58ae0f5765f89efa48412413f35eaf787d0c18fb,2026-07-18T12:59:17,True
study_runs,V100_P0_NANO_I05_R02,study_runs/V100_P0_NANO_I05_R02/checkpoint/6a0cf4c7c8ae4eb38239a2d32552fcef/exec_result.pkl,exec_result.pkl,.pkl,1122,42a1473f50eca01a7d0714677f8fa8df774c21d49dc7b68c87b48b8dc2313fbb,2026-07-18T12:50:36,True
study_runs,V100_P0_NANO_I05_R02,study_runs/V100_P0_NANO_I05_R02/checkpoint/6a0cf4c7c8ae4eb38239a2d32552fcef/generated/seeds_ndcg5.png,seeds_ndcg5.png,.png,46239,696471718f2119bae5734d6ec4134f2a327f7dc78f63e4952f49e0784ba38f60,2026-07-18T12:50:36,True
study_runs,V100_P0_NANO_I05_R02,study_runs/V100_P0_NANO_I05_R02/checkpoint/6a0cf4c7c8ae4eb38239a2d32552fcef/generated/seeds_ndcg5_results.csv,seeds_ndcg5_results.csv,.csv,43,2dde2fbef5e033e6907cdcef9f70d6282660bbd345cc96e545743b2bed7914a6,2026-07-18T12:50:35,True
study_runs,V100_P0_NANO_I05_R02,study_runs/V100_P0_NANO_I05_R02/checkpoint/6a0cf4c7c8ae4eb38239a2d32552fcef/out.log,out.log,.log,971,cec2706ea0ec85b6a90d93c138ceac69d1b81f9194dcd429b8882d6fa72882e8,2026-07-18T12:50:36,True
study_runs,V100_P0_NANO_I05_R02,study_runs/V100_P0_NANO_I05_R02/checkpoint/7f8daae4290c42b58639fe8324dbb6f1/code.py,code.py,.py,6533,872522694a0c46b2ee590019b6c300d8f5341cfb94780535834e768f3e30ecca,2026-07-18T12:49:26,True
study_runs,V100_P0_NANO_I05_R02,study_runs/V100_P0_NANO_I05_R02/checkpoint/7f8daae4290c42b58639fe8324dbb6f1/exec_result.pkl,exec_result.pkl,.pkl,479,db51bfdb5e40bc8d2ef7d5f5e3827a9cdc1abc37d729a0e52286e7e6c667933b,2026-07-18T12:43:19,True
study_runs,V100_P0_NANO_I05_R02,study_runs/V100_P0_NANO_I05_R02/checkpoint/7f8daae4290c42b58639fe8324dbb6f1/out.log,out.log,.log,351,23b482379953ae87fce084c9d83f0065fc85cd85da3567f16f89b5fa025cce0a,2026-07-18T12:43:19,True
study_runs,V100_P0_NANO_I05_R02,study_runs/V100_P0_NANO_I05_R02/checkpoint/9f50d12e74004c45b69f3ea3046d01a1/code.py,code.py,.py,2,7eb70257593da06f682a3ddda54a9d260d4fc514f645237f5ca74b08f8da61a6,2026-07-18T12:45:12,True
study_runs,V100_P0_NANO_I05_R02,study_runs/V100_P0_NANO_I05_R02/checkpoint/9f50d12e74004c45b69f3ea3046d01a1/exec_result.pkl,exec_result.pkl,.pkl,169,64a4b11df11b46a5defbe081d90db17a0ed680a6a70d2072b37cfdc327071292,2026-07-18T12:35:30,True
study_runs,V100_P0_NANO_I05_R02,study_runs/V100_P0_NANO_I05_R02/checkpoint/9f50d12e74004c45b69f3ea3046d01a1/out.log,out.log,.log,49,b999c05453cbce1dd7fa3d0ee70d14f3b54a511d7b134eda76c99d23181d0525,2026-07-18T12:35:30,True
study_runs,V100_P0_NANO_I05_R02,study_runs/V100_P0_NANO_I05_R02/checkpoint/a995542cfc4648cd844976c6d425c697/code.py,code.py,.py,403,0f829ff87427a284760e01353a23ca8ce523062b9f6c3b60d6ecff244907a224,2026-07-18T13:15:50,True
study_runs,V100_P0_NANO_I05_R02,study_runs/V100_P0_NANO_I05_R02/checkpoint/a995542cfc4648cd844976c6d425c697/exec_result.pkl,exec_result.pkl,.pkl,169,80378f057b1b2d17382cee4e498862ae55091ec2c9ab6f255cc7c18607622c43,2026-07-18T13:06:56,True
study_runs,V100_P0_NANO_I05_R02,study_runs/V100_P0_NANO_I05_R02/checkpoint/a995542cfc4648cd844976c6d425c697/out.log,out.log,.log,49,b999c05453cbce1dd7fa3d0ee70d14f3b54a511d7b134eda76c99d23181d0525,2026-07-18T13:06:56,True
study_runs,V100_P0_NANO_I05_R02,study_runs/V100_P0_NANO_I05_R02/checkpoint/a995542cfc4648cd844976c6d425c697_iteration1/code.py,code.py,.py,2,7eb70257593da06f682a3ddda54a9d260d4fc514f645237f5ca74b08f8da61a6,2026-07-18T13:29:17,True
study_runs,V100_P0_NANO_I05_R02,study_runs/V100_P0_NANO_I05_R02/checkpoint/a995542cfc4648cd844976c6d425c697_iteration1/exec_result.pkl,exec_result.pkl,.pkl,169,5b22c848893bebbd29d949a0a3d09135e5e50b64b0737b6a9826f4e0086ff3ab,2026-07-18T13:18:25,True
study_runs,V100_P0_NANO_I05_R02,study_runs/V100_P0_NANO_I05_R02/checkpoint/a995542cfc4648cd844976c6d425c697_iteration1/out.log,out.log,.log,49,b999c05453cbce1dd7fa3d0ee70d14f3b54a511d7b134eda76c99d23181d0525,2026-07-18T13:18:25,True
study_runs,V100_P0_NANO_I05_R02,study_runs/V100_P0_NANO_I05_R02/checkpoint/a995542cfc4648cd844976c6d425c697_iteration2/code.py,code.py,.py,5,5a89d628db34315050e0c77d6d3dd343493b05f2fbbf4a1c40f2e6c9360f9a0b,2026-07-18T13:29:17,True
study_runs,V100_P0_NANO_I05_R02,study_runs/V100_P0_NANO_I05_R02/checkpoint/a995542cfc4648cd844976c6d425c697_iteration2/exec_result.pkl,exec_result.pkl,.pkl,169,aaeb7d5daa6b0e9791d6408b4dd01517fd931c502a18404219f05f1d4afcb4af,2026-07-18T13:24:34,True
study_runs,V100_P0_NANO_I05_R02,study_runs/V100_P0_NANO_I05_R02/checkpoint/a995542cfc4648cd844976c6d425c697_iteration2/out.log,out.log,.log,49,b999c05453cbce1dd7fa3d0ee70d14f3b54a511d7b134eda76c99d23181d0525,2026-07-18T13:24:34,True
study_runs,V100_P0_NANO_I05_R02,study_runs/V100_P0_NANO_I05_R02/checkpoint/a995542cfc4648cd844976c6d425c697_seed/code.py,code.py,.py,403,0f829ff87427a284760e01353a23ca8ce523062b9f6c3b60d6ecff244907a224,2026-07-18T13:23:11,True
study_runs,V100_P0_NANO_I05_R02,study_runs/V100_P0_NANO_I05_R02/checkpoint/a995542cfc4648cd844976c6d425c697_seed/exec_result.pkl,exec_result.pkl,.pkl,169,cc47f0c27bf3bac4da5dd0b63fe584e269bafef228a9f27a2c974cda051db046,2026-07-18T13:10:16,True
study_runs,V100_P0_NANO_I05_R02,study_runs/V100_P0_NANO_I05_R02/checkpoint/a995542cfc4648cd844976c6d425c697_seed/out.log,out.log,.log,49,b999c05453cbce1dd7fa3d0ee70d14f3b54a511d7b134eda76c99d23181d0525,2026-07-18T13:10:16,True
study_runs,V100_P0_NANO_I05_R02,study_runs/V100_P0_NANO_I05_R02/checkpoint/e0bea02a06514b2fa4d67a287ac91970/code.py,code.py,.py,2,7eb70257593da06f682a3ddda54a9d260d4fc514f645237f5ca74b08f8da61a6,2026-07-18T12:53:07,True
study_runs,V100_P0_NANO_I05_R02,study_runs/V100_P0_NANO_I05_R02/checkpoint/e0bea02a06514b2fa4d67a287ac91970/exec_result.pkl,exec_result.pkl,.pkl,169,09ad2dc1b9827e8603d220bcc8e2135b6359ae59953897fcc95829371049274e,2026-07-18T12:46:14,True
study_runs,V100_P0_NANO_I05_R02,study_runs/V100_P0_NANO_I05_R02/checkpoint/e0bea02a06514b2fa4d67a287ac91970/out.log,out.log,.log,49,b999c05453cbce1dd7fa3d0ee70d14f3b54a511d7b134eda76c99d23181d0525,2026-07-18T12:46:14,True
study_runs,V100_P0_NANO_I05_R02,study_runs/V100_P0_NANO_I05_R02/checkpoint/fec54f7d5aaa42149ff920b41b1df308/code.py,code.py,.py,6053,479844b292328567f3121c84ac812a9b58e2d58d6d6bb23326d2c846f76166ea,2026-07-18T13:05:25,True
study_runs,V100_P0_NANO_I05_R02,study_runs/V100_P0_NANO_I05_R02/checkpoint/fec54f7d5aaa42149ff920b41b1df308/exec_result.pkl,exec_result.pkl,.pkl,1210,a3164f2abfde4f11831c2dc55217a8fb7237e74dd67d39e21fe7558b3ba1df75,2026-07-18T12:56:15,True
study_runs,V100_P0_NANO_I05_R02,study_runs/V100_P0_NANO_I05_R02/checkpoint/fec54f7d5aaa42149ff920b41b1df308/out.log,out.log,.log,1063,a4c2669de68bdcc5335d31e8325afb7eb96d482b02952f5bbc2b0260ffaa32c3,2026-07-18T12:56:15,True
study_runs,V100_P0_NANO_I05_R02,study_runs/V100_P0_NANO_I05_R02/code_requirements_final.json,code_requirements_final.json,.json,2331,8b0e9d131ed1847c7a0696cb1c417b018e320178728b2d3028593bdb2d67aaaf,2026-07-18T13:10:16,True
study_runs,V100_P0_NANO_I05_R02,study_runs/V100_P0_NANO_I05_R02/code_requirements_prototype.json,code_requirements_prototype.json,.json,965,759ec5ec646995e8f3723b04656fd03b54bbb645840baa27c464e193a601b544,2026-07-18T12:33:28,True
study_runs,V100_P0_NANO_I05_R02,study_runs/V100_P0_NANO_I05_R02/config.source.toml,config.source.toml,.toml,386,43ad328d9e971575946598bc6c906a320d878b57103e5825b7bc1b351074558f,2026-07-18T12:32:25,True
study_runs,V100_P0_NANO_I05_R02,study_runs/V100_P0_NANO_I05_R02/config.toml,config.toml,.toml,414,73959fbcf223f045f6e14558102cf48749781fdd31ec2e1ef78c0164f63c0599,2026-07-18T12:32:25,True
study_runs,V100_P0_NANO_I05_R02,study_runs/V100_P0_NANO_I05_R02/costs_log.csv,costs_log.csv,.csv,14440,af1247d4a742daad38a3ed492286c74755e15bbf032a7a1e48f95439780e160c,2026-07-18T13:29:33,True
study_runs,V100_P0_NANO_I05_R02,study_runs/V100_P0_NANO_I05_R02/debug.log,debug.log,.log,295635,db05619d27e007477ae3e3b6fa03361385895322ff539e018b89e252c95e08c2,2026-07-18T13:29:37,True
study_runs,V100_P0_NANO_I05_R02,study_runs/V100_P0_NANO_I05_R02/entered_prompt.txt,entered_prompt.txt,.txt,946,dc790c0f84813ae9f582a14783c06db3ee59faaa98d800c6bf831f5ad0d041ab,2026-07-18T12:32:25,True
study_runs,V100_P0_NANO_I05_R02,study_runs/V100_P0_NANO_I05_R02/save.pkl,save.pkl,.pkl,190411,518eae909f4a000e863171e5a71beea9513585c461c819fa73c1855811bc0a68,2026-07-18T13:09:35,True
study_runs,V100_P0_NANO_I05_R02,study_runs/V100_P0_NANO_I05_R02/statistics/0_9f50d12e74004c45b69f3ea3046d01a1.txt,0_9f50d12e74004c45b69f3ea3046d01a1.txt,.txt,407,fe2fa5327ead2b0edda6018caade997076f79553d0f01dff71785e0f759c6b97,2026-07-18T12:39:48,True
study_runs,V100_P0_NANO_I05_R02,study_runs/V100_P0_NANO_I05_R02/statistics/1_7f8daae4290c42b58639fe8324dbb6f1.txt,1_7f8daae4290c42b58639fe8324dbb6f1.txt,.txt,456,5f6074faa970f9bab146a8c8c8e6d9cc722f781128800a9eb4446709c83c992d,2026-07-18T12:45:12,True
study_runs,V100_P0_NANO_I05_R02,study_runs/V100_P0_NANO_I05_R02/statistics/2_e0bea02a06514b2fa4d67a287ac91970.txt,2_e0bea02a06514b2fa4d67a287ac91970.txt,.txt,409,eab58b3f059eb5a6fea0515d80705d283fbe41bc7cf392e1c85f62554b2a2456,2026-07-18T12:49:26,True
study_runs,V100_P0_NANO_I05_R02,study_runs/V100_P0_NANO_I05_R02/statistics/3_6a0cf4c7c8ae4eb38239a2d32552fcef.txt,3_6a0cf4c7c8ae4eb38239a2d32552fcef.txt,.txt,491,c856b131a19775f9408ec2f7f31677e318498f1f58475bea35f9170d133c0892,2026-07-18T12:53:07,True
study_runs,V100_P0_NANO_I05_R02,study_runs/V100_P0_NANO_I05_R02/statistics/4_fec54f7d5aaa42149ff920b41b1df308.txt,4_fec54f7d5aaa42149ff920b41b1df308.txt,.txt,504,508871516ca6feb8e8a189bae53afa6d2470bf8abe561de202bce48f86e72550,2026-07-18T12:59:17,True
study_runs,V100_P0_NANO_I05_R02,study_runs/V100_P0_NANO_I05_R02/statistics/5_18b7f6bec8674f31bade4bbe0b7b00d1.txt,5_18b7f6bec8674f31bade4bbe0b7b00d1.txt,.txt,408,6fe87e51ee615971171af59f65f3b6c18caebe56b44238a9a76803dbab81dec1,2026-07-18T13:05:25,True
study_runs,V100_P0_NANO_I05_R02,study_runs/V100_P0_NANO_I05_R02/statistics/6_a995542cfc4648cd844976c6d425c697.txt,6_a995542cfc4648cd844976c6d425c697.txt,.txt,409,11dbea1370e5b3bf9567b252e060bff00913ed5f6aff2570b7734157cdfaff86,2026-07-18T13:09:28,True
study_runs,V100_P0_NANO_I05_R02,study_runs/V100_P0_NANO_I05_R02/statistics/7_a995542cfc4648cd844976c6d425c697_seed.txt,7_a995542cfc4648cd844976c6d425c697_seed.txt,.txt,412,6eaece72372772b847a60594518ef4d9addd6b4d32e2155458329d69fe37d853,2026-07-18T13:15:50,True
study_runs,V100_P0_NANO_I05_R02,study_runs/V100_P0_NANO_I05_R02/statistics/8_a995542cfc4648cd844976c6d425c697_iteration1.txt,8_a995542cfc4648cd844976c6d425c697_iteration1.txt,.txt,417,6be64e4c0ce950278ac9440fadde96522a0ea5833014ad39b49cfd97b01f232e,2026-07-18T13:23:11,True
study_runs,V100_P0_NANO_I05_R02,study_runs/V100_P0_NANO_I05_R02/statistics/9_a995542cfc4648cd844976c6d425c697_iteration2.txt,9_a995542cfc4648cd844976c6d425c697_iteration2.txt,.txt,417,ab6982403c883ab0344ffafe171fe10ca0a0839f695a677c30d519c3ab17c012,2026-07-18T13:29:17,True
study_runs,V100_P0_NANO_I05_R02,study_runs/V100_P0_NANO_I05_R02/statistics/arguments_per_function.png,arguments_per_function.png,.png,58622,12ee739ef650dc3684615063cfeb0a15b6d6b618655ca1ae28522e60de674e01,2026-07-18T13:29:35,True
study_runs,V100_P0_NANO_I05_R02,study_runs/V100_P0_NANO_I05_R02/statistics/classes.png,classes.png,.png,51577,be4a752cc0a7009e66c07e8baf1dc5db35cbbff4296ddb897032fbab7e60562c,2026-07-18T13:29:35,True
study_runs,V100_P0_NANO_I05_R02,study_runs/V100_P0_NANO_I05_R02/statistics/comment_lines.png,comment_lines.png,.png,67258,5ce2d1649004978739c29218bc94a11bd23d828d1412608d9fec0f38cabde70f,2026-07-18T13:29:34,True
study_runs,V100_P0_NANO_I05_R02,study_runs/V100_P0_NANO_I05_R02/statistics/conditions.png,conditions.png,.png,62594,f0fee72f655923561e3a1d0603b08ec677265c47176ec7e9201ec9d968a49a27,2026-07-18T13:29:36,True
study_runs,V100_P0_NANO_I05_R02,study_runs/V100_P0_NANO_I05_R02/statistics/deletions.png,deletions.png,.png,67571,6b82b86e35924a60cb26c5e40b00f869d38dc17cd38d52a27a07b842bcd8d5be,2026-07-18T13:29:37,True
study_runs,V100_P0_NANO_I05_R02,study_runs/V100_P0_NANO_I05_R02/statistics/empty_lines.png,empty_lines.png,.png,61536,edee1257580d137b7558b981e86e035a642eac64d9b00b811f89e4ee9b4a047d,2026-07-18T13:29:34,True
study_runs,V100_P0_NANO_I05_R02,study_runs/V100_P0_NANO_I05_R02/statistics/execution_time.png,execution_time.png,.png,64716,62388d3dcf8d30a5dea3e6a727d4dbbfa18e657032eeee15b8609262bc6bdfb5,2026-07-18T13:29:33,True
study_runs,V100_P0_NANO_I05_R02,study_runs/V100_P0_NANO_I05_R02/statistics/functions.png,functions.png,.png,55095,2b3ee5a9535c3274fb920375c5997b377547c321a09b34865e337b346ee0b07e,2026-07-18T13:29:35,True
study_runs,V100_P0_NANO_I05_R02,study_runs/V100_P0_NANO_I05_R02/statistics/insertions.png,insertions.png,.png,64296,68073e3d209f4a0d760bbf86b7f5e89c6669e68da89b31723131a9384bfea2f9,2026-07-18T13:29:36,True
study_runs,V100_P0_NANO_I05_R02,study_runs/V100_P0_NANO_I05_R02/statistics/libraries_imported.png,libraries_imported.png,.png,62290,8a83c40436fb3b74440ba97f9293dc8e7a36d3e7d393794a41d5ae0712c738dd,2026-07-18T13:29:35,True
study_runs,V100_P0_NANO_I05_R02,study_runs/V100_P0_NANO_I05_R02/statistics/lines_of_code.png,lines_of_code.png,.png,66068,30b8d7ea0709e64cb4f8226f6e000d6b971b764b1adff0dc7851aae9848de878,2026-07-18T13:29:34,True
study_runs,V100_P0_NANO_I05_R02,study_runs/V100_P0_NANO_I05_R02/statistics/loops.png,loops.png,.png,55744,05087e21fae4a6897c84a283747d4f3612c6bd9e5338a4d8761bd585f896f274,2026-07-18T13:29:36,True
study_runs,V100_P0_NANO_I05_R02,study_runs/V100_P0_NANO_I05_R02/statistics/summary_overall_nodes.txt,summary_overall_nodes.txt,.txt,485,65e127838ab09c8d55a14ff5685093941e435b69072fcdb64e2b881afba37aa9,2026-07-18T13:29:33,True
study_runs,V100_P0_NANO_I05_R02,study_runs/V100_P0_NANO_I05_R02/statistics/total_characters.png,total_characters.png,.png,73816,687a35823eafedc8fdfa62b7030f8fbc61c3c6ffda3a298b809d27d4447e3879,2026-07-18T13:29:34,True
study_runs,V100_P0_NANO_I05_R02,study_runs/V100_P0_NANO_I05_R02/statistics/variable_assignments.png,variable_assignments.png,.png,67247,29dc43c5522c240af6872be7a807ee5f720d7780fa4650a9cc44cbe2ec6d6406,2026-07-18T13:29:36,True
study_runs,V100_P0_NANO_I05_R02,study_runs/V100_P0_NANO_I05_R02/summary.md,summary.md,.md,3748,0d2a1ff4512804bb3638ad588be595129fce9f7934658b393300ef8f557d6a4c,2026-07-18T13:29:33,True
study_runs,V100_P0_NANO_I05_R02,study_runs/V100_P0_NANO_I05_R02/tree_render/pdf/combined_tree.pdf,combined_tree.pdf,.pdf,22889,92f9789d93456525bdfb65472c9e1a2c43f1d294bc3a429bc0b3bdb0b75df783,2026-07-18T13:09:34,True
study_runs,V100_P0_NANO_I05_R02,study_runs/V100_P0_NANO_I05_R02/tree_render/pdf/tree_0.pdf,tree_0.pdf,.pdf,22756,7f6977ca8622d1bf02ff43cf5b612867ebbcc51b181d3cd4de12c2a12951a1b1,2026-07-18T13:09:30,True
study_runs,V100_P0_NANO_I05_R02,study_runs/V100_P0_NANO_I05_R02/tree_render/pdf/tree_1.pdf,tree_1.pdf,.pdf,18980,c35294a9a3850da8ca1ea917f8c9b98f526e7a5d799f2a3134743ed2bd352b79,2026-07-18T13:09:32,True
study_runs,V100_P0_NANO_I05_R02,study_runs/V100_P0_NANO_I05_R02/tree_render/png/combined_tree.png,combined_tree.png,.png,75424,7bec2ae494f2bfd9c57f8375a26dcabe3f5edf276e533d5948bbbf914aafde16,2026-07-18T13:09:34,True
study_runs,V100_P0_NANO_I05_R02,study_runs/V100_P0_NANO_I05_R02/tree_render/png/tree_0.png,tree_0.png,.png,66936,6a8eb8dc04b8cee49c48b7e02d2457fa1733624c6a513fbc397b000871dd803a,2026-07-18T13:09:29,True
study_runs,V100_P0_NANO_I05_R02,study_runs/V100_P0_NANO_I05_R02/tree_render/png/tree_1.png,tree_1.png,.png,11145,b0195ad5c3fa06dc232867efdb36c3e51b78ee2a8a444fa940c5b925e2ac1c5e,2026-07-18T13:09:31,True
study_runs,V100_P0_NANO_I05_R02,study_runs/V100_P0_NANO_I05_R02/tree_render/svg/combined_tree.svg,combined_tree.svg,.svg,10700,2d287ed682227f99da431f74d6ff622cbe9f8f9612161ee8f038f90327ee42bd,2026-07-18T13:09:35,True
study_runs,V100_P0_NANO_I05_R02,study_runs/V100_P0_NANO_I05_R02/tree_render/svg/tree_0.svg,tree_0.svg,.svg,9649,797d51f0f85dc5500c049cf19468ae833765f480fabec5861a6628a921dbf6b1,2026-07-18T13:09:31,True
study_runs,V100_P0_NANO_I05_R02,study_runs/V100_P0_NANO_I05_R02/tree_render/svg/tree_1.svg,tree_1.svg,.svg,1611,c880aa2a2002840989d782b09da62653c9444abf61fda352f7965ac210fefbee,2026-07-18T13:09:33,True
study_runs,V100_P0_NANO_I05_R03,study_runs/V100_P0_NANO_I05_R03/checkpoint/486290c3b99d4bf2b034fa3fe742687a/code.py,code.py,.py,2,7eb70257593da06f682a3ddda54a9d260d4fc514f645237f5ca74b08f8da61a6,2026-07-18T19:37:55,True
study_runs,V100_P0_NANO_I05_R03,study_runs/V100_P0_NANO_I05_R03/checkpoint/486290c3b99d4bf2b034fa3fe742687a/exec_result.pkl,exec_result.pkl,.pkl,169,1d0001689483f77b651524d0a183b48014a50a25b816785a789ca8173da3ba35,2026-07-18T19:29:54,True
study_runs,V100_P0_NANO_I05_R03,study_runs/V100_P0_NANO_I05_R03/checkpoint/486290c3b99d4bf2b034fa3fe742687a/out.log,out.log,.log,49,b999c05453cbce1dd7fa3d0ee70d14f3b54a511d7b134eda76c99d23181d0525,2026-07-18T19:29:54,True
study_runs,V100_P0_NANO_I05_R03,study_runs/V100_P0_NANO_I05_R03/checkpoint/4e0b53f4ed7545aa9e894ae21133ab32/code.py,code.py,.py,4116,c3deb5cc5f5c7f6496d791761d27c8cfc2a9020283b51203e0d625de0c9bdf50,2026-07-18T19:53:36,True
study_runs,V100_P0_NANO_I05_R03,study_runs/V100_P0_NANO_I05_R03/checkpoint/4e0b53f4ed7545aa9e894ae21133ab32/exec_result.pkl,exec_result.pkl,.pkl,3174,0fb7addbe2ab3cbd1b4bb1ace4c5d03b007e8bafa00b4a35afde579d8ee3a0bb,2026-07-18T19:44:23,True
study_runs,V100_P0_NANO_I05_R03,study_runs/V100_P0_NANO_I05_R03/checkpoint/4e0b53f4ed7545aa9e894ae21133ab32/out.log,out.log,.log,2979,d986de544de4d53bd5167ada7df14f43b9467237c371af519e09a5d3a5475620,2026-07-18T19:44:23,True
study_runs,V100_P0_NANO_I05_R03,study_runs/V100_P0_NANO_I05_R03/checkpoint/8d9208e09373435ba578757c5b440ede/code.py,code.py,.py,4913,90d55c5600348797412486c5d0d2a14601b668424fdb289ba6319c77a0b60cfe,2026-07-18T19:47:34,True
study_runs,V100_P0_NANO_I05_R03,study_runs/V100_P0_NANO_I05_R03/checkpoint/8d9208e09373435ba578757c5b440ede/exec_result.pkl,exec_result.pkl,.pkl,328,dc640ee7be88f9df1c381674d45de317ffe3deb2200427c1774375a09f0e59cc,2026-07-18T19:39:27,True
study_runs,V100_P0_NANO_I05_R03,study_runs/V100_P0_NANO_I05_R03/checkpoint/8d9208e09373435ba578757c5b440ede/out.log,out.log,.log,205,00a5cf0787044bbf338472e9e29fad23af37308353a7aedf817b1746f695f9df,2026-07-18T19:39:27,True
study_runs,V100_P0_NANO_I05_R03,study_runs/V100_P0_NANO_I05_R03/checkpoint/8d9208e09373435ba578757c5b440ede_iteration1/code.py,code.py,.py,2,7eb70257593da06f682a3ddda54a9d260d4fc514f645237f5ca74b08f8da61a6,2026-07-18T20:17:44,True
study_runs,V100_P0_NANO_I05_R03,study_runs/V100_P0_NANO_I05_R03/checkpoint/8d9208e09373435ba578757c5b440ede_iteration1/exec_result.pkl,exec_result.pkl,.pkl,169,283d856bf567ff2caef496247f82372cae52662522a5b2b31226f6f9a806287f,2026-07-18T19:55:41,True
study_runs,V100_P0_NANO_I05_R03,study_runs/V100_P0_NANO_I05_R03/checkpoint/8d9208e09373435ba578757c5b440ede_iteration1/out.log,out.log,.log,49,b999c05453cbce1dd7fa3d0ee70d14f3b54a511d7b134eda76c99d23181d0525,2026-07-18T19:55:41,True
study_runs,V100_P0_NANO_I05_R03,study_runs/V100_P0_NANO_I05_R03/checkpoint/8d9208e09373435ba578757c5b440ede_iteration2/code.py,code.py,.py,20294,1bc04f2656fa00910fa4f393e4313bdbf7d37fcd2ab52820a72f360a4dd7588a,2026-07-18T20:17:44,True
study_runs,V100_P0_NANO_I05_R03,study_runs/V100_P0_NANO_I05_R03/checkpoint/8d9208e09373435ba578757c5b440ede_iteration2/exec_result.pkl,exec_result.pkl,.pkl,592,cc51e8e5e2d865d5a2c980e7f61c52736e67fdafd687c4f4039f380f9432c007,2026-07-18T20:13:15,True
study_runs,V100_P0_NANO_I05_R03,study_runs/V100_P0_NANO_I05_R03/checkpoint/8d9208e09373435ba578757c5b440ede_iteration2/generated/Amazon2018VideoGames_ALS_seed101/test.csv,test.csv,.csv,3440785,3daf589639aac1f04f73f082b234e2ab2ed93f10693f4b877e86413397c58c8a,2026-07-18T20:06:11,True
study_runs,V100_P0_NANO_I05_R03,study_runs/V100_P0_NANO_I05_R03/checkpoint/8d9208e09373435ba578757c5b440ede_iteration2/generated/Amazon2018VideoGames_ALS_seed101/train.csv,train.csv,.csv,12643075,bd63854f54c45f735f6e1388ada747409b719a28a08d4d5cb73c7221517021c6,2026-07-18T20:06:11,True
study_runs,V100_P0_NANO_I05_R03,study_runs/V100_P0_NANO_I05_R03/checkpoint/8d9208e09373435ba578757c5b440ede_iteration2/generated/Amazon2018VideoGames_ALS_seed202/test.csv,test.csv,.csv,3440727,273b5db6f12957613ff45f7201b08a56b49755c143645aaa644d8f81d9781d14,2026-07-18T20:06:35,True
study_runs,V100_P0_NANO_I05_R03,study_runs/V100_P0_NANO_I05_R03/checkpoint/8d9208e09373435ba578757c5b440ede_iteration2/generated/Amazon2018VideoGames_ALS_seed202/train.csv,train.csv,.csv,12643133,dbe5921152a01043c6022c380d492c6b75cc75ef21e926d1ba23679a56bfdb57,2026-07-18T20:06:34,True
study_runs,V100_P0_NANO_I05_R03,study_runs/V100_P0_NANO_I05_R03/checkpoint/8d9208e09373435ba578757c5b440ede_iteration2/generated/Amazon2018VideoGames_ALS_seed303/test.csv,test.csv,.csv,3440753,6f6b85cf2abd43bd6f4e917d1c97bb0770dbbb085b20c0381260f2051190d273,2026-07-18T20:06:58,True
study_runs,V100_P0_NANO_I05_R03,study_runs/V100_P0_NANO_I05_R03/checkpoint/8d9208e09373435ba578757c5b440ede_iteration2/generated/Amazon2018VideoGames_ALS_seed303/train.csv,train.csv,.csv,12643107,1b37b8f8a671f7cdfa87a3225dc3fbbbd0f9c9010bcc4c8e88abf775caeac563,2026-07-18T20:06:58,True
study_runs,V100_P0_NANO_I05_R03,study_runs/V100_P0_NANO_I05_R03/checkpoint/8d9208e09373435ba578757c5b440ede_iteration2/generated/Amazon2018VideoGames_ALS_seed404/test.csv,test.csv,.csv,3440943,9e596fec6a7f22d3a56f68da5c0b48b1602391f88bdbc1e52fd6b9f9e274b48b,2026-07-18T20:07:21,True
study_runs,V100_P0_NANO_I05_R03,study_runs/V100_P0_NANO_I05_R03/checkpoint/8d9208e09373435ba578757c5b440ede_iteration2/generated/Amazon2018VideoGames_ALS_seed404/train.csv,train.csv,.csv,12642917,a767d1429cacfa6c0204b359d9bd293915cc365d0161cd7279a3a0c1be8163e1,2026-07-18T20:07:21,True
study_runs,V100_P0_NANO_I05_R03,study_runs/V100_P0_NANO_I05_R03/checkpoint/8d9208e09373435ba578757c5b440ede_iteration2/generated/Amazon2018VideoGames_ALS_seed505/test.csv,test.csv,.csv,3440963,77f0aaa95b37c57dc555cbf3ac16222e2584890dc361f908b891b279886b5afa,2026-07-18T20:07:45,True
study_runs,V100_P0_NANO_I05_R03,study_runs/V100_P0_NANO_I05_R03/checkpoint/8d9208e09373435ba578757c5b440ede_iteration2/generated/Amazon2018VideoGames_ALS_seed505/train.csv,train.csv,.csv,12642897,480bc2860eb78f64791c05059314e787b444c7fc9e74d5d6cadefb2bda422c4e,2026-07-18T20:07:45,True
study_runs,V100_P0_NANO_I05_R03,study_runs/V100_P0_NANO_I05_R03/checkpoint/8d9208e09373435ba578757c5b440ede_iteration2/generated/Amazon2018VideoGames_ItemKNN_seed101/test.csv,test.csv,.csv,3440785,3daf589639aac1f04f73f082b234e2ab2ed93f10693f4b877e86413397c58c8a,2026-07-18T20:08:08,True
study_runs,V100_P0_NANO_I05_R03,study_runs/V100_P0_NANO_I05_R03/checkpoint/8d9208e09373435ba578757c5b440ede_iteration2/generated/Amazon2018VideoGames_ItemKNN_seed101/train.csv,train.csv,.csv,12643075,bd63854f54c45f735f6e1388ada747409b719a28a08d4d5cb73c7221517021c6,2026-07-18T20:08:08,True
study_runs,V100_P0_NANO_I05_R03,study_runs/V100_P0_NANO_I05_R03/checkpoint/8d9208e09373435ba578757c5b440ede_iteration2/generated/Amazon2018VideoGames_ItemKNN_seed202/test.csv,test.csv,.csv,3440727,273b5db6f12957613ff45f7201b08a56b49755c143645aaa644d8f81d9781d14,2026-07-18T20:08:32,True
study_runs,V100_P0_NANO_I05_R03,study_runs/V100_P0_NANO_I05_R03/checkpoint/8d9208e09373435ba578757c5b440ede_iteration2/generated/Amazon2018VideoGames_ItemKNN_seed202/train.csv,train.csv,.csv,12643133,dbe5921152a01043c6022c380d492c6b75cc75ef21e926d1ba23679a56bfdb57,2026-07-18T20:08:31,True
study_runs,V100_P0_NANO_I05_R03,study_runs/V100_P0_NANO_I05_R03/checkpoint/8d9208e09373435ba578757c5b440ede_iteration2/generated/Amazon2018VideoGames_ItemKNN_seed303/test.csv,test.csv,.csv,3440753,6f6b85cf2abd43bd6f4e917d1c97bb0770dbbb085b20c0381260f2051190d273,2026-07-18T20:08:55,True
study_runs,V100_P0_NANO_I05_R03,study_runs/V100_P0_NANO_I05_R03/checkpoint/8d9208e09373435ba578757c5b440ede_iteration2/generated/Amazon2018VideoGames_ItemKNN_seed303/train.csv,train.csv,.csv,12643107,1b37b8f8a671f7cdfa87a3225dc3fbbbd0f9c9010bcc4c8e88abf775caeac563,2026-07-18T20:08:55,True
study_runs,V100_P0_NANO_I05_R03,study_runs/V100_P0_NANO_I05_R03/checkpoint/8d9208e09373435ba578757c5b440ede_iteration2/generated/Amazon2018VideoGames_ItemKNN_seed404/test.csv,test.csv,.csv,3440943,9e596fec6a7f22d3a56f68da5c0b48b1602391f88bdbc1e52fd6b9f9e274b48b,2026-07-18T20:09:19,True
study_runs,V100_P0_NANO_I05_R03,study_runs/V100_P0_NANO_I05_R03/checkpoint/8d9208e09373435ba578757c5b440ede_iteration2/generated/Amazon2018VideoGames_ItemKNN_seed404/train.csv,train.csv,.csv,12642917,a767d1429cacfa6c0204b359d9bd293915cc365d0161cd7279a3a0c1be8163e1,2026-07-18T20:09:19,True
study_runs,V100_P0_NANO_I05_R03,study_runs/V100_P0_NANO_I05_R03/checkpoint/8d9208e09373435ba578757c5b440ede_iteration2/generated/Amazon2018VideoGames_ItemKNN_seed505/test.csv,test.csv,.csv,3440963,77f0aaa95b37c57dc555cbf3ac16222e2584890dc361f908b891b279886b5afa,2026-07-18T20:09:42,True
study_runs,V100_P0_NANO_I05_R03,study_runs/V100_P0_NANO_I05_R03/checkpoint/8d9208e09373435ba578757c5b440ede_iteration2/generated/Amazon2018VideoGames_ItemKNN_seed505/train.csv,train.csv,.csv,12642897,480bc2860eb78f64791c05059314e787b444c7fc9e74d5d6cadefb2bda422c4e,2026-07-18T20:09:42,True
study_runs,V100_P0_NANO_I05_R03,study_runs/V100_P0_NANO_I05_R03/checkpoint/8d9208e09373435ba578757c5b440ede_iteration2/generated/Amazon2018VideoGames_Pop_seed101/test.csv,test.csv,.csv,3440785,3daf589639aac1f04f73f082b234e2ab2ed93f10693f4b877e86413397c58c8a,2026-07-18T20:10:06,True
study_runs,V100_P0_NANO_I05_R03,study_runs/V100_P0_NANO_I05_R03/checkpoint/8d9208e09373435ba578757c5b440ede_iteration2/generated/Amazon2018VideoGames_Pop_seed101/train.csv,train.csv,.csv,12643075,bd63854f54c45f735f6e1388ada747409b719a28a08d4d5cb73c7221517021c6,2026-07-18T20:10:06,True
study_runs,V100_P0_NANO_I05_R03,study_runs/V100_P0_NANO_I05_R03/checkpoint/8d9208e09373435ba578757c5b440ede_iteration2/generated/Amazon2018VideoGames_Pop_seed202/test.csv,test.csv,.csv,3440727,273b5db6f12957613ff45f7201b08a56b49755c143645aaa644d8f81d9781d14,2026-07-18T20:10:30,True
study_runs,V100_P0_NANO_I05_R03,study_runs/V100_P0_NANO_I05_R03/checkpoint/8d9208e09373435ba578757c5b440ede_iteration2/generated/Amazon2018VideoGames_Pop_seed202/train.csv,train.csv,.csv,12643133,dbe5921152a01043c6022c380d492c6b75cc75ef21e926d1ba23679a56bfdb57,2026-07-18T20:10:29,True
study_runs,V100_P0_NANO_I05_R03,study_runs/V100_P0_NANO_I05_R03/checkpoint/8d9208e09373435ba578757c5b440ede_iteration2/generated/Amazon2018VideoGames_Pop_seed303/test.csv,test.csv,.csv,3440753,6f6b85cf2abd43bd6f4e917d1c97bb0770dbbb085b20c0381260f2051190d273,2026-07-18T20:10:55,True
study_runs,V100_P0_NANO_I05_R03,study_runs/V100_P0_NANO_I05_R03/checkpoint/8d9208e09373435ba578757c5b440ede_iteration2/generated/Amazon2018VideoGames_Pop_seed303/train.csv,train.csv,.csv,12643107,1b37b8f8a671f7cdfa87a3225dc3fbbbd0f9c9010bcc4c8e88abf775caeac563,2026-07-18T20:10:55,True
study_runs,V100_P0_NANO_I05_R03,study_runs/V100_P0_NANO_I05_R03/checkpoint/8d9208e09373435ba578757c5b440ede_iteration2/generated/Amazon2018VideoGames_Pop_seed404/test.csv,test.csv,.csv,3440943,9e596fec6a7f22d3a56f68da5c0b48b1602391f88bdbc1e52fd6b9f9e274b48b,2026-07-18T20:11:19,True
study_runs,V100_P0_NANO_I05_R03,study_runs/V100_P0_NANO_I05_R03/checkpoint/8d9208e09373435ba578757c5b440ede_iteration2/generated/Amazon2018VideoGames_Pop_seed404/train.csv,train.csv,.csv,12642917,a767d1429cacfa6c0204b359d9bd293915cc365d0161cd7279a3a0c1be8163e1,2026-07-18T20:11:18,True
study_runs,V100_P0_NANO_I05_R03,study_runs/V100_P0_NANO_I05_R03/checkpoint/8d9208e09373435ba578757c5b440ede_iteration2/generated/Amazon2018VideoGames_Pop_seed505/test.csv,test.csv,.csv,3440963,77f0aaa95b37c57dc555cbf3ac16222e2584890dc361f908b891b279886b5afa,2026-07-18T20:11:43,True
study_runs,V100_P0_NANO_I05_R03,study_runs/V100_P0_NANO_I05_R03/checkpoint/8d9208e09373435ba578757c5b440ede_iteration2/generated/Amazon2018VideoGames_Pop_seed505/train.csv,train.csv,.csv,12642897,480bc2860eb78f64791c05059314e787b444c7fc9e74d5d6cadefb2bda422c4e,2026-07-18T20:11:42,True
study_runs,V100_P0_NANO_I05_R03,study_runs/V100_P0_NANO_I05_R03/checkpoint/8d9208e09373435ba578757c5b440ede_iteration2/generated/HetrecLastFM_ALS_seed101/test.csv,test.csv,.csv,354507,22662d91d16c84d1f12700e28fbfaf3dd69c34cb8ad1214cc0146d41a6a889b3,2026-07-18T20:11:49,True
study_runs,V100_P0_NANO_I05_R03,study_runs/V100_P0_NANO_I05_R03/checkpoint/8d9208e09373435ba578757c5b440ede_iteration2/generated/HetrecLastFM_ALS_seed101/train.csv,train.csv,.csv,1420406,f577052c2c264ac963a91069d076cae39ba6eceb42cb2f75a3b0890510f98503,2026-07-18T20:11:49,True
study_runs,V100_P0_NANO_I05_R03,study_runs/V100_P0_NANO_I05_R03/checkpoint/8d9208e09373435ba578757c5b440ede_iteration2/generated/HetrecLastFM_ALS_seed202/test.csv,test.csv,.csv,354611,e8816b9417e16dfe7ccaab936db953890779ec3448dc3e9a424d5da9b3ac71f4,2026-07-18T20:11:55,True
study_runs,V100_P0_NANO_I05_R03,study_runs/V100_P0_NANO_I05_R03/checkpoint/8d9208e09373435ba578757c5b440ede_iteration2/generated/HetrecLastFM_ALS_seed202/train.csv,train.csv,.csv,1420302,fc44f51cb86dce96e57449fa219e86deb1194c288eedcc1d0099d65488f4e6a2,2026-07-18T20:11:55,True
study_runs,V100_P0_NANO_I05_R03,study_runs/V100_P0_NANO_I05_R03/checkpoint/8d9208e09373435ba578757c5b440ede_iteration2/generated/HetrecLastFM_ALS_seed303/test.csv,test.csv,.csv,354458,3a594a43ae09a691c77dddbad42edfeaaca67458e28181624aa243051733c69f,2026-07-18T20:12:01,True
study_runs,V100_P0_NANO_I05_R03,study_runs/V100_P0_NANO_I05_R03/checkpoint/8d9208e09373435ba578757c5b440ede_iteration2/generated/HetrecLastFM_ALS_seed303/train.csv,train.csv,.csv,1420455,0947c29e515bb8807a9dcb0b08fcd4566ae83c046b0dd49b1748335e2a6e166d,2026-07-18T20:12:01,True
study_runs,V100_P0_NANO_I05_R03,study_runs/V100_P0_NANO_I05_R03/checkpoint/8d9208e09373435ba578757c5b440ede_iteration2/generated/HetrecLastFM_ALS_seed404/test.csv,test.csv,.csv,354417,0c656bd1b5fd62b11a90bab3f0265850076768c51a3d10fd6798b6156ad90e6d,2026-07-18T20:12:07,True
study_runs,V100_P0_NANO_I05_R03,study_runs/V100_P0_NANO_I05_R03/checkpoint/8d9208e09373435ba578757c5b440ede_iteration2/generated/HetrecLastFM_ALS_seed404/train.csv,train.csv,.csv,1420496,018995a9e177b3ef42d876a1577eb7288f40b509841898027fccf2dd53721587,2026-07-18T20:12:07,True
study_runs,V100_P0_NANO_I05_R03,study_runs/V100_P0_NANO_I05_R03/checkpoint/8d9208e09373435ba578757c5b440ede_iteration2/generated/HetrecLastFM_ALS_seed505/test.csv,test.csv,.csv,354421,f09044e535d936f40b8b42699b802b7300d42af7a68176ea27ad6e257e3e042d,2026-07-18T20:12:14,True
study_runs,V100_P0_NANO_I05_R03,study_runs/V100_P0_NANO_I05_R03/checkpoint/8d9208e09373435ba578757c5b440ede_iteration2/generated/HetrecLastFM_ALS_seed505/train.csv,train.csv,.csv,1420492,2f5a7373faa3da7e6ad822f95f0f3c4ad33371e9329b2b3d619fec57f00a6ba3,2026-07-18T20:12:14,True
study_runs,V100_P0_NANO_I05_R03,study_runs/V100_P0_NANO_I05_R03/checkpoint/8d9208e09373435ba578757c5b440ede_iteration2/generated/HetrecLastFM_ItemKNN_seed101/test.csv,test.csv,.csv,354507,22662d91d16c84d1f12700e28fbfaf3dd69c34cb8ad1214cc0146d41a6a889b3,2026-07-18T20:12:20,True
study_runs,V100_P0_NANO_I05_R03,study_runs/V100_P0_NANO_I05_R03/checkpoint/8d9208e09373435ba578757c5b440ede_iteration2/generated/HetrecLastFM_ItemKNN_seed101/train.csv,train.csv,.csv,1420406,f577052c2c264ac963a91069d076cae39ba6eceb42cb2f75a3b0890510f98503,2026-07-18T20:12:20,True
study_runs,V100_P0_NANO_I05_R03,study_runs/V100_P0_NANO_I05_R03/checkpoint/8d9208e09373435ba578757c5b440ede_iteration2/generated/HetrecLastFM_ItemKNN_seed202/test.csv,test.csv,.csv,354611,e8816b9417e16dfe7ccaab936db953890779ec3448dc3e9a424d5da9b3ac71f4,2026-07-18T20:12:26,True
study_runs,V100_P0_NANO_I05_R03,study_runs/V100_P0_NANO_I05_R03/checkpoint/8d9208e09373435ba578757c5b440ede_iteration2/generated/HetrecLastFM_ItemKNN_seed202/train.csv,train.csv,.csv,1420302,fc44f51cb86dce96e57449fa219e86deb1194c288eedcc1d0099d65488f4e6a2,2026-07-18T20:12:26,True
study_runs,V100_P0_NANO_I05_R03,study_runs/V100_P0_NANO_I05_R03/checkpoint/8d9208e09373435ba578757c5b440ede_iteration2/generated/HetrecLastFM_ItemKNN_seed303/test.csv,test.csv,.csv,354458,3a594a43ae09a691c77dddbad42edfeaaca67458e28181624aa243051733c69f,2026-07-18T20:12:32,True
study_runs,V100_P0_NANO_I05_R03,study_runs/V100_P0_NANO_I05_R03/checkpoint/8d9208e09373435ba578757c5b440ede_iteration2/generated/HetrecLastFM_ItemKNN_seed303/train.csv,train.csv,.csv,1420455,0947c29e515bb8807a9dcb0b08fcd4566ae83c046b0dd49b1748335e2a6e166d,2026-07-18T20:12:32,True
study_runs,V100_P0_NANO_I05_R03,study_runs/V100_P0_NANO_I05_R03/checkpoint/8d9208e09373435ba578757c5b440ede_iteration2/generated/HetrecLastFM_ItemKNN_seed404/test.csv,test.csv,.csv,354417,0c656bd1b5fd62b11a90bab3f0265850076768c51a3d10fd6798b6156ad90e6d,2026-07-18T20:12:38,True
study_runs,V100_P0_NANO_I05_R03,study_runs/V100_P0_NANO_I05_R03/checkpoint/8d9208e09373435ba578757c5b440ede_iteration2/generated/HetrecLastFM_ItemKNN_seed404/train.csv,train.csv,.csv,1420496,018995a9e177b3ef42d876a1577eb7288f40b509841898027fccf2dd53721587,2026-07-18T20:12:38,True
study_runs,V100_P0_NANO_I05_R03,study_runs/V100_P0_NANO_I05_R03/checkpoint/8d9208e09373435ba578757c5b440ede_iteration2/generated/HetrecLastFM_ItemKNN_seed505/test.csv,test.csv,.csv,354421,f09044e535d936f40b8b42699b802b7300d42af7a68176ea27ad6e257e3e042d,2026-07-18T20:12:44,True
study_runs,V100_P0_NANO_I05_R03,study_runs/V100_P0_NANO_I05_R03/checkpoint/8d9208e09373435ba578757c5b440ede_iteration2/generated/HetrecLastFM_ItemKNN_seed505/train.csv,train.csv,.csv,1420492,2f5a7373faa3da7e6ad822f95f0f3c4ad33371e9329b2b3d619fec57f00a6ba3,2026-07-18T20:12:44,True
study_runs,V100_P0_NANO_I05_R03,study_runs/V100_P0_NANO_I05_R03/checkpoint/8d9208e09373435ba578757c5b440ede_iteration2/generated/HetrecLastFM_Pop_seed101/test.csv,test.csv,.csv,354507,22662d91d16c84d1f12700e28fbfaf3dd69c34cb8ad1214cc0146d41a6a889b3,2026-07-18T20:12:50,True
study_runs,V100_P0_NANO_I05_R03,study_runs/V100_P0_NANO_I05_R03/checkpoint/8d9208e09373435ba578757c5b440ede_iteration2/generated/HetrecLastFM_Pop_seed101/train.csv,train.csv,.csv,1420406,f577052c2c264ac963a91069d076cae39ba6eceb42cb2f75a3b0890510f98503,2026-07-18T20:12:50,True
study_runs,V100_P0_NANO_I05_R03,study_runs/V100_P0_NANO_I05_R03/checkpoint/8d9208e09373435ba578757c5b440ede_iteration2/generated/HetrecLastFM_Pop_seed202/test.csv,test.csv,.csv,354611,e8816b9417e16dfe7ccaab936db953890779ec3448dc3e9a424d5da9b3ac71f4,2026-07-18T20:12:56,True
study_runs,V100_P0_NANO_I05_R03,study_runs/V100_P0_NANO_I05_R03/checkpoint/8d9208e09373435ba578757c5b440ede_iteration2/generated/HetrecLastFM_Pop_seed202/train.csv,train.csv,.csv,1420302,fc44f51cb86dce96e57449fa219e86deb1194c288eedcc1d0099d65488f4e6a2,2026-07-18T20:12:56,True
study_runs,V100_P0_NANO_I05_R03,study_runs/V100_P0_NANO_I05_R03/checkpoint/8d9208e09373435ba578757c5b440ede_iteration2/generated/HetrecLastFM_Pop_seed303/test.csv,test.csv,.csv,354458,3a594a43ae09a691c77dddbad42edfeaaca67458e28181624aa243051733c69f,2026-07-18T20:13:03,True
study_runs,V100_P0_NANO_I05_R03,study_runs/V100_P0_NANO_I05_R03/checkpoint/8d9208e09373435ba578757c5b440ede_iteration2/generated/HetrecLastFM_Pop_seed303/train.csv,train.csv,.csv,1420455,0947c29e515bb8807a9dcb0b08fcd4566ae83c046b0dd49b1748335e2a6e166d,2026-07-18T20:13:03,True
study_runs,V100_P0_NANO_I05_R03,study_runs/V100_P0_NANO_I05_R03/checkpoint/8d9208e09373435ba578757c5b440ede_iteration2/generated/HetrecLastFM_Pop_seed404/test.csv,test.csv,.csv,354417,0c656bd1b5fd62b11a90bab3f0265850076768c51a3d10fd6798b6156ad90e6d,2026-07-18T20:13:09,True
study_runs,V100_P0_NANO_I05_R03,study_runs/V100_P0_NANO_I05_R03/checkpoint/8d9208e09373435ba578757c5b440ede_iteration2/generated/HetrecLastFM_Pop_seed404/train.csv,train.csv,.csv,1420496,018995a9e177b3ef42d876a1577eb7288f40b509841898027fccf2dd53721587,2026-07-18T20:13:09,True
study_runs,V100_P0_NANO_I05_R03,study_runs/V100_P0_NANO_I05_R03/checkpoint/8d9208e09373435ba578757c5b440ede_iteration2/generated/HetrecLastFM_Pop_seed505/test.csv,test.csv,.csv,354421,f09044e535d936f40b8b42699b802b7300d42af7a68176ea27ad6e257e3e042d,2026-07-18T20:13:15,True
study_runs,V100_P0_NANO_I05_R03,study_runs/V100_P0_NANO_I05_R03/checkpoint/8d9208e09373435ba578757c5b440ede_iteration2/generated/HetrecLastFM_Pop_seed505/train.csv,train.csv,.csv,1420492,2f5a7373faa3da7e6ad822f95f0f3c4ad33371e9329b2b3d619fec57f00a6ba3,2026-07-18T20:13:15,True
study_runs,V100_P0_NANO_I05_R03,study_runs/V100_P0_NANO_I05_R03/checkpoint/8d9208e09373435ba578757c5b440ede_iteration2/generated/manifest.json,manifest.json,.json,1192,7a5f5c9786f4fbf51bb87c0db826fec9e390e00aa9c64d1c1b1923e3bb950661,2026-07-18T20:13:15,True
study_runs,V100_P0_NANO_I05_R03,study_runs/V100_P0_NANO_I05_R03/checkpoint/8d9208e09373435ba578757c5b440ede_iteration2/generated/MovieLens100K_ALS_seed101/test.csv,test.csv,.csv,176751,bfb266ec761618e4af824037ff431f0b22e5f490e666b7ffba606db5518f5cc8,2026-07-18T20:05:33,True
study_runs,V100_P0_NANO_I05_R03,study_runs/V100_P0_NANO_I05_R03/checkpoint/8d9208e09373435ba578757c5b440ede_iteration2/generated/MovieLens100K_ALS_seed101/train.csv,train.csv,.csv,707691,7a6a01f14d9d16b942b760128322b3545a450fcccc621bc12b385e1a22fa953d,2026-07-18T20:05:33,True
study_runs,V100_P0_NANO_I05_R03,study_runs/V100_P0_NANO_I05_R03/checkpoint/8d9208e09373435ba578757c5b440ede_iteration2/generated/MovieLens100K_ALS_seed202/test.csv,test.csv,.csv,176751,952112f2734820edbcc69fa417838a1059dd92c0d102c8c0401df2963439ffee,2026-07-18T20:05:34,True
study_runs,V100_P0_NANO_I05_R03,study_runs/V100_P0_NANO_I05_R03/checkpoint/8d9208e09373435ba578757c5b440ede_iteration2/generated/MovieLens100K_ALS_seed202/train.csv,train.csv,.csv,707691,aa4bb5a7470af5eb81f16225f59cd241dfa344a959ee692907f938f8ca608f2e,2026-07-18T20:05:34,True
study_runs,V100_P0_NANO_I05_R03,study_runs/V100_P0_NANO_I05_R03/checkpoint/8d9208e09373435ba578757c5b440ede_iteration2/generated/MovieLens100K_ALS_seed303/test.csv,test.csv,.csv,176751,f01dc781e11a6b48207b61d8dfd8b23bbb80820fe2db2de809e80351405186ef,2026-07-18T20:05:35,True
study_runs,V100_P0_NANO_I05_R03,study_runs/V100_P0_NANO_I05_R03/checkpoint/8d9208e09373435ba578757c5b440ede_iteration2/generated/MovieLens100K_ALS_seed303/train.csv,train.csv,.csv,707691,2b22b23948e1a0e866d09b246b67fd5a82f8e18dfcc40499d31afadc2dc46554,2026-07-18T20:05:35,True
study_runs,V100_P0_NANO_I05_R03,study_runs/V100_P0_NANO_I05_R03/checkpoint/8d9208e09373435ba578757c5b440ede_iteration2/generated/MovieLens100K_ALS_seed404/test.csv,test.csv,.csv,176751,acc0166c1fc36401ee0514acbc6dff2d2202e29c28ce82cc54c9e60a5ec50661,2026-07-18T20:05:36,True
study_runs,V100_P0_NANO_I05_R03,study_runs/V100_P0_NANO_I05_R03/checkpoint/8d9208e09373435ba578757c5b440ede_iteration2/generated/MovieLens100K_ALS_seed404/train.csv,train.csv,.csv,707691,9269ba51bcc893d67518dd41898c2dd93afb6329b15a0533b7421656ba64d2ab,2026-07-18T20:05:36,True
study_runs,V100_P0_NANO_I05_R03,study_runs/V100_P0_NANO_I05_R03/checkpoint/8d9208e09373435ba578757c5b440ede_iteration2/generated/MovieLens100K_ALS_seed505/test.csv,test.csv,.csv,176751,02c87b6680fe4e0120b1ee1b95c1c6f673f54b6a3e926c1b70722b6964f1efbc,2026-07-18T20:05:37,True
study_runs,V100_P0_NANO_I05_R03,study_runs/V100_P0_NANO_I05_R03/checkpoint/8d9208e09373435ba578757c5b440ede_iteration2/generated/MovieLens100K_ALS_seed505/train.csv,train.csv,.csv,707691,7cabd32132df3957b1f19e69009b90fff546362b1f2d3a28ef605ab7fcd074fe,2026-07-18T20:05:37,True
study_runs,V100_P0_NANO_I05_R03,study_runs/V100_P0_NANO_I05_R03/checkpoint/8d9208e09373435ba578757c5b440ede_iteration2/generated/MovieLens100K_ItemKNN_seed101/test.csv,test.csv,.csv,176751,bfb266ec761618e4af824037ff431f0b22e5f490e666b7ffba606db5518f5cc8,2026-07-18T20:05:38,True
study_runs,V100_P0_NANO_I05_R03,study_runs/V100_P0_NANO_I05_R03/checkpoint/8d9208e09373435ba578757c5b440ede_iteration2/generated/MovieLens100K_ItemKNN_seed101/train.csv,train.csv,.csv,707691,7a6a01f14d9d16b942b760128322b3545a450fcccc621bc12b385e1a22fa953d,2026-07-18T20:05:38,True
study_runs,V100_P0_NANO_I05_R03,study_runs/V100_P0_NANO_I05_R03/checkpoint/8d9208e09373435ba578757c5b440ede_iteration2/generated/MovieLens100K_ItemKNN_seed202/test.csv,test.csv,.csv,176751,952112f2734820edbcc69fa417838a1059dd92c0d102c8c0401df2963439ffee,2026-07-18T20:05:39,True
study_runs,V100_P0_NANO_I05_R03,study_runs/V100_P0_NANO_I05_R03/checkpoint/8d9208e09373435ba578757c5b440ede_iteration2/generated/MovieLens100K_ItemKNN_seed202/train.csv,train.csv,.csv,707691,aa4bb5a7470af5eb81f16225f59cd241dfa344a959ee692907f938f8ca608f2e,2026-07-18T20:05:39,True
study_runs,V100_P0_NANO_I05_R03,study_runs/V100_P0_NANO_I05_R03/checkpoint/8d9208e09373435ba578757c5b440ede_iteration2/generated/MovieLens100K_ItemKNN_seed303/test.csv,test.csv,.csv,176751,f01dc781e11a6b48207b61d8dfd8b23bbb80820fe2db2de809e80351405186ef,2026-07-18T20:05:40,True
study_runs,V100_P0_NANO_I05_R03,study_runs/V100_P0_NANO_I05_R03/checkpoint/8d9208e09373435ba578757c5b440ede_iteration2/generated/MovieLens100K_ItemKNN_seed303/train.csv,train.csv,.csv,707691,2b22b23948e1a0e866d09b246b67fd5a82f8e18dfcc40499d31afadc2dc46554,2026-07-18T20:05:40,True
study_runs,V100_P0_NANO_I05_R03,study_runs/V100_P0_NANO_I05_R03/checkpoint/8d9208e09373435ba578757c5b440ede_iteration2/generated/MovieLens100K_ItemKNN_seed404/test.csv,test.csv,.csv,176751,acc0166c1fc36401ee0514acbc6dff2d2202e29c28ce82cc54c9e60a5ec50661,2026-07-18T20:05:41,True
study_runs,V100_P0_NANO_I05_R03,study_runs/V100_P0_NANO_I05_R03/checkpoint/8d9208e09373435ba578757c5b440ede_iteration2/generated/MovieLens100K_ItemKNN_seed404/train.csv,train.csv,.csv,707691,9269ba51bcc893d67518dd41898c2dd93afb6329b15a0533b7421656ba64d2ab,2026-07-18T20:05:41,True
study_runs,V100_P0_NANO_I05_R03,study_runs/V100_P0_NANO_I05_R03/checkpoint/8d9208e09373435ba578757c5b440ede_iteration2/generated/MovieLens100K_ItemKNN_seed505/test.csv,test.csv,.csv,176751,02c87b6680fe4e0120b1ee1b95c1c6f673f54b6a3e926c1b70722b6964f1efbc,2026-07-18T20:05:42,True
study_runs,V100_P0_NANO_I05_R03,study_runs/V100_P0_NANO_I05_R03/checkpoint/8d9208e09373435ba578757c5b440ede_iteration2/generated/MovieLens100K_ItemKNN_seed505/train.csv,train.csv,.csv,707691,7cabd32132df3957b1f19e69009b90fff546362b1f2d3a28ef605ab7fcd074fe,2026-07-18T20:05:42,True
study_runs,V100_P0_NANO_I05_R03,study_runs/V100_P0_NANO_I05_R03/checkpoint/8d9208e09373435ba578757c5b440ede_iteration2/generated/MovieLens100K_Pop_seed101/test.csv,test.csv,.csv,176751,bfb266ec761618e4af824037ff431f0b22e5f490e666b7ffba606db5518f5cc8,2026-07-18T20:05:43,True
study_runs,V100_P0_NANO_I05_R03,study_runs/V100_P0_NANO_I05_R03/checkpoint/8d9208e09373435ba578757c5b440ede_iteration2/generated/MovieLens100K_Pop_seed101/train.csv,train.csv,.csv,707691,7a6a01f14d9d16b942b760128322b3545a450fcccc621bc12b385e1a22fa953d,2026-07-18T20:05:43,True
study_runs,V100_P0_NANO_I05_R03,study_runs/V100_P0_NANO_I05_R03/checkpoint/8d9208e09373435ba578757c5b440ede_iteration2/generated/MovieLens100K_Pop_seed202/test.csv,test.csv,.csv,176751,952112f2734820edbcc69fa417838a1059dd92c0d102c8c0401df2963439ffee,2026-07-18T20:05:44,True
study_runs,V100_P0_NANO_I05_R03,study_runs/V100_P0_NANO_I05_R03/checkpoint/8d9208e09373435ba578757c5b440ede_iteration2/generated/MovieLens100K_Pop_seed202/train.csv,train.csv,.csv,707691,aa4bb5a7470af5eb81f16225f59cd241dfa344a959ee692907f938f8ca608f2e,2026-07-18T20:05:44,True
study_runs,V100_P0_NANO_I05_R03,study_runs/V100_P0_NANO_I05_R03/checkpoint/8d9208e09373435ba578757c5b440ede_iteration2/generated/MovieLens100K_Pop_seed303/test.csv,test.csv,.csv,176751,f01dc781e11a6b48207b61d8dfd8b23bbb80820fe2db2de809e80351405186ef,2026-07-18T20:05:45,True
study_runs,V100_P0_NANO_I05_R03,study_runs/V100_P0_NANO_I05_R03/checkpoint/8d9208e09373435ba578757c5b440ede_iteration2/generated/MovieLens100K_Pop_seed303/train.csv,train.csv,.csv,707691,2b22b23948e1a0e866d09b246b67fd5a82f8e18dfcc40499d31afadc2dc46554,2026-07-18T20:05:45,True
study_runs,V100_P0_NANO_I05_R03,study_runs/V100_P0_NANO_I05_R03/checkpoint/8d9208e09373435ba578757c5b440ede_iteration2/generated/MovieLens100K_Pop_seed404/test.csv,test.csv,.csv,176751,acc0166c1fc36401ee0514acbc6dff2d2202e29c28ce82cc54c9e60a5ec50661,2026-07-18T20:05:46,True
study_runs,V100_P0_NANO_I05_R03,study_runs/V100_P0_NANO_I05_R03/checkpoint/8d9208e09373435ba578757c5b440ede_iteration2/generated/MovieLens100K_Pop_seed404/train.csv,train.csv,.csv,707691,9269ba51bcc893d67518dd41898c2dd93afb6329b15a0533b7421656ba64d2ab,2026-07-18T20:05:46,True
study_runs,V100_P0_NANO_I05_R03,study_runs/V100_P0_NANO_I05_R03/checkpoint/8d9208e09373435ba578757c5b440ede_iteration2/generated/MovieLens100K_Pop_seed505/test.csv,test.csv,.csv,176751,02c87b6680fe4e0120b1ee1b95c1c6f673f54b6a3e926c1b70722b6964f1efbc,2026-07-18T20:05:47,True
study_runs,V100_P0_NANO_I05_R03,study_runs/V100_P0_NANO_I05_R03/checkpoint/8d9208e09373435ba578757c5b440ede_iteration2/generated/MovieLens100K_Pop_seed505/train.csv,train.csv,.csv,707691,7cabd32132df3957b1f19e69009b90fff546362b1f2d3a28ef605ab7fcd074fe,2026-07-18T20:05:47,True
study_runs,V100_P0_NANO_I05_R03,study_runs/V100_P0_NANO_I05_R03/checkpoint/8d9208e09373435ba578757c5b440ede_iteration2/generated/results/metrics_Amazon2018VideoGames_ALS_seed101.csv,metrics_Amazon2018VideoGames_ALS_seed101.csv,.csv,202,f108bbcd627cd451ea94a0920c1859f8cce602ceb04ed3c1ed128f8ebfeeee7a,2026-07-18T20:06:11,True
study_runs,V100_P0_NANO_I05_R03,study_runs/V100_P0_NANO_I05_R03/checkpoint/8d9208e09373435ba578757c5b440ede_iteration2/generated/results/metrics_Amazon2018VideoGames_ALS_seed202.csv,metrics_Amazon2018VideoGames_ALS_seed202.csv,.csv,202,ae9a150b0a1ca7bddc3ba476b3cb38ead3f57275653e1e75bf0d4d421801c448,2026-07-18T20:06:35,True
study_runs,V100_P0_NANO_I05_R03,study_runs/V100_P0_NANO_I05_R03/checkpoint/8d9208e09373435ba578757c5b440ede_iteration2/generated/results/metrics_Amazon2018VideoGames_ALS_seed303.csv,metrics_Amazon2018VideoGames_ALS_seed303.csv,.csv,202,087d9072c4f4c128edd6d1a71b9aadf9921b5082011c9c81746f77536570006a,2026-07-18T20:06:58,True
study_runs,V100_P0_NANO_I05_R03,study_runs/V100_P0_NANO_I05_R03/checkpoint/8d9208e09373435ba578757c5b440ede_iteration2/generated/results/metrics_Amazon2018VideoGames_ALS_seed404.csv,metrics_Amazon2018VideoGames_ALS_seed404.csv,.csv,202,996bebca4650ed9b5813325e3a50516b7d0974aa0e04f0e3c95121311243dfe6,2026-07-18T20:07:21,True
study_runs,V100_P0_NANO_I05_R03,study_runs/V100_P0_NANO_I05_R03/checkpoint/8d9208e09373435ba578757c5b440ede_iteration2/generated/results/metrics_Amazon2018VideoGames_ALS_seed505.csv,metrics_Amazon2018VideoGames_ALS_seed505.csv,.csv,202,8b7e364d12f00df3a08840451bfa1707178634c7aa82926058a3f86d2cc30720,2026-07-18T20:07:45,True
study_runs,V100_P0_NANO_I05_R03,study_runs/V100_P0_NANO_I05_R03/checkpoint/8d9208e09373435ba578757c5b440ede_iteration2/generated/results/metrics_Amazon2018VideoGames_ItemKNN_seed101.csv,metrics_Amazon2018VideoGames_ItemKNN_seed101.csv,.csv,206,898fd062b2f36c1f63919a39ad33dc20e080d3a585f8871ef3c02bfc95b5ff3e,2026-07-18T20:08:08,True
study_runs,V100_P0_NANO_I05_R03,study_runs/V100_P0_NANO_I05_R03/checkpoint/8d9208e09373435ba578757c5b440ede_iteration2/generated/results/metrics_Amazon2018VideoGames_ItemKNN_seed202.csv,metrics_Amazon2018VideoGames_ItemKNN_seed202.csv,.csv,206,a9ff970048733e4347a19727b76b3318ac24c6bf898f2438ef8e568ca911b0b3,2026-07-18T20:08:32,True
study_runs,V100_P0_NANO_I05_R03,study_runs/V100_P0_NANO_I05_R03/checkpoint/8d9208e09373435ba578757c5b440ede_iteration2/generated/results/metrics_Amazon2018VideoGames_ItemKNN_seed303.csv,metrics_Amazon2018VideoGames_ItemKNN_seed303.csv,.csv,206,3d57c17b6da293d322db4480ed1735619dacef7151788c25367266fad66695cc,2026-07-18T20:08:55,True
study_runs,V100_P0_NANO_I05_R03,study_runs/V100_P0_NANO_I05_R03/checkpoint/8d9208e09373435ba578757c5b440ede_iteration2/generated/results/metrics_Amazon2018VideoGames_ItemKNN_seed404.csv,metrics_Amazon2018VideoGames_ItemKNN_seed404.csv,.csv,206,be9096568c3d7640a443356d27897a09d245335cc84e14b07a28f04b170bbdc7,2026-07-18T20:09:19,True
study_runs,V100_P0_NANO_I05_R03,study_runs/V100_P0_NANO_I05_R03/checkpoint/8d9208e09373435ba578757c5b440ede_iteration2/generated/results/metrics_Amazon2018VideoGames_ItemKNN_seed505.csv,metrics_Amazon2018VideoGames_ItemKNN_seed505.csv,.csv,206,b1a4e40f4ecd000c6bd99d11b209f80c68a5e734bfe9a7369fa923e060a64777,2026-07-18T20:09:42,True
study_runs,V100_P0_NANO_I05_R03,study_runs/V100_P0_NANO_I05_R03/checkpoint/8d9208e09373435ba578757c5b440ede_iteration2/generated/results/metrics_Amazon2018VideoGames_Pop_seed101.csv,metrics_Amazon2018VideoGames_Pop_seed101.csv,.csv,202,5295a5c221a42e02f49cfcda89d9bc1b60e7fe731287e9d95449cf7f27b824de,2026-07-18T20:10:06,True
study_runs,V100_P0_NANO_I05_R03,study_runs/V100_P0_NANO_I05_R03/checkpoint/8d9208e09373435ba578757c5b440ede_iteration2/generated/results/metrics_Amazon2018VideoGames_Pop_seed202.csv,metrics_Amazon2018VideoGames_Pop_seed202.csv,.csv,202,6f1949310b068a8e22244bd1cf20bb7b792dc6fbb5de40a0185dfcc43445e23f,2026-07-18T20:10:30,True
study_runs,V100_P0_NANO_I05_R03,study_runs/V100_P0_NANO_I05_R03/checkpoint/8d9208e09373435ba578757c5b440ede_iteration2/generated/results/metrics_Amazon2018VideoGames_Pop_seed303.csv,metrics_Amazon2018VideoGames_Pop_seed303.csv,.csv,202,dc22c48f8c4e1f973a15a43c623ae2e07b865b474d1c65f1735902d1653a8564,2026-07-18T20:10:55,True
study_runs,V100_P0_NANO_I05_R03,study_runs/V100_P0_NANO_I05_R03/checkpoint/8d9208e09373435ba578757c5b440ede_iteration2/generated/results/metrics_Amazon2018VideoGames_Pop_seed404.csv,metrics_Amazon2018VideoGames_Pop_seed404.csv,.csv,202,3a859398e35799cd2b68df3d400661489d140b112c96b2e6a882f5b2b1185190,2026-07-18T20:11:19,True
study_runs,V100_P0_NANO_I05_R03,study_runs/V100_P0_NANO_I05_R03/checkpoint/8d9208e09373435ba578757c5b440ede_iteration2/generated/results/metrics_Amazon2018VideoGames_Pop_seed505.csv,metrics_Amazon2018VideoGames_Pop_seed505.csv,.csv,202,654486f010c36d14d8dff2f63f6bac2b78dbf7f990d789569a4ce60b9da83583,2026-07-18T20:11:43,True
study_runs,V100_P0_NANO_I05_R03,study_runs/V100_P0_NANO_I05_R03/checkpoint/8d9208e09373435ba578757c5b440ede_iteration2/generated/results/metrics_HetrecLastFM_ALS_seed101.csv,metrics_HetrecLastFM_ALS_seed101.csv,.csv,193,6d1211342284bdb11e771f1c85da08fe9fd66cff3d5abde4bbf57084c9cda570,2026-07-18T20:11:49,True
study_runs,V100_P0_NANO_I05_R03,study_runs/V100_P0_NANO_I05_R03/checkpoint/8d9208e09373435ba578757c5b440ede_iteration2/generated/results/metrics_HetrecLastFM_ALS_seed202.csv,metrics_HetrecLastFM_ALS_seed202.csv,.csv,193,4f82ec09e51166a788535d3c6ebf7b7b32dc1971a8bac7aa4ec6852ca211876a,2026-07-18T20:11:55,True
study_runs,V100_P0_NANO_I05_R03,study_runs/V100_P0_NANO_I05_R03/checkpoint/8d9208e09373435ba578757c5b440ede_iteration2/generated/results/metrics_HetrecLastFM_ALS_seed303.csv,metrics_HetrecLastFM_ALS_seed303.csv,.csv,193,6e0cb2771357b0a78d54e0eccc493c9e0b235c4c0ec915f2320c626d1cb961f4,2026-07-18T20:12:01,True
study_runs,V100_P0_NANO_I05_R03,study_runs/V100_P0_NANO_I05_R03/checkpoint/8d9208e09373435ba578757c5b440ede_iteration2/generated/results/metrics_HetrecLastFM_ALS_seed404.csv,metrics_HetrecLastFM_ALS_seed404.csv,.csv,193,03018725ae1bfe518d32346e098577e66a6fb524852775ca119a0f698e4bf39d,2026-07-18T20:12:07,True
study_runs,V100_P0_NANO_I05_R03,study_runs/V100_P0_NANO_I05_R03/checkpoint/8d9208e09373435ba578757c5b440ede_iteration2/generated/results/metrics_HetrecLastFM_ALS_seed505.csv,metrics_HetrecLastFM_ALS_seed505.csv,.csv,193,12611644c48584ad81073681631f8a33207c6dd36dc33de05e8ce14d9a953ed5,2026-07-18T20:12:14,True
study_runs,V100_P0_NANO_I05_R03,study_runs/V100_P0_NANO_I05_R03/checkpoint/8d9208e09373435ba578757c5b440ede_iteration2/generated/results/metrics_HetrecLastFM_ItemKNN_seed101.csv,metrics_HetrecLastFM_ItemKNN_seed101.csv,.csv,197,4c3ae7fdce75061e98cc020dce5796d3c6e4cbe0b2657854b29f4f871a54b8ad,2026-07-18T20:12:20,True
study_runs,V100_P0_NANO_I05_R03,study_runs/V100_P0_NANO_I05_R03/checkpoint/8d9208e09373435ba578757c5b440ede_iteration2/generated/results/metrics_HetrecLastFM_ItemKNN_seed202.csv,metrics_HetrecLastFM_ItemKNN_seed202.csv,.csv,197,8482d50c3201b7b1e4b768a9074b85bb357204b99dab644d5bd2d8c65c3ae51a,2026-07-18T20:12:26,True
study_runs,V100_P0_NANO_I05_R03,study_runs/V100_P0_NANO_I05_R03/checkpoint/8d9208e09373435ba578757c5b440ede_iteration2/generated/results/metrics_HetrecLastFM_ItemKNN_seed303.csv,metrics_HetrecLastFM_ItemKNN_seed303.csv,.csv,197,0ba54a2284a74ecfb5c9ed253cfd05d85ae0d1855ccb68e5a65f888f2ab73157,2026-07-18T20:12:32,True
study_runs,V100_P0_NANO_I05_R03,study_runs/V100_P0_NANO_I05_R03/checkpoint/8d9208e09373435ba578757c5b440ede_iteration2/generated/results/metrics_HetrecLastFM_ItemKNN_seed404.csv,metrics_HetrecLastFM_ItemKNN_seed404.csv,.csv,197,dc8b4fd82a7f792c1fb66c1bc8f72d2a40a8f62a0829bc04c688c318a9aa9b83,2026-07-18T20:12:38,True
study_runs,V100_P0_NANO_I05_R03,study_runs/V100_P0_NANO_I05_R03/checkpoint/8d9208e09373435ba578757c5b440ede_iteration2/generated/results/metrics_HetrecLastFM_ItemKNN_seed505.csv,metrics_HetrecLastFM_ItemKNN_seed505.csv,.csv,197,2d771d6d00ae8889f9b71d9ce03dd82bd30a60ed5daa95a6fdc173a538d06115,2026-07-18T20:12:44,True
study_runs,V100_P0_NANO_I05_R03,study_runs/V100_P0_NANO_I05_R03/checkpoint/8d9208e09373435ba578757c5b440ede_iteration2/generated/results/metrics_HetrecLastFM_Pop_seed101.csv,metrics_HetrecLastFM_Pop_seed101.csv,.csv,193,9362a7f26592e6af295fedb169c961c50f96f07f21d74231f548d8dc16a88194,2026-07-18T20:12:50,True
study_runs,V100_P0_NANO_I05_R03,study_runs/V100_P0_NANO_I05_R03/checkpoint/8d9208e09373435ba578757c5b440ede_iteration2/generated/results/metrics_HetrecLastFM_Pop_seed202.csv,metrics_HetrecLastFM_Pop_seed202.csv,.csv,193,d8f3c4d5e16caa548bfdad5214a621d11050cb252e75a64747c655f98f020be8,2026-07-18T20:12:56,True
study_runs,V100_P0_NANO_I05_R03,study_runs/V100_P0_NANO_I05_R03/checkpoint/8d9208e09373435ba578757c5b440ede_iteration2/generated/results/metrics_HetrecLastFM_Pop_seed303.csv,metrics_HetrecLastFM_Pop_seed303.csv,.csv,193,4d189758db8d6d9d6e50d0b1952c5b6b4a9ac38c8c599606550d2a340918bd29,2026-07-18T20:13:03,True
study_runs,V100_P0_NANO_I05_R03,study_runs/V100_P0_NANO_I05_R03/checkpoint/8d9208e09373435ba578757c5b440ede_iteration2/generated/results/metrics_HetrecLastFM_Pop_seed404.csv,metrics_HetrecLastFM_Pop_seed404.csv,.csv,193,9abc7f1dbaf8c462a12160f6c4a3c34004cd3e388ba995a39a29a4a965625d96,2026-07-18T20:13:09,True
study_runs,V100_P0_NANO_I05_R03,study_runs/V100_P0_NANO_I05_R03/checkpoint/8d9208e09373435ba578757c5b440ede_iteration2/generated/results/metrics_HetrecLastFM_Pop_seed505.csv,metrics_HetrecLastFM_Pop_seed505.csv,.csv,193,edc7b5fde1bb7b1d4a7bf7247dcda0a97a2a27b86681b74f7414523672124d31,2026-07-18T20:13:15,True
study_runs,V100_P0_NANO_I05_R03,study_runs/V100_P0_NANO_I05_R03/checkpoint/8d9208e09373435ba578757c5b440ede_iteration2/generated/results/metrics_MovieLens100K_ALS_seed101.csv,metrics_MovieLens100K_ALS_seed101.csv,.csv,193,c1f7cb75cc30f4f9213c6dc53bd9283aec595e7a97b71135571512057d9adcd0,2026-07-18T20:05:33,True
study_runs,V100_P0_NANO_I05_R03,study_runs/V100_P0_NANO_I05_R03/checkpoint/8d9208e09373435ba578757c5b440ede_iteration2/generated/results/metrics_MovieLens100K_ALS_seed202.csv,metrics_MovieLens100K_ALS_seed202.csv,.csv,193,6c5bf86fd8d97bd8bffbc6a0adfa6843c2135b958d6b0ad17317f18499977d3e,2026-07-18T20:05:34,True
study_runs,V100_P0_NANO_I05_R03,study_runs/V100_P0_NANO_I05_R03/checkpoint/8d9208e09373435ba578757c5b440ede_iteration2/generated/results/metrics_MovieLens100K_ALS_seed303.csv,metrics_MovieLens100K_ALS_seed303.csv,.csv,193,ebe5a88bfb8fba0074b3559098edd61a41902993479f24ef6a8ac1547d3d3b76,2026-07-18T20:05:35,True
study_runs,V100_P0_NANO_I05_R03,study_runs/V100_P0_NANO_I05_R03/checkpoint/8d9208e09373435ba578757c5b440ede_iteration2/generated/results/metrics_MovieLens100K_ALS_seed404.csv,metrics_MovieLens100K_ALS_seed404.csv,.csv,193,adc5758b15b537221233785f7b8611f0a95c7e80af3571536fa405c0bbd4cfec,2026-07-18T20:05:36,True
study_runs,V100_P0_NANO_I05_R03,study_runs/V100_P0_NANO_I05_R03/checkpoint/8d9208e09373435ba578757c5b440ede_iteration2/generated/results/metrics_MovieLens100K_ALS_seed505.csv,metrics_MovieLens100K_ALS_seed505.csv,.csv,193,6b0f0ec050eabdc97edc90663149cf3e8c82ccd71c3647c99ba8ca519ea819c2,2026-07-18T20:05:37,True
study_runs,V100_P0_NANO_I05_R03,study_runs/V100_P0_NANO_I05_R03/checkpoint/8d9208e09373435ba578757c5b440ede_iteration2/generated/results/metrics_MovieLens100K_ItemKNN_seed101.csv,metrics_MovieLens100K_ItemKNN_seed101.csv,.csv,197,b3d22c51b966d94492cb70ba6f2c1f061ab568557be95baeba125c1b0073b45b,2026-07-18T20:05:38,True
study_runs,V100_P0_NANO_I05_R03,study_runs/V100_P0_NANO_I05_R03/checkpoint/8d9208e09373435ba578757c5b440ede_iteration2/generated/results/metrics_MovieLens100K_ItemKNN_seed202.csv,metrics_MovieLens100K_ItemKNN_seed202.csv,.csv,197,67a99b485711380e8e6459f978eb3a3682fbc6ff9db0b4fe1bf8411835de5848,2026-07-18T20:05:39,True
study_runs,V100_P0_NANO_I05_R03,study_runs/V100_P0_NANO_I05_R03/checkpoint/8d9208e09373435ba578757c5b440ede_iteration2/generated/results/metrics_MovieLens100K_ItemKNN_seed303.csv,metrics_MovieLens100K_ItemKNN_seed303.csv,.csv,197,655d6297c2af1d5c3e6a6c3d1699763f49bfe99e4a40744745eff6e22262baf0,2026-07-18T20:05:40,True
study_runs,V100_P0_NANO_I05_R03,study_runs/V100_P0_NANO_I05_R03/checkpoint/8d9208e09373435ba578757c5b440ede_iteration2/generated/results/metrics_MovieLens100K_ItemKNN_seed404.csv,metrics_MovieLens100K_ItemKNN_seed404.csv,.csv,197,8ab3c12d4dcba383f951fd8b272f0847e508e494f4ddae4012f3f14c56590c5e,2026-07-18T20:05:41,True
study_runs,V100_P0_NANO_I05_R03,study_runs/V100_P0_NANO_I05_R03/checkpoint/8d9208e09373435ba578757c5b440ede_iteration2/generated/results/metrics_MovieLens100K_ItemKNN_seed505.csv,metrics_MovieLens100K_ItemKNN_seed505.csv,.csv,197,b2e5ddd90555f573da27d1c053cd0160560501e8fe652dadc50d93fe9942672f,2026-07-18T20:05:42,True
study_runs,V100_P0_NANO_I05_R03,study_runs/V100_P0_NANO_I05_R03/checkpoint/8d9208e09373435ba578757c5b440ede_iteration2/generated/results/metrics_MovieLens100K_Pop_seed101.csv,metrics_MovieLens100K_Pop_seed101.csv,.csv,193,df6c58466a045abff7771e75a6ee8811bb094fa8b34e7092b7c95e79e16d3cd3,2026-07-18T20:05:43,True
study_runs,V100_P0_NANO_I05_R03,study_runs/V100_P0_NANO_I05_R03/checkpoint/8d9208e09373435ba578757c5b440ede_iteration2/generated/results/metrics_MovieLens100K_Pop_seed202.csv,metrics_MovieLens100K_Pop_seed202.csv,.csv,193,772717e602fb10a128f55a8434ccef9b31df5d5067bec0faba14eac9eae97118,2026-07-18T20:05:44,True
study_runs,V100_P0_NANO_I05_R03,study_runs/V100_P0_NANO_I05_R03/checkpoint/8d9208e09373435ba578757c5b440ede_iteration2/generated/results/metrics_MovieLens100K_Pop_seed303.csv,metrics_MovieLens100K_Pop_seed303.csv,.csv,193,15e1326509c58c1f0af455f9ea7de05041cb4281121cd2b5dbbf0313ab7b6091,2026-07-18T20:05:45,True
study_runs,V100_P0_NANO_I05_R03,study_runs/V100_P0_NANO_I05_R03/checkpoint/8d9208e09373435ba578757c5b440ede_iteration2/generated/results/metrics_MovieLens100K_Pop_seed404.csv,metrics_MovieLens100K_Pop_seed404.csv,.csv,193,2e74fba9fe737b29bea0a5e849ba267dc589fadd74fa3f086a30699955f885ac,2026-07-18T20:05:46,True
study_runs,V100_P0_NANO_I05_R03,study_runs/V100_P0_NANO_I05_R03/checkpoint/8d9208e09373435ba578757c5b440ede_iteration2/generated/results/metrics_MovieLens100K_Pop_seed505.csv,metrics_MovieLens100K_Pop_seed505.csv,.csv,193,87dc89083faeb28f3681129c1938bb1d6dd019374c47c9e2dae34b55099408e2,2026-07-18T20:05:47,True
study_runs,V100_P0_NANO_I05_R03,study_runs/V100_P0_NANO_I05_R03/checkpoint/8d9208e09373435ba578757c5b440ede_iteration2/out.log,out.log,.log,465,aa96af7c3a6edcf2a3860ecfd770dbcdb646965a9302524793e2341daf4b866c,2026-07-18T20:13:15,True
study_runs,V100_P0_NANO_I05_R03,study_runs/V100_P0_NANO_I05_R03/checkpoint/8d9208e09373435ba578757c5b440ede_seed/code.py,code.py,.py,4913,90d55c5600348797412486c5d0d2a14601b668424fdb289ba6319c77a0b60cfe,2026-07-18T20:01:48,True
study_runs,V100_P0_NANO_I05_R03,study_runs/V100_P0_NANO_I05_R03/checkpoint/8d9208e09373435ba578757c5b440ede_seed/exec_result.pkl,exec_result.pkl,.pkl,328,a9e8c9b5f89ea29bb4a157ced599f971a4bffcb9da5b71fd35c3a348bbcd0a25,2026-07-18T19:48:40,True
study_runs,V100_P0_NANO_I05_R03,study_runs/V100_P0_NANO_I05_R03/checkpoint/8d9208e09373435ba578757c5b440ede_seed/out.log,out.log,.log,205,00a5cf0787044bbf338472e9e29fad23af37308353a7aedf817b1746f695f9df,2026-07-18T19:48:40,True
study_runs,V100_P0_NANO_I05_R03,study_runs/V100_P0_NANO_I05_R03/checkpoint/a6f72ebb959b4052aaaea5e72863ba3a/code.py,code.py,.py,3815,0d6cd6957e69d124806d994ba3783fd2c5f270234eea719adf9ffe3c81c6f131,2026-07-18T19:33:37,True
study_runs,V100_P0_NANO_I05_R03,study_runs/V100_P0_NANO_I05_R03/checkpoint/a6f72ebb959b4052aaaea5e72863ba3a/exec_result.pkl,exec_result.pkl,.pkl,3383,bf9f5794f613ce5703b3bb6e36628e071571d208d97ab98e45f237242a96ed5a,2026-07-18T19:23:43,True
study_runs,V100_P0_NANO_I05_R03,study_runs/V100_P0_NANO_I05_R03/checkpoint/a6f72ebb959b4052aaaea5e72863ba3a/out.log,out.log,.log,3184,13b8a524f9e11d63bd8ab5463245ee6bc4ecfc1020a1204ef51da7765cb649a0,2026-07-18T19:23:43,True
study_runs,V100_P0_NANO_I05_R03,study_runs/V100_P0_NANO_I05_R03/checkpoint/a97a1f97436f49a0a5af44b32a2bcff3/code.py,code.py,.py,4590,851ecacbea5d2eab8ad91dadbab7b75f1e5aafe5fe0f19ea92353bef7c2d21fa,2026-07-18T19:43:00,True
study_runs,V100_P0_NANO_I05_R03,study_runs/V100_P0_NANO_I05_R03/checkpoint/a97a1f97436f49a0a5af44b32a2bcff3/exec_result.pkl,exec_result.pkl,.pkl,1269,91e65c4129a8ceb9120bad6de7f255f7a1a1db26740df7b0d7e06ab1351d3fe4,2026-07-18T19:35:15,True
study_runs,V100_P0_NANO_I05_R03,study_runs/V100_P0_NANO_I05_R03/checkpoint/a97a1f97436f49a0a5af44b32a2bcff3/out.log,out.log,.log,1120,421ccbd26bcef4fa47113e7e64666a87742cfb148d5138f5f6591e2acab68e04,2026-07-18T19:35:15,True
study_runs,V100_P0_NANO_I05_R03,study_runs/V100_P0_NANO_I05_R03/checkpoint/c2fc1e3012ca49f3b92a8e1a68f1633c/code.py,code.py,.py,5055,03ae9c7b6d9e4341a22cc5b501328a2976bd25a95deb3cf35c32fb4b4ed4a136,2026-07-18T19:22:26,True
study_runs,V100_P0_NANO_I05_R03,study_runs/V100_P0_NANO_I05_R03/checkpoint/c2fc1e3012ca49f3b92a8e1a68f1633c/exec_result.pkl,exec_result.pkl,.pkl,1495,1bd7cfb0c57a9c66cc6421983d263af605619e9ceae1f4a0cc3ebda7224944a1,2026-07-18T19:12:31,True
study_runs,V100_P0_NANO_I05_R03,study_runs/V100_P0_NANO_I05_R03/checkpoint/c2fc1e3012ca49f3b92a8e1a68f1633c/out.log,out.log,.log,1340,cb9ac6c3ed48e802e159dcd58058f16f6af99ef8be2afade1be33452a75dbdba,2026-07-18T19:12:31,True
study_runs,V100_P0_NANO_I05_R03,study_runs/V100_P0_NANO_I05_R03/checkpoint/f296a4292c7e41d99f0f316c7fbc1938/code.py,code.py,.py,4047,e4a009a4096c3ba4f40c9bff9d1fa7b60c67e9e6353694d1d4dced927baf081d,2026-07-18T19:26:53,True
study_runs,V100_P0_NANO_I05_R03,study_runs/V100_P0_NANO_I05_R03/checkpoint/f296a4292c7e41d99f0f316c7fbc1938/exec_result.pkl,exec_result.pkl,.pkl,3359,fb77c289f98f85642460f5f66d2d73c907761bd67e4e47bd91c3531d7bd349d2,2026-07-18T19:19:01,True
study_runs,V100_P0_NANO_I05_R03,study_runs/V100_P0_NANO_I05_R03/checkpoint/f296a4292c7e41d99f0f316c7fbc1938/out.log,out.log,.log,3160,49014a65bbbeffd48c289c57ce6ffb510c46bfd60e7f85f828f2214373dac65f,2026-07-18T19:19:01,True
study_runs,V100_P0_NANO_I05_R03,study_runs/V100_P0_NANO_I05_R03/code_requirements_final.json,code_requirements_final.json,.json,2851,bdfc9a181feb922a5d1d650fb30713ed9b84350c799724d4ded0ce8a5972c40b,2026-07-18T19:48:38,True
study_runs,V100_P0_NANO_I05_R03,study_runs/V100_P0_NANO_I05_R03/code_requirements_prototype.json,code_requirements_prototype.json,.json,969,3cca5291e945b14b2dfed9cfe03176f9b49fe4424a93ce3dc659c823ddcf1fc8,2026-07-18T19:09:04,True
study_runs,V100_P0_NANO_I05_R03,study_runs/V100_P0_NANO_I05_R03/config.source.toml,config.source.toml,.toml,386,43ad328d9e971575946598bc6c906a320d878b57103e5825b7bc1b351074558f,2026-07-18T19:08:18,True
study_runs,V100_P0_NANO_I05_R03,study_runs/V100_P0_NANO_I05_R03/config.toml,config.toml,.toml,414,e9e88c445288497681d9e03470c173c77ccf3864de5775cf34f295cf4bf08486,2026-07-18T19:08:18,True
study_runs,V100_P0_NANO_I05_R03,study_runs/V100_P0_NANO_I05_R03/costs_log.csv,costs_log.csv,.csv,16381,58025ebc1ebd67f707299c7d3f4a3f37d9ed77a48c54f1d4e08edc577cfd1d30,2026-07-18T20:18:15,True
study_runs,V100_P0_NANO_I05_R03,study_runs/V100_P0_NANO_I05_R03/debug.log,debug.log,.log,351558,30317d881a8469a5b9de7128712eb132faa9a406b05c6c5c99ed3681f0312069,2026-07-18T20:18:19,True
study_runs,V100_P0_NANO_I05_R03,study_runs/V100_P0_NANO_I05_R03/entered_prompt.txt,entered_prompt.txt,.txt,946,dc790c0f84813ae9f582a14783c06db3ee59faaa98d800c6bf831f5ad0d041ab,2026-07-18T19:08:18,True
study_runs,V100_P0_NANO_I05_R03,study_runs/V100_P0_NANO_I05_R03/save.pkl,save.pkl,.pkl,161370,1f92c755181e2eddb0e4b216c2df0c6da20aa1e7f364852950cebdfed832318a,2026-07-18T19:47:41,True
study_runs,V100_P0_NANO_I05_R03,study_runs/V100_P0_NANO_I05_R03/statistics/0_c2fc1e3012ca49f3b92a8e1a68f1633c.txt,0_c2fc1e3012ca49f3b92a8e1a68f1633c.txt,.txt,503,a3e561313465b59aae91c17000e819507ed021fcdd8ff35d54719e3c3d8d7e5a,2026-07-18T19:15:40,True
study_runs,V100_P0_NANO_I05_R03,study_runs/V100_P0_NANO_I05_R03/statistics/1_f296a4292c7e41d99f0f316c7fbc1938.txt,1_f296a4292c7e41d99f0f316c7fbc1938.txt,.txt,456,fda0414c8351ce9879ae6e45efe5bed640c29d227ccb47cf54f2ed883f9ff074,2026-07-18T19:22:26,True
study_runs,V100_P0_NANO_I05_R03,study_runs/V100_P0_NANO_I05_R03/statistics/2_a6f72ebb959b4052aaaea5e72863ba3a.txt,2_a6f72ebb959b4052aaaea5e72863ba3a.txt,.txt,466,871ddb995db11d875b0b2d4c292dccbeb76e8bf0b2c19c00e85a17dd68e1ee30,2026-07-18T19:26:53,True
study_runs,V100_P0_NANO_I05_R03,study_runs/V100_P0_NANO_I05_R03/statistics/3_486290c3b99d4bf2b034fa3fe742687a.txt,3_486290c3b99d4bf2b034fa3fe742687a.txt,.txt,408,4d86a615405fe7a77589cd0bed163ebc1b8471d35fcbe0d57fe72a8c3e386841,2026-07-18T19:33:37,True
study_runs,V100_P0_NANO_I05_R03,study_runs/V100_P0_NANO_I05_R03/statistics/4_a97a1f97436f49a0a5af44b32a2bcff3.txt,4_a97a1f97436f49a0a5af44b32a2bcff3.txt,.txt,518,b87c452324180fc62456855ce102c922e32068de8ceaef8d743a5079fa7857ef,2026-07-18T19:37:55,True
study_runs,V100_P0_NANO_I05_R03,study_runs/V100_P0_NANO_I05_R03/statistics/5_8d9208e09373435ba578757c5b440ede.txt,5_8d9208e09373435ba578757c5b440ede.txt,.txt,516,39eddcf0ce4bf16080fc40b936cd5f1abcd53705f3e6564325e2ea208fbc93f4,2026-07-18T19:43:00,True
study_runs,V100_P0_NANO_I05_R03,study_runs/V100_P0_NANO_I05_R03/statistics/6_4e0b53f4ed7545aa9e894ae21133ab32.txt,6_4e0b53f4ed7545aa9e894ae21133ab32.txt,.txt,489,a4d79cb2e16f98dc2f2ae6dd7071a8b7d485b7417b8a0a49c8603a6ca026afc5,2026-07-18T19:47:34,True
study_runs,V100_P0_NANO_I05_R03,study_runs/V100_P0_NANO_I05_R03/statistics/7_8d9208e09373435ba578757c5b440ede_seed.txt,7_8d9208e09373435ba578757c5b440ede_seed.txt,.txt,508,be7ecacfa119114a9871f80e1e9025cb54f5bb223d1701c7d718b15ff0702349,2026-07-18T19:53:36,True
study_runs,V100_P0_NANO_I05_R03,study_runs/V100_P0_NANO_I05_R03/statistics/8_8d9208e09373435ba578757c5b440ede_iteration1.txt,8_8d9208e09373435ba578757c5b440ede_iteration1.txt,.txt,421,01c851c6c467f360294e0bbe4a3755a17ab0b81ee57a8d351b0c7f4627fd9f9a,2026-07-18T20:01:48,True
study_runs,V100_P0_NANO_I05_R03,study_runs/V100_P0_NANO_I05_R03/statistics/9_8d9208e09373435ba578757c5b440ede_iteration2.txt,9_8d9208e09373435ba578757c5b440ede_iteration2.txt,.txt,561,afcce1bea502acf8902afcdd708dd690048779d9a1cf315bad40dda6c21e9056,2026-07-18T20:17:44,True
study_runs,V100_P0_NANO_I05_R03,study_runs/V100_P0_NANO_I05_R03/statistics/arguments_per_function.png,arguments_per_function.png,.png,65795,44d60ff9c80cb7c3e80df5a60b8bf18c9ebade6b8e35572545de5a70819cf926,2026-07-18T20:18:18,True
study_runs,V100_P0_NANO_I05_R03,study_runs/V100_P0_NANO_I05_R03/statistics/classes.png,classes.png,.png,41226,89a7b8ec2edddfe0dac4ade314303222381f485a803e39a02f875ff7c4ff9f93,2026-07-18T20:18:17,True
study_runs,V100_P0_NANO_I05_R03,study_runs/V100_P0_NANO_I05_R03/statistics/comment_lines.png,comment_lines.png,.png,62649,de0158dcae04fd30349f61e5c8ea205c46f86b6a8681761be130176b67c1a765,2026-07-18T20:18:16,True
study_runs,V100_P0_NANO_I05_R03,study_runs/V100_P0_NANO_I05_R03/statistics/conditions.png,conditions.png,.png,60955,af19260bacf74132ed44ff5131299ca0df3c40d4f4591b58e2e9a037097a415e,2026-07-18T20:18:19,True
study_runs,V100_P0_NANO_I05_R03,study_runs/V100_P0_NANO_I05_R03/statistics/deletions.png,deletions.png,.png,81375,d3b8db969c7a93d51135a230bd7992da6f960fbea90648ee1b26e578d964fa50,2026-07-18T20:18:19,True
study_runs,V100_P0_NANO_I05_R03,study_runs/V100_P0_NANO_I05_R03/statistics/empty_lines.png,empty_lines.png,.png,66456,911bba78941a198ae4f2b4da67e786f25e8b4f2bd0a89f46a7e5adea5f111523,2026-07-18T20:18:16,True
study_runs,V100_P0_NANO_I05_R03,study_runs/V100_P0_NANO_I05_R03/statistics/execution_time.png,execution_time.png,.png,53973,b2bc80f9f4ffcaa7f2dc52c29e2ae87e088b08545159ee6f6c6d64545105931f,2026-07-18T20:18:16,True
study_runs,V100_P0_NANO_I05_R03,study_runs/V100_P0_NANO_I05_R03/statistics/functions.png,functions.png,.png,58923,8be39e7cbffb2d57a92fa04ae4b2cf54f0cac4114fb9a719cc8c1389acbe9d13,2026-07-18T20:18:17,True
study_runs,V100_P0_NANO_I05_R03,study_runs/V100_P0_NANO_I05_R03/statistics/insertions.png,insertions.png,.png,67152,5dbeb5bac469b12f315eda7088cc6bd1122c114962f0e4d0e14da1ef84237d8e,2026-07-18T20:18:19,True
study_runs,V100_P0_NANO_I05_R03,study_runs/V100_P0_NANO_I05_R03/statistics/libraries_imported.png,libraries_imported.png,.png,68984,27c50bef027fb9161d7c8ce099aafe863ce1d77dcb1eaa7562778880bafaebde,2026-07-18T20:18:17,True
study_runs,V100_P0_NANO_I05_R03,study_runs/V100_P0_NANO_I05_R03/statistics/lines_of_code.png,lines_of_code.png,.png,63920,14f97b048d04f6081bc8d6076882e61d97a34cc97ab6742c7b42a25bf31874e0,2026-07-18T20:18:16,True
study_runs,V100_P0_NANO_I05_R03,study_runs/V100_P0_NANO_I05_R03/statistics/loops.png,loops.png,.png,51340,08a4ba5c173747f9010685c15ce304a255978f14e0ba91714557d79e8f4f92d1,2026-07-18T20:18:18,True
study_runs,V100_P0_NANO_I05_R03,study_runs/V100_P0_NANO_I05_R03/statistics/summary_overall_nodes.txt,summary_overall_nodes.txt,.txt,489,6344f8858273e230d4d023c6ad4b6f908403fea3031507278d2b8cdce0ade0ef,2026-07-18T20:18:15,True
study_runs,V100_P0_NANO_I05_R03,study_runs/V100_P0_NANO_I05_R03/statistics/total_characters.png,total_characters.png,.png,67538,061045de51237a387cedd905c7e201ab25073bb98aab96808676984c2fcf6860,2026-07-18T20:18:17,True
study_runs,V100_P0_NANO_I05_R03,study_runs/V100_P0_NANO_I05_R03/statistics/variable_assignments.png,variable_assignments.png,.png,64076,0cec300a7391c6cd2b28b4c8f493f8e90b52a8b528c6ac553781a0925019229f,2026-07-18T20:18:18,True
study_runs,V100_P0_NANO_I05_R03,study_runs/V100_P0_NANO_I05_R03/summary.md,summary.md,.md,6331,48403d809f69a0f39ecf77e150be5dd8f868227db5c10c67c904a14c63fb57c4,2026-07-18T20:18:15,True
study_runs,V100_P0_NANO_I05_R03,study_runs/V100_P0_NANO_I05_R03/tree_render/pdf/combined_tree.pdf,combined_tree.pdf,.pdf,21867,7f9eb815fba568e1b8fd4f184af0c7009d71da7568a376135aad2e7a217a0345,2026-07-18T19:47:41,True
study_runs,V100_P0_NANO_I05_R03,study_runs/V100_P0_NANO_I05_R03/tree_render/pdf/tree_0.pdf,tree_0.pdf,.pdf,21365,31b33299c96bc1daf052ecf730ca15b41b886fa5f5244b7a418b4b752b627d4c,2026-07-18T19:47:36,True
study_runs,V100_P0_NANO_I05_R03,study_runs/V100_P0_NANO_I05_R03/tree_render/pdf/tree_1.pdf,tree_1.pdf,.pdf,20706,7264dcd0df7356a9e40adfcb565c1cfbf3e560ec3e8b1e950d002ca7fa18a4c9,2026-07-18T19:47:38,True
study_runs,V100_P0_NANO_I05_R03,study_runs/V100_P0_NANO_I05_R03/tree_render/png/combined_tree.png,combined_tree.png,.png,74829,0e63eace82fd2802c2e59c9dc1f0439a17a1e082a470d9896d7b02e1c386e5a6,2026-07-18T19:47:40,True
study_runs,V100_P0_NANO_I05_R03,study_runs/V100_P0_NANO_I05_R03/tree_render/png/tree_0.png,tree_0.png,.png,46158,bbd81baf1c643fb12e3f916443b8ca9fa62ea2314b45a19a5cb76e5a3de6b7d6,2026-07-18T19:47:35,True
study_runs,V100_P0_NANO_I05_R03,study_runs/V100_P0_NANO_I05_R03/tree_render/png/tree_1.png,tree_1.png,.png,34201,b107c1c9e26256d6b594a8d857f54ece05a6f9bc3ecb8207709c47f43022b746,2026-07-18T19:47:37,True
study_runs,V100_P0_NANO_I05_R03,study_runs/V100_P0_NANO_I05_R03/tree_render/svg/combined_tree.svg,combined_tree.svg,.svg,10640,8a077114ea7247da85967ac7a1a4f94ed9774f6d9335fc8e1829e84fd2be2e3f,2026-07-18T19:47:41,True
study_runs,V100_P0_NANO_I05_R03,study_runs/V100_P0_NANO_I05_R03/tree_render/svg/tree_0.svg,tree_0.svg,.svg,6360,d65a5f553a8cba999e8e66e1202f96e5acf384248fc3c0a04c09c4fbc9320afe,2026-07-18T19:47:37,True
study_runs,V100_P0_NANO_I05_R03,study_runs/V100_P0_NANO_I05_R03/tree_render/svg/tree_1.svg,tree_1.svg,.svg,4771,f0055a1e15dd3894d758d3df40b3156b37c5293f2e4b8173e66b209e31ed200b,2026-07-18T19:47:39,True
study_runs,V100_P0_NANO_I05_R03_FAILED_ENCODING,study_runs/V100_P0_NANO_I05_R03_FAILED_ENCODING/checkpoint/8eb64cee5522418d95327cda648d6d56/code.py,code.py,.py,2,7eb70257593da06f682a3ddda54a9d260d4fc514f645237f5ca74b08f8da61a6,2026-07-18T12:55:03,True
study_runs,V100_P0_NANO_I05_R03_FAILED_ENCODING,study_runs/V100_P0_NANO_I05_R03_FAILED_ENCODING/checkpoint/8eb64cee5522418d95327cda648d6d56/exec_result.pkl,exec_result.pkl,.pkl,169,ddb5adad85db1a746bbb2cc0017c92a3e0941a0c4e7f4ee3626d12e14fc17ce7,2026-07-18T12:52:27,True
study_runs,V100_P0_NANO_I05_R03_FAILED_ENCODING,study_runs/V100_P0_NANO_I05_R03_FAILED_ENCODING/checkpoint/8eb64cee5522418d95327cda648d6d56/out.log,out.log,.log,49,b999c05453cbce1dd7fa3d0ee70d14f3b54a511d7b134eda76c99d23181d0525,2026-07-18T12:52:27,True
study_runs,V100_P0_NANO_I05_R03_FAILED_ENCODING,study_runs/V100_P0_NANO_I05_R03_FAILED_ENCODING/checkpoint/f46abc3a273745359a4118d8875a3ca0/code.py,code.py,.py,4116,689bfac852124b4091e24a71ab47be96eafe91e132c438e5a583db679c21dffd,2026-07-18T12:55:03,True
study_runs,V100_P0_NANO_I05_R03_FAILED_ENCODING,study_runs/V100_P0_NANO_I05_R03_FAILED_ENCODING/checkpoint/f46abc3a273745359a4118d8875a3ca0/exec_result.pkl,exec_result.pkl,.pkl,3340,0124692ec7c326c96f63b44b56392d56b8ba2288eea92fb695acbd62ea74bf3e,2026-07-18T12:48:40,True
study_runs,V100_P0_NANO_I05_R03_FAILED_ENCODING,study_runs/V100_P0_NANO_I05_R03_FAILED_ENCODING/checkpoint/f46abc3a273745359a4118d8875a3ca0/generated/ndcg_seed_plot.png,ndcg_seed_plot.png,.png,15732,8254e6e17b229a89d9a5d6e4e9d88e675e94ef15efb808534190b207ab2640b5,2026-07-18T12:48:40,True
study_runs,V100_P0_NANO_I05_R03_FAILED_ENCODING,study_runs/V100_P0_NANO_I05_R03_FAILED_ENCODING/checkpoint/f46abc3a273745359a4118d8875a3ca0/out.log,out.log,.log,3137,1a3bff941e64c3aeaaf2866bbb425746dd80586098645d250c3ada1a1570bdce,2026-07-18T12:48:40,True
study_runs,V100_P0_NANO_I05_R03_FAILED_ENCODING,study_runs/V100_P0_NANO_I05_R03_FAILED_ENCODING/checkpoint/f5a9b25ca5d54182b12872d8bc09948c/code.py,code.py,.py,2,7eb70257593da06f682a3ddda54a9d260d4fc514f645237f5ca74b08f8da61a6,2026-07-18T12:50:45,True
study_runs,V100_P0_NANO_I05_R03_FAILED_ENCODING,study_runs/V100_P0_NANO_I05_R03_FAILED_ENCODING/checkpoint/f5a9b25ca5d54182b12872d8bc09948c/exec_result.pkl,exec_result.pkl,.pkl,169,92a2612daf1d84361f28fcba7cb7d0d6528e00c225754d53ee9d1bccf990f23b,2026-07-18T12:41:28,True
study_runs,V100_P0_NANO_I05_R03_FAILED_ENCODING,study_runs/V100_P0_NANO_I05_R03_FAILED_ENCODING/checkpoint/f5a9b25ca5d54182b12872d8bc09948c/out.log,out.log,.log,49,b999c05453cbce1dd7fa3d0ee70d14f3b54a511d7b134eda76c99d23181d0525,2026-07-18T12:41:28,True
study_runs,V100_P0_NANO_I05_R03_FAILED_ENCODING,study_runs/V100_P0_NANO_I05_R03_FAILED_ENCODING/code_requirements_prototype.json,code_requirements_prototype.json,.json,740,5bf870ebda03cb9cc1e75ea9bc3218cfd3d87239a8d4c894636462a2b48c9043,2026-07-18T12:38:11,True
study_runs,V100_P0_NANO_I05_R03_FAILED_ENCODING,study_runs/V100_P0_NANO_I05_R03_FAILED_ENCODING/config.source.toml,config.source.toml,.toml,386,43ad328d9e971575946598bc6c906a320d878b57103e5825b7bc1b351074558f,2026-07-18T12:37:03,True
study_runs,V100_P0_NANO_I05_R03_FAILED_ENCODING,study_runs/V100_P0_NANO_I05_R03_FAILED_ENCODING/config.toml,config.toml,.toml,414,e9e88c445288497681d9e03470c173c77ccf3864de5775cf34f295cf4bf08486,2026-07-18T12:37:03,True
study_runs,V100_P0_NANO_I05_R03_FAILED_ENCODING,study_runs/V100_P0_NANO_I05_R03_FAILED_ENCODING/costs_log.csv,costs_log.csv,.csv,4138,4a4470dcd8cdf25a1a0e7ca20b39d081d1cc29ed77be1984527df385a67cdb1d,2026-07-18T12:56:24,True
study_runs,V100_P0_NANO_I05_R03_FAILED_ENCODING,study_runs/V100_P0_NANO_I05_R03_FAILED_ENCODING/debug.log,debug.log,.log,99373,d384645f090cbc8c93d65ba419f8da6cc4740a1bdd123b57c351caa531e23a3e,2026-07-18T12:56:24,True
study_runs,V100_P0_NANO_I05_R03_FAILED_ENCODING,study_runs/V100_P0_NANO_I05_R03_FAILED_ENCODING/entered_prompt.txt,entered_prompt.txt,.txt,946,dc790c0f84813ae9f582a14783c06db3ee59faaa98d800c6bf831f5ad0d041ab,2026-07-18T12:37:03,True
study_runs,V100_P0_NANO_I05_R03_FAILED_ENCODING,study_runs/V100_P0_NANO_I05_R03_FAILED_ENCODING/statistics/0_f5a9b25ca5d54182b12872d8bc09948c.txt,0_f5a9b25ca5d54182b12872d8bc09948c.txt,.txt,407,587bad0f4aa27a087b8ab5806431a5ae584bc9026465db2ab7467d9be9c39fdc,2026-07-18T12:44:44,True
study_runs,V100_P0_NANO_I05_R03_FAILED_ENCODING,study_runs/V100_P0_NANO_I05_R03_FAILED_ENCODING/statistics/1_f46abc3a273745359a4118d8875a3ca0.txt,1_f46abc3a273745359a4118d8875a3ca0.txt,.txt,478,4deceea4c8c0e373105b37cae9dd9b902c4629f25f3a1ee6b45d7a41b6fa24d2,2026-07-18T12:50:45,True
study_runs,V100_P0_NANO_I05_R03_FAILED_ENCODING,study_runs/V100_P0_NANO_I05_R03_FAILED_ENCODING/statistics/2_8eb64cee5522418d95327cda648d6d56.txt,2_8eb64cee5522418d95327cda648d6d56.txt,.txt,409,65a57e5d881b294fe6488730e264813fa1b1f2a2112fae85cb6b745a788b5979,2026-07-18T12:55:03,True
study_runs,V100_P0_NANO_I05_R03_FAILED_ENCODING,study_runs/V100_P0_NANO_I05_R03_FAILED_ENCODING/workspace/runfile.py,runfile.py,.py,0,e3b0c44298fc1c149afbf4c8996fb92427ae41e4649b934ca495991b7852b855,2026-07-18T12:56:24,True
study_runs,V100_P0_NANO_I05_R04,study_runs/V100_P0_NANO_I05_R04/checkpoint/3b4ae39deb8149c993ec76ca773da586/code.py,code.py,.py,232,7bbaa90effdd030cc714faa75637ac81d047d328cac4b9709b3632a76fa7f1ec,2026-07-18T14:28:08,True
study_runs,V100_P0_NANO_I05_R04,study_runs/V100_P0_NANO_I05_R04/checkpoint/3b4ae39deb8149c993ec76ca773da586/exec_result.pkl,exec_result.pkl,.pkl,178,581b0ab516a0d09dcb7d7a5a35256fd2f48af147658a5b360c8e88c788797981,2026-07-18T14:20:05,True
study_runs,V100_P0_NANO_I05_R04,study_runs/V100_P0_NANO_I05_R04/checkpoint/3b4ae39deb8149c993ec76ca773da586/out.log,out.log,.log,58,b1194fdf04d8623622191c336ca68b541150f1f0b514e79c29309feead5d5e79,2026-07-18T14:20:05,True
study_runs,V100_P0_NANO_I05_R04,study_runs/V100_P0_NANO_I05_R04/checkpoint/3b4ae39deb8149c993ec76ca773da586_iteration1/code.py,code.py,.py,6857,b6bf0930f6da28589099a62ddbc27dcb586c425e9b92badc2fc30878089abc33,2026-07-18T15:09:03,True
study_runs,V100_P0_NANO_I05_R04,study_runs/V100_P0_NANO_I05_R04/checkpoint/3b4ae39deb8149c993ec76ca773da586_iteration1/exec_result.pkl,exec_result.pkl,.pkl,3445,9622c27453a5245d40953176397ac79283d219fc26bcbe5288886cb1177f9027,2026-07-18T14:59:00,True
study_runs,V100_P0_NANO_I05_R04,study_runs/V100_P0_NANO_I05_R04/checkpoint/3b4ae39deb8149c993ec76ca773da586_iteration1/generated/results/summary.csv,summary.csv,.csv,711,a95cde62b9a1070a028f400750d7e02cfd3197b100357184ca24883c16fd69c3,2026-07-18T14:59:00,True
study_runs,V100_P0_NANO_I05_R04,study_runs/V100_P0_NANO_I05_R04/checkpoint/3b4ae39deb8149c993ec76ca773da586_iteration1/out.log,out.log,.log,3276,8fef464dd44f173b2c8f3742820eabf78d1f4320eb1815331346fc997b900290,2026-07-18T14:59:00,True
study_runs,V100_P0_NANO_I05_R04,study_runs/V100_P0_NANO_I05_R04/checkpoint/3b4ae39deb8149c993ec76ca773da586_iteration2/code.py,code.py,.py,2,7eb70257593da06f682a3ddda54a9d260d4fc514f645237f5ca74b08f8da61a6,2026-07-18T15:09:03,True
study_runs,V100_P0_NANO_I05_R04,study_runs/V100_P0_NANO_I05_R04/checkpoint/3b4ae39deb8149c993ec76ca773da586_iteration2/exec_result.pkl,exec_result.pkl,.pkl,169,4b6c078bcd0648b3644d4e4672751ad8ec04c3c45face223281468844c3e8521,2026-07-18T15:04:19,True
study_runs,V100_P0_NANO_I05_R04,study_runs/V100_P0_NANO_I05_R04/checkpoint/3b4ae39deb8149c993ec76ca773da586_iteration2/out.log,out.log,.log,49,b999c05453cbce1dd7fa3d0ee70d14f3b54a511d7b134eda76c99d23181d0525,2026-07-18T15:04:19,True
study_runs,V100_P0_NANO_I05_R04,study_runs/V100_P0_NANO_I05_R04/checkpoint/3b4ae39deb8149c993ec76ca773da586_seed/code.py,code.py,.py,232,7bbaa90effdd030cc714faa75637ac81d047d328cac4b9709b3632a76fa7f1ec,2026-07-18T15:03:12,True
study_runs,V100_P0_NANO_I05_R04,study_runs/V100_P0_NANO_I05_R04/checkpoint/3b4ae39deb8149c993ec76ca773da586_seed/exec_result.pkl,exec_result.pkl,.pkl,178,609e028d2966b335e1a75a391b2513ad96de006ab142352cabf651e20f3c3863,2026-07-18T14:53:27,True
study_runs,V100_P0_NANO_I05_R04,study_runs/V100_P0_NANO_I05_R04/checkpoint/3b4ae39deb8149c993ec76ca773da586_seed/out.log,out.log,.log,58,b1194fdf04d8623622191c336ca68b541150f1f0b514e79c29309feead5d5e79,2026-07-18T14:53:27,True
study_runs,V100_P0_NANO_I05_R04,study_runs/V100_P0_NANO_I05_R04/checkpoint/3ecc62b455c7443d92d0437c91edc6ee/code.py,code.py,.py,4962,c22b2a31026d0a768721629243eff67bffbcd933b603f31aedc2bd3d74513148,2026-07-18T14:55:53,True
study_runs,V100_P0_NANO_I05_R04,study_runs/V100_P0_NANO_I05_R04/checkpoint/3ecc62b455c7443d92d0437c91edc6ee/exec_result.pkl,exec_result.pkl,.pkl,3477,be421ddde80ccc2b0f6d35b9431fb55c3caeac70acebef3a7c00f64eceb9f37d,2026-07-18T14:47:50,True
study_runs,V100_P0_NANO_I05_R04,study_runs/V100_P0_NANO_I05_R04/checkpoint/3ecc62b455c7443d92d0437c91edc6ee/out.log,out.log,.log,3274,38851fbc85b439a8b08e3d82483fb9e555016e76824f7416acf9d41efa9f9c2f,2026-07-18T14:47:50,True
study_runs,V100_P0_NANO_I05_R04,study_runs/V100_P0_NANO_I05_R04/checkpoint/8257a3aa26de45f0a984d1d96ef0e882/code.py,code.py,.py,485,61cf8d4dd402b91e90113e3209303359dc9556c20b9de2ac66993fd5f5e335cb,2026-07-18T14:52:38,True
study_runs,V100_P0_NANO_I05_R04,study_runs/V100_P0_NANO_I05_R04/checkpoint/8257a3aa26de45f0a984d1d96ef0e882/exec_result.pkl,exec_result.pkl,.pkl,169,2072022063dbcd8c476ebb8762d2230954092629808d5172daa5c2bd67d25317,2026-07-18T14:42:12,True
study_runs,V100_P0_NANO_I05_R04,study_runs/V100_P0_NANO_I05_R04/checkpoint/8257a3aa26de45f0a984d1d96ef0e882/out.log,out.log,.log,49,b999c05453cbce1dd7fa3d0ee70d14f3b54a511d7b134eda76c99d23181d0525,2026-07-18T14:42:12,True
study_runs,V100_P0_NANO_I05_R04,study_runs/V100_P0_NANO_I05_R04/checkpoint/9642759e08674a6b860c0e23aed29c86/code.py,code.py,.py,2,7eb70257593da06f682a3ddda54a9d260d4fc514f645237f5ca74b08f8da61a6,2026-07-18T14:33:46,True
study_runs,V100_P0_NANO_I05_R04,study_runs/V100_P0_NANO_I05_R04/checkpoint/9642759e08674a6b860c0e23aed29c86/exec_result.pkl,exec_result.pkl,.pkl,169,23364286a4275d81938694cba73f33e1b66e4abe6c17a233cdc0bfa9d65da777,2026-07-18T14:24:40,True
study_runs,V100_P0_NANO_I05_R04,study_runs/V100_P0_NANO_I05_R04/checkpoint/9642759e08674a6b860c0e23aed29c86/out.log,out.log,.log,49,b999c05453cbce1dd7fa3d0ee70d14f3b54a511d7b134eda76c99d23181d0525,2026-07-18T14:24:40,True
study_runs,V100_P0_NANO_I05_R04,study_runs/V100_P0_NANO_I05_R04/checkpoint/9c3a7837378b4a1f92dd80946bf44879/code.py,code.py,.py,4475,583155184b60cae546d13402f0541c940c9a7fd9a57a78b0f03a6a1d80a0c332,2026-07-18T14:41:02,True
study_runs,V100_P0_NANO_I05_R04,study_runs/V100_P0_NANO_I05_R04/checkpoint/9c3a7837378b4a1f92dd80946bf44879/exec_result.pkl,exec_result.pkl,.pkl,1726,3da4c28ac136ce7b09ed27db6e263584d9af53fdc6ec804b6468bf26f1d86bd7,2026-07-18T14:30:15,True
study_runs,V100_P0_NANO_I05_R04,study_runs/V100_P0_NANO_I05_R04/checkpoint/9c3a7837378b4a1f92dd80946bf44879/out.log,out.log,.log,1563,662d386cc8b87c3c4583ea85d34a708b95ed7fbcdd813064340ca78a22b8e51a,2026-07-18T14:30:15,True
study_runs,V100_P0_NANO_I05_R04,study_runs/V100_P0_NANO_I05_R04/checkpoint/ac16e7ee948c45acaf67b8fe85aeee61/code.py,code.py,.py,2972,074a0ca9c13d9c070bf5c9ed366b5a0e89eee9d019c4df55c2a66999498c3728,2026-07-18T14:22:15,True
study_runs,V100_P0_NANO_I05_R04,study_runs/V100_P0_NANO_I05_R04/checkpoint/ac16e7ee948c45acaf67b8fe85aeee61/exec_result.pkl,exec_result.pkl,.pkl,3135,9b6f9086300b3c78106c747b5d997ab35666757b5f365695bfb8165ad3d2cdaf,2026-07-18T14:14:45,True
study_runs,V100_P0_NANO_I05_R04,study_runs/V100_P0_NANO_I05_R04/checkpoint/ac16e7ee948c45acaf67b8fe85aeee61/out.log,out.log,.log,2940,374df1fe7f9cd9e146c4e42b36707062dc1bdd586b1b9af37928e9424bc6ed3c,2026-07-18T14:14:45,True
study_runs,V100_P0_NANO_I05_R04,study_runs/V100_P0_NANO_I05_R04/checkpoint/f107f507af2a444b80ef29f76ee8fa68/code.py,code.py,.py,7312,d527c5acd90f9633c6d00d171f2ec4aa84fadc24256e0ec3736c2f183c6e3eec,2026-07-18T14:44:58,True
study_runs,V100_P0_NANO_I05_R04,study_runs/V100_P0_NANO_I05_R04/checkpoint/f107f507af2a444b80ef29f76ee8fa68/exec_result.pkl,exec_result.pkl,.pkl,2909,ce18178e05d60bfd4628727a185fafea18a4bba8df1da64288823a14b2108fcd,2026-07-18T14:36:51,True
study_runs,V100_P0_NANO_I05_R04,study_runs/V100_P0_NANO_I05_R04/checkpoint/f107f507af2a444b80ef29f76ee8fa68/out.log,out.log,.log,2722,0c786dad59b332ae6ac20d1ac7dfec1871812f77dc802a163e35b76741994953,2026-07-18T14:36:51,True
study_runs,V100_P0_NANO_I05_R04,study_runs/V100_P0_NANO_I05_R04/code_requirements_final.json,code_requirements_final.json,.json,2848,707c104388c44e2845b08f17f802356aef8a842cf012cb55961eee16ba7ab835,2026-07-18T14:53:26,True
study_runs,V100_P0_NANO_I05_R04,study_runs/V100_P0_NANO_I05_R04/code_requirements_prototype.json,code_requirements_prototype.json,.json,1363,39094691c4cbcc10d2f052a753248037e6de0c142150481de49cd7d023c73625,2026-07-18T14:11:16,True
study_runs,V100_P0_NANO_I05_R04,study_runs/V100_P0_NANO_I05_R04/config.source.toml,config.source.toml,.toml,386,43ad328d9e971575946598bc6c906a320d878b57103e5825b7bc1b351074558f,2026-07-18T14:10:18,True
study_runs,V100_P0_NANO_I05_R04,study_runs/V100_P0_NANO_I05_R04/config.toml,config.toml,.toml,414,ec34533e505af52cc9ad538be57e38d5d36d4954a5bdb05dc8c7f9c0c99c5a4c,2026-07-18T14:10:18,True
study_runs,V100_P0_NANO_I05_R04,study_runs/V100_P0_NANO_I05_R04/costs_log.csv,costs_log.csv,.csv,14827,675ff119c3794dd7b95fa0f3f1d9f0ef9875d4915437a8ad95bf316ada1999d1,2026-07-18T15:09:39,True
study_runs,V100_P0_NANO_I05_R04,study_runs/V100_P0_NANO_I05_R04/debug.log,debug.log,.log,305579,093354f1bb29c41db4bc9d554cf2c5a16ca6e2baac2a513a42ebb29960bb2dd8,2026-07-18T15:09:42,True
study_runs,V100_P0_NANO_I05_R04,study_runs/V100_P0_NANO_I05_R04/entered_prompt.txt,entered_prompt.txt,.txt,946,dc790c0f84813ae9f582a14783c06db3ee59faaa98d800c6bf831f5ad0d041ab,2026-07-18T14:10:18,True
study_runs,V100_P0_NANO_I05_R04,study_runs/V100_P0_NANO_I05_R04/save.pkl,save.pkl,.pkl,188435,a89183833c5df4bb3042a3f0cf02a7dffde358f4914c27b63c2e8302d5441903,2026-07-18T14:52:45,True
study_runs,V100_P0_NANO_I05_R04,study_runs/V100_P0_NANO_I05_R04/statistics/0_ac16e7ee948c45acaf67b8fe85aeee61.txt,0_ac16e7ee948c45acaf67b8fe85aeee61.txt,.txt,482,bc94c398a230ebfb8c0f64cf8888bee94bee594c8b4099078d5ed0e88d1a0059,2026-07-18T14:18:09,True
study_runs,V100_P0_NANO_I05_R04,study_runs/V100_P0_NANO_I05_R04/statistics/1_3b4ae39deb8149c993ec76ca773da586.txt,1_3b4ae39deb8149c993ec76ca773da586.txt,.txt,419,6cece231873e487117f653f50db3f3c3df1363ddadafc2bc13810d27f239e82c,2026-07-18T14:22:15,True
study_runs,V100_P0_NANO_I05_R04,study_runs/V100_P0_NANO_I05_R04/statistics/2_9642759e08674a6b860c0e23aed29c86.txt,2_9642759e08674a6b860c0e23aed29c86.txt,.txt,407,3a9cdf38a85a7fdcbf74241efc8ffc7d1f877fa805689324aaede81419ff6b6f,2026-07-18T14:28:08,True
study_runs,V100_P0_NANO_I05_R04,study_runs/V100_P0_NANO_I05_R04/statistics/3_9c3a7837378b4a1f92dd80946bf44879.txt,3_9c3a7837378b4a1f92dd80946bf44879.txt,.txt,477,691c17c94110d918b2882540bfb93a1c9cf59eb586a53cd7631587aaba21aa4a,2026-07-18T14:33:46,True
study_runs,V100_P0_NANO_I05_R04,study_runs/V100_P0_NANO_I05_R04/statistics/4_f107f507af2a444b80ef29f76ee8fa68.txt,4_f107f507af2a444b80ef29f76ee8fa68.txt,.txt,472,1a0efc49f9258caca03b1d8573dc157fbdf031a42ee4c5dc306a0220ce709db7,2026-07-18T14:41:02,True
study_runs,V100_P0_NANO_I05_R04,study_runs/V100_P0_NANO_I05_R04/statistics/5_8257a3aa26de45f0a984d1d96ef0e882.txt,5_8257a3aa26de45f0a984d1d96ef0e882.txt,.txt,411,851ac101fb6340ac9f790df8217e9394481be378640443e8af69c42641739d6c,2026-07-18T14:44:58,True
study_runs,V100_P0_NANO_I05_R04,study_runs/V100_P0_NANO_I05_R04/statistics/6_3ecc62b455c7443d92d0437c91edc6ee.txt,6_3ecc62b455c7443d92d0437c91edc6ee.txt,.txt,485,a6c471f71dcef00b90f85ae7c425725251330673cfbf701a6cfb4735ea8f0981,2026-07-18T14:52:38,True
study_runs,V100_P0_NANO_I05_R04,study_runs/V100_P0_NANO_I05_R04/statistics/7_3b4ae39deb8149c993ec76ca773da586_seed.txt,7_3b4ae39deb8149c993ec76ca773da586_seed.txt,.txt,424,3400eb9e0e9779110dc9a16d8531554a0f9bd7e174fd1133080a7bbd9b3da9af,2026-07-18T14:55:53,True
study_runs,V100_P0_NANO_I05_R04,study_runs/V100_P0_NANO_I05_R04/statistics/8_3b4ae39deb8149c993ec76ca773da586_iteration1.txt,8_3b4ae39deb8149c993ec76ca773da586_iteration1.txt,.txt,508,60db8b1490ff7b70751b6b76aef3a0cbb2935e2c5239b25e6c05ca8271ff7e23,2026-07-18T15:03:12,True
study_runs,V100_P0_NANO_I05_R04,study_runs/V100_P0_NANO_I05_R04/statistics/9_3b4ae39deb8149c993ec76ca773da586_iteration2.txt,9_3b4ae39deb8149c993ec76ca773da586_iteration2.txt,.txt,420,f766d350281f47f465e0fd40b571ebce23645e4eac98ac41d9e2264f4b44aba7,2026-07-18T15:09:03,True
study_runs,V100_P0_NANO_I05_R04,study_runs/V100_P0_NANO_I05_R04/statistics/arguments_per_function.png,arguments_per_function.png,.png,82260,bb797c7e85b3d25bb6f843a238bd1db26fb60e7c9249422df5134847c2e4d394,2026-07-18T15:09:41,True
study_runs,V100_P0_NANO_I05_R04,study_runs/V100_P0_NANO_I05_R04/statistics/classes.png,classes.png,.png,67786,218fa8665dfef6b2196c7f5730d47a2c31b1b860e52b9835ae066bee903044bd,2026-07-18T15:09:41,True
study_runs,V100_P0_NANO_I05_R04,study_runs/V100_P0_NANO_I05_R04/statistics/comment_lines.png,comment_lines.png,.png,78169,227615d65ab79693247cd97ff9ac652aa376b310278012c23a5813b8c9735381,2026-07-18T15:09:40,True
study_runs,V100_P0_NANO_I05_R04,study_runs/V100_P0_NANO_I05_R04/statistics/conditions.png,conditions.png,.png,69388,ff7caa9ff0cb5606db99d41150e9b8d1c0f1a8002cf30a34dd0c7984add5d78a,2026-07-18T15:09:42,True
study_runs,V100_P0_NANO_I05_R04,study_runs/V100_P0_NANO_I05_R04/statistics/deletions.png,deletions.png,.png,81854,eaae2803a7c1639ed0b536ab221d983f054879c01fe795a08cbcb96b4130fd9b,2026-07-18T15:09:42,True
study_runs,V100_P0_NANO_I05_R04,study_runs/V100_P0_NANO_I05_R04/statistics/empty_lines.png,empty_lines.png,.png,78686,45fc4a81fa4dd5394dfa1887c7853dc5ba6b209708b63fcd64a65cec4b145089,2026-07-18T15:09:39,True
study_runs,V100_P0_NANO_I05_R04,study_runs/V100_P0_NANO_I05_R04/statistics/execution_time.png,execution_time.png,.png,80470,20c01ffa598d5184703fee0960dcc02228789d10e748f073e9a85eff03f5e187,2026-07-18T15:09:39,True
study_runs,V100_P0_NANO_I05_R04,study_runs/V100_P0_NANO_I05_R04/statistics/functions.png,functions.png,.png,71707,660dd41ab355bf8f4a51e00f6c7286cd6fd2c41d6a82d3cc1d66b5081793e978,2026-07-18T15:09:41,True
study_runs,V100_P0_NANO_I05_R04,study_runs/V100_P0_NANO_I05_R04/statistics/insertions.png,insertions.png,.png,82328,45854deebb1d355fcf78d32ce46c6499be19a4730e85a61061abf28a59fcfe10,2026-07-18T15:09:42,True
study_runs,V100_P0_NANO_I05_R04,study_runs/V100_P0_NANO_I05_R04/statistics/libraries_imported.png,libraries_imported.png,.png,79967,f85f589d147213ae0106e5b596374a57d215cb8a2d4269ac72cfc060f0b80e6a,2026-07-18T15:09:40,True
study_runs,V100_P0_NANO_I05_R04,study_runs/V100_P0_NANO_I05_R04/statistics/lines_of_code.png,lines_of_code.png,.png,84847,f38db5e4cb74b59caa5c52ce9aacb7831171b3f02cddb974f25d0def0f599f21,2026-07-18T15:09:39,True
study_runs,V100_P0_NANO_I05_R04,study_runs/V100_P0_NANO_I05_R04/statistics/loops.png,loops.png,.png,65670,bbd5be127e72ea48ca4fd6ba97792c383d2f7e3707892ef94b2332119e4d94ae,2026-07-18T15:09:42,True
study_runs,V100_P0_NANO_I05_R04,study_runs/V100_P0_NANO_I05_R04/statistics/summary_overall_nodes.txt,summary_overall_nodes.txt,.txt,487,28c873e562650cf48e86359016cd8c5311dafbf37a589e7a623b5438805d53c8,2026-07-18T15:09:39,True
study_runs,V100_P0_NANO_I05_R04,study_runs/V100_P0_NANO_I05_R04/statistics/total_characters.png,total_characters.png,.png,92557,e0bbc9ed1d8392e0e847a6d3c8836a094f173ff588f45d8d2d9a616dd056e835,2026-07-18T15:09:40,True
study_runs,V100_P0_NANO_I05_R04,study_runs/V100_P0_NANO_I05_R04/statistics/variable_assignments.png,variable_assignments.png,.png,82401,63d3c6a58b91c0beaeb5f301a58402f10617cad4795f568f83a8df66698d546b,2026-07-18T15:09:41,True
study_runs,V100_P0_NANO_I05_R04,study_runs/V100_P0_NANO_I05_R04/summary.md,summary.md,.md,5425,2bea555d7a1a9ac6021fd4bca92e25a43e4e2c5865cad257e9b2d5c5f316d539,2026-07-18T15:09:39,True
study_runs,V100_P0_NANO_I05_R04,study_runs/V100_P0_NANO_I05_R04/tree_render/pdf/combined_tree.pdf,combined_tree.pdf,.pdf,22972,b9282cce3d272ffea3ba7b6f51ff91c2f8d5d24968d209f07db71fd70261a651,2026-07-18T14:52:44,True
study_runs,V100_P0_NANO_I05_R04,study_runs/V100_P0_NANO_I05_R04/tree_render/pdf/tree_0.pdf,tree_0.pdf,.pdf,19323,743db4428a5ae23b29da70b7eafedfbe46f3d2ee13affe9f60943b6d5506a6e8,2026-07-18T14:52:40,True
study_runs,V100_P0_NANO_I05_R04,study_runs/V100_P0_NANO_I05_R04/tree_render/pdf/tree_1.pdf,tree_1.pdf,.pdf,22366,614d479e0b9e8acd05fbb7fc7b07409444357b88ad38e34abe7d2faee43aa1c4,2026-07-18T14:52:42,True
study_runs,V100_P0_NANO_I05_R04,study_runs/V100_P0_NANO_I05_R04/tree_render/png/combined_tree.png,combined_tree.png,.png,64150,76ffbe3c0a59a9a74cdd321e8e6865233f31577caa287aca0910631cdfaefbf3,2026-07-18T14:52:44,True
study_runs,V100_P0_NANO_I05_R04,study_runs/V100_P0_NANO_I05_R04/tree_render/png/tree_0.png,tree_0.png,.png,22787,93faee41be2ea138f5d52483f622108f2ac4d0b9f34a030d607af386e418e154,2026-07-18T14:52:39,True
study_runs,V100_P0_NANO_I05_R04,study_runs/V100_P0_NANO_I05_R04/tree_render/png/tree_1.png,tree_1.png,.png,46794,dfc735a19979571ad3c983a8042330d29510c851f4cde1d217ca21b934b2dbc9,2026-07-18T14:52:41,True
study_runs,V100_P0_NANO_I05_R04,study_runs/V100_P0_NANO_I05_R04/tree_render/svg/combined_tree.svg,combined_tree.svg,.svg,10442,adb69d4187909856d6becf542c076e0f688cf0a54ac17d312e343c504b177f6f,2026-07-18T14:52:45,True
study_runs,V100_P0_NANO_I05_R04,study_runs/V100_P0_NANO_I05_R04/tree_render/svg/tree_0.svg,tree_0.svg,.svg,3176,80cea1551bd816b31f09792520f3f7a841c4eddc51eb302d9250503a5cf2c47b,2026-07-18T14:52:40,True
study_runs,V100_P0_NANO_I05_R04,study_runs/V100_P0_NANO_I05_R04/tree_render/svg/tree_1.svg,tree_1.svg,.svg,7829,d88835091fdf5f78258ea9ef132148ab5a95784beac4f5ae2c47789facf7e80d,2026-07-18T14:52:43,True
study_runs,V100_P0_NANO_I05_R05,study_runs/V100_P0_NANO_I05_R05/checkpoint/14beb724464b43b4905b1dec47bc8b12/code.py,code.py,.py,4483,731f59ea8c66608ab2ece3f94f8846fefcdc9f73b6d8981f3829544eb195eb25,2026-07-18T19:23:23,True
study_runs,V100_P0_NANO_I05_R05,study_runs/V100_P0_NANO_I05_R05/checkpoint/14beb724464b43b4905b1dec47bc8b12/exec_result.pkl,exec_result.pkl,.pkl,654,70a8de545e01189cd337e53b751858f805eb0a08a23e89e57285bf99dfa1251e,2026-07-18T19:15:51,True
study_runs,V100_P0_NANO_I05_R05,study_runs/V100_P0_NANO_I05_R05/checkpoint/14beb724464b43b4905b1dec47bc8b12/generated/ndcg_seed_plot.png,ndcg_seed_plot.png,.png,28881,1dbc0fcc010b2cf453b9e15dec3c472a977e7721d95bfdd54cb339d5209bdb84,2026-07-18T19:15:50,True
study_runs,V100_P0_NANO_I05_R05,study_runs/V100_P0_NANO_I05_R05/checkpoint/14beb724464b43b4905b1dec47bc8b12/out.log,out.log,.log,513,e0b11ce69c771b54f30c8a1faee0ed69b34e2f4a5778ac0974edc557f8a40232,2026-07-18T19:15:51,True
study_runs,V100_P0_NANO_I05_R05,study_runs/V100_P0_NANO_I05_R05/checkpoint/2397a4fed26e46eeacb4810f22e22335/code.py,code.py,.py,4008,4aa8eb7cc4964551e5e0226a9e58bb4ed6509d4a010b9c639d4fe6601d2d84a9,2026-07-18T19:26:42,True
study_runs,V100_P0_NANO_I05_R05,study_runs/V100_P0_NANO_I05_R05/checkpoint/2397a4fed26e46eeacb4810f22e22335/exec_result.pkl,exec_result.pkl,.pkl,3277,1a537cfd4dd73fadd64ea443c1d667a8b98a6a51919b1d1c36a14f71b389e425,2026-07-18T19:19:35,True
study_runs,V100_P0_NANO_I05_R05,study_runs/V100_P0_NANO_I05_R05/checkpoint/2397a4fed26e46eeacb4810f22e22335/out.log,out.log,.log,3080,095325abd8346de3ff791f99bb485fcc613904fdc6c4fdf89a968ea9e4481781,2026-07-18T19:19:35,True
study_runs,V100_P0_NANO_I05_R05,study_runs/V100_P0_NANO_I05_R05/checkpoint/2786e52f993e4f2599f4911f55149498/code.py,code.py,.py,8512,d76303300d3644ace561c70c12255931309f5614323ca9c59dcfe1c6a60de208,2026-07-18T19:47:55,True
study_runs,V100_P0_NANO_I05_R05,study_runs/V100_P0_NANO_I05_R05/checkpoint/2786e52f993e4f2599f4911f55149498/exec_result.pkl,exec_result.pkl,.pkl,1322,73dfd60c60293b07065ae9f1b17a60edacdfeb406e820981e32f0e1d86cdd439,2026-07-18T19:33:20,True
study_runs,V100_P0_NANO_I05_R05,study_runs/V100_P0_NANO_I05_R05/checkpoint/2786e52f993e4f2599f4911f55149498/out.log,out.log,.log,1176,925dee6f4fafcf96a264027f97af599813033e5151868865125037a8514297e2,2026-07-18T19:33:20,True
study_runs,V100_P0_NANO_I05_R05,study_runs/V100_P0_NANO_I05_R05/checkpoint/78db94a53eae45c0a446c4f86c2c0efb/code.py,code.py,.py,190,a35b3d3437a213ca6171c164d9130e6e07b205f1b6c1914de44466c57cd9ebac,2026-07-18T19:30:35,True
study_runs,V100_P0_NANO_I05_R05,study_runs/V100_P0_NANO_I05_R05/checkpoint/78db94a53eae45c0a446c4f86c2c0efb/exec_result.pkl,exec_result.pkl,.pkl,175,eb2449de3baec4392b61526a0ee8400d9248641920f7512084c3a3ba1621886f,2026-07-18T19:24:48,True
study_runs,V100_P0_NANO_I05_R05,study_runs/V100_P0_NANO_I05_R05/checkpoint/78db94a53eae45c0a446c4f86c2c0efb/out.log,out.log,.log,52,b6e1db2b16faf48a0751c9c07feb5547b050a544ae0527a6ce25f9a9ea82dab6,2026-07-18T19:24:48,True
study_runs,V100_P0_NANO_I05_R05,study_runs/V100_P0_NANO_I05_R05/checkpoint/78db94a53eae45c0a446c4f86c2c0efb_iteration1/code.py,code.py,.py,11352,e4a97bc4ec2b60a898b45d95128a44dc1ba08e0d6afa88353b4e8b4d3235160f,2026-07-18T20:14:10,True
study_runs,V100_P0_NANO_I05_R05,study_runs/V100_P0_NANO_I05_R05/checkpoint/78db94a53eae45c0a446c4f86c2c0efb_iteration1/exec_result.pkl,exec_result.pkl,.pkl,1188,14be3a7a6d4bd1d6014d7d520e6a35a14144d0b5fc382e7385dfe9270526f452,2026-07-18T20:01:39,True
study_runs,V100_P0_NANO_I05_R05,study_runs/V100_P0_NANO_I05_R05/checkpoint/78db94a53eae45c0a446c4f86c2c0efb_iteration1/generated/report/ndcg_vs_seed.png,ndcg_vs_seed.png,.png,30591,ea89355d5f350d7382c7a07c6ffd5761e51ae68baaa70c0150d45edf71dac730,2026-07-18T20:01:38,True
study_runs,V100_P0_NANO_I05_R05,study_runs/V100_P0_NANO_I05_R05/checkpoint/78db94a53eae45c0a446c4f86c2c0efb_iteration1/generated/report/precision_vs_seed.png,precision_vs_seed.png,.png,31708,b23d42d8e7a9785b70c7c321b38c7dcf3c323b13476a89681e6b4b4c71afaed1,2026-07-18T20:01:39,True
study_runs,V100_P0_NANO_I05_R05,study_runs/V100_P0_NANO_I05_R05/checkpoint/78db94a53eae45c0a446c4f86c2c0efb_iteration1/generated/report/results.csv,results.csv,.csv,9248,0cb422bde09bdd5247817fe09abd49ac00347b6b1c0f946d935ef4d3932102fc,2026-07-18T20:01:38,True
study_runs,V100_P0_NANO_I05_R05,study_runs/V100_P0_NANO_I05_R05/checkpoint/78db94a53eae45c0a446c4f86c2c0efb_iteration1/generated/report/summary.json,summary.json,.json,299,789cd4a7545d897b6038528627ad9afae5f995916e8fe6b214ae25c81e1004d8,2026-07-18T20:01:38,True
study_runs,V100_P0_NANO_I05_R05,study_runs/V100_P0_NANO_I05_R05/checkpoint/78db94a53eae45c0a446c4f86c2c0efb_iteration1/out.log,out.log,.log,1046,f70a4af94df9e34b4111a00bebb08d8354b063420dd63a7e0bf9ae53fbf1ecd4,2026-07-18T20:01:39,True
study_runs,V100_P0_NANO_I05_R05,study_runs/V100_P0_NANO_I05_R05/checkpoint/78db94a53eae45c0a446c4f86c2c0efb_iteration2/code.py,code.py,.py,14277,e04e684492108f02b9f4c9b4604332e1c6c114e4f63cf7906f60eac6d25964a5,2026-07-18T20:14:10,True
study_runs,V100_P0_NANO_I05_R05,study_runs/V100_P0_NANO_I05_R05/checkpoint/78db94a53eae45c0a446c4f86c2c0efb_iteration2/exec_result.pkl,exec_result.pkl,.pkl,349,3bf64542fd5d4fd2286aac10ddefcf7b2fdc9c883ea89120a3b9c1037c3df747,2026-07-18T20:09:50,True
study_runs,V100_P0_NANO_I05_R05,study_runs/V100_P0_NANO_I05_R05/checkpoint/78db94a53eae45c0a446c4f86c2c0efb_iteration2/out.log,out.log,.log,226,7bdac3ad3804c494f2d4981512bc1ece4cab3227719c7a763dda739293c26bbc,2026-07-18T20:09:50,True
study_runs,V100_P0_NANO_I05_R05,study_runs/V100_P0_NANO_I05_R05/checkpoint/78db94a53eae45c0a446c4f86c2c0efb_seed/code.py,code.py,.py,190,a35b3d3437a213ca6171c164d9130e6e07b205f1b6c1914de44466c57cd9ebac,2026-07-18T20:06:47,True
study_runs,V100_P0_NANO_I05_R05,study_runs/V100_P0_NANO_I05_R05/checkpoint/78db94a53eae45c0a446c4f86c2c0efb_seed/exec_result.pkl,exec_result.pkl,.pkl,175,1f9fa27438a209cddf65cd3c52b401606140826c8a4ac1f0cc46aa74a1d3b9f3,2026-07-18T19:48:55,True
study_runs,V100_P0_NANO_I05_R05,study_runs/V100_P0_NANO_I05_R05/checkpoint/78db94a53eae45c0a446c4f86c2c0efb_seed/out.log,out.log,.log,52,b6e1db2b16faf48a0751c9c07feb5547b050a544ae0527a6ce25f9a9ea82dab6,2026-07-18T19:48:55,True
study_runs,V100_P0_NANO_I05_R05,study_runs/V100_P0_NANO_I05_R05/checkpoint/8d2411dc05cd47918a939cb4865fa049/code.py,code.py,.py,3323,8f1ee1674014f86de35488309cd544a8e1da1022d46f35c9ce164215970e30b9,2026-07-18T19:18:01,True
study_runs,V100_P0_NANO_I05_R05,study_runs/V100_P0_NANO_I05_R05/checkpoint/8d2411dc05cd47918a939cb4865fa049/exec_result.pkl,exec_result.pkl,.pkl,3276,70de7e19d47f7ccd82690fb4c8421d46979966dca153dcfdbcc615d31b9b3c56,2026-07-18T19:11:16,True
study_runs,V100_P0_NANO_I05_R05,study_runs/V100_P0_NANO_I05_R05/checkpoint/8d2411dc05cd47918a939cb4865fa049/out.log,out.log,.log,3079,2da41c9c5bf1541c6e6512567bd67a977bbb89e117ca2463450cbf950698f321,2026-07-18T19:11:16,True
study_runs,V100_P0_NANO_I05_R05,study_runs/V100_P0_NANO_I05_R05/checkpoint/961d5f9febae499fa6037ebdd89d6c7c/code.py,code.py,.py,7246,c42d592425dbbc820b2cba6e98c876386e1d24bd172dd2b28a97654290a1d4ea,2026-07-18T19:52:21,True
study_runs,V100_P0_NANO_I05_R05,study_runs/V100_P0_NANO_I05_R05/checkpoint/961d5f9febae499fa6037ebdd89d6c7c/exec_result.pkl,exec_result.pkl,.pkl,20820,e93e094752e760790ec9b02218c42cbc4f0e1574ca6258b86730317ac7ccc393,2026-07-18T19:44:48,True
study_runs,V100_P0_NANO_I05_R05,study_runs/V100_P0_NANO_I05_R05/checkpoint/961d5f9febae499fa6037ebdd89d6c7c/generated/checkpoints/err.log,err.log,.log,5975,c82c303c9ab0d729d313294053b2514230acc97ddc79eb833b90d24ba6e03c72,2026-07-18T19:44:47,True
study_runs,V100_P0_NANO_I05_R05,study_runs/V100_P0_NANO_I05_R05/checkpoint/961d5f9febae499fa6037ebdd89d6c7c/generated/checkpoints/MovieLens100K-08d57673/LensKit.ImplicitMFScorer-f0dd7ecb-101/model.bpk,model.bpk,.bpk,1173680,48071c95938e90ee0d70b4c4cb046fbade497d398e498a07ba57278188604877,2026-07-18T19:38:11,True
study_runs,V100_P0_NANO_I05_R05,study_runs/V100_P0_NANO_I05_R05/checkpoint/961d5f9febae499fa6037ebdd89d6c7c/generated/checkpoints/MovieLens100K-08d57673/LensKit.ImplicitMFScorer-f0dd7ecb-101/predictions.json,predictions.json,.json,39034063,acd5113e7fed7cf4a72d3b6edc3aa737e7e7b411662c55c36323aafc1196da6c,2026-07-18T19:39:05,True
study_runs,V100_P0_NANO_I05_R05,study_runs/V100_P0_NANO_I05_R05/checkpoint/961d5f9febae499fa6037ebdd89d6c7c/generated/checkpoints/MovieLens100K-08d57673/LensKit.ImplicitMFScorer-f0dd7ecb-202/model.bpk,model.bpk,.bpk,1173975,3023c3fbb45c1e47250eeda8a778ac3293c85888af29d2ad90188041e2163341,2026-07-18T19:39:34,True
study_runs,V100_P0_NANO_I05_R05,study_runs/V100_P0_NANO_I05_R05/checkpoint/961d5f9febae499fa6037ebdd89d6c7c/generated/checkpoints/MovieLens100K-08d57673/LensKit.ImplicitMFScorer-f0dd7ecb-202/predictions.json,predictions.json,.json,39034418,7d816c53a3d8ca56b7bdd74bc15c0ba763e0f1206a06c116effa0c891f282484,2026-07-18T19:40:28,True
study_runs,V100_P0_NANO_I05_R05,study_runs/V100_P0_NANO_I05_R05/checkpoint/961d5f9febae499fa6037ebdd89d6c7c/generated/checkpoints/MovieLens100K-08d57673/LensKit.ImplicitMFScorer-f0dd7ecb-303/model.bpk,model.bpk,.bpk,1174068,a9513866f3d2cf44936f112131a9b385f098e468be2dde1b3fe5e2bdf7560861,2026-07-18T19:40:58,True
study_runs,V100_P0_NANO_I05_R05,study_runs/V100_P0_NANO_I05_R05/checkpoint/961d5f9febae499fa6037ebdd89d6c7c/generated/checkpoints/MovieLens100K-08d57673/LensKit.ImplicitMFScorer-f0dd7ecb-303/predictions.json,predictions.json,.json,39036048,e40ca30bb22b5e4671337636745ef93cd0fca102bfcbffc204114b59eb72c24e,2026-07-18T19:41:52,True
study_runs,V100_P0_NANO_I05_R05,study_runs/V100_P0_NANO_I05_R05/checkpoint/961d5f9febae499fa6037ebdd89d6c7c/generated/checkpoints/MovieLens100K-08d57673/LensKit.ImplicitMFScorer-f0dd7ecb-404/model.bpk,model.bpk,.bpk,1173401,469389ebe81d48fbe676e5dfcac1b43bf5c628d81ed35a23ccfff68eeb39276f,2026-07-18T19:42:20,True
study_runs,V100_P0_NANO_I05_R05,study_runs/V100_P0_NANO_I05_R05/checkpoint/961d5f9febae499fa6037ebdd89d6c7c/generated/checkpoints/MovieLens100K-08d57673/LensKit.ImplicitMFScorer-f0dd7ecb-404/predictions.json,predictions.json,.json,39034350,1d77ba444d5ad68b1862b74df9f695e532301950819457c8346460afe4dd4b9b,2026-07-18T19:43:14,True
study_runs,V100_P0_NANO_I05_R05,study_runs/V100_P0_NANO_I05_R05/checkpoint/961d5f9febae499fa6037ebdd89d6c7c/generated/checkpoints/MovieLens100K-08d57673/LensKit.ImplicitMFScorer-f0dd7ecb-505/model.bpk,model.bpk,.bpk,1174027,15458538ca1974ab48de5c17a10b82d9ddf268aff318627ffd395206b7fb522a,2026-07-18T19:43:44,True
study_runs,V100_P0_NANO_I05_R05,study_runs/V100_P0_NANO_I05_R05/checkpoint/961d5f9febae499fa6037ebdd89d6c7c/generated/checkpoints/MovieLens100K-08d57673/LensKit.ImplicitMFScorer-f0dd7ecb-505/predictions.json,predictions.json,.json,39034097,e732197231abe8f48e49f10529673ba8e3874d67836e56e72a8300124d97bbb7,2026-07-18T19:44:39,True
study_runs,V100_P0_NANO_I05_R05,study_runs/V100_P0_NANO_I05_R05/checkpoint/961d5f9febae499fa6037ebdd89d6c7c/generated/checkpoints/out.log,out.log,.log,0,e3b0c44298fc1c149afbf4c8996fb92427ae41e4649b934ca495991b7852b855,2026-07-18T19:39:14,True
study_runs,V100_P0_NANO_I05_R05,study_runs/V100_P0_NANO_I05_R05/checkpoint/961d5f9febae499fa6037ebdd89d6c7c/generated/checkpoints/progress.json,progress.json,.json,900,c2cbe26f482fcdd9838472ae49f2cb2df393e58f06203ea138f921e83e93e056,2026-07-18T19:44:47,True
study_runs,V100_P0_NANO_I05_R05,study_runs/V100_P0_NANO_I05_R05/checkpoint/961d5f9febae499fa6037ebdd89d6c7c/generated/checkpoints/results.json,results.json,.json,653,b6c5d5dc224632dcadd6024dd10ae080f9db1c7a79e699d7078930d8a02602f4,2026-07-18T19:44:47,True
study_runs,V100_P0_NANO_I05_R05,study_runs/V100_P0_NANO_I05_R05/checkpoint/961d5f9febae499fa6037ebdd89d6c7c/generated/plots/ndcg10_movieLens100K_seed_plot.png,ndcg10_movieLens100K_seed_plot.png,.png,18385,51d069bfe704e5dee9ef74698123e80819b27960ff7e59d60d191da2d4916218,2026-07-18T19:44:47,True
study_runs,V100_P0_NANO_I05_R05,study_runs/V100_P0_NANO_I05_R05/checkpoint/961d5f9febae499fa6037ebdd89d6c7c/generated/reproducibility_movieLens100K_als.json,reproducibility_movieLens100K_als.json,.json,581,9fdb91ae5b40861d9eb9f3ce8894ae7cc6cae020f64d2009b0713a3a9c6e9e0f,2026-07-18T19:44:47,True
study_runs,V100_P0_NANO_I05_R05,study_runs/V100_P0_NANO_I05_R05/checkpoint/961d5f9febae499fa6037ebdd89d6c7c/out.log,out.log,.log,20223,08c615d712adff190c856d1c65c96b6af4c2ad71386159d7787a0b3285668088,2026-07-18T19:44:48,True
study_runs,V100_P0_NANO_I05_R05,study_runs/V100_P0_NANO_I05_R05/checkpoint/e3afd2d32d4d490cbe1059b23c2d0f95/code.py,code.py,.py,4176,da071b66912de019ff0a119f649843dcdde08a36e1b5e480321ec046a8ae63a1,2026-07-18T19:35:31,True
study_runs,V100_P0_NANO_I05_R05,study_runs/V100_P0_NANO_I05_R05/checkpoint/e3afd2d32d4d490cbe1059b23c2d0f95/exec_result.pkl,exec_result.pkl,.pkl,3257,a7c36992754d52cb61c507d06d34815d28253481d1c8045a3478c51d691ed577,2026-07-18T19:28:22,True
study_runs,V100_P0_NANO_I05_R05,study_runs/V100_P0_NANO_I05_R05/checkpoint/e3afd2d32d4d490cbe1059b23c2d0f95/out.log,out.log,.log,3060,5a9ba0065078f9274c0906b68486421f48115fa22230ad5be523af858bf10c05,2026-07-18T19:28:22,True
study_runs,V100_P0_NANO_I05_R05,study_runs/V100_P0_NANO_I05_R05/code_requirements_final.json,code_requirements_final.json,.json,3039,5a52336d73d892c64b47441ba08eef0626072c0d83e74cd0033abed72c10f661,2026-07-18T19:48:55,True
study_runs,V100_P0_NANO_I05_R05,study_runs/V100_P0_NANO_I05_R05/code_requirements_prototype.json,code_requirements_prototype.json,.json,1378,d559938cd073a9a84f1f584be1f649dc9619de97d9b0f79f54f5808b50b09144,2026-07-18T19:08:10,True
study_runs,V100_P0_NANO_I05_R05,study_runs/V100_P0_NANO_I05_R05/config.source.toml,config.source.toml,.toml,386,43ad328d9e971575946598bc6c906a320d878b57103e5825b7bc1b351074558f,2026-07-18T19:07:15,True
study_runs,V100_P0_NANO_I05_R05,study_runs/V100_P0_NANO_I05_R05/config.toml,config.toml,.toml,414,ea1d8282a3b8052ce832d8b54a1643eaa7692f8cb0ca8234049329fe786f1868,2026-07-18T19:07:15,True
study_runs,V100_P0_NANO_I05_R05,study_runs/V100_P0_NANO_I05_R05/costs_log.csv,costs_log.csv,.csv,14967,5273540af7bbc21d956b7c8b913e56dd5b70d4a419666c9038027b017ff9e8a8,2026-07-18T20:14:34,True
study_runs,V100_P0_NANO_I05_R05,study_runs/V100_P0_NANO_I05_R05/debug.log,debug.log,.log,331727,a81023e3ef93aa1ba8b35f024c3fb16bc633e331f077fecd4eb544b1cf4de023,2026-07-18T20:14:37,True
study_runs,V100_P0_NANO_I05_R05,study_runs/V100_P0_NANO_I05_R05/entered_prompt.txt,entered_prompt.txt,.txt,946,dc790c0f84813ae9f582a14783c06db3ee59faaa98d800c6bf831f5ad0d041ab,2026-07-18T19:07:15,True
study_runs,V100_P0_NANO_I05_R05,study_runs/V100_P0_NANO_I05_R05/save.pkl,save.pkl,.pkl,182653,becd4c5d603e695ffab4b754c7c900ac59c79daa7f0b5d4b6ec5109438708766,2026-07-18T19:48:02,True
study_runs,V100_P0_NANO_I05_R05,study_runs/V100_P0_NANO_I05_R05/statistics/0_8d2411dc05cd47918a939cb4865fa049.txt,0_8d2411dc05cd47918a939cb4865fa049.txt,.txt,462,0b6dae0e8a87bd41fc4552330d8e996b87335d2ed9a34b8f340385ac8eb869b0,2026-07-18T19:13:47,True
study_runs,V100_P0_NANO_I05_R05,study_runs/V100_P0_NANO_I05_R05/statistics/1_14beb724464b43b4905b1dec47bc8b12.txt,1_14beb724464b43b4905b1dec47bc8b12.txt,.txt,454,effc91d0214fe27b9dfce41ad29fdb9ac74198bd495e583dcd552929f16433c0,2026-07-18T19:18:01,True
study_runs,V100_P0_NANO_I05_R05,study_runs/V100_P0_NANO_I05_R05/statistics/2_2397a4fed26e46eeacb4810f22e22335.txt,2_2397a4fed26e46eeacb4810f22e22335.txt,.txt,467,a9f71c02b8281852196897f35e933ca6862c052fd53529c96f633f3aad5c822d,2026-07-18T19:23:23,True
study_runs,V100_P0_NANO_I05_R05,study_runs/V100_P0_NANO_I05_R05/statistics/3_78db94a53eae45c0a446c4f86c2c0efb.txt,3_78db94a53eae45c0a446c4f86c2c0efb.txt,.txt,414,bd952a7b87f6b2dd89f8c5c4b59dd593cc8e3a710e5e923a70f29230de444e36,2026-07-18T19:26:42,True
study_runs,V100_P0_NANO_I05_R05,study_runs/V100_P0_NANO_I05_R05/statistics/4_e3afd2d32d4d490cbe1059b23c2d0f95.txt,4_e3afd2d32d4d490cbe1059b23c2d0f95.txt,.txt,460,d0023f96a5ae54b0b1b33028f6c61bf59873147cc0319b0a62a53a45a26ff4bd,2026-07-18T19:30:35,True
study_runs,V100_P0_NANO_I05_R05,study_runs/V100_P0_NANO_I05_R05/statistics/5_2786e52f993e4f2599f4911f55149498.txt,5_2786e52f993e4f2599f4911f55149498.txt,.txt,496,06492f86b50cb1f577a959eb58220a5395490af379cd7857de6a091f7256e312,2026-07-18T19:35:31,True
study_runs,V100_P0_NANO_I05_R05,study_runs/V100_P0_NANO_I05_R05/statistics/6_961d5f9febae499fa6037ebdd89d6c7c.txt,6_961d5f9febae499fa6037ebdd89d6c7c.txt,.txt,488,5d5e1af095b4a79df20f9eca6bd2359f37419c5b7c0d67b1f7e844a5df128d51,2026-07-18T19:47:55,True
study_runs,V100_P0_NANO_I05_R05,study_runs/V100_P0_NANO_I05_R05/statistics/7_78db94a53eae45c0a446c4f86c2c0efb_seed.txt,7_78db94a53eae45c0a446c4f86c2c0efb_seed.txt,.txt,419,bcd48263cd41f283e41da8dfa2b657089246b801891c26206ca684172d9c11dc,2026-07-18T19:52:22,True
study_runs,V100_P0_NANO_I05_R05,study_runs/V100_P0_NANO_I05_R05/statistics/8_78db94a53eae45c0a446c4f86c2c0efb_iteration1.txt,8_78db94a53eae45c0a446c4f86c2c0efb_iteration1.txt,.txt,520,c06632f36b47b6466a408f1a3856ef153bb55911a13d8dbb3d736c1946874885,2026-07-18T20:06:47,True
study_runs,V100_P0_NANO_I05_R05,study_runs/V100_P0_NANO_I05_R05/statistics/9_78db94a53eae45c0a446c4f86c2c0efb_iteration2.txt,9_78db94a53eae45c0a446c4f86c2c0efb_iteration2.txt,.txt,526,2be410bc5bf9e4609f8fe3791277d45bfd777af978b4e05dd6ee452a105f7f35,2026-07-18T20:14:11,True
study_runs,V100_P0_NANO_I05_R05,study_runs/V100_P0_NANO_I05_R05/statistics/arguments_per_function.png,arguments_per_function.png,.png,73972,5b942d3648005fbed33398c8976c640b469a0a4eaaa51f3f04308cb4575de5ea,2026-07-18T20:14:36,True
study_runs,V100_P0_NANO_I05_R05,study_runs/V100_P0_NANO_I05_R05/statistics/classes.png,classes.png,.png,58672,d42af048ca71da9ed2cc3a957b5457d19ae2c3982fe05d51f757b48bec1f0544,2026-07-18T20:14:36,True
study_runs,V100_P0_NANO_I05_R05,study_runs/V100_P0_NANO_I05_R05/statistics/comment_lines.png,comment_lines.png,.png,73498,18d7cb653b0099e698c91b7bcb997fee8cdc5b97109dc16c931e8b72d30bbdef,2026-07-18T20:14:35,True
study_runs,V100_P0_NANO_I05_R05,study_runs/V100_P0_NANO_I05_R05/statistics/conditions.png,conditions.png,.png,60164,03a59865de0653c2b2592c3eced52a57fc13812ae97258cfc481c9d4105ae7e3,2026-07-18T20:14:37,True
study_runs,V100_P0_NANO_I05_R05,study_runs/V100_P0_NANO_I05_R05/statistics/deletions.png,deletions.png,.png,74858,800555997915af0625101db64bc8c3c5f93f7f5faf484937c2bac499e5100420,2026-07-18T20:14:37,True
study_runs,V100_P0_NANO_I05_R05,study_runs/V100_P0_NANO_I05_R05/statistics/empty_lines.png,empty_lines.png,.png,73317,90770771b93b6f3b123eb7f05193508da7ac7b21f10c2ba4ffc7cbed197e3d7a,2026-07-18T20:14:35,True
study_runs,V100_P0_NANO_I05_R05,study_runs/V100_P0_NANO_I05_R05/statistics/execution_time.png,execution_time.png,.png,71991,675bb1cd43bbb7db7ea872deddc269b235e282ac85d4c799a73e93186f1c9ba3,2026-07-18T20:14:34,True
study_runs,V100_P0_NANO_I05_R05,study_runs/V100_P0_NANO_I05_R05/statistics/functions.png,functions.png,.png,63851,6dbc41a9bb1ec59913bf9ff4ade78b73bb877286aa48f6977eeed4706b5baa88,2026-07-18T20:14:36,True
study_runs,V100_P0_NANO_I05_R05,study_runs/V100_P0_NANO_I05_R05/statistics/insertions.png,insertions.png,.png,73171,71f6e8880386d34260109848be01240da503621e94d54bfca2ef2c58f1c13e50,2026-07-18T20:14:37,True
study_runs,V100_P0_NANO_I05_R05,study_runs/V100_P0_NANO_I05_R05/statistics/libraries_imported.png,libraries_imported.png,.png,71515,7850bb5dbdbdfc37bdd8d6fea016d72fb8e9ec0aea1a031385542956352b567e,2026-07-18T20:14:35,True
study_runs,V100_P0_NANO_I05_R05,study_runs/V100_P0_NANO_I05_R05/statistics/lines_of_code.png,lines_of_code.png,.png,75067,f632d7486d9bd7ee0f198220b30f7b5ea1433b79aa7d9ba39e409cd9c1534573,2026-07-18T20:14:34,True
study_runs,V100_P0_NANO_I05_R05,study_runs/V100_P0_NANO_I05_R05/statistics/loops.png,loops.png,.png,63921,b4ef497f9547c1d62644f3c1cb3e12b49ba69ddd5ef24201f26794c828aa6cd7,2026-07-18T20:14:37,True
study_runs,V100_P0_NANO_I05_R05,study_runs/V100_P0_NANO_I05_R05/statistics/summary_overall_nodes.txt,summary_overall_nodes.txt,.txt,475,d2002d5244c49a900bd62a0e4b39423fa41350053e6591d05e40fb8c0bf998ed,2026-07-18T20:14:34,True
study_runs,V100_P0_NANO_I05_R05,study_runs/V100_P0_NANO_I05_R05/statistics/total_characters.png,total_characters.png,.png,84408,68832630be36977c6569b52591adfa63d3bb44fa09762a95a83aedd0fc960428,2026-07-18T20:14:35,True
study_runs,V100_P0_NANO_I05_R05,study_runs/V100_P0_NANO_I05_R05/statistics/variable_assignments.png,variable_assignments.png,.png,77764,03ea4c05042a4e98c8956e4b59d9997de78648122aafa3ce8eb4cfd3959ff58b,2026-07-18T20:14:36,True
study_runs,V100_P0_NANO_I05_R05,study_runs/V100_P0_NANO_I05_R05/summary.md,summary.md,.md,5859,a09ceb4047ac100a094b3b673a6db7cc32bdd6668878fe8c5e415e13ff8c6768,2026-07-18T20:14:34,True
study_runs,V100_P0_NANO_I05_R05,study_runs/V100_P0_NANO_I05_R05/tree_render/pdf/combined_tree.pdf,combined_tree.pdf,.pdf,23341,47f6086ce5ad307d1aa951edd4af8eb4e6b08bb1c51367aab9aa014c880aa352,2026-07-18T19:48:01,True
study_runs,V100_P0_NANO_I05_R05,study_runs/V100_P0_NANO_I05_R05/tree_render/pdf/tree_0.pdf,tree_0.pdf,.pdf,19995,84952699d5b57bb8e8697ef0204d5295aeb9ffc08239b0692a06c557ab5187f5,2026-07-18T19:47:57,True
study_runs,V100_P0_NANO_I05_R05,study_runs/V100_P0_NANO_I05_R05/tree_render/pdf/tree_1.pdf,tree_1.pdf,.pdf,23042,8ff69e204f4a3278c16e254af02d21acb2219eb8157b47ce5279116676ba5343,2026-07-18T19:47:59,True
study_runs,V100_P0_NANO_I05_R05,study_runs/V100_P0_NANO_I05_R05/tree_render/png/combined_tree.png,combined_tree.png,.png,67383,55b6ab52816280c97a4bfd3f8b4d9691c877f543a2ad59f9e526d739380ae141,2026-07-18T19:48:01,True
study_runs,V100_P0_NANO_I05_R05,study_runs/V100_P0_NANO_I05_R05/tree_render/png/tree_0.png,tree_0.png,.png,22297,bb9b2c7adf59d6bfc80663f43d5fa1a145406480d860bb4c2b4414159cc165a8,2026-07-18T19:47:56,True
study_runs,V100_P0_NANO_I05_R05,study_runs/V100_P0_NANO_I05_R05/tree_render/png/tree_1.png,tree_1.png,.png,50115,a9f6b55d8ff98ee592a4a945662a4305332898f16781056ca4df6e951d60551f,2026-07-18T19:47:58,True
study_runs,V100_P0_NANO_I05_R05,study_runs/V100_P0_NANO_I05_R05/tree_render/svg/combined_tree.svg,combined_tree.svg,.svg,10575,205805ced5f088b8be8b309f643e7f86ef91e4a042985ce8b8cff9c00533866c,2026-07-18T19:48:02,True
study_runs,V100_P0_NANO_I05_R05,study_runs/V100_P0_NANO_I05_R05/tree_render/svg/tree_0.svg,tree_0.svg,.svg,3176,e89fd10fe2ef16d78fec6f8d91f30083f98f5429c9155377fabaf5f63827bd0a,2026-07-18T19:47:57,True
study_runs,V100_P0_NANO_I05_R05,study_runs/V100_P0_NANO_I05_R05/tree_render/svg/tree_1.svg,tree_1.svg,.svg,7920,93654d1290a908ed60199ba73e3c47a8224153fef5fdc60a01a9511a1c5b7d7b,2026-07-18T19:48:00,True
study_runs,V100_P0_NANO_I05_R05_FAILED_ENCODING,study_runs/V100_P0_NANO_I05_R05_FAILED_ENCODING/checkpoint/06c95ab15297452f897b862fe3c0937b/code.py,code.py,.py,6004,bba057f6ffa9d534ef42e3047fbca62c7c7856f197c5993e10acacd29008c58d,2026-07-18T14:50:49,True
study_runs,V100_P0_NANO_I05_R05_FAILED_ENCODING,study_runs/V100_P0_NANO_I05_R05_FAILED_ENCODING/checkpoint/06c95ab15297452f897b862fe3c0937b/exec_result.pkl,exec_result.pkl,.pkl,300,573323dc1fd7ec5ab1bb2c1c7ec7323a4fa85044ef4232c1fe08e6f1d1e59f68,2026-07-18T14:47:58,True
study_runs,V100_P0_NANO_I05_R05_FAILED_ENCODING,study_runs/V100_P0_NANO_I05_R05_FAILED_ENCODING/checkpoint/06c95ab15297452f897b862fe3c0937b/out.log,out.log,.log,177,f4b0cca371d46c4e2963d660cf9d44e29257a278d4abd4e699b9710c6dabf907,2026-07-18T14:47:58,True
study_runs,V100_P0_NANO_I05_R05_FAILED_ENCODING,study_runs/V100_P0_NANO_I05_R05_FAILED_ENCODING/checkpoint/0ea1bb0e10f7452db4976cbdbbe6cf88/code.py,code.py,.py,8104,563ca58ea6759aab19f52db0889c3664d83226e3198285686fec0f19fc31430c,2026-07-18T14:50:49,True
study_runs,V100_P0_NANO_I05_R05_FAILED_ENCODING,study_runs/V100_P0_NANO_I05_R05_FAILED_ENCODING/checkpoint/0ea1bb0e10f7452db4976cbdbbe6cf88/exec_result.pkl,exec_result.pkl,.pkl,1387,0b5112215f213d32c1fe19f6ea2d95ea22889f0ede5699efe893eef8281bc612,2026-07-18T14:43:57,True
study_runs,V100_P0_NANO_I05_R05_FAILED_ENCODING,study_runs/V100_P0_NANO_I05_R05_FAILED_ENCODING/checkpoint/0ea1bb0e10f7452db4976cbdbbe6cf88/out.log,out.log,.log,1234,6944f67df0d5797d953cbe523b714e765c28c25eb213b5e626ab5c0a2a53fcb8,2026-07-18T14:43:57,True
study_runs,V100_P0_NANO_I05_R05_FAILED_ENCODING,study_runs/V100_P0_NANO_I05_R05_FAILED_ENCODING/checkpoint/7cfc165e4470472fa50f1c09bc44b601/code.py,code.py,.py,7437,50e8be1921f90e79107738d7770af5f9ba76aa3f61e675df756651936f8ac7b0,2026-07-18T14:46:04,True
study_runs,V100_P0_NANO_I05_R05_FAILED_ENCODING,study_runs/V100_P0_NANO_I05_R05_FAILED_ENCODING/checkpoint/7cfc165e4470472fa50f1c09bc44b601/exec_result.pkl,exec_result.pkl,.pkl,580,372a32c720c5bde68650ea853c4bf307e9bd48e1bb6a4407179f2edb8c7a66a4,2026-07-18T14:38:09,True
study_runs,V100_P0_NANO_I05_R05_FAILED_ENCODING,study_runs/V100_P0_NANO_I05_R05_FAILED_ENCODING/checkpoint/7cfc165e4470472fa50f1c09bc44b601/generated/p_at5_across_seeds.png,p_at5_across_seeds.png,.png,16420,ab58d51d441da62044eabb9d0ba04f3c4c1748af5e374804418909894bbe8abc,2026-07-18T14:38:08,True
study_runs,V100_P0_NANO_I05_R05_FAILED_ENCODING,study_runs/V100_P0_NANO_I05_R05_FAILED_ENCODING/checkpoint/7cfc165e4470472fa50f1c09bc44b601/generated/prototype_results.csv,prototype_results.csv,.csv,145,a7a7d11f9779486b92d8b19dd413eec5b8ce235830da89faee93fa9d763f6608,2026-07-18T14:38:08,True
study_runs,V100_P0_NANO_I05_R05_FAILED_ENCODING,study_runs/V100_P0_NANO_I05_R05_FAILED_ENCODING/checkpoint/7cfc165e4470472fa50f1c09bc44b601/out.log,out.log,.log,445,c4c64e7b13a7d1dde005ea2f326b268b5ce3702da49e6dbe9892576c319c1fee,2026-07-18T14:38:09,True
study_runs,V100_P0_NANO_I05_R05_FAILED_ENCODING,study_runs/V100_P0_NANO_I05_R05_FAILED_ENCODING/checkpoint/a6ef486ee30344d2a451cd0fc361fa1c/code.py,code.py,.py,3886,c566c3b7660f93dca16da0b22e10f1242e2c0473273353d2a23aa83293dbf197,2026-07-18T14:40:59,True
study_runs,V100_P0_NANO_I05_R05_FAILED_ENCODING,study_runs/V100_P0_NANO_I05_R05_FAILED_ENCODING/checkpoint/a6ef486ee30344d2a451cd0fc361fa1c/exec_result.pkl,exec_result.pkl,.pkl,1059,713933b6463212f5c97415ab0eae30f7c7d6041e607cfbeaff2a23bb825d0823,2026-07-18T14:31:42,True
study_runs,V100_P0_NANO_I05_R05_FAILED_ENCODING,study_runs/V100_P0_NANO_I05_R05_FAILED_ENCODING/checkpoint/a6ef486ee30344d2a451cd0fc361fa1c/out.log,out.log,.log,914,0fa10d2e566ec1fa1699fdc70ab2076b477ae37eeb0d469bc35316161bdbc285,2026-07-18T14:31:42,True
study_runs,V100_P0_NANO_I05_R05_FAILED_ENCODING,study_runs/V100_P0_NANO_I05_R05_FAILED_ENCODING/checkpoint/bba1cdc8d7a442cba9b557df959de3e0/code.py,code.py,.py,8916,ceb4454a10899ea6e2786f6be84513a993aabf8b537bc2d28aa548fc786791eb,2026-07-18T14:14:52,True
study_runs,V100_P0_NANO_I05_R05_FAILED_ENCODING,study_runs/V100_P0_NANO_I05_R05_FAILED_ENCODING/checkpoint/bba1cdc8d7a442cba9b557df959de3e0/exec_result.pkl,exec_result.pkl,.pkl,1222,79610d82a06556460e0ede09a66f50d84b80e29ed4161f434ecad7d0c7270bea,2026-07-18T14:14:52,True
study_runs,V100_P0_NANO_I05_R05_FAILED_ENCODING,study_runs/V100_P0_NANO_I05_R05_FAILED_ENCODING/checkpoint/bba1cdc8d7a442cba9b557df959de3e0/out.log,out.log,.log,1073,fbe3eb698ba81262619063e1fe1c1bf1cdb665067d211caae333965760b1e4e0,2026-07-18T14:14:52,True
study_runs,V100_P0_NANO_I05_R05_FAILED_ENCODING,study_runs/V100_P0_NANO_I05_R05_FAILED_ENCODING/checkpoint/bec77e6418724bfba6401700bd54e08b/code.py,code.py,.py,843,47d54578917e797c303cd4c8f64e6c860a2bb3ad2f096856b536de397c517b2a,2026-07-18T14:28:51,True
study_runs,V100_P0_NANO_I05_R05_FAILED_ENCODING,study_runs/V100_P0_NANO_I05_R05_FAILED_ENCODING/checkpoint/bec77e6418724bfba6401700bd54e08b/exec_result.pkl,exec_result.pkl,.pkl,372,d6a4fe8995862ea288a7b1f0963ae922a5144f92c13dab21e572894fb23b1150,2026-07-18T14:20:43,True
study_runs,V100_P0_NANO_I05_R05_FAILED_ENCODING,study_runs/V100_P0_NANO_I05_R05_FAILED_ENCODING/checkpoint/bec77e6418724bfba6401700bd54e08b/out.log,out.log,.log,243,6172a23e54824317feb823885faa7efeb36d721907f5a87dcfc7251206b6284f,2026-07-18T14:20:43,True
study_runs,V100_P0_NANO_I05_R05_FAILED_ENCODING,study_runs/V100_P0_NANO_I05_R05_FAILED_ENCODING/checkpoint/d864b5380c18428db014409543aa4c0d/code.py,code.py,.py,3380,194be56ad0b26bd58079e565dfe0ad5329c690bdcb3e6fd633ddd0c221682e45,2026-07-18T14:35:36,True
study_runs,V100_P0_NANO_I05_R05_FAILED_ENCODING,study_runs/V100_P0_NANO_I05_R05_FAILED_ENCODING/checkpoint/d864b5380c18428db014409543aa4c0d/exec_result.pkl,exec_result.pkl,.pkl,1570,0a9e8e51cdc2030e8778447064fc9a7d8a509b8f279918e3da1c42bb41f3e7b8,2026-07-18T14:26:10,True
study_runs,V100_P0_NANO_I05_R05_FAILED_ENCODING,study_runs/V100_P0_NANO_I05_R05_FAILED_ENCODING/checkpoint/d864b5380c18428db014409543aa4c0d/generated/checkpoints/err.log,err.log,.log,0,e3b0c44298fc1c149afbf4c8996fb92427ae41e4649b934ca495991b7852b855,2026-07-18T14:26:10,True
study_runs,V100_P0_NANO_I05_R05_FAILED_ENCODING,study_runs/V100_P0_NANO_I05_R05_FAILED_ENCODING/checkpoint/d864b5380c18428db014409543aa4c0d/generated/checkpoints/out.log,out.log,.log,0,e3b0c44298fc1c149afbf4c8996fb92427ae41e4649b934ca495991b7852b855,2026-07-18T14:26:10,True
study_runs,V100_P0_NANO_I05_R05_FAILED_ENCODING,study_runs/V100_P0_NANO_I05_R05_FAILED_ENCODING/checkpoint/d864b5380c18428db014409543aa4c0d/generated/checkpoints/progress.json,progress.json,.json,199,d04810278004bbe75f3009c3782e31df2ce45f3e8df36de2dfc76f5b0318c755,2026-07-18T14:26:10,True
study_runs,V100_P0_NANO_I05_R05_FAILED_ENCODING,study_runs/V100_P0_NANO_I05_R05_FAILED_ENCODING/checkpoint/d864b5380c18428db014409543aa4c0d/out.log,out.log,.log,1415,0f8cb75cb06bc70ace7b26d37e5e1f472d8adc9d57230dc37b9d463465751276,2026-07-18T14:26:10,True
study_runs,V100_P0_NANO_I05_R05_FAILED_ENCODING,study_runs/V100_P0_NANO_I05_R05_FAILED_ENCODING/code_requirements_prototype.json,code_requirements_prototype.json,.json,1194,8b2724ea6fbdc94ca85a76d0599510de93288c069781e6e1a6dbd8fe48d7fc8f,2026-07-18T14:11:45,True
study_runs,V100_P0_NANO_I05_R05_FAILED_ENCODING,study_runs/V100_P0_NANO_I05_R05_FAILED_ENCODING/config.source.toml,config.source.toml,.toml,386,43ad328d9e971575946598bc6c906a320d878b57103e5825b7bc1b351074558f,2026-07-18T14:10:44,True
study_runs,V100_P0_NANO_I05_R05_FAILED_ENCODING,study_runs/V100_P0_NANO_I05_R05_FAILED_ENCODING/config.toml,config.toml,.toml,414,ea1d8282a3b8052ce832d8b54a1643eaa7692f8cb0ca8234049329fe786f1868,2026-07-18T14:10:44,True
study_runs,V100_P0_NANO_I05_R05_FAILED_ENCODING,study_runs/V100_P0_NANO_I05_R05_FAILED_ENCODING/costs_log.csv,costs_log.csv,.csv,10145,fe2c0be698c0d57ab7fbd37f207fcf9f4897df6dae1c057db0ebabd95fe8a177,2026-07-18T14:50:49,True
study_runs,V100_P0_NANO_I05_R05_FAILED_ENCODING,study_runs/V100_P0_NANO_I05_R05_FAILED_ENCODING/debug.log,debug.log,.log,206695,e9b325ca49f46665f43ad8484015ddfc96de7ca68e67cd60b933f636d7496c7a,2026-07-18T14:50:49,True
study_runs,V100_P0_NANO_I05_R05_FAILED_ENCODING,study_runs/V100_P0_NANO_I05_R05_FAILED_ENCODING/entered_prompt.txt,entered_prompt.txt,.txt,946,dc790c0f84813ae9f582a14783c06db3ee59faaa98d800c6bf831f5ad0d041ab,2026-07-18T14:10:44,True
study_runs,V100_P0_NANO_I05_R05_FAILED_ENCODING,study_runs/V100_P0_NANO_I05_R05_FAILED_ENCODING/statistics/0_bba1cdc8d7a442cba9b557df959de3e0.txt,0_bba1cdc8d7a442cba9b557df959de3e0.txt,.txt,503,453528730b6bba78c71c6a877124726772160ef6697f11303af14120a87abb34,2026-07-18T14:17:55,True
study_runs,V100_P0_NANO_I05_R05_FAILED_ENCODING,study_runs/V100_P0_NANO_I05_R05_FAILED_ENCODING/statistics/1_bec77e6418724bfba6401700bd54e08b.txt,1_bec77e6418724bfba6401700bd54e08b.txt,.txt,411,5305858dc08fbc7921d099cd472d66d58268f6528ca2b15c99b781978a903d47,2026-07-18T14:23:10,True
study_runs,V100_P0_NANO_I05_R05_FAILED_ENCODING,study_runs/V100_P0_NANO_I05_R05_FAILED_ENCODING/statistics/2_d864b5380c18428db014409543aa4c0d.txt,2_d864b5380c18428db014409543aa4c0d.txt,.txt,482,c2bd76b1189854b4a47257795fa1670638c3a5d1fe6ce793c447d55d9adf059f,2026-07-18T14:28:51,True
study_runs,V100_P0_NANO_I05_R05_FAILED_ENCODING,study_runs/V100_P0_NANO_I05_R05_FAILED_ENCODING/statistics/3_a6ef486ee30344d2a451cd0fc361fa1c.txt,3_a6ef486ee30344d2a451cd0fc361fa1c.txt,.txt,475,42afabd34eb8ea588c188ac4550a169c9f6a3316a1cbeafe6b0b21f0e4faaee1,2026-07-18T14:35:36,True
study_runs,V100_P0_NANO_I05_R05_FAILED_ENCODING,study_runs/V100_P0_NANO_I05_R05_FAILED_ENCODING/statistics/4_7cfc165e4470472fa50f1c09bc44b601.txt,4_7cfc165e4470472fa50f1c09bc44b601.txt,.txt,506,6c060513d757f0595e12a28f93b020590847383fddaaace59a6a4e3c8d8412bd,2026-07-18T14:40:59,True
study_runs,V100_P0_NANO_I05_R05_FAILED_ENCODING,study_runs/V100_P0_NANO_I05_R05_FAILED_ENCODING/statistics/5_0ea1bb0e10f7452db4976cbdbbe6cf88.txt,5_0ea1bb0e10f7452db4976cbdbbe6cf88.txt,.txt,514,ce8f208eafb6b46e392204e90069d491d6f60b97f92ea9ebfdcb9d721b364532,2026-07-18T14:46:04,True
study_runs,V100_P0_NANO_I05_R05_FAILED_ENCODING,study_runs/V100_P0_NANO_I05_R05_FAILED_ENCODING/statistics/6_06c95ab15297452f897b862fe3c0937b.txt,6_06c95ab15297452f897b862fe3c0937b.txt,.txt,487,7ed054c3a7d678929ce37e40432d785fbdefe8962b096fc6c58cfb2d345e1c78,2026-07-18T14:50:49,True
study_runs,V100_P0_NANO_I05_R05_FAILED_ENCODING,study_runs/V100_P0_NANO_I05_R05_FAILED_ENCODING/tree_render/png/tree_0.png,tree_0.png,.png,45834,ecb67b150639ddc0477ffeece4941a66a9c3eed42bca74957a7d4df424dfd784,2026-07-18T14:50:50,True
study_runs,V100_P0_NANO_I05_R05_FAILED_ENCODING,study_runs/V100_P0_NANO_I05_R05_FAILED_ENCODING/workspace/runfile.py,runfile.py,.py,6002,2c20b217d3aba154c42f4e37aa4995fdc31cec7079e805bf9d6b5dbad6a8f191,2026-07-18T14:47:53,True
study_runs,V100_P1_NANO_I05_R01,study_runs/V100_P1_NANO_I05_R01/checkpoint/3b4cabf830f444f891472b9b753af650/code.py,code.py,.py,5073,81690fe72b6d867f584945fdda5717bc4d24db5b3673b16b297acff5c724da2f,2026-07-18T21:46:20,True
study_runs,V100_P1_NANO_I05_R01,study_runs/V100_P1_NANO_I05_R01/checkpoint/3b4cabf830f444f891472b9b753af650/exec_result.pkl,exec_result.pkl,.pkl,1190,499becf27a0d477e8b792dfe0b51d96f6ba854d0ef2086363a2d147eea10e106,2026-07-18T21:31:46,True
study_runs,V100_P1_NANO_I05_R01,study_runs/V100_P1_NANO_I05_R01/checkpoint/3b4cabf830f444f891472b9b753af650/generated/ml-100k.zip,ml-100k.zip,.zip,22,8739c76e681f900923b900c9df0ef75cf421d39cabb54650c4b9ad19b6a76d85,2026-07-18T21:31:46,True
study_runs,V100_P1_NANO_I05_R01,study_runs/V100_P1_NANO_I05_R01/checkpoint/3b4cabf830f444f891472b9b753af650/out.log,out.log,.log,1043,880fd63c6fa53875cf8ecaff9696d24b397af6fd89568630ffc5c074fd555f50,2026-07-18T21:31:46,True
study_runs,V100_P1_NANO_I05_R01,study_runs/V100_P1_NANO_I05_R01/checkpoint/47a7cea2b5264a00867ae995e92e95f1/code.py,code.py,.py,166,8190e614f51ac43e575fe9526840b31bb84ad0cfc24bb8fcaed2453075c44507,2026-07-18T21:24:23,True
study_runs,V100_P1_NANO_I05_R01,study_runs/V100_P1_NANO_I05_R01/checkpoint/47a7cea2b5264a00867ae995e92e95f1/exec_result.pkl,exec_result.pkl,.pkl,251,bedb6d7eec89f1aabfae94f5aabfb5ddb73000c64ccbdb3ff78a570ee877e3d1,2026-07-18T21:12:01,True
study_runs,V100_P1_NANO_I05_R01,study_runs/V100_P1_NANO_I05_R01/checkpoint/47a7cea2b5264a00867ae995e92e95f1/out.log,out.log,.log,128,410c5ce5cbcf329f99ecacd1a8811bba7acdbc4e1b52db2a058c6137dd96624a,2026-07-18T21:12:01,True
study_runs,V100_P1_NANO_I05_R01,study_runs/V100_P1_NANO_I05_R01/checkpoint/91095a883b894f97bf4b02110d12b880/code.py,code.py,.py,2466,50a08156dcc310bae5c280ed6bd265055a69ad177983e1e94eb79e16796ce465,2026-07-18T21:11:19,True
study_runs,V100_P1_NANO_I05_R01,study_runs/V100_P1_NANO_I05_R01/checkpoint/91095a883b894f97bf4b02110d12b880/exec_result.pkl,exec_result.pkl,.pkl,2852,53e5661eaf6f69874c14fd608fd8f08f514d18ffdf626996d86445c7268a9dd0,2026-07-18T21:02:37,True
study_runs,V100_P1_NANO_I05_R01,study_runs/V100_P1_NANO_I05_R01/checkpoint/91095a883b894f97bf4b02110d12b880/out.log,out.log,.log,2665,9b516836491f24f524e3f27fc01e25a3ba9002095f7fe9d90abef4dee178ba06,2026-07-18T21:02:37,True
study_runs,V100_P1_NANO_I05_R01,study_runs/V100_P1_NANO_I05_R01/checkpoint/a5ac2c0ff24b457bae5445a51708e653/code.py,code.py,.py,3994,11e2c472f2aa2f805ba4f9e1baf995f0f9d270267f8049ac3ed8d3d51f6b58b4,2026-07-18T21:29:27,True
study_runs,V100_P1_NANO_I05_R01,study_runs/V100_P1_NANO_I05_R01/checkpoint/a5ac2c0ff24b457bae5445a51708e653/exec_result.pkl,exec_result.pkl,.pkl,19268,cf63e436dd72a359064c0b462a9c692bf514de31fe8ae73626d3699d6b72ffce,2026-07-18T21:22:05,True
study_runs,V100_P1_NANO_I05_R01,study_runs/V100_P1_NANO_I05_R01/checkpoint/a5ac2c0ff24b457bae5445a51708e653/generated/checkpoints/err.log,err.log,.log,5975,c82c303c9ab0d729d313294053b2514230acc97ddc79eb833b90d24ba6e03c72,2026-07-18T21:22:04,True
study_runs,V100_P1_NANO_I05_R01,study_runs/V100_P1_NANO_I05_R01/checkpoint/a5ac2c0ff24b457bae5445a51708e653/generated/checkpoints/MovieLens100K-488acb2a/LensKit.ImplicitMFScorer-402570f1-101/model.bpk,model.bpk,.bpk,630566,a25b78d41b4f9b1f81b57d86ee3a0c69345decd743bf3b89d1cce138b71a0e09,2026-07-18T21:15:32,True
study_runs,V100_P1_NANO_I05_R01,study_runs/V100_P1_NANO_I05_R01/checkpoint/a5ac2c0ff24b457bae5445a51708e653/generated/checkpoints/MovieLens100K-488acb2a/LensKit.ImplicitMFScorer-402570f1-101/predictions.json,predictions.json,.json,42809027,97e2572d0109896322b4c16753f71e7a8d51736d101b914c8ed5e8d83011c850,2026-07-18T21:16:26,True
study_runs,V100_P1_NANO_I05_R01,study_runs/V100_P1_NANO_I05_R01/checkpoint/a5ac2c0ff24b457bae5445a51708e653/generated/checkpoints/MovieLens100K-488acb2a/LensKit.ImplicitMFScorer-402570f1-202/model.bpk,model.bpk,.bpk,627002,a7f259e32d64bcff04715733480e33f4a49ec8e20de6d680676f8ab0a008c3db,2026-07-18T21:16:53,True
study_runs,V100_P1_NANO_I05_R01,study_runs/V100_P1_NANO_I05_R01/checkpoint/a5ac2c0ff24b457bae5445a51708e653/generated/checkpoints/MovieLens100K-488acb2a/LensKit.ImplicitMFScorer-402570f1-202/predictions.json,predictions.json,.json,42501609,948cab00d89175507928d97d521ef83563a56bfb52943b259b17db28d9d308da,2026-07-18T21:17:47,True
study_runs,V100_P1_NANO_I05_R01,study_runs/V100_P1_NANO_I05_R01/checkpoint/a5ac2c0ff24b457bae5445a51708e653/generated/checkpoints/MovieLens100K-488acb2a/LensKit.ImplicitMFScorer-402570f1-303/model.bpk,model.bpk,.bpk,627305,1afa0e9ee4d551c00215c521ab59297f0b0d5a0fb68277eaae60b99e7b84ff03,2026-07-18T21:18:15,True
study_runs,V100_P1_NANO_I05_R01,study_runs/V100_P1_NANO_I05_R01/checkpoint/a5ac2c0ff24b457bae5445a51708e653/generated/checkpoints/MovieLens100K-488acb2a/LensKit.ImplicitMFScorer-402570f1-303/predictions.json,predictions.json,.json,42822295,ccee0c38e0dbf06ebd4f925ee60d9f72c1be65573dca1f73cd38d81539ff5adb,2026-07-18T21:19:08,True
study_runs,V100_P1_NANO_I05_R01,study_runs/V100_P1_NANO_I05_R01/checkpoint/a5ac2c0ff24b457bae5445a51708e653/generated/checkpoints/MovieLens100K-488acb2a/LensKit.ImplicitMFScorer-402570f1-404/model.bpk,model.bpk,.bpk,629286,1ebe861e8997ae544e1573da04a678fc974f626c6ffe64878db9ec94cf76babb,2026-07-18T21:19:37,True
study_runs,V100_P1_NANO_I05_R01,study_runs/V100_P1_NANO_I05_R01/checkpoint/a5ac2c0ff24b457bae5445a51708e653/generated/checkpoints/MovieLens100K-488acb2a/LensKit.ImplicitMFScorer-402570f1-404/predictions.json,predictions.json,.json,42534313,c8ad26cd843f3a0f772963ae1afa2b7dc3cc4917c294f18a84163310d8e337e5,2026-07-18T21:20:30,True
study_runs,V100_P1_NANO_I05_R01,study_runs/V100_P1_NANO_I05_R01/checkpoint/a5ac2c0ff24b457bae5445a51708e653/generated/checkpoints/MovieLens100K-488acb2a/LensKit.ImplicitMFScorer-402570f1-505/model.bpk,model.bpk,.bpk,628528,30439e912159047405268450490ad3f6d199821b92d09d7b90e9cc3ddf63f78d,2026-07-18T21:21:00,True
study_runs,V100_P1_NANO_I05_R01,study_runs/V100_P1_NANO_I05_R01/checkpoint/a5ac2c0ff24b457bae5445a51708e653/generated/checkpoints/MovieLens100K-488acb2a/LensKit.ImplicitMFScorer-402570f1-505/predictions.json,predictions.json,.json,42844859,b1a4c242b4a1d27ce80297a4e469b1c13de8dbeb48159a0fe98cf6634ad59014,2026-07-18T21:21:53,True
study_runs,V100_P1_NANO_I05_R01,study_runs/V100_P1_NANO_I05_R01/checkpoint/a5ac2c0ff24b457bae5445a51708e653/generated/checkpoints/out.log,out.log,.log,0,e3b0c44298fc1c149afbf4c8996fb92427ae41e4649b934ca495991b7852b855,2026-07-18T21:16:36,True
study_runs,V100_P1_NANO_I05_R01,study_runs/V100_P1_NANO_I05_R01/checkpoint/a5ac2c0ff24b457bae5445a51708e653/generated/checkpoints/progress.json,progress.json,.json,1485,ef276ec6468047f1d0ceed044b4ad6be02171534bc8ad94a73ae46b01d382474,2026-07-18T21:22:03,True
study_runs,V100_P1_NANO_I05_R01,study_runs/V100_P1_NANO_I05_R01/checkpoint/a5ac2c0ff24b457bae5445a51708e653/generated/checkpoints/results.json,results.json,.json,677,70975adb586a6b6b10a47952a5da7963a74dd2230548938c3993aff3958439d7,2026-07-18T21:22:04,True
study_runs,V100_P1_NANO_I05_R01,study_runs/V100_P1_NANO_I05_R01/checkpoint/a5ac2c0ff24b457bae5445a51708e653/generated/outputs/precision_seed_101.csv,precision_seed_101.csv,.csv,31,c39d5d5b2903664fec7374a76b5473ed87fc97e8eba26855e85f3374bc209146,2026-07-18T21:16:36,True
study_runs,V100_P1_NANO_I05_R01,study_runs/V100_P1_NANO_I05_R01/checkpoint/a5ac2c0ff24b457bae5445a51708e653/generated/outputs/precision_seed_202.csv,precision_seed_202.csv,.csv,31,f34b956333d9ea338bee053a86cf96c0cf9f295672883639a205bd6b8db03d13,2026-07-18T21:17:58,True
study_runs,V100_P1_NANO_I05_R01,study_runs/V100_P1_NANO_I05_R01/checkpoint/a5ac2c0ff24b457bae5445a51708e653/generated/outputs/precision_seed_303.csv,precision_seed_303.csv,.csv,31,82188a91b24bcfa9fc829b49b9fdef17877e68693be0f829d1164ccea928e3e8,2026-07-18T21:19:19,True
study_runs,V100_P1_NANO_I05_R01,study_runs/V100_P1_NANO_I05_R01/checkpoint/a5ac2c0ff24b457bae5445a51708e653/generated/outputs/precision_seed_404.csv,precision_seed_404.csv,.csv,31,e25f792807c78ff47495108086b62dbd22659efe384be8a86298757726ec9875,2026-07-18T21:20:41,True
study_runs,V100_P1_NANO_I05_R01,study_runs/V100_P1_NANO_I05_R01/checkpoint/a5ac2c0ff24b457bae5445a51708e653/generated/outputs/precision_seed_505.csv,precision_seed_505.csv,.csv,31,47ea91ab51a44c73568ea4d0ced17d22c8323fe952e5a7eb3f43f6f3a880c10a,2026-07-18T21:22:04,True
study_runs,V100_P1_NANO_I05_R01,study_runs/V100_P1_NANO_I05_R01/checkpoint/a5ac2c0ff24b457bae5445a51708e653/generated/outputs/precision_seed_plot.png,precision_seed_plot.png,.png,15558,53527f182ef43719565ecda8a4d9f1b3d59e66224cd39de4907bfb107c52104b,2026-07-18T21:22:04,True
study_runs,V100_P1_NANO_I05_R01,study_runs/V100_P1_NANO_I05_R01/checkpoint/a5ac2c0ff24b457bae5445a51708e653/generated/outputs/summary.json,summary.json,.json,378,0497b96b5c1a6c63d93dd5a87ff97bbe940c467bd3c957c62ee5e272eab9d4ca,2026-07-18T21:22:04,True
study_runs,V100_P1_NANO_I05_R01,study_runs/V100_P1_NANO_I05_R01/checkpoint/a5ac2c0ff24b457bae5445a51708e653/out.log,out.log,.log,18725,4f42bf7e149c33287b99af4e55487ed996edd8bcaddba133d3a74ec92d33e754,2026-07-18T21:22:05,True
study_runs,V100_P1_NANO_I05_R01,study_runs/V100_P1_NANO_I05_R01/checkpoint/a5ac2c0ff24b457bae5445a51708e653_iteration1/code.py,code.py,.py,11227,c20e431811dbdc3543c07ef22d969bf4c2fc70ddc37c3161259134e1ee9fbfe5,2026-07-18T22:01:45,True
study_runs,V100_P1_NANO_I05_R01,study_runs/V100_P1_NANO_I05_R01/checkpoint/a5ac2c0ff24b457bae5445a51708e653_iteration1/exec_result.pkl,exec_result.pkl,.pkl,2881,8e8366ac604d9d9141681603a325e4bc0bc2b06e5703e3b76e006659e20b9033,2026-07-18T21:49:48,True
study_runs,V100_P1_NANO_I05_R01,study_runs/V100_P1_NANO_I05_R01/checkpoint/a5ac2c0ff24b457bae5445a51708e653_iteration1/out.log,out.log,.log,2692,67bef5bccfd34d7c662e451294dcdf9f66b9aab79fd215cda31eee3f7591d541,2026-07-18T21:49:48,True
study_runs,V100_P1_NANO_I05_R01,study_runs/V100_P1_NANO_I05_R01/checkpoint/a5ac2c0ff24b457bae5445a51708e653_iteration2/code.py,code.py,.py,2,7eb70257593da06f682a3ddda54a9d260d4fc514f645237f5ca74b08f8da61a6,2026-07-18T22:01:45,True
study_runs,V100_P1_NANO_I05_R01,study_runs/V100_P1_NANO_I05_R01/checkpoint/a5ac2c0ff24b457bae5445a51708e653_iteration2/exec_result.pkl,exec_result.pkl,.pkl,169,5e8ca9bd7e265ca5d77c475a4a5cf593babddb41af0b21c4cc3dfbf86f3afe66,2026-07-18T21:56:01,True
study_runs,V100_P1_NANO_I05_R01,study_runs/V100_P1_NANO_I05_R01/checkpoint/a5ac2c0ff24b457bae5445a51708e653_iteration2/out.log,out.log,.log,49,b999c05453cbce1dd7fa3d0ee70d14f3b54a511d7b134eda76c99d23181d0525,2026-07-18T21:56:01,True
study_runs,V100_P1_NANO_I05_R01,study_runs/V100_P1_NANO_I05_R01/checkpoint/a5ac2c0ff24b457bae5445a51708e653_seed/code.py,code.py,.py,3994,11e2c472f2aa2f805ba4f9e1baf995f0f9d270267f8049ac3ed8d3d51f6b58b4,2026-07-18T21:54:46,True
study_runs,V100_P1_NANO_I05_R01,study_runs/V100_P1_NANO_I05_R01/checkpoint/a5ac2c0ff24b457bae5445a51708e653_seed/exec_result.pkl,exec_result.pkl,.pkl,19268,a2af921339a5712182cca13b558901cf127c57a750123e7d1ff7f9be22f2a6e3,2026-07-18T21:41:48,True
study_runs,V100_P1_NANO_I05_R01,study_runs/V100_P1_NANO_I05_R01/checkpoint/a5ac2c0ff24b457bae5445a51708e653_seed/generated/checkpoints/err.log,err.log,.log,5975,c82c303c9ab0d729d313294053b2514230acc97ddc79eb833b90d24ba6e03c72,2026-07-18T21:41:48,True
study_runs,V100_P1_NANO_I05_R01,study_runs/V100_P1_NANO_I05_R01/checkpoint/a5ac2c0ff24b457bae5445a51708e653_seed/generated/checkpoints/MovieLens100K-488acb2a/LensKit.ImplicitMFScorer-402570f1-101/model.bpk,model.bpk,.bpk,630398,0b9f2954422e867272f129c1bf9df99f902a4cd53472fd83a1340c246898ddb2,2026-07-18T21:35:16,True
study_runs,V100_P1_NANO_I05_R01,study_runs/V100_P1_NANO_I05_R01/checkpoint/a5ac2c0ff24b457bae5445a51708e653_seed/generated/checkpoints/MovieLens100K-488acb2a/LensKit.ImplicitMFScorer-402570f1-101/predictions.json,predictions.json,.json,42805347,264ae0999d2e5f49af6112fd51562c5643e7974390a6e1126ddd4f34b4bd7f69,2026-07-18T21:36:11,True
study_runs,V100_P1_NANO_I05_R01,study_runs/V100_P1_NANO_I05_R01/checkpoint/a5ac2c0ff24b457bae5445a51708e653_seed/generated/checkpoints/MovieLens100K-488acb2a/LensKit.ImplicitMFScorer-402570f1-202/model.bpk,model.bpk,.bpk,626972,33793b3d0b8a9fd0b3da33b93cd938fded8c713b7d43d4e5df93d67e237d17d5,2026-07-18T21:36:38,True
study_runs,V100_P1_NANO_I05_R01,study_runs/V100_P1_NANO_I05_R01/checkpoint/a5ac2c0ff24b457bae5445a51708e653_seed/generated/checkpoints/MovieLens100K-488acb2a/LensKit.ImplicitMFScorer-402570f1-202/predictions.json,predictions.json,.json,42497313,8a741ebc1309ca178d5f488e33fbc0e5d1e12ec4c167adc8437068074a457153,2026-07-18T21:37:30,True
study_runs,V100_P1_NANO_I05_R01,study_runs/V100_P1_NANO_I05_R01/checkpoint/a5ac2c0ff24b457bae5445a51708e653_seed/generated/checkpoints/MovieLens100K-488acb2a/LensKit.ImplicitMFScorer-402570f1-303/model.bpk,model.bpk,.bpk,627332,da9f03c561938413e649f0ac71ef111fe8e9eb26efaa76e5b8c97e9d1cc040b0,2026-07-18T21:37:59,True
study_runs,V100_P1_NANO_I05_R01,study_runs/V100_P1_NANO_I05_R01/checkpoint/a5ac2c0ff24b457bae5445a51708e653_seed/generated/checkpoints/MovieLens100K-488acb2a/LensKit.ImplicitMFScorer-402570f1-303/predictions.json,predictions.json,.json,42816808,2eab3cdeeb9b8e0a2064dec7b202ed41d8bad36a9aa1dafcdd26625ace4346e6,2026-07-18T21:38:53,True
study_runs,V100_P1_NANO_I05_R01,study_runs/V100_P1_NANO_I05_R01/checkpoint/a5ac2c0ff24b457bae5445a51708e653_seed/generated/checkpoints/MovieLens100K-488acb2a/LensKit.ImplicitMFScorer-402570f1-404/model.bpk,model.bpk,.bpk,629413,7ebd2a7a55a11f1f26ad1caf1ad1b0a5c1be8059124e4661c7aa82d583af2852,2026-07-18T21:39:22,True
study_runs,V100_P1_NANO_I05_R01,study_runs/V100_P1_NANO_I05_R01/checkpoint/a5ac2c0ff24b457bae5445a51708e653_seed/generated/checkpoints/MovieLens100K-488acb2a/LensKit.ImplicitMFScorer-402570f1-404/predictions.json,predictions.json,.json,42528248,058bc36bef64c8b4364c0b2f529c22f3a3951533383f3a48ac38d89633e03965,2026-07-18T21:40:14,True
study_runs,V100_P1_NANO_I05_R01,study_runs/V100_P1_NANO_I05_R01/checkpoint/a5ac2c0ff24b457bae5445a51708e653_seed/generated/checkpoints/MovieLens100K-488acb2a/LensKit.ImplicitMFScorer-402570f1-505/model.bpk,model.bpk,.bpk,628547,f8fd7916d56a9082cfa31a11b2c15c10a252d91f57d1af9b1662983c2c8d7e91,2026-07-18T21:40:43,True
study_runs,V100_P1_NANO_I05_R01,study_runs/V100_P1_NANO_I05_R01/checkpoint/a5ac2c0ff24b457bae5445a51708e653_seed/generated/checkpoints/MovieLens100K-488acb2a/LensKit.ImplicitMFScorer-402570f1-505/predictions.json,predictions.json,.json,42845240,a4b6661ca5ae1feaed7192cca3dbb27026c893c73962d436324c6ef6b6bc1177,2026-07-18T21:41:36,True
study_runs,V100_P1_NANO_I05_R01,study_runs/V100_P1_NANO_I05_R01/checkpoint/a5ac2c0ff24b457bae5445a51708e653_seed/generated/checkpoints/out.log,out.log,.log,0,e3b0c44298fc1c149afbf4c8996fb92427ae41e4649b934ca495991b7852b855,2026-07-18T21:36:20,True
study_runs,V100_P1_NANO_I05_R01,study_runs/V100_P1_NANO_I05_R01/checkpoint/a5ac2c0ff24b457bae5445a51708e653_seed/generated/checkpoints/progress.json,progress.json,.json,1485,ef276ec6468047f1d0ceed044b4ad6be02171534bc8ad94a73ae46b01d382474,2026-07-18T21:41:47,True
study_runs,V100_P1_NANO_I05_R01,study_runs/V100_P1_NANO_I05_R01/checkpoint/a5ac2c0ff24b457bae5445a51708e653_seed/generated/checkpoints/results.json,results.json,.json,677,2c46fcac51957c6ebdc85698be19b0eba9341d59f8122a7eaff407549ea135cb,2026-07-18T21:41:48,True
study_runs,V100_P1_NANO_I05_R01,study_runs/V100_P1_NANO_I05_R01/checkpoint/a5ac2c0ff24b457bae5445a51708e653_seed/generated/outputs/precision_seed_101.csv,precision_seed_101.csv,.csv,31,c39d5d5b2903664fec7374a76b5473ed87fc97e8eba26855e85f3374bc209146,2026-07-18T21:36:20,True
study_runs,V100_P1_NANO_I05_R01,study_runs/V100_P1_NANO_I05_R01/checkpoint/a5ac2c0ff24b457bae5445a51708e653_seed/generated/outputs/precision_seed_202.csv,precision_seed_202.csv,.csv,31,f34b956333d9ea338bee053a86cf96c0cf9f295672883639a205bd6b8db03d13,2026-07-18T21:37:42,True
study_runs,V100_P1_NANO_I05_R01,study_runs/V100_P1_NANO_I05_R01/checkpoint/a5ac2c0ff24b457bae5445a51708e653_seed/generated/outputs/precision_seed_303.csv,precision_seed_303.csv,.csv,31,82188a91b24bcfa9fc829b49b9fdef17877e68693be0f829d1164ccea928e3e8,2026-07-18T21:39:04,True
study_runs,V100_P1_NANO_I05_R01,study_runs/V100_P1_NANO_I05_R01/checkpoint/a5ac2c0ff24b457bae5445a51708e653_seed/generated/outputs/precision_seed_404.csv,precision_seed_404.csv,.csv,31,e25f792807c78ff47495108086b62dbd22659efe384be8a86298757726ec9875,2026-07-18T21:40:26,True
study_runs,V100_P1_NANO_I05_R01,study_runs/V100_P1_NANO_I05_R01/checkpoint/a5ac2c0ff24b457bae5445a51708e653_seed/generated/outputs/precision_seed_505.csv,precision_seed_505.csv,.csv,31,47ea91ab51a44c73568ea4d0ced17d22c8323fe952e5a7eb3f43f6f3a880c10a,2026-07-18T21:41:48,True
study_runs,V100_P1_NANO_I05_R01,study_runs/V100_P1_NANO_I05_R01/checkpoint/a5ac2c0ff24b457bae5445a51708e653_seed/generated/outputs/precision_seed_plot.png,precision_seed_plot.png,.png,15558,53527f182ef43719565ecda8a4d9f1b3d59e66224cd39de4907bfb107c52104b,2026-07-18T21:41:48,True
study_runs,V100_P1_NANO_I05_R01,study_runs/V100_P1_NANO_I05_R01/checkpoint/a5ac2c0ff24b457bae5445a51708e653_seed/generated/outputs/summary.json,summary.json,.json,378,0497b96b5c1a6c63d93dd5a87ff97bbe940c467bd3c957c62ee5e272eab9d4ca,2026-07-18T21:41:48,True
study_runs,V100_P1_NANO_I05_R01,study_runs/V100_P1_NANO_I05_R01/checkpoint/a5ac2c0ff24b457bae5445a51708e653_seed/out.log,out.log,.log,18725,9c3f2799a8449d994271f66f94d693fa5045cd720b702041db6779dc669ad36f,2026-07-18T21:41:48,True
study_runs,V100_P1_NANO_I05_R01,study_runs/V100_P1_NANO_I05_R01/checkpoint/db73e01882ec4d9482a29901e1c1fea5/code.py,code.py,.py,3419,490452ac599e34e7e20af79b57112c8d70fca7793b9d8156f0a578ef8a7ab8c9,2026-07-18T21:13:54,True
study_runs,V100_P1_NANO_I05_R01,study_runs/V100_P1_NANO_I05_R01/checkpoint/db73e01882ec4d9482a29901e1c1fea5/exec_result.pkl,exec_result.pkl,.pkl,3298,a01a322a7b546dbbae74aa570776c5debf2b39937e788d5cf53ee0ccdcd8e1d3,2026-07-18T21:08:08,True
study_runs,V100_P1_NANO_I05_R01,study_runs/V100_P1_NANO_I05_R01/checkpoint/db73e01882ec4d9482a29901e1c1fea5/out.log,out.log,.log,3099,8de2ec98411e2fb80f48abe350cc7fbd99dce1d318beb9d7197750126f783286,2026-07-18T21:08:08,True
study_runs,V100_P1_NANO_I05_R01,study_runs/V100_P1_NANO_I05_R01/checkpoint/e9854c7a846546f5b0f633d39fcb3c82/code.py,code.py,.py,4030,62f11e261d863abd51450bf2788edf2faf28ce2cd0921ddfdbf8161194d74155,2026-07-18T21:34:00,True
study_runs,V100_P1_NANO_I05_R01,study_runs/V100_P1_NANO_I05_R01/checkpoint/e9854c7a846546f5b0f633d39fcb3c82/exec_result.pkl,exec_result.pkl,.pkl,3298,84c088eff4dc6b079f603b20490bf8b0f02c4c49a9ce32cc34d6bcf45a0a1f59,2026-07-18T21:27:03,True
study_runs,V100_P1_NANO_I05_R01,study_runs/V100_P1_NANO_I05_R01/checkpoint/e9854c7a846546f5b0f633d39fcb3c82/out.log,out.log,.log,3099,4389990c662f0bb0ec18ae3004cf6d622be3c75690da6df414e6b4683e8973fd,2026-07-18T21:27:03,True
study_runs,V100_P1_NANO_I05_R01,study_runs/V100_P1_NANO_I05_R01/checkpoint/f24ec75a21744db981947386cf39b1d4/code.py,code.py,.py,3192,74662e8d0846aebaac04da83b221e2d1fa70deecfabb7cea5d3d2f9a7fefd38a,2026-07-18T21:04:56,True
study_runs,V100_P1_NANO_I05_R01,study_runs/V100_P1_NANO_I05_R01/checkpoint/f24ec75a21744db981947386cf39b1d4/exec_result.pkl,exec_result.pkl,.pkl,3296,3a8f8d82d64bd03d57b03bea1e73add28a3f5d7e264b8ce5dc14067a130f7cee,2026-07-18T20:58:01,True
study_runs,V100_P1_NANO_I05_R01,study_runs/V100_P1_NANO_I05_R01/checkpoint/f24ec75a21744db981947386cf39b1d4/out.log,out.log,.log,3097,6321961c874e8e518b41e713e379eefcb9ca3f56f34bade0e5b98579789a05ea,2026-07-18T20:58:01,True
study_runs,V100_P1_NANO_I05_R01,study_runs/V100_P1_NANO_I05_R01/code_requirements_final.json,code_requirements_final.json,.json,2975,33ea575be702eda3c435b14ccf1f58393324cabd13fefcb2529fc63b436f7cb2,2026-07-18T21:34:52,True
study_runs,V100_P1_NANO_I05_R01,study_runs/V100_P1_NANO_I05_R01/code_requirements_prototype.json,code_requirements_prototype.json,.json,1075,47830195922e3b3bd729843315869d7c2369434d02374d545d63161349c51cf4,2026-07-18T20:56:12,True
study_runs,V100_P1_NANO_I05_R01,study_runs/V100_P1_NANO_I05_R01/config.source.toml,config.source.toml,.toml,386,43ad328d9e971575946598bc6c906a320d878b57103e5825b7bc1b351074558f,2026-07-18T20:55:22,True
study_runs,V100_P1_NANO_I05_R01,study_runs/V100_P1_NANO_I05_R01/config.toml,config.toml,.toml,414,e763d66571b20c325d8ec0c108a626e86a27e147ab81e6fa49a98b671a30d875,2026-07-18T20:55:22,True
study_runs,V100_P1_NANO_I05_R01,study_runs/V100_P1_NANO_I05_R01/costs_log.csv,costs_log.csv,.csv,14682,0279d95738450e8fa57792c28573c33b9f08d76fa903f76f947cf0c36525180b,2026-07-18T22:02:12,True
study_runs,V100_P1_NANO_I05_R01,study_runs/V100_P1_NANO_I05_R01/debug.log,debug.log,.log,326523,d549b95df30bc02fb41de2e8fdf37877ad65d33ad12d1a0fff10b5e225e97e0c,2026-07-18T22:02:16,True
study_runs,V100_P1_NANO_I05_R01,study_runs/V100_P1_NANO_I05_R01/entered_prompt.txt,entered_prompt.txt,.txt,437,6edc6d3ea582b4064275813302d2a2d0f2728f5678dfacf25d976c8d75b5b963,2026-07-18T20:55:22,True
study_runs,V100_P1_NANO_I05_R01,study_runs/V100_P1_NANO_I05_R01/save.pkl,save.pkl,.pkl,159670,88bbe91b55e917d719372fd017991b268b80af21f447027ca4f5e89e2a67df82,2026-07-18T21:34:08,True
study_runs,V100_P1_NANO_I05_R01,study_runs/V100_P1_NANO_I05_R01/statistics/0_f24ec75a21744db981947386cf39b1d4.txt,0_f24ec75a21744db981947386cf39b1d4.txt,.txt,437,9fa3714d30c843e8122494e17edca6995f928dd2311135424ed5ecd0233e454a,2026-07-18T21:00:51,True
study_runs,V100_P1_NANO_I05_R01,study_runs/V100_P1_NANO_I05_R01/statistics/1_91095a883b894f97bf4b02110d12b880.txt,1_91095a883b894f97bf4b02110d12b880.txt,.txt,438,9e394087b6b90270394ae0d05961ff907f8f725590ad5ee1beafdad581e25ff5,2026-07-18T21:04:56,True
study_runs,V100_P1_NANO_I05_R01,study_runs/V100_P1_NANO_I05_R01/statistics/2_db73e01882ec4d9482a29901e1c1fea5.txt,2_db73e01882ec4d9482a29901e1c1fea5.txt,.txt,468,9891f1781f6ea788804104843c896cb195adcc65b5f54cc3383f3dec55b5e8da,2026-07-18T21:11:19,True
study_runs,V100_P1_NANO_I05_R01,study_runs/V100_P1_NANO_I05_R01/statistics/3_47a7cea2b5264a00867ae995e92e95f1.txt,3_47a7cea2b5264a00867ae995e92e95f1.txt,.txt,410,7d530bdcdb8a339d56013d3c0129af19a14f200eaf83d4f1e676ed1c4345f321,2026-07-18T21:13:54,True
study_runs,V100_P1_NANO_I05_R01,study_runs/V100_P1_NANO_I05_R01/statistics/4_a5ac2c0ff24b457bae5445a51708e653.txt,4_a5ac2c0ff24b457bae5445a51708e653.txt,.txt,478,c5741548d1a239b31bcbf7f6e93c4bc46e9d2c49645e15cd4f035bf656772280,2026-07-18T21:24:23,True
study_runs,V100_P1_NANO_I05_R01,study_runs/V100_P1_NANO_I05_R01/statistics/5_e9854c7a846546f5b0f633d39fcb3c82.txt,5_e9854c7a846546f5b0f633d39fcb3c82.txt,.txt,454,5042aad4c7896cfe9d18d34feaf2eeec4e81614431bfbf023120e7af5f852337,2026-07-18T21:29:27,True
study_runs,V100_P1_NANO_I05_R01,study_runs/V100_P1_NANO_I05_R01/statistics/6_3b4cabf830f444f891472b9b753af650.txt,6_3b4cabf830f444f891472b9b753af650.txt,.txt,498,1f75e66888f44e58414f914584b606801d069e5522d8f4b0f809b9ef270a1f03,2026-07-18T21:34:00,True
study_runs,V100_P1_NANO_I05_R01,study_runs/V100_P1_NANO_I05_R01/statistics/7_a5ac2c0ff24b457bae5445a51708e653_seed.txt,7_a5ac2c0ff24b457bae5445a51708e653_seed.txt,.txt,484,3a23cf9e5aa498e23834cea26e4e47fbed132a7485d4a9bc4cf80397ec190789,2026-07-18T21:46:20,True
study_runs,V100_P1_NANO_I05_R01,study_runs/V100_P1_NANO_I05_R01/statistics/8_a5ac2c0ff24b457bae5445a51708e653_iteration1.txt,8_a5ac2c0ff24b457bae5445a51708e653_iteration1.txt,.txt,518,501c268a0e6cc46775f1077629b5751d9e725a4ac1c2b44f6d934fe2f5510e0a,2026-07-18T21:54:46,True
study_runs,V100_P1_NANO_I05_R01,study_runs/V100_P1_NANO_I05_R01/statistics/9_a5ac2c0ff24b457bae5445a51708e653_iteration2.txt,9_a5ac2c0ff24b457bae5445a51708e653_iteration2.txt,.txt,421,159df6cee09069f4e688acaff1c304826c4e5b14fcd38abed58a2091affac772,2026-07-18T22:01:46,True
study_runs,V100_P1_NANO_I05_R01,study_runs/V100_P1_NANO_I05_R01/statistics/arguments_per_function.png,arguments_per_function.png,.png,78486,fb3f2a7e446bae95aa667f931e6bce6e20163e944c315f0fe371c3c7346b00a4,2026-07-18T22:02:14,True
study_runs,V100_P1_NANO_I05_R01,study_runs/V100_P1_NANO_I05_R01/statistics/classes.png,classes.png,.png,51772,f6cefe72a45b369de8b8a41aa1517cfff1f6967e2805f0ae8b25be5b60ea1638,2026-07-18T22:02:14,True
study_runs,V100_P1_NANO_I05_R01,study_runs/V100_P1_NANO_I05_R01/statistics/comment_lines.png,comment_lines.png,.png,65086,77e7a836d7369e5b96007e9601a2f2e0931e412f9b75cb06092ebdf50cd95f30,2026-07-18T22:02:13,True
study_runs,V100_P1_NANO_I05_R01,study_runs/V100_P1_NANO_I05_R01/statistics/conditions.png,conditions.png,.png,73016,70bd1a3b88ff1340a7a7a14ff293b95beba69af732a48885b933480e767b1d21,2026-07-18T22:02:15,True
study_runs,V100_P1_NANO_I05_R01,study_runs/V100_P1_NANO_I05_R01/statistics/deletions.png,deletions.png,.png,67289,676c3b8497ca7b61c7d0d3039899907410e986ebad4f1b14f0add29103353562,2026-07-18T22:02:16,True
study_runs,V100_P1_NANO_I05_R01,study_runs/V100_P1_NANO_I05_R01/statistics/empty_lines.png,empty_lines.png,.png,68328,2a5b9af7cdbe7b28b6ef004ff2b7b9e7af1a45b675a3d67caf07d38ea53e94ca,2026-07-18T22:02:13,True
study_runs,V100_P1_NANO_I05_R01,study_runs/V100_P1_NANO_I05_R01/statistics/execution_time.png,execution_time.png,.png,65799,e719a8fe6524f28831759ac7333536f2561d27de35b4e266cf57f410d51238a9,2026-07-18T22:02:12,True
study_runs,V100_P1_NANO_I05_R01,study_runs/V100_P1_NANO_I05_R01/statistics/functions.png,functions.png,.png,62693,d050c607332f582c0d48e7e62fbe3eb4daf74f831b6e839a5a39e0dcee9a849e,2026-07-18T22:02:14,True
study_runs,V100_P1_NANO_I05_R01,study_runs/V100_P1_NANO_I05_R01/statistics/insertions.png,insertions.png,.png,73532,72e3b17c10e8bec048fb7b390a2b4a6b6438f409100848af6e2d41cf8842cc49,2026-07-18T22:02:15,True
study_runs,V100_P1_NANO_I05_R01,study_runs/V100_P1_NANO_I05_R01/statistics/libraries_imported.png,libraries_imported.png,.png,71168,41add090d4bac8e9b7d6fdf3d27f767fe1d77bd05937ce5f3f211a45fea44641,2026-07-18T22:02:14,True
study_runs,V100_P1_NANO_I05_R01,study_runs/V100_P1_NANO_I05_R01/statistics/lines_of_code.png,lines_of_code.png,.png,72785,61385155124267016514f2b5c4449d7749d7c65a7cc5bd3db93adee43df2ef33,2026-07-18T22:02:12,True
study_runs,V100_P1_NANO_I05_R01,study_runs/V100_P1_NANO_I05_R01/statistics/loops.png,loops.png,.png,55092,c5bf07e76939afc799ee456ed3b2b677948433903adacd0b16a1d1e48b224b92,2026-07-18T22:02:15,True
study_runs,V100_P1_NANO_I05_R01,study_runs/V100_P1_NANO_I05_R01/statistics/summary_overall_nodes.txt,summary_overall_nodes.txt,.txt,473,13321b8c7a128c38f6a886b8d3a4b8681462d6b684b0c687890b2c030970c0c8,2026-07-18T22:02:12,True
study_runs,V100_P1_NANO_I05_R01,study_runs/V100_P1_NANO_I05_R01/statistics/total_characters.png,total_characters.png,.png,79149,2b62d8721a93dcacda5b1a356b4602949ff13297310b3c7eaab4431d835a8bc0,2026-07-18T22:02:13,True
study_runs,V100_P1_NANO_I05_R01,study_runs/V100_P1_NANO_I05_R01/statistics/variable_assignments.png,variable_assignments.png,.png,75337,c73d4d2cbd33943c6db604472dddecf2665e25c3a6d1429f59f35348660a5688,2026-07-18T22:02:15,True
study_runs,V100_P1_NANO_I05_R01,study_runs/V100_P1_NANO_I05_R01/summary.md,summary.md,.md,5422,71740948a52980fd5d898f0efc491a69e100317892c2afce7a7cc074e8585d2b,2026-07-18T22:02:12,True
study_runs,V100_P1_NANO_I05_R01,study_runs/V100_P1_NANO_I05_R01/tree_render/pdf/combined_tree.pdf,combined_tree.pdf,.pdf,21893,9fff0af03ddd9de184a9affbf5b3ed17ded225181a308cfe0d74b8e8c06a9545,2026-07-18T21:34:07,True
study_runs,V100_P1_NANO_I05_R01,study_runs/V100_P1_NANO_I05_R01/tree_render/pdf/tree_0.pdf,tree_0.pdf,.pdf,21006,5b6f84f09ab13a0e95715fd29247bacef53a3345ea3b2998de97e4b6ee9ce8bc,2026-07-18T21:34:02,True
study_runs,V100_P1_NANO_I05_R01,study_runs/V100_P1_NANO_I05_R01/tree_render/pdf/tree_1.pdf,tree_1.pdf,.pdf,20527,d77b958e8aff1f3f837d4b3b4eb40ed1ec44b79610bcf24bcf49b93e53d4cd9c,2026-07-18T21:34:04,True
study_runs,V100_P1_NANO_I05_R01,study_runs/V100_P1_NANO_I05_R01/tree_render/png/combined_tree.png,combined_tree.png,.png,55363,e44d448918c7ade0bf65d65d8835c4d1dc6b8f77bd5f11b4c7948af32f46e54c,2026-07-18T21:34:06,True
study_runs,V100_P1_NANO_I05_R01,study_runs/V100_P1_NANO_I05_R01/tree_render/png/tree_0.png,tree_0.png,.png,42902,a6295e72d38d40041889be9b548c8f9df533de25fc52d9629a80fd26f6d1dd29,2026-07-18T21:34:01,True
study_runs,V100_P1_NANO_I05_R01,study_runs/V100_P1_NANO_I05_R01/tree_render/png/tree_1.png,tree_1.png,.png,33901,a349fbf06149c0ce22d26ab406367332de58982a957a6c4f7c8f35ebc2409aaa,2026-07-18T21:34:04,True
study_runs,V100_P1_NANO_I05_R01,study_runs/V100_P1_NANO_I05_R01/tree_render/svg/combined_tree.svg,combined_tree.svg,.svg,10628,a72c3af26787d3b4fd0b34526761427bb64b908eabf75998a17b6e84cfe3e021,2026-07-18T21:34:08,True
study_runs,V100_P1_NANO_I05_R01,study_runs/V100_P1_NANO_I05_R01/tree_render/svg/tree_0.svg,tree_0.svg,.svg,6390,4a1a6c00e2554e7c6616832070cb0689b0f895d413dc667e7c5da7e2d4a0a049,2026-07-18T21:34:03,True
study_runs,V100_P1_NANO_I05_R01,study_runs/V100_P1_NANO_I05_R01/tree_render/svg/tree_1.svg,tree_1.svg,.svg,4771,f50416bfe86696abaffea8b0ab0f7592b715dbed3516acc44aeb2ce3b3db099d,2026-07-18T21:34:05,True
study_runs,V100_P1_NANO_I05_R02,study_runs/V100_P1_NANO_I05_R02/checkpoint/2c90355f128f45a9978c71cbc8027819/code.py,code.py,.py,2,7eb70257593da06f682a3ddda54a9d260d4fc514f645237f5ca74b08f8da61a6,2026-07-18T21:28:46,True
study_runs,V100_P1_NANO_I05_R02,study_runs/V100_P1_NANO_I05_R02/checkpoint/2c90355f128f45a9978c71cbc8027819/exec_result.pkl,exec_result.pkl,.pkl,169,f6758f146b67f61142f53227a6f91f65771b1e5b7f6b993bda951a74915bbf9f,2026-07-18T21:19:43,True
study_runs,V100_P1_NANO_I05_R02,study_runs/V100_P1_NANO_I05_R02/checkpoint/2c90355f128f45a9978c71cbc8027819/out.log,out.log,.log,49,b999c05453cbce1dd7fa3d0ee70d14f3b54a511d7b134eda76c99d23181d0525,2026-07-18T21:19:43,True
study_runs,V100_P1_NANO_I05_R02,study_runs/V100_P1_NANO_I05_R02/checkpoint/2c90355f128f45a9978c71cbc8027819_iteration1/code.py,code.py,.py,9310,e80f72c4aa796cbfbb98343e4f6d39883718f2fae55451bdf9b892c94dfd6908,2026-07-18T21:49:07,True
study_runs,V100_P1_NANO_I05_R02,study_runs/V100_P1_NANO_I05_R02/checkpoint/2c90355f128f45a9978c71cbc8027819_iteration1/exec_result.pkl,exec_result.pkl,.pkl,11888,90a7130368141e1e4c98513d690fb5ca0222ff4b0cc89b774bb1bb4de177fcc4,2026-07-18T21:38:42,True
study_runs,V100_P1_NANO_I05_R02,study_runs/V100_P1_NANO_I05_R02/checkpoint/2c90355f128f45a9978c71cbc8027819_iteration1/generated/outputs/aggregated_results.csv,aggregated_results.csv,.csv,37,882c962521e9449021e05060b4fea81449a848d5fe88dd1b32f65a22878cdfc0,2026-07-18T21:38:39,True
study_runs,V100_P1_NANO_I05_R02,study_runs/V100_P1_NANO_I05_R02/checkpoint/2c90355f128f45a9978c71cbc8027819_iteration1/generated/outputs/plots/HetrecLastFM_ndcg_k_plot.png,HetrecLastFM_ndcg_k_plot.png,.png,17703,0adc3cd2b1b1dc823ba28ded45cd12eafc6e626116a91d890840da945b022c3f,2026-07-18T21:38:41,True
study_runs,V100_P1_NANO_I05_R02,study_runs/V100_P1_NANO_I05_R02/checkpoint/2c90355f128f45a9978c71cbc8027819_iteration1/generated/outputs/plots/HetrecLastFM_precision_k_plot.png,HetrecLastFM_precision_k_plot.png,.png,18749,db025e1e3b9d66752836349ccded60f97947f28174e0eab8f84281dc64315e59,2026-07-18T21:38:42,True
study_runs,V100_P1_NANO_I05_R02,study_runs/V100_P1_NANO_I05_R02/checkpoint/2c90355f128f45a9978c71cbc8027819_iteration1/generated/outputs/plots/MovieLens100K_ndcg_k_plot.png,MovieLens100K_ndcg_k_plot.png,.png,18121,0270aa5d9ab36cc27b21121c640d7a40309f94988db43b7f7214e33e52a04cba,2026-07-18T21:38:40,True
study_runs,V100_P1_NANO_I05_R02,study_runs/V100_P1_NANO_I05_R02/checkpoint/2c90355f128f45a9978c71cbc8027819_iteration1/generated/outputs/plots/MovieLens100K_precision_k_plot.png,MovieLens100K_precision_k_plot.png,.png,19195,a5c7b6dc89bd9f3d999c65dd429883595f0e57f336f151cba2a268de4da6ce5a,2026-07-18T21:38:40,True
study_runs,V100_P1_NANO_I05_R02,study_runs/V100_P1_NANO_I05_R02/checkpoint/2c90355f128f45a9978c71cbc8027819_iteration1/generated/outputs/plots/VideoGames_ndcg_k_plot.png,VideoGames_ndcg_k_plot.png,.png,17863,02db0609cb9a991018f69189805bf49c4b913f4ff638da37dfaa1de58863ba49,2026-07-18T21:38:41,True
study_runs,V100_P1_NANO_I05_R02,study_runs/V100_P1_NANO_I05_R02/checkpoint/2c90355f128f45a9978c71cbc8027819_iteration1/generated/outputs/plots/VideoGames_precision_k_plot.png,VideoGames_precision_k_plot.png,.png,19024,16573a7ca38d4034b1d27fb41d0ad7034217ebcf89c645e275ecbea1a896d586,2026-07-18T21:38:41,True
study_runs,V100_P1_NANO_I05_R02,study_runs/V100_P1_NANO_I05_R02/checkpoint/2c90355f128f45a9978c71cbc8027819_iteration1/generated/outputs/README.txt,README.txt,.txt,501,205777d394f2ff4c8ea7efe7bbb4844537ea8620fd04c8b7fc8f2414af6ec9b5,2026-07-18T21:38:42,True
study_runs,V100_P1_NANO_I05_R02,study_runs/V100_P1_NANO_I05_R02/checkpoint/2c90355f128f45a9978c71cbc8027819_iteration1/generated/outputs/results.csv,results.csv,.csv,39,70b6c668bc7dfc7d38f89699f43e2248b2280c4daf25859095bed254a7145c4b,2026-07-18T21:38:39,True
study_runs,V100_P1_NANO_I05_R02,study_runs/V100_P1_NANO_I05_R02/checkpoint/2c90355f128f45a9978c71cbc8027819_iteration1/out.log,out.log,.log,11481,14b05ccd7026a050f8b52946baab9585f584552c37406e0533fdf68657608e1a,2026-07-18T21:38:42,True
study_runs,V100_P1_NANO_I05_R02,study_runs/V100_P1_NANO_I05_R02/checkpoint/2c90355f128f45a9978c71cbc8027819_iteration2/code.py,code.py,.py,85,872ad6061bd060229ac6a62e563c8a7ecc5451728edd0864a6aa9841cf16ae38,2026-07-18T21:49:07,True
study_runs,V100_P1_NANO_I05_R02,study_runs/V100_P1_NANO_I05_R02/checkpoint/2c90355f128f45a9978c71cbc8027819_iteration2/exec_result.pkl,exec_result.pkl,.pkl,169,fd68edb35a04b9e1b9fcb1ea8784a14c7c2d6dcb92c73543d4862a1fe84476c8,2026-07-18T21:44:16,True
study_runs,V100_P1_NANO_I05_R02,study_runs/V100_P1_NANO_I05_R02/checkpoint/2c90355f128f45a9978c71cbc8027819_iteration2/out.log,out.log,.log,49,b999c05453cbce1dd7fa3d0ee70d14f3b54a511d7b134eda76c99d23181d0525,2026-07-18T21:44:16,True
study_runs,V100_P1_NANO_I05_R02,study_runs/V100_P1_NANO_I05_R02/checkpoint/2c90355f128f45a9978c71cbc8027819_seed/code.py,code.py,.py,2,7eb70257593da06f682a3ddda54a9d260d4fc514f645237f5ca74b08f8da61a6,2026-07-18T21:43:11,True
study_runs,V100_P1_NANO_I05_R02,study_runs/V100_P1_NANO_I05_R02/checkpoint/2c90355f128f45a9978c71cbc8027819_seed/exec_result.pkl,exec_result.pkl,.pkl,169,27619c46d90fa383f16b7d920d15acd52155341c39e86823e51746a72d3c7a3d,2026-07-18T21:30:01,True
study_runs,V100_P1_NANO_I05_R02,study_runs/V100_P1_NANO_I05_R02/checkpoint/2c90355f128f45a9978c71cbc8027819_seed/out.log,out.log,.log,49,b999c05453cbce1dd7fa3d0ee70d14f3b54a511d7b134eda76c99d23181d0525,2026-07-18T21:30:01,True
study_runs,V100_P1_NANO_I05_R02,study_runs/V100_P1_NANO_I05_R02/checkpoint/37c0775b6dca4993a0cf77c7a347e61b/code.py,code.py,.py,9492,33f606f30975649cc9bd40a7dfe9482c43779fd46cfd67afa4e390b94cfd2ca2,2026-07-18T21:06:30,True
study_runs,V100_P1_NANO_I05_R02,study_runs/V100_P1_NANO_I05_R02/checkpoint/37c0775b6dca4993a0cf77c7a347e61b/exec_result.pkl,exec_result.pkl,.pkl,2094,6ad6f6f5f76f29e7dec1318a7fb4bd3b71d7752a8ccd2af05779c029e7a14755,2026-07-18T20:59:15,True
study_runs,V100_P1_NANO_I05_R02,study_runs/V100_P1_NANO_I05_R02/checkpoint/37c0775b6dca4993a0cf77c7a347e61b/generated/prototype_plot.png,prototype_plot.png,.png,35679,15824ece960937a6fd91be46f12cc78b67c09ebf08dd83f43ff972899712401e,2026-07-18T20:59:15,True
study_runs,V100_P1_NANO_I05_R02,study_runs/V100_P1_NANO_I05_R02/checkpoint/37c0775b6dca4993a0cf77c7a347e61b/out.log,out.log,.log,1895,add0c3e99062c795881ebb522bff19315ab7ee3d33d7d409df59198fbd935789,2026-07-18T20:59:15,True
study_runs,V100_P1_NANO_I05_R02,study_runs/V100_P1_NANO_I05_R02/checkpoint/39b2b05dfd60419683b3976abf10082a/code.py,code.py,.py,3820,424403cf53bb35a636c2d84c9b003ff2aba79c79c398ed910198d41ed13189f0,2026-07-18T21:25:13,True
study_runs,V100_P1_NANO_I05_R02,study_runs/V100_P1_NANO_I05_R02/checkpoint/39b2b05dfd60419683b3976abf10082a/exec_result.pkl,exec_result.pkl,.pkl,3471,cc77b762203e8cc4826352b5e5b0fbb153c7994235c3cceb1afc40ddd14f7807,2026-07-18T21:15:37,True
study_runs,V100_P1_NANO_I05_R02,study_runs/V100_P1_NANO_I05_R02/checkpoint/39b2b05dfd60419683b3976abf10082a/out.log,out.log,.log,3266,1150678301fe18d6dc592b9fecddbb71bab64ecf8abe11ca747e5188c0971b4f,2026-07-18T21:15:37,True
study_runs,V100_P1_NANO_I05_R02,study_runs/V100_P1_NANO_I05_R02/checkpoint/3fdb417208cc4974ac1981132e1c4b6f/code.py,code.py,.py,8280,e0bad305d0b1c70259d549e738ccc88b4209be4a15b1e89f809ff4c617d4c810,2026-07-18T21:34:48,True
study_runs,V100_P1_NANO_I05_R02,study_runs/V100_P1_NANO_I05_R02/checkpoint/3fdb417208cc4974ac1981132e1c4b6f/exec_result.pkl,exec_result.pkl,.pkl,1366,b5c8371a7886e64f937b021633b80fda9dcee7d85036596dddedd5167b3498d0,2026-07-18T21:25:53,True
study_runs,V100_P1_NANO_I05_R02,study_runs/V100_P1_NANO_I05_R02/checkpoint/3fdb417208cc4974ac1981132e1c4b6f/generated/per_seed_precision_log.json,per_seed_precision_log.json,.json,553,a3e1509b47462ac30b4e5f39a984ae715337bebda4a4e517611bb91e68de154b,2026-07-18T21:25:53,True
study_runs,V100_P1_NANO_I05_R02,study_runs/V100_P1_NANO_I05_R02/checkpoint/3fdb417208cc4974ac1981132e1c4b6f/generated/precision_bar_plot.png,precision_bar_plot.png,.png,19658,7ca296e9eac172ab8c91aa8f438e122f9b73f10ad09077c8e0a693b35e1a4c16,2026-07-18T21:25:53,True
study_runs,V100_P1_NANO_I05_R02,study_runs/V100_P1_NANO_I05_R02/checkpoint/3fdb417208cc4974ac1981132e1c4b6f/out.log,out.log,.log,1199,0f61b6b538460ef1984fd5652b54bc6ebfae28c4f1d3deb588ba084938f577e1,2026-07-18T21:25:53,True
study_runs,V100_P1_NANO_I05_R02,study_runs/V100_P1_NANO_I05_R02/checkpoint/401e11df85cb4e67ad5a8e3f5e3b9b62/code.py,code.py,.py,4649,55243fa2ea491f3ba791b3023a0dfb6ca89baf1cbf13511a90301750a8999dd2,2026-07-18T21:19:07,True
study_runs,V100_P1_NANO_I05_R02,study_runs/V100_P1_NANO_I05_R02/checkpoint/401e11df85cb4e67ad5a8e3f5e3b9b62/exec_result.pkl,exec_result.pkl,.pkl,2115,f7ca4c017c2841dfc1b94197dc49b97ee53762896d95a253fccd2fabdefdf06f,2026-07-18T21:11:49,True
study_runs,V100_P1_NANO_I05_R02,study_runs/V100_P1_NANO_I05_R02/checkpoint/401e11df85cb4e67ad5a8e3f5e3b9b62/out.log,out.log,.log,1946,6de1cec839ba1f3254be9a127be3b8859bd155ba5fefe2908e56bfad88d4c59d,2026-07-18T21:11:49,True
study_runs,V100_P1_NANO_I05_R02,study_runs/V100_P1_NANO_I05_R02/checkpoint/bd73efc9cdab45709d3c1be3a3a740ed/code.py,code.py,.py,4221,8165d816f3bd694484056693fe860798be1c58f575da0cb48622ab1fa95d8ba9,2026-07-18T21:10:39,True
study_runs,V100_P1_NANO_I05_R02,study_runs/V100_P1_NANO_I05_R02/checkpoint/bd73efc9cdab45709d3c1be3a3a740ed/exec_result.pkl,exec_result.pkl,.pkl,3446,5a1094e536c6cb5e21b9d5e3cc3be597030c47fbe6a0460b3c8529655dd9ed65,2026-07-18T21:03:54,True
study_runs,V100_P1_NANO_I05_R02,study_runs/V100_P1_NANO_I05_R02/checkpoint/bd73efc9cdab45709d3c1be3a3a740ed/out.log,out.log,.log,3243,99b9e39780a8003adfb3975c028cd0268a5f8f8753d44ece95f190a4667e5060,2026-07-18T21:03:54,True
study_runs,V100_P1_NANO_I05_R02,study_runs/V100_P1_NANO_I05_R02/checkpoint/fb28f4b4739d4ea9887ddba29d25f141/code.py,code.py,.py,5129,6ae75da8c556882061c3d5574eb1e6a00a1b3151ce740276631e3edca98abef1,2026-07-18T21:14:38,True
study_runs,V100_P1_NANO_I05_R02,study_runs/V100_P1_NANO_I05_R02/checkpoint/fb28f4b4739d4ea9887ddba29d25f141/exec_result.pkl,exec_result.pkl,.pkl,2530,3701d09c87a667a9a7d2d695725359a0009024a00b5bf17020536483b30aea02,2026-07-18T21:08:17,True
study_runs,V100_P1_NANO_I05_R02,study_runs/V100_P1_NANO_I05_R02/checkpoint/fb28f4b4739d4ea9887ddba29d25f141/out.log,out.log,.log,2351,20631da088339aa515bdad0aa953fac7461370c26d30986a3d5e4bcb78d802c2,2026-07-18T21:08:17,True
study_runs,V100_P1_NANO_I05_R02,study_runs/V100_P1_NANO_I05_R02/code_requirements_final.json,code_requirements_final.json,.json,3442,58cd8d43e2b462d3bfb512347dcb219352b51ae5b29fd75722bba473f64b68ad,2026-07-18T21:30:00,True
study_runs,V100_P1_NANO_I05_R02,study_runs/V100_P1_NANO_I05_R02/code_requirements_prototype.json,code_requirements_prototype.json,.json,1259,8868e75f83e5c981bb86d002d7fdce600ec25cf03c1f87607aa727557233c18d,2026-07-18T20:57:01,True
study_runs,V100_P1_NANO_I05_R02,study_runs/V100_P1_NANO_I05_R02/config.source.toml,config.source.toml,.toml,386,43ad328d9e971575946598bc6c906a320d878b57103e5825b7bc1b351074558f,2026-07-18T20:56:04,True
study_runs,V100_P1_NANO_I05_R02,study_runs/V100_P1_NANO_I05_R02/config.toml,config.toml,.toml,414,555504935b5820344c290e64e18c12a623c0007f7de624b5247fb321232f658c,2026-07-18T20:56:04,True
study_runs,V100_P1_NANO_I05_R02,study_runs/V100_P1_NANO_I05_R02/costs_log.csv,costs_log.csv,.csv,14141,70cebb47473be75da566b35d8bbe4cd2a5338c6161a6b003a00375a3d889f2a1,2026-07-18T21:49:27,True
study_runs,V100_P1_NANO_I05_R02,study_runs/V100_P1_NANO_I05_R02/debug.log,debug.log,.log,297159,46f96b7a5ca7e602b96be4a247ce1867f3e87c1dd64e178b6834b9d1eb7bd65e,2026-07-18T21:49:30,True
study_runs,V100_P1_NANO_I05_R02,study_runs/V100_P1_NANO_I05_R02/entered_prompt.txt,entered_prompt.txt,.txt,437,6edc6d3ea582b4064275813302d2a2d0f2728f5678dfacf25d976c8d75b5b963,2026-07-18T20:56:04,True
study_runs,V100_P1_NANO_I05_R02,study_runs/V100_P1_NANO_I05_R02/save.pkl,save.pkl,.pkl,146313,bc5d87fcb790a25236bdbe546c047a90eae5b37244e4f55ac2f87b26feeb4c13,2026-07-18T21:28:53,True
study_runs,V100_P1_NANO_I05_R02,study_runs/V100_P1_NANO_I05_R02/statistics/0_37c0775b6dca4993a0cf77c7a347e61b.txt,0_37c0775b6dca4993a0cf77c7a347e61b.txt,.txt,472,a4feb00342ca36226180adec87ec58080b6f125e6a669a09a23dce979d1b7037,2026-07-18T21:01:39,True
study_runs,V100_P1_NANO_I05_R02,study_runs/V100_P1_NANO_I05_R02/statistics/1_bd73efc9cdab45709d3c1be3a3a740ed.txt,1_bd73efc9cdab45709d3c1be3a3a740ed.txt,.txt,464,c698dae22eb9e55cff1320e04eac764e6855064432645f604c98aabff1a4b1f7,2026-07-18T21:06:30,True
study_runs,V100_P1_NANO_I05_R02,study_runs/V100_P1_NANO_I05_R02/statistics/2_fb28f4b4739d4ea9887ddba29d25f141.txt,2_fb28f4b4739d4ea9887ddba29d25f141.txt,.txt,471,60aef8b1218e13d1fdec2a5bf60034a5a1d0f92e3a0dfa501103e2eedc20d02c,2026-07-18T21:10:39,True
study_runs,V100_P1_NANO_I05_R02,study_runs/V100_P1_NANO_I05_R02/statistics/3_401e11df85cb4e67ad5a8e3f5e3b9b62.txt,3_401e11df85cb4e67ad5a8e3f5e3b9b62.txt,.txt,463,642bfd81712b29321f864ba2f880411a285d38fcc0dc8b6c6ed8da25397cc091,2026-07-18T21:14:38,True
study_runs,V100_P1_NANO_I05_R02,study_runs/V100_P1_NANO_I05_R02/statistics/4_39b2b05dfd60419683b3976abf10082a.txt,4_39b2b05dfd60419683b3976abf10082a.txt,.txt,462,d9b630a2ded0823d905e07c17cc2cc739ff385c56c3e46c130c55d9fb87df86f,2026-07-18T21:19:07,True
study_runs,V100_P1_NANO_I05_R02,study_runs/V100_P1_NANO_I05_R02/statistics/5_2c90355f128f45a9978c71cbc8027819.txt,5_2c90355f128f45a9978c71cbc8027819.txt,.txt,410,734aa39194725cf1e0f15fec51d24a4ec7c3b51def1f84e1d398ab7d1f2875ba,2026-07-18T21:25:13,True
study_runs,V100_P1_NANO_I05_R02,study_runs/V100_P1_NANO_I05_R02/statistics/6_3fdb417208cc4974ac1981132e1c4b6f.txt,6_3fdb417208cc4974ac1981132e1c4b6f.txt,.txt,470,834f27f81bf388b7809115caab87593f702a8f6a1ce38957081a107d220be0cd,2026-07-18T21:28:46,True
study_runs,V100_P1_NANO_I05_R02,study_runs/V100_P1_NANO_I05_R02/statistics/7_2c90355f128f45a9978c71cbc8027819_seed.txt,7_2c90355f128f45a9978c71cbc8027819_seed.txt,.txt,414,9d194dc6896a4a0dbca2d3113dd8bf05bd770e16558b1a300c490e9bf7de3e82,2026-07-18T21:34:48,True
study_runs,V100_P1_NANO_I05_R02,study_runs/V100_P1_NANO_I05_R02/statistics/8_2c90355f128f45a9978c71cbc8027819_iteration1.txt,8_2c90355f128f45a9978c71cbc8027819_iteration1.txt,.txt,513,3b309c424f4a62a6baec67a618420e9377432c046bc8d164a3d296563dbd1bf2,2026-07-18T21:43:11,True
study_runs,V100_P1_NANO_I05_R02,study_runs/V100_P1_NANO_I05_R02/statistics/9_2c90355f128f45a9978c71cbc8027819_iteration2.txt,9_2c90355f128f45a9978c71cbc8027819_iteration2.txt,.txt,420,dec64af23a45b712699cbdf452c4804d6c4aa68788fc084c9f1b74b4a5089932,2026-07-18T21:49:07,True
study_runs,V100_P1_NANO_I05_R02,study_runs/V100_P1_NANO_I05_R02/statistics/arguments_per_function.png,arguments_per_function.png,.png,67285,306ea872f7ce1ef97f3c4a0c1367236ff02c052283668b2cf687ff9a7fa06f94,2026-07-18T21:49:29,True
study_runs,V100_P1_NANO_I05_R02,study_runs/V100_P1_NANO_I05_R02/statistics/classes.png,classes.png,.png,53204,8c277c04a1db79d8ae03ecea202db29f62696e28bfcdb136a05ae89401bd25b7,2026-07-18T21:49:29,True
study_runs,V100_P1_NANO_I05_R02,study_runs/V100_P1_NANO_I05_R02/statistics/comment_lines.png,comment_lines.png,.png,81471,9c20551cd0db2e6df558073bad9000f51b8394f4a67a8602dc40fee386395952,2026-07-18T21:49:28,True
study_runs,V100_P1_NANO_I05_R02,study_runs/V100_P1_NANO_I05_R02/statistics/conditions.png,conditions.png,.png,70948,38c8c91017e3ac57931e42c9b3f447d37d764d3b749016a651bde61e40c4a364,2026-07-18T21:49:30,True
study_runs,V100_P1_NANO_I05_R02,study_runs/V100_P1_NANO_I05_R02/statistics/deletions.png,deletions.png,.png,80030,d05f4897b7fd4a89e53716fcd5482fbc001bffc64ad962b37658e8a5e4401f4d,2026-07-18T21:49:30,True
study_runs,V100_P1_NANO_I05_R02,study_runs/V100_P1_NANO_I05_R02/statistics/empty_lines.png,empty_lines.png,.png,71745,a939714ba8553d59c7649f35321a75c0492d17948f332321fe50674e5e8e4d63,2026-07-18T21:49:28,True
study_runs,V100_P1_NANO_I05_R02,study_runs/V100_P1_NANO_I05_R02/statistics/execution_time.png,execution_time.png,.png,70088,136ba385e7bd2b48c6fafd5f57e966f3fa1005d3342412ad183b06881c1cdfc2,2026-07-18T21:49:27,True
study_runs,V100_P1_NANO_I05_R02,study_runs/V100_P1_NANO_I05_R02/statistics/functions.png,functions.png,.png,57172,48e5416d5e0bd32c723b2a31c3b74310d2472917f91eee62e551cce659eae049,2026-07-18T21:49:29,True
study_runs,V100_P1_NANO_I05_R02,study_runs/V100_P1_NANO_I05_R02/statistics/insertions.png,insertions.png,.png,77975,b3c8c84b23a37fc6531852aa818624a518f4e4a08c15a63b9d9d374cb291fddf,2026-07-18T21:49:30,True
study_runs,V100_P1_NANO_I05_R02,study_runs/V100_P1_NANO_I05_R02/statistics/libraries_imported.png,libraries_imported.png,.png,71226,dfc8576d6c5071d335c887f8560d8562d2dd189e7d7c128fd6bd0b65d411278c,2026-07-18T21:49:28,True
study_runs,V100_P1_NANO_I05_R02,study_runs/V100_P1_NANO_I05_R02/statistics/lines_of_code.png,lines_of_code.png,.png,78597,5e3f1b158d0229c3c49e2a5b98a6c9410cec64e7fad4601c17c9df3d6f40ce20,2026-07-18T21:49:27,True
study_runs,V100_P1_NANO_I05_R02,study_runs/V100_P1_NANO_I05_R02/statistics/loops.png,loops.png,.png,63493,b801bbe6bcdc23a46fbb3f5926225718735e6ffdaf5a6e7dc15355ae03728412,2026-07-18T21:49:30,True
study_runs,V100_P1_NANO_I05_R02,study_runs/V100_P1_NANO_I05_R02/statistics/summary_overall_nodes.txt,summary_overall_nodes.txt,.txt,462,4605da0010b3e80fe73b3e083b8ac358f20ec819331ac14c73c5a2be354a9efb,2026-07-18T21:49:27,True
study_runs,V100_P1_NANO_I05_R02,study_runs/V100_P1_NANO_I05_R02/statistics/total_characters.png,total_characters.png,.png,82163,91f54592060c8abbd03547f551d4b7d22c4c6a4cae4751f6dc4732b503a518f4,2026-07-18T21:49:28,True
study_runs,V100_P1_NANO_I05_R02,study_runs/V100_P1_NANO_I05_R02/statistics/variable_assignments.png,variable_assignments.png,.png,75644,8b10ac78f047abee152ac574f54d441617f332e3e402b071becf1081bc6249f2,2026-07-18T21:49:29,True
study_runs,V100_P1_NANO_I05_R02,study_runs/V100_P1_NANO_I05_R02/summary.md,summary.md,.md,5352,a01e14f824fa19c876b9ab856ea9800010bc599293a5df8f1460f1a6c280e1e1,2026-07-18T21:49:27,True
study_runs,V100_P1_NANO_I05_R02,study_runs/V100_P1_NANO_I05_R02/tree_render/pdf/combined_tree.pdf,combined_tree.pdf,.pdf,22980,5d6eb9b57a2c7c1eeba94991dbb6711233396f7fd8add9544065a29ac6c2c815,2026-07-18T21:28:53,True
study_runs,V100_P1_NANO_I05_R02,study_runs/V100_P1_NANO_I05_R02/tree_render/pdf/tree_0.pdf,tree_0.pdf,.pdf,19620,9e660ee94409648147f323b6e41c0c7c57d4b134126fa6d0faf6a363f5e152aa,2026-07-18T21:28:48,True
study_runs,V100_P1_NANO_I05_R02,study_runs/V100_P1_NANO_I05_R02/tree_render/pdf/tree_1.pdf,tree_1.pdf,.pdf,22629,9d2f477183901e8826cfc2e052be1689d691d09d91a1c9e097973e6b2d141ea8,2026-07-18T21:28:50,True
study_runs,V100_P1_NANO_I05_R02,study_runs/V100_P1_NANO_I05_R02/tree_render/png/combined_tree.png,combined_tree.png,.png,71115,dde6308e867a94ec614c2b1342adbba1bee702488e73d1b50fb4b9a46906ca88,2026-07-18T21:28:52,True
study_runs,V100_P1_NANO_I05_R02,study_runs/V100_P1_NANO_I05_R02/tree_render/png/tree_0.png,tree_0.png,.png,22237,bdfe63c28bac590fb1b3dd42e73a6228b21381dfa20d8d0908e57519e4882b84,2026-07-18T21:28:47,True
study_runs,V100_P1_NANO_I05_R02,study_runs/V100_P1_NANO_I05_R02/tree_render/png/tree_1.png,tree_1.png,.png,53853,c32be8e04fdf22a0868c5490994fd15d0d7ead49d90f5e0ca8573810102a4182,2026-07-18T21:28:49,True
study_runs,V100_P1_NANO_I05_R02,study_runs/V100_P1_NANO_I05_R02/tree_render/svg/combined_tree.svg,combined_tree.svg,.svg,10582,a3e032b32ca8fb9f0e6cdfbf7b7de1a327a329f40d53ac9ebd04b1944e4668ca,2026-07-18T21:28:53,True
study_runs,V100_P1_NANO_I05_R02,study_runs/V100_P1_NANO_I05_R02/tree_render/svg/tree_0.svg,tree_0.svg,.svg,3176,acd6b6f2bbd7cf622daa32d08b3c8648f0128ffef3703fe5d46cb64d1070df76,2026-07-18T21:28:49,True
study_runs,V100_P1_NANO_I05_R02,study_runs/V100_P1_NANO_I05_R02/tree_render/svg/tree_1.svg,tree_1.svg,.svg,7927,811855624d50dea9d4c9bc292470ba015ade39a60275fc3d11f6a30954f94101,2026-07-18T21:28:51,True
study_runs,V100_P1_NANO_I05_R03,study_runs/V100_P1_NANO_I05_R03/checkpoint/6f1d0f4e2ffa4fdd96f993603e136fa2/code.py,code.py,.py,131,6bbff00caa1f8e34245ed5b2e6a822a2c9f233d834dcb9b5f5d0298647fba7bb,2026-07-19T14:02:10,True
study_runs,V100_P1_NANO_I05_R03,study_runs/V100_P1_NANO_I05_R03/checkpoint/6f1d0f4e2ffa4fdd96f993603e136fa2/exec_result.pkl,exec_result.pkl,.pkl,169,ddb2dd80560c87daaefe904c12c74ea1cacea06ebebfaa2eb93713ed0b9d7c51,2026-07-19T13:53:28,True
study_runs,V100_P1_NANO_I05_R03,study_runs/V100_P1_NANO_I05_R03/checkpoint/6f1d0f4e2ffa4fdd96f993603e136fa2/out.log,out.log,.log,49,b999c05453cbce1dd7fa3d0ee70d14f3b54a511d7b134eda76c99d23181d0525,2026-07-19T13:53:28,True
study_runs,V100_P1_NANO_I05_R03,study_runs/V100_P1_NANO_I05_R03/checkpoint/7365a8beb6ee4029b5ae1b99cfe9a957/code.py,code.py,.py,3763,e9a865c8a5a331534eec3b50b8cbab1468f64b1ba2adb575723236b41c79682e,2026-07-19T14:27:48,True
study_runs,V100_P1_NANO_I05_R03,study_runs/V100_P1_NANO_I05_R03/checkpoint/7365a8beb6ee4029b5ae1b99cfe9a957/exec_result.pkl,exec_result.pkl,.pkl,1509,79c09b9f8e3d6f7802247690333e433d6994a483b1a2aad61432b06050fc345c,2026-07-19T14:20:55,True
study_runs,V100_P1_NANO_I05_R03,study_runs/V100_P1_NANO_I05_R03/checkpoint/7365a8beb6ee4029b5ae1b99cfe9a957/generated/checkpoints/err.log,err.log,.log,0,e3b0c44298fc1c149afbf4c8996fb92427ae41e4649b934ca495991b7852b855,2026-07-19T14:20:55,True
study_runs,V100_P1_NANO_I05_R03,study_runs/V100_P1_NANO_I05_R03/checkpoint/7365a8beb6ee4029b5ae1b99cfe9a957/generated/checkpoints/out.log,out.log,.log,0,e3b0c44298fc1c149afbf4c8996fb92427ae41e4649b934ca495991b7852b855,2026-07-19T14:20:55,True
study_runs,V100_P1_NANO_I05_R03,study_runs/V100_P1_NANO_I05_R03/checkpoint/7365a8beb6ee4029b5ae1b99cfe9a957/generated/checkpoints/progress.json,progress.json,.json,399,73713c97014842dcbd2ceb572362354f256ed5ccf4219b303d2300db151429ce,2026-07-19T14:20:55,True
study_runs,V100_P1_NANO_I05_R03,study_runs/V100_P1_NANO_I05_R03/checkpoint/7365a8beb6ee4029b5ae1b99cfe9a957/out.log,out.log,.log,1356,8cd2c0bfc24e3bcb1f95f486811f8ddbae42bd9be3df02a725ad2834695ec97e,2026-07-19T14:20:55,True
study_runs,V100_P1_NANO_I05_R03,study_runs/V100_P1_NANO_I05_R03/checkpoint/8676fcf9d5a649d1a9d6d65edaa7437e/code.py,code.py,.py,2975,1af14224d83b0e951965b09c476461e89b0665b776e6f039b0d5a31449918622,2026-07-19T14:14:45,True
study_runs,V100_P1_NANO_I05_R03,study_runs/V100_P1_NANO_I05_R03/checkpoint/8676fcf9d5a649d1a9d6d65edaa7437e/exec_result.pkl,exec_result.pkl,.pkl,28556,f9db62424fd82a5378097680f9ad10512cf970fc4f373071661d2fa3025f0ee8,2026-07-19T14:05:53,True
study_runs,V100_P1_NANO_I05_R03,study_runs/V100_P1_NANO_I05_R03/checkpoint/8676fcf9d5a649d1a9d6d65edaa7437e/generated/checkpoints/err.log,err.log,.log,0,e3b0c44298fc1c149afbf4c8996fb92427ae41e4649b934ca495991b7852b855,2026-07-19T14:04:40,True
study_runs,V100_P1_NANO_I05_R03,study_runs/V100_P1_NANO_I05_R03/checkpoint/8676fcf9d5a649d1a9d6d65edaa7437e/generated/checkpoints/out.log,out.log,.log,0,e3b0c44298fc1c149afbf4c8996fb92427ae41e4649b934ca495991b7852b855,2026-07-19T14:04:40,True
study_runs,V100_P1_NANO_I05_R03,study_runs/V100_P1_NANO_I05_R03/checkpoint/8676fcf9d5a649d1a9d6d65edaa7437e/generated/checkpoints/progress.json,progress.json,.json,1830,e3ff4d646bc98b7e6468bf778ac151e77e89fd756286c7b957abd874d55808f1,2026-07-19T14:05:41,True
study_runs,V100_P1_NANO_I05_R03,study_runs/V100_P1_NANO_I05_R03/checkpoint/8676fcf9d5a649d1a9d6d65edaa7437e/generated/checkpoints/results.json,results.json,.json,2,44136fa355b3678a1146ad16f7e8649e94fb4fc21fe77e8310c060f61caaff8a,2026-07-19T14:05:51,True
study_runs,V100_P1_NANO_I05_R03,study_runs/V100_P1_NANO_I05_R03/checkpoint/8676fcf9d5a649d1a9d6d65edaa7437e/generated/prototype_ndcg_10.png,prototype_ndcg_10.png,.png,13887,1b8ab3dbb18002392abbb083625ed212effa250a41127f73715e4a8e027fb677,2026-07-19T14:05:52,True
study_runs,V100_P1_NANO_I05_R03,study_runs/V100_P1_NANO_I05_R03/checkpoint/8676fcf9d5a649d1a9d6d65edaa7437e/generated/prototype_results.csv,prototype_results.csv,.csv,52,4ea0544ffcf110d70239558efad53cbe973875b6048ce81b589bc16f0b7cb6b5,2026-07-19T14:05:52,True
study_runs,V100_P1_NANO_I05_R03,study_runs/V100_P1_NANO_I05_R03/checkpoint/8676fcf9d5a649d1a9d6d65edaa7437e/out.log,out.log,.log,27661,3bc49f7adbad06e53d8b303a8cc49224e579d356a9cdc5af08310b1fdeeeeebf,2026-07-19T14:05:53,True
study_runs,V100_P1_NANO_I05_R03,study_runs/V100_P1_NANO_I05_R03/checkpoint/8676fcf9d5a649d1a9d6d65edaa7437e_iteration1/code.py,code.py,.py,157,46ee23159416ab3d7978c13223f68076c57927f7521e896853cdaadd785ef617,2026-07-19T14:38:04,True
study_runs,V100_P1_NANO_I05_R03,study_runs/V100_P1_NANO_I05_R03/checkpoint/8676fcf9d5a649d1a9d6d65edaa7437e_iteration1/exec_result.pkl,exec_result.pkl,.pkl,169,6f577f1b1e22a2d4924d7757b8abf7c1a270c44d4cfcc4bb279d4093d1a819f4,2026-07-19T14:28:43,True
study_runs,V100_P1_NANO_I05_R03,study_runs/V100_P1_NANO_I05_R03/checkpoint/8676fcf9d5a649d1a9d6d65edaa7437e_iteration1/out.log,out.log,.log,49,b999c05453cbce1dd7fa3d0ee70d14f3b54a511d7b134eda76c99d23181d0525,2026-07-19T14:28:43,True
study_runs,V100_P1_NANO_I05_R03,study_runs/V100_P1_NANO_I05_R03/checkpoint/8676fcf9d5a649d1a9d6d65edaa7437e_iteration2/code.py,code.py,.py,7819,df8eb676e2241f1aa7c8a1a8b4e0e372a74f5adb340b55e49b42c47f2a8bcdc7,2026-07-19T14:38:04,True
study_runs,V100_P1_NANO_I05_R03,study_runs/V100_P1_NANO_I05_R03/checkpoint/8676fcf9d5a649d1a9d6d65edaa7437e_iteration2/exec_result.pkl,exec_result.pkl,.pkl,1508,70af6b1452c6d28115b3f4af68b4b106b75965e930628f8f9ef95dd2d80ad7c7,2026-07-19T14:35:31,True
study_runs,V100_P1_NANO_I05_R03,study_runs/V100_P1_NANO_I05_R03/checkpoint/8676fcf9d5a649d1a9d6d65edaa7437e_iteration2/out.log,out.log,.log,1355,6bca489f686572f9795ede9b7b20ef91a785723af79116bf68fb224ac026ae26,2026-07-19T14:35:31,True
study_runs,V100_P1_NANO_I05_R03,study_runs/V100_P1_NANO_I05_R03/checkpoint/8676fcf9d5a649d1a9d6d65edaa7437e_seed/code.py,code.py,.py,2975,1af14224d83b0e951965b09c476461e89b0665b776e6f039b0d5a31449918622,2026-07-19T14:31:51,True
study_runs,V100_P1_NANO_I05_R03,study_runs/V100_P1_NANO_I05_R03/checkpoint/8676fcf9d5a649d1a9d6d65edaa7437e_seed/exec_result.pkl,exec_result.pkl,.pkl,28556,7c8e4eee80c1286c4dad244029530b1ff9df3f23aaf85fb192730199a90c6bb9,2026-07-19T14:25:25,True
study_runs,V100_P1_NANO_I05_R03,study_runs/V100_P1_NANO_I05_R03/checkpoint/8676fcf9d5a649d1a9d6d65edaa7437e_seed/generated/checkpoints/err.log,err.log,.log,0,e3b0c44298fc1c149afbf4c8996fb92427ae41e4649b934ca495991b7852b855,2026-07-19T14:24:12,True
study_runs,V100_P1_NANO_I05_R03,study_runs/V100_P1_NANO_I05_R03/checkpoint/8676fcf9d5a649d1a9d6d65edaa7437e_seed/generated/checkpoints/out.log,out.log,.log,0,e3b0c44298fc1c149afbf4c8996fb92427ae41e4649b934ca495991b7852b855,2026-07-19T14:24:12,True
study_runs,V100_P1_NANO_I05_R03,study_runs/V100_P1_NANO_I05_R03/checkpoint/8676fcf9d5a649d1a9d6d65edaa7437e_seed/generated/checkpoints/progress.json,progress.json,.json,1830,e3ff4d646bc98b7e6468bf778ac151e77e89fd756286c7b957abd874d55808f1,2026-07-19T14:25:13,True
study_runs,V100_P1_NANO_I05_R03,study_runs/V100_P1_NANO_I05_R03/checkpoint/8676fcf9d5a649d1a9d6d65edaa7437e_seed/generated/checkpoints/results.json,results.json,.json,2,44136fa355b3678a1146ad16f7e8649e94fb4fc21fe77e8310c060f61caaff8a,2026-07-19T14:25:24,True
study_runs,V100_P1_NANO_I05_R03,study_runs/V100_P1_NANO_I05_R03/checkpoint/8676fcf9d5a649d1a9d6d65edaa7437e_seed/generated/prototype_ndcg_10.png,prototype_ndcg_10.png,.png,13887,1b8ab3dbb18002392abbb083625ed212effa250a41127f73715e4a8e027fb677,2026-07-19T14:25:25,True
study_runs,V100_P1_NANO_I05_R03,study_runs/V100_P1_NANO_I05_R03/checkpoint/8676fcf9d5a649d1a9d6d65edaa7437e_seed/generated/prototype_results.csv,prototype_results.csv,.csv,52,4ea0544ffcf110d70239558efad53cbe973875b6048ce81b589bc16f0b7cb6b5,2026-07-19T14:25:25,True
study_runs,V100_P1_NANO_I05_R03,study_runs/V100_P1_NANO_I05_R03/checkpoint/8676fcf9d5a649d1a9d6d65edaa7437e_seed/out.log,out.log,.log,27661,f982fb934c705518eb8bba10225813cb51c9859786359eb3d0abab4b78429d2d,2026-07-19T14:25:25,True
study_runs,V100_P1_NANO_I05_R03,study_runs/V100_P1_NANO_I05_R03/checkpoint/af4eb4168ba0475fa720b6326b0f54cc/code.py,code.py,.py,3412,994f43f995f424e161512800b0546c39cbd7ae1344cfbfb58e41482b04ab654f,2026-07-19T14:18:57,True
study_runs,V100_P1_NANO_I05_R03,study_runs/V100_P1_NANO_I05_R03/checkpoint/af4eb4168ba0475fa720b6326b0f54cc/exec_result.pkl,exec_result.pkl,.pkl,1591,7aa0ec6346190f357a3fc60ec7ca2a420e467f8994e2e969c7ed1aae9f64bbf7,2026-07-19T14:11:44,True
study_runs,V100_P1_NANO_I05_R03,study_runs/V100_P1_NANO_I05_R03/checkpoint/af4eb4168ba0475fa720b6326b0f54cc/out.log,out.log,.log,1436,6ef41f0765c27cae03122051275083f5942d6186c3e806fb471395dd308f1066,2026-07-19T14:11:44,True
study_runs,V100_P1_NANO_I05_R03,study_runs/V100_P1_NANO_I05_R03/checkpoint/d1f56c2275b34ba383c6bb1c40e6e642/code.py,code.py,.py,3588,2d3d1e791401a405e882f3c2ba86b959019e675a9db01480897a9613f01acb5a,2026-07-19T14:23:06,True
study_runs,V100_P1_NANO_I05_R03,study_runs/V100_P1_NANO_I05_R03/checkpoint/d1f56c2275b34ba383c6bb1c40e6e642/exec_result.pkl,exec_result.pkl,.pkl,3053,bd8d19b234dc08d0c4c06b61c7088ae23a6304698de49656fe957a9cd0d1ec89,2026-07-19T14:15:55,True
study_runs,V100_P1_NANO_I05_R03,study_runs/V100_P1_NANO_I05_R03/checkpoint/d1f56c2275b34ba383c6bb1c40e6e642/out.log,out.log,.log,2860,476db6c16543b1446060463291bde287febd9c1e3605ba9560a891462c3a80d4,2026-07-19T14:15:55,True
study_runs,V100_P1_NANO_I05_R03,study_runs/V100_P1_NANO_I05_R03/checkpoint/e4f084130c49428fb4b9b62b0d10f0ee/code.py,code.py,.py,7067,d8b343090cd0a182580b8498fd8983a389c697497dd28233c2cf3eabaab9fac0,2026-07-19T13:57:02,True
study_runs,V100_P1_NANO_I05_R03,study_runs/V100_P1_NANO_I05_R03/checkpoint/e4f084130c49428fb4b9b62b0d10f0ee/exec_result.pkl,exec_result.pkl,.pkl,1016,e8a8b38f922fe77a5a0573b4c272c386ed3ab7f18d6d4dc9211a2dff17e492c8,2026-07-19T13:48:37,True
study_runs,V100_P1_NANO_I05_R03,study_runs/V100_P1_NANO_I05_R03/checkpoint/e4f084130c49428fb4b9b62b0d10f0ee/generated/prototype_ndcg_precision_K10.png,prototype_ndcg_precision_K10.png,.png,22100,a76d973d15d830ab6f692a2d34610f5c1c16beafc3ae4dfb79a3f2dfb2660aec,2026-07-19T13:48:37,True
study_runs,V100_P1_NANO_I05_R03,study_runs/V100_P1_NANO_I05_R03/checkpoint/e4f084130c49428fb4b9b62b0d10f0ee/generated/prototype_results.csv,prototype_results.csv,.csv,251,52d36c1b0735c3e7223fa38f9afdc99ab83296aa97805c601ceae2cb6544e65c,2026-07-19T13:48:37,True
study_runs,V100_P1_NANO_I05_R03,study_runs/V100_P1_NANO_I05_R03/checkpoint/e4f084130c49428fb4b9b62b0d10f0ee/out.log,out.log,.log,873,07f29ffbb0744ea37d8e1c48adacac5524b3504200516f2e99fe329d371d46e9,2026-07-19T13:48:37,True
study_runs,V100_P1_NANO_I05_R03,study_runs/V100_P1_NANO_I05_R03/checkpoint/eac6baf5105942dc8d6dd201cdca4272/code.py,code.py,.py,4324,9b7e9c0e1fc9b8386187b1e5d32f02626f71a0a5bebaa94b3342d91999f6d647,2026-07-19T14:09:19,True
study_runs,V100_P1_NANO_I05_R03,study_runs/V100_P1_NANO_I05_R03/checkpoint/eac6baf5105942dc8d6dd201cdca4272/exec_result.pkl,exec_result.pkl,.pkl,1179,51d770015c8040d76516aedeb80e0b5658aa43a78acbd8afb295f37fd0c861c8,2026-07-19T13:59:40,True
study_runs,V100_P1_NANO_I05_R03,study_runs/V100_P1_NANO_I05_R03/checkpoint/eac6baf5105942dc8d6dd201cdca4272/out.log,out.log,.log,1030,538bf72aef203efe55b6011df2b10469eb5130021f8c9440ac24cbcbc06ce9a6,2026-07-19T13:59:40,True
study_runs,V100_P1_NANO_I05_R03,study_runs/V100_P1_NANO_I05_R03/code_requirements_final.json,code_requirements_final.json,.json,2524,6109aeb27385551989f53c9f17e9b1d94b322e2fb938b22a68a184610a9dbd91,2026-07-19T14:23:48,True
study_runs,V100_P1_NANO_I05_R03,study_runs/V100_P1_NANO_I05_R03/code_requirements_prototype.json,code_requirements_prototype.json,.json,1454,841232b31412d4315a23dce035d49f040899f50c22c29a201e84e2fd48f5e231,2026-07-19T13:44:25,True
study_runs,V100_P1_NANO_I05_R03,study_runs/V100_P1_NANO_I05_R03/config.source.toml,config.source.toml,.toml,386,43ad328d9e971575946598bc6c906a320d878b57103e5825b7bc1b351074558f,2026-07-19T13:43:30,True
study_runs,V100_P1_NANO_I05_R03,study_runs/V100_P1_NANO_I05_R03/config.toml,config.toml,.toml,414,8d278bb5569e9b0588fceba12ed447dc159cb55f9ec9339802da8daf0a445d35,2026-07-19T13:43:30,True
study_runs,V100_P1_NANO_I05_R03,study_runs/V100_P1_NANO_I05_R03/costs_log.csv,costs_log.csv,.csv,13130,43de7153f3cc1e77fb70f73b606c02e0c40173934006d6ad7474d5bbae03de01,2026-07-19T14:38:20,True
study_runs,V100_P1_NANO_I05_R03,study_runs/V100_P1_NANO_I05_R03/debug.log,debug.log,.log,390160,1cb387e5b866db2ff60062e232493877434ffed2b7c04f110cfa706157b646f6,2026-07-19T14:38:24,True
study_runs,V100_P1_NANO_I05_R03,study_runs/V100_P1_NANO_I05_R03/entered_prompt.txt,entered_prompt.txt,.txt,437,6edc6d3ea582b4064275813302d2a2d0f2728f5678dfacf25d976c8d75b5b963,2026-07-19T13:43:30,True
study_runs,V100_P1_NANO_I05_R03,study_runs/V100_P1_NANO_I05_R03/save.pkl,save.pkl,.pkl,233380,223ff153b8ac16f5097d63bd52bf0539926dc01392cf493879c8ff15d1990fed,2026-07-19T14:23:13,True
study_runs,V100_P1_NANO_I05_R03,study_runs/V100_P1_NANO_I05_R03/statistics/0_e4f084130c49428fb4b9b62b0d10f0ee.txt,0_e4f084130c49428fb4b9b62b0d10f0ee.txt,.txt,473,1d1871bde36eb9c9587e8ac91e1092f1020d52c42703825ae7dc2081d58a6e21,2026-07-19T13:50:54,True
study_runs,V100_P1_NANO_I05_R03,study_runs/V100_P1_NANO_I05_R03/statistics/1_6f1d0f4e2ffa4fdd96f993603e136fa2.txt,1_6f1d0f4e2ffa4fdd96f993603e136fa2.txt,.txt,411,da0305f31e6dc4d3a85b4e9e065cde722589fe74dc35798b1b2ab1d8fc6a0cbd,2026-07-19T13:57:02,True
study_runs,V100_P1_NANO_I05_R03,study_runs/V100_P1_NANO_I05_R03/statistics/2_eac6baf5105942dc8d6dd201cdca4272.txt,2_eac6baf5105942dc8d6dd201cdca4272.txt,.txt,472,f8d5d133af3b22f8bea5d7c076f288b08a6f21bf78cc41b34e8b14e764285a4f,2026-07-19T14:02:10,True
study_runs,V100_P1_NANO_I05_R03,study_runs/V100_P1_NANO_I05_R03/statistics/3_8676fcf9d5a649d1a9d6d65edaa7437e.txt,3_8676fcf9d5a649d1a9d6d65edaa7437e.txt,.txt,461,b90c4405306739da1b2f6fa2b77aa4fbf55917e8045a35b88727f55a35298eb9,2026-07-19T14:09:19,True
study_runs,V100_P1_NANO_I05_R03,study_runs/V100_P1_NANO_I05_R03/statistics/4_af4eb4168ba0475fa720b6326b0f54cc.txt,4_af4eb4168ba0475fa720b6326b0f54cc.txt,.txt,461,6ff5417be80eac20ee2781a4ce5580a99845547075ebee230b852cecac34f183,2026-07-19T14:14:45,True
study_runs,V100_P1_NANO_I05_R03,study_runs/V100_P1_NANO_I05_R03/statistics/5_d1f56c2275b34ba383c6bb1c40e6e642.txt,5_d1f56c2275b34ba383c6bb1c40e6e642.txt,.txt,462,8bb93a1b48eb56fa9845ff57cca44100ef07319024f6bae53dcff85f3c511b84,2026-07-19T14:18:57,True
study_runs,V100_P1_NANO_I05_R03,study_runs/V100_P1_NANO_I05_R03/statistics/6_7365a8beb6ee4029b5ae1b99cfe9a957.txt,6_7365a8beb6ee4029b5ae1b99cfe9a957.txt,.txt,464,1285c6b8ecb9832df78be9815334f36736c4e0953fc85a8273ec2019daff174d,2026-07-19T14:23:06,True
study_runs,V100_P1_NANO_I05_R03,study_runs/V100_P1_NANO_I05_R03/statistics/7_8676fcf9d5a649d1a9d6d65edaa7437e_seed.txt,7_8676fcf9d5a649d1a9d6d65edaa7437e_seed.txt,.txt,467,de774794aab29c1c80134eeed512f3e2ac28b3fc822746f6dbb89b51c7f7eded,2026-07-19T14:27:48,True
study_runs,V100_P1_NANO_I05_R03,study_runs/V100_P1_NANO_I05_R03/statistics/8_8676fcf9d5a649d1a9d6d65edaa7437e_iteration1.txt,8_8676fcf9d5a649d1a9d6d65edaa7437e_iteration1.txt,.txt,421,33245230183132bbcec362cc4f516e40e3b22a8e8953589b9eb933d7abe70464,2026-07-19T14:31:51,True
study_runs,V100_P1_NANO_I05_R03,study_runs/V100_P1_NANO_I05_R03/statistics/9_8676fcf9d5a649d1a9d6d65edaa7437e_iteration2.txt,9_8676fcf9d5a649d1a9d6d65edaa7437e_iteration2.txt,.txt,510,0f1980495f3f4ff8bcad90effe82a1130a9ea6038c98597ed3678b31d5e30e42,2026-07-19T14:38:04,True
study_runs,V100_P1_NANO_I05_R03,study_runs/V100_P1_NANO_I05_R03/statistics/arguments_per_function.png,arguments_per_function.png,.png,74048,ac48a59e46cf1c07435a15f314910a12c2107a9ccfa959ac799234b85c2c8b2e,2026-07-19T14:38:23,True
study_runs,V100_P1_NANO_I05_R03,study_runs/V100_P1_NANO_I05_R03/statistics/classes.png,classes.png,.png,41112,a84c5743470d8a4227cf5688e60be7efa5cc2b639fd7cb8169752980c1dcd705,2026-07-19T14:38:22,True
study_runs,V100_P1_NANO_I05_R03,study_runs/V100_P1_NANO_I05_R03/statistics/comment_lines.png,comment_lines.png,.png,76228,bc457761db771d3307214546ee74c00d4049c1c90e3dc64a9745ede7926f47d9,2026-07-19T14:38:21,True
study_runs,V100_P1_NANO_I05_R03,study_runs/V100_P1_NANO_I05_R03/statistics/conditions.png,conditions.png,.png,63958,578732cb7c9d8cb9750f0c67422b037185ed0192865d2819ed071d60b4854894,2026-07-19T14:38:23,True
study_runs,V100_P1_NANO_I05_R03,study_runs/V100_P1_NANO_I05_R03/statistics/deletions.png,deletions.png,.png,72403,33709e78d426399dc0fa6522e9fb2a3883588871d61e97cae261be6227f0d5fd,2026-07-19T14:38:24,True
study_runs,V100_P1_NANO_I05_R03,study_runs/V100_P1_NANO_I05_R03/statistics/empty_lines.png,empty_lines.png,.png,69176,e636cedff17356f363e2c727078bcfe6331c7ad805871eba80c6c4e51ce08f73,2026-07-19T14:38:21,True
study_runs,V100_P1_NANO_I05_R03,study_runs/V100_P1_NANO_I05_R03/statistics/execution_time.png,execution_time.png,.png,70917,a3e2ebc8eac87c327df003b4f519d9dd965fc13df63cf3d72996f68616edcf32,2026-07-19T14:38:21,True
study_runs,V100_P1_NANO_I05_R03,study_runs/V100_P1_NANO_I05_R03/statistics/functions.png,functions.png,.png,67532,b47409b7b2d3d7119ffbe63ab7f1bf3f05a0eba7a02231b79fdcee7621ac0704,2026-07-19T14:38:22,True
study_runs,V100_P1_NANO_I05_R03,study_runs/V100_P1_NANO_I05_R03/statistics/insertions.png,insertions.png,.png,75030,ea0500bd439812329652675fb90102a5001909b9df242dd1229ae73938fe941c,2026-07-19T14:38:24,True
study_runs,V100_P1_NANO_I05_R03,study_runs/V100_P1_NANO_I05_R03/statistics/libraries_imported.png,libraries_imported.png,.png,63409,38de053c91ea4158697238359427bc26d2829daa25a835605e5c5bf3d09dfee8,2026-07-19T14:38:22,True
study_runs,V100_P1_NANO_I05_R03,study_runs/V100_P1_NANO_I05_R03/statistics/lines_of_code.png,lines_of_code.png,.png,74201,07be49aa504b6f556f11e3152085b7fb5201ffe1eda262651d3c88d2060611e3,2026-07-19T14:38:21,True
study_runs,V100_P1_NANO_I05_R03,study_runs/V100_P1_NANO_I05_R03/statistics/loops.png,loops.png,.png,56913,138b092615c634c771d9c35b66c72bb66d62ce783aedb27af8c46c7c3f5b0d47,2026-07-19T14:38:23,True
study_runs,V100_P1_NANO_I05_R03,study_runs/V100_P1_NANO_I05_R03/statistics/summary_overall_nodes.txt,summary_overall_nodes.txt,.txt,457,4dce097fac7673c320e21528cbd987186c589a81043a92376f83f466ee952237,2026-07-19T14:38:20,True
study_runs,V100_P1_NANO_I05_R03,study_runs/V100_P1_NANO_I05_R03/statistics/total_characters.png,total_characters.png,.png,82983,95c6a1e4bf5e33c66046cc5d31d9d9a63f10c29eca2ac76e0df2c92a2d9a1e3d,2026-07-19T14:38:22,True
study_runs,V100_P1_NANO_I05_R03,study_runs/V100_P1_NANO_I05_R03/statistics/variable_assignments.png,variable_assignments.png,.png,72514,256f7a38c7960bbdc9f5893235451ef52a9bc9372d486f7e26434618f20e4596,2026-07-19T14:38:23,True
study_runs,V100_P1_NANO_I05_R03,study_runs/V100_P1_NANO_I05_R03/summary.md,summary.md,.md,4577,1d8a1e82e85465f417a3e87c3007f54c130fc00f10037878277b15882fa834e0,2026-07-19T14:38:20,True
study_runs,V100_P1_NANO_I05_R03,study_runs/V100_P1_NANO_I05_R03/tree_render/pdf/combined_tree.pdf,combined_tree.pdf,.pdf,21930,81aa786967bc7280da4b5197541fc0b274b9b5a6052c8948859982efe78a74fa,2026-07-19T14:23:12,True
study_runs,V100_P1_NANO_I05_R03,study_runs/V100_P1_NANO_I05_R03/tree_render/pdf/tree_0.pdf,tree_0.pdf,.pdf,21795,fa6cfa63897116d3000f4acda20a43083e3a4644fcaef8e42e1a911751a6cd8a,2026-07-19T14:23:08,True
study_runs,V100_P1_NANO_I05_R03,study_runs/V100_P1_NANO_I05_R03/tree_render/pdf/tree_1.pdf,tree_1.pdf,.pdf,18417,e2084cba0ec641541a27a85394c849c6c558c74daab8805061331263c116fd3e,2026-07-19T14:23:10,True
study_runs,V100_P1_NANO_I05_R03,study_runs/V100_P1_NANO_I05_R03/tree_render/png/combined_tree.png,combined_tree.png,.png,67688,815a12b8f13a8dbfd1d1b4d5d613f70a77154b46029de1f5d3449d8a9c692996,2026-07-19T14:23:12,True
study_runs,V100_P1_NANO_I05_R03,study_runs/V100_P1_NANO_I05_R03/tree_render/png/tree_0.png,tree_0.png,.png,62647,772f21587c4596f45154930c6d3c3f205e82af6d418735a6fea0aeb02857651a,2026-07-19T14:23:07,True
study_runs,V100_P1_NANO_I05_R03,study_runs/V100_P1_NANO_I05_R03/tree_render/png/tree_1.png,tree_1.png,.png,10657,a9f803ad82a2d49f10a4231cfb965bce04cd80c3352bc6fd4cf6b4ccb506b946,2026-07-19T14:23:09,True
study_runs,V100_P1_NANO_I05_R03,study_runs/V100_P1_NANO_I05_R03/tree_render/svg/combined_tree.svg,combined_tree.svg,.svg,10691,9edaec90b159a49b2eaa6013ea1e55f81be7c6dfa3c4ad2c5c173008cf6daa65,2026-07-19T14:23:13,True
study_runs,V100_P1_NANO_I05_R03,study_runs/V100_P1_NANO_I05_R03/tree_render/svg/tree_0.svg,tree_0.svg,.svg,9640,ba2d89ce943b71affe029a37357fc7030c73213e68f338dd7fa35267fdf85148,2026-07-19T14:23:08,True
study_runs,V100_P1_NANO_I05_R03,study_runs/V100_P1_NANO_I05_R03/tree_render/svg/tree_1.svg,tree_1.svg,.svg,1611,5d8b6499d1f98009bea5333c7a73f43cc67e5937c76988d7d040e495c429f58c,2026-07-19T14:23:11,True
study_runs,V100_P1_NANO_I05_R04,study_runs/V100_P1_NANO_I05_R04/checkpoint/4ea83e57bd63412ebe4ad84854db3d2d/code.py,code.py,.py,2,7eb70257593da06f682a3ddda54a9d260d4fc514f645237f5ca74b08f8da61a6,2026-07-19T14:27:49,True
study_runs,V100_P1_NANO_I05_R04,study_runs/V100_P1_NANO_I05_R04/checkpoint/4ea83e57bd63412ebe4ad84854db3d2d/exec_result.pkl,exec_result.pkl,.pkl,169,07e5b6ffb77a68c1a355e79a0f32f8c5e38e0df16b66e34e94269ad11bd4d559,2026-07-19T14:18:45,True
study_runs,V100_P1_NANO_I05_R04,study_runs/V100_P1_NANO_I05_R04/checkpoint/4ea83e57bd63412ebe4ad84854db3d2d/out.log,out.log,.log,49,b999c05453cbce1dd7fa3d0ee70d14f3b54a511d7b134eda76c99d23181d0525,2026-07-19T14:18:45,True
study_runs,V100_P1_NANO_I05_R04,study_runs/V100_P1_NANO_I05_R04/checkpoint/5880ed12fc7e45c5b4e17b8a4de6c6bd/code.py,code.py,.py,3251,d334610a8d931dd7aa9f903638a1fde2dcba3b00a87fef455ee5fe9b86892e60,2026-07-19T14:21:51,True
study_runs,V100_P1_NANO_I05_R04,study_runs/V100_P1_NANO_I05_R04/checkpoint/5880ed12fc7e45c5b4e17b8a4de6c6bd/exec_result.pkl,exec_result.pkl,.pkl,3256,4efc39afc7572115aab66a92b0f70abd7c5b8a59d6e705395e96162bf340e45b,2026-07-19T14:12:38,True
study_runs,V100_P1_NANO_I05_R04,study_runs/V100_P1_NANO_I05_R04/checkpoint/5880ed12fc7e45c5b4e17b8a4de6c6bd/out.log,out.log,.log,3059,baad2b5632842bc7d77d70b31e1858179e265f7ecf8f4d9bd489c0dae1da2add,2026-07-19T14:12:38,True
study_runs,V100_P1_NANO_I05_R04,study_runs/V100_P1_NANO_I05_R04/checkpoint/8fdabbdc2e6748ee99079d56c28cc80e/code.py,code.py,.py,4297,b6735432e66ab225af3079ae00bb9b55b1efc157e2a5e1b01032674dc7e6942b,2026-07-19T14:12:05,True
study_runs,V100_P1_NANO_I05_R04,study_runs/V100_P1_NANO_I05_R04/checkpoint/8fdabbdc2e6748ee99079d56c28cc80e/exec_result.pkl,exec_result.pkl,.pkl,3286,da6efb3f88b1d7b16cabfc7549fd8ea0b6a57583f12e34c536c8de53033029d3,2026-07-19T14:02:36,True
study_runs,V100_P1_NANO_I05_R04,study_runs/V100_P1_NANO_I05_R04/checkpoint/8fdabbdc2e6748ee99079d56c28cc80e/out.log,out.log,.log,3087,060519c4b3dc765c96c532fc5387448a98dec836c1cf91df50c6f26d6fb52724,2026-07-19T14:02:36,True
study_runs,V100_P1_NANO_I05_R04,study_runs/V100_P1_NANO_I05_R04/checkpoint/a27155e95ef34d039705effaacd940bf/code.py,code.py,.py,2443,d7bed8b81a849878a393f58f6f86bf5cd94f135fe2e5071dffd4917fb9446b22,2026-07-19T14:01:29,True
study_runs,V100_P1_NANO_I05_R04,study_runs/V100_P1_NANO_I05_R04/checkpoint/a27155e95ef34d039705effaacd940bf/exec_result.pkl,exec_result.pkl,.pkl,2852,acfae043d9d945680d4a4d5bcc5160d9d2cd2abda439e470e36593fe47d3702e,2026-07-19T13:53:21,True
study_runs,V100_P1_NANO_I05_R04,study_runs/V100_P1_NANO_I05_R04/checkpoint/a27155e95ef34d039705effaacd940bf/out.log,out.log,.log,2665,d4531106574fb7eba05bacefc64aa1129aac211aef83137c7ccb980d080e90d0,2026-07-19T13:53:21,True
study_runs,V100_P1_NANO_I05_R04,study_runs/V100_P1_NANO_I05_R04/checkpoint/ae8c3e2c8ff2442fa41d98ea422dadf2/code.py,code.py,.py,2808,5e440127ca153311e49ddf6387c1852ae00fd3db33badd916c4a9d46edb724eb,2026-07-19T13:57:04,True
study_runs,V100_P1_NANO_I05_R04,study_runs/V100_P1_NANO_I05_R04/checkpoint/ae8c3e2c8ff2442fa41d98ea422dadf2/exec_result.pkl,exec_result.pkl,.pkl,3124,670eb083c2eadd857b97ef42114effcf77a1f682c2b3f010a17f4a10bfbaf692,2026-07-19T13:46:29,True
study_runs,V100_P1_NANO_I05_R04,study_runs/V100_P1_NANO_I05_R04/checkpoint/ae8c3e2c8ff2442fa41d98ea422dadf2/out.log,out.log,.log,2931,d7fbdc8a0ba7f14beed623ddcdf6fd4bcdad17b6924b60fec07a8e25c463b85a,2026-07-19T13:46:29,True
study_runs,V100_P1_NANO_I05_R04,study_runs/V100_P1_NANO_I05_R04/checkpoint/ae8c3e2c8ff2442fa41d98ea422dadf2_iteration1/code.py,code.py,.py,2808,7bf5d206745a326689d83867bc46827f6c2751987fa38710821758f1f011518d,2026-07-19T14:38:45,True
study_runs,V100_P1_NANO_I05_R04,study_runs/V100_P1_NANO_I05_R04/checkpoint/ae8c3e2c8ff2442fa41d98ea422dadf2_iteration1/exec_result.pkl,exec_result.pkl,.pkl,3126,1a0cd88273fa33a774a78f61868069ef8d7cc9586c7f376d3352a5e65cb3d616,2026-07-19T14:28:40,True
study_runs,V100_P1_NANO_I05_R04,study_runs/V100_P1_NANO_I05_R04/checkpoint/ae8c3e2c8ff2442fa41d98ea422dadf2_iteration1/out.log,out.log,.log,2933,7117f1647bc5028a19e3b4478e9abce228e41659212fed92e26ef3a82f0db8e4,2026-07-19T14:28:40,True
study_runs,V100_P1_NANO_I05_R04,study_runs/V100_P1_NANO_I05_R04/checkpoint/ae8c3e2c8ff2442fa41d98ea422dadf2_iteration2/code.py,code.py,.py,5551,a6ab4bee2cb0f98bc08172d347aaa09ae27b79029a8c14b291934d44e76a4b07,2026-07-19T14:38:45,True
study_runs,V100_P1_NANO_I05_R04,study_runs/V100_P1_NANO_I05_R04/checkpoint/ae8c3e2c8ff2442fa41d98ea422dadf2_iteration2/exec_result.pkl,exec_result.pkl,.pkl,2525,c71f66b524c3079edcaedcd1d5d3def8be1919d4546bcc898b76e0387f4336b4,2026-07-19T14:35:38,True
study_runs,V100_P1_NANO_I05_R04,study_runs/V100_P1_NANO_I05_R04/checkpoint/ae8c3e2c8ff2442fa41d98ea422dadf2_iteration2/out.log,out.log,.log,2346,d171340ca35a4697c2984c942787ac827fc4cc1b25e8405e253b1186821ebdcd,2026-07-19T14:35:38,True
study_runs,V100_P1_NANO_I05_R04,study_runs/V100_P1_NANO_I05_R04/checkpoint/ae8c3e2c8ff2442fa41d98ea422dadf2_seed/code.py,code.py,.py,2808,5e440127ca153311e49ddf6387c1852ae00fd3db33badd916c4a9d46edb724eb,2026-07-19T14:32:36,True
study_runs,V100_P1_NANO_I05_R04,study_runs/V100_P1_NANO_I05_R04/checkpoint/ae8c3e2c8ff2442fa41d98ea422dadf2_seed/exec_result.pkl,exec_result.pkl,.pkl,3124,ab23e5c6b82e96c42f1e9fce2218220b1d2b2bb890768a861189231e7f963d70,2026-07-19T14:23:03,True
study_runs,V100_P1_NANO_I05_R04,study_runs/V100_P1_NANO_I05_R04/checkpoint/ae8c3e2c8ff2442fa41d98ea422dadf2_seed/out.log,out.log,.log,2931,e93bd321085c86521e8dec119937f32588f61849875daa9ddced54048f18078e,2026-07-19T14:23:03,True
study_runs,V100_P1_NANO_I05_R04,study_runs/V100_P1_NANO_I05_R04/checkpoint/ca184fa090bc4a638c5cc183bb75cbd2/code.py,code.py,.py,65,d6a8dbf888a3b943e4558740442fed4e2fe5e6885cb78883657ffa956c9de14d,2026-07-19T14:16:29,True
study_runs,V100_P1_NANO_I05_R04,study_runs/V100_P1_NANO_I05_R04/checkpoint/ca184fa090bc4a638c5cc183bb75cbd2/exec_result.pkl,exec_result.pkl,.pkl,169,a18b7848a10b1603dcfc290e0e7c788bffc08e0709665c1dff0ea5485dfac35e,2026-07-19T14:08:16,True
study_runs,V100_P1_NANO_I05_R04,study_runs/V100_P1_NANO_I05_R04/checkpoint/ca184fa090bc4a638c5cc183bb75cbd2/out.log,out.log,.log,49,b999c05453cbce1dd7fa3d0ee70d14f3b54a511d7b134eda76c99d23181d0525,2026-07-19T14:08:16,True
study_runs,V100_P1_NANO_I05_R04,study_runs/V100_P1_NANO_I05_R04/checkpoint/d86c6f0c37c84c99ab783b21a1893882/code.py,code.py,.py,4123,2a2b22e278c1ed4aee838bae8c51558d667bed08ed5ed3034022be278c1c08a0,2026-07-19T14:06:44,True
study_runs,V100_P1_NANO_I05_R04,study_runs/V100_P1_NANO_I05_R04/checkpoint/d86c6f0c37c84c99ab783b21a1893882/exec_result.pkl,exec_result.pkl,.pkl,3296,828b71f6d9a8717ae08b3bb7a93fffca06aa9da2e56a9a387026fb2717077e4b,2026-07-19T13:57:53,True
study_runs,V100_P1_NANO_I05_R04,study_runs/V100_P1_NANO_I05_R04/checkpoint/d86c6f0c37c84c99ab783b21a1893882/out.log,out.log,.log,3097,731b194cedf896f7940b187a115439bb35816ad60b194cd78876143744cca35d,2026-07-19T13:57:53,True
study_runs,V100_P1_NANO_I05_R04,study_runs/V100_P1_NANO_I05_R04/code_requirements_final.json,code_requirements_final.json,.json,3283,de571dcf8717d8a0f1a4c1a54d37bf9cfefb91833bfcd289d9705726dcd632b4,2026-07-19T14:22:57,True
study_runs,V100_P1_NANO_I05_R04,study_runs/V100_P1_NANO_I05_R04/code_requirements_prototype.json,code_requirements_prototype.json,.json,1246,b145a389820c86ae444a04bf11f7e4daff8faf5882b466c5cce79a7c3f93a3df,2026-07-19T13:45:05,True
study_runs,V100_P1_NANO_I05_R04,study_runs/V100_P1_NANO_I05_R04/config.source.toml,config.source.toml,.toml,386,43ad328d9e971575946598bc6c906a320d878b57103e5825b7bc1b351074558f,2026-07-19T13:43:47,True
study_runs,V100_P1_NANO_I05_R04,study_runs/V100_P1_NANO_I05_R04/config.toml,config.toml,.toml,414,0cce25232387939ccdde9fbe13667eca4dfe6df7efcfc3e9a8e1cb5adf0f2087,2026-07-19T13:43:47,True
study_runs,V100_P1_NANO_I05_R04,study_runs/V100_P1_NANO_I05_R04/costs_log.csv,costs_log.csv,.csv,16692,d7439e98c5fe0d6f3f07b19861335eaf0a15789a45cc672c13c923b4bb5e957e,2026-07-19T14:39:09,True
study_runs,V100_P1_NANO_I05_R04,study_runs/V100_P1_NANO_I05_R04/debug.log,debug.log,.log,296128,c6748840b0f698881521c52b0778a11530c37e342bb9f51fae38ba8f1aa0f4a4,2026-07-19T14:39:13,True
study_runs,V100_P1_NANO_I05_R04,study_runs/V100_P1_NANO_I05_R04/entered_prompt.txt,entered_prompt.txt,.txt,437,6edc6d3ea582b4064275813302d2a2d0f2728f5678dfacf25d976c8d75b5b963,2026-07-19T13:43:47,True
study_runs,V100_P1_NANO_I05_R04,study_runs/V100_P1_NANO_I05_R04/save.pkl,save.pkl,.pkl,144436,a397e33b2dcd590c8322981b2d873bfbc71e89bdfd2ba03b57ec924c35da06f8,2026-07-19T14:21:58,True
study_runs,V100_P1_NANO_I05_R04,study_runs/V100_P1_NANO_I05_R04/statistics/0_ae8c3e2c8ff2442fa41d98ea422dadf2.txt,0_ae8c3e2c8ff2442fa41d98ea422dadf2.txt,.txt,457,0004b64993426c973a6957d0fc79f93c871844e1c1eebcd7a5e85684aaac5b28,2026-07-19T13:49:39,True
study_runs,V100_P1_NANO_I05_R04,study_runs/V100_P1_NANO_I05_R04/statistics/1_a27155e95ef34d039705effaacd940bf.txt,1_a27155e95ef34d039705effaacd940bf.txt,.txt,469,158a19c74311b3927b621e3d485fda728c5b412449ea52cef40ece1194971e29,2026-07-19T13:57:04,True
study_runs,V100_P1_NANO_I05_R04,study_runs/V100_P1_NANO_I05_R04/statistics/2_d86c6f0c37c84c99ab783b21a1893882.txt,2_d86c6f0c37c84c99ab783b21a1893882.txt,.txt,475,0761212d7de8318187d8a714178f4824ed493eaac4e4bfd81e6b2aeef698aac2,2026-07-19T14:01:29,True
study_runs,V100_P1_NANO_I05_R04,study_runs/V100_P1_NANO_I05_R04/statistics/3_8fdabbdc2e6748ee99079d56c28cc80e.txt,3_8fdabbdc2e6748ee99079d56c28cc80e.txt,.txt,474,28f4e24e7d94a27b95981190d3978b91f5fe6f24934069a6de8569eb5e516ebe,2026-07-19T14:06:44,True
study_runs,V100_P1_NANO_I05_R04,study_runs/V100_P1_NANO_I05_R04/statistics/4_ca184fa090bc4a638c5cc183bb75cbd2.txt,4_ca184fa090bc4a638c5cc183bb75cbd2.txt,.txt,411,9a9792c4431f8d9d8c9470ac15e342df8c7a2a9534875fc8e0b7122537c104e3,2026-07-19T14:12:05,True
study_runs,V100_P1_NANO_I05_R04,study_runs/V100_P1_NANO_I05_R04/statistics/5_5880ed12fc7e45c5b4e17b8a4de6c6bd.txt,5_5880ed12fc7e45c5b4e17b8a4de6c6bd.txt,.txt,467,0583cf908a2a77756e6764eeab65f978c99364105ba14610647a5842bce4a8b5,2026-07-19T14:16:29,True
study_runs,V100_P1_NANO_I05_R04,study_runs/V100_P1_NANO_I05_R04/statistics/6_4ea83e57bd63412ebe4ad84854db3d2d.txt,6_4ea83e57bd63412ebe4ad84854db3d2d.txt,.txt,407,1a97154f8d18b53e490ff432ddff339e2f044a78a48b07fbd5d2465b1a1b98b5,2026-07-19T14:21:51,True
study_runs,V100_P1_NANO_I05_R04,study_runs/V100_P1_NANO_I05_R04/statistics/7_ae8c3e2c8ff2442fa41d98ea422dadf2_seed.txt,7_ae8c3e2c8ff2442fa41d98ea422dadf2_seed.txt,.txt,447,928e442d3a885294389ce9205a014529af8ed12dde0e48a5f7bd5455c9be0861,2026-07-19T14:27:49,True
study_runs,V100_P1_NANO_I05_R04,study_runs/V100_P1_NANO_I05_R04/statistics/8_ae8c3e2c8ff2442fa41d98ea422dadf2_iteration1.txt,8_ae8c3e2c8ff2442fa41d98ea422dadf2_iteration1.txt,.txt,451,c41608dd1df654eab0faf18571dcd6fed132b05d0bc703326945372ab410a511,2026-07-19T14:32:36,True
study_runs,V100_P1_NANO_I05_R04,study_runs/V100_P1_NANO_I05_R04/statistics/9_ae8c3e2c8ff2442fa41d98ea422dadf2_iteration2.txt,9_ae8c3e2c8ff2442fa41d98ea422dadf2_iteration2.txt,.txt,483,882c5e281eafe9b8907663b745d7a68adf3b9f31c7e898e691dfbe221779d2b3,2026-07-19T14:38:45,True
study_runs,V100_P1_NANO_I05_R04,study_runs/V100_P1_NANO_I05_R04/statistics/arguments_per_function.png,arguments_per_function.png,.png,56951,cdf92b69e865b7b51bf6af67991d70613f647db2550dd012c3fb535013eff80f,2026-07-19T14:39:12,True
study_runs,V100_P1_NANO_I05_R04,study_runs/V100_P1_NANO_I05_R04/statistics/classes.png,classes.png,.png,40651,7578c053c6a742e1664e722d05648518b0404c3200e13bd3c53dbbf22bbc42c1,2026-07-19T14:39:11,True
study_runs,V100_P1_NANO_I05_R04,study_runs/V100_P1_NANO_I05_R04/statistics/comment_lines.png,comment_lines.png,.png,65152,6dd49722562655912761d130011c1077a92ca4676f8f0e276765bb4f23de56ff,2026-07-19T14:39:10,True
study_runs,V100_P1_NANO_I05_R04,study_runs/V100_P1_NANO_I05_R04/statistics/conditions.png,conditions.png,.png,64346,7e103436f0b00e4a6d76cc266e2f9f423a8acee43cac2bff9c93f4b07c6d2631,2026-07-19T14:39:12,True
study_runs,V100_P1_NANO_I05_R04,study_runs/V100_P1_NANO_I05_R04/statistics/deletions.png,deletions.png,.png,72349,f6500ef608c367cb0d09ad6566c57478d79f27c301403196d745e1c09fd2e8dd,2026-07-19T14:39:13,True
study_runs,V100_P1_NANO_I05_R04,study_runs/V100_P1_NANO_I05_R04/statistics/empty_lines.png,empty_lines.png,.png,74003,c99d18c720d2165946f00131642f9a1bf9782855532c661bd43cbba91101f37f,2026-07-19T14:39:10,True
study_runs,V100_P1_NANO_I05_R04,study_runs/V100_P1_NANO_I05_R04/statistics/execution_time.png,execution_time.png,.png,61948,ba508c599503a5e35bcd6edfda2d2e3c04feb49c566ce6bbda1d3f6c39353a7f,2026-07-19T14:39:09,True
study_runs,V100_P1_NANO_I05_R04,study_runs/V100_P1_NANO_I05_R04/statistics/functions.png,functions.png,.png,52989,5099e7096f1271e133f107530e8f17b31b2a5e73e4b0d9ae89d27bcd11618478,2026-07-19T14:39:11,True
study_runs,V100_P1_NANO_I05_R04,study_runs/V100_P1_NANO_I05_R04/statistics/insertions.png,insertions.png,.png,81414,515e109b6c79d4234806785c6f67b90dc0bb629cc9610e40cc52f511425ed012,2026-07-19T14:39:13,True
study_runs,V100_P1_NANO_I05_R04,study_runs/V100_P1_NANO_I05_R04/statistics/libraries_imported.png,libraries_imported.png,.png,69745,53ce94e1d7d8060676bff8cfba76f15bdb11050c9ed059c5447580929a263e43,2026-07-19T14:39:11,True
study_runs,V100_P1_NANO_I05_R04,study_runs/V100_P1_NANO_I05_R04/statistics/lines_of_code.png,lines_of_code.png,.png,71563,8c78f9e3f6b64d8ca5df265d7ce0fb6c49257b4aead132d6c9b5d59a3af7a23d,2026-07-19T14:39:10,True
study_runs,V100_P1_NANO_I05_R04,study_runs/V100_P1_NANO_I05_R04/statistics/loops.png,loops.png,.png,63528,a244b743ecff4d564ed74b47ad96acdfcd19eb0b1e01f15a24643b160167a524,2026-07-19T14:39:12,True
study_runs,V100_P1_NANO_I05_R04,study_runs/V100_P1_NANO_I05_R04/statistics/summary_overall_nodes.txt,summary_overall_nodes.txt,.txt,472,fb02a26a2a9374eb7dd21ff4397772c575302bbb668a585653873d7a57460ff8,2026-07-19T14:39:09,True
study_runs,V100_P1_NANO_I05_R04,study_runs/V100_P1_NANO_I05_R04/statistics/total_characters.png,total_characters.png,.png,81251,59c4684a43001d0f87f8fa3e3f5ceffec38668c76d45f174acc658c501c9549d,2026-07-19T14:39:10,True
study_runs,V100_P1_NANO_I05_R04,study_runs/V100_P1_NANO_I05_R04/statistics/variable_assignments.png,variable_assignments.png,.png,74040,48eeef55f08543008d34cb17673ecd03d169a631bc19697ed67b6ea8da72d58e,2026-07-19T14:39:12,True
study_runs,V100_P1_NANO_I05_R04,study_runs/V100_P1_NANO_I05_R04/summary.md,summary.md,.md,5571,6ef0b1e9e1272bd39634846b30a840b67f92dc5a4c8abfb4f005b235502b0080,2026-07-19T14:39:09,True
study_runs,V100_P1_NANO_I05_R04,study_runs/V100_P1_NANO_I05_R04/tree_render/pdf/combined_tree.pdf,combined_tree.pdf,.pdf,21432,c19f6dd327f33fc309be94cdd7611ab515158fdf5a4c7da51e71e96966d351f3,2026-07-19T14:21:58,True
study_runs,V100_P1_NANO_I05_R04,study_runs/V100_P1_NANO_I05_R04/tree_render/pdf/tree_0.pdf,tree_0.pdf,.pdf,21302,c0666cc3d2d721848785c452783b22342aad1837292f896439e4a05884cf45b7,2026-07-19T14:21:53,True
study_runs,V100_P1_NANO_I05_R04,study_runs/V100_P1_NANO_I05_R04/tree_render/pdf/tree_1.pdf,tree_1.pdf,.pdf,18110,19a4d41706669ba3c7b633093cc3780af6b79198eb2667686e78a74c69106022,2026-07-19T14:21:55,True
study_runs,V100_P1_NANO_I05_R04,study_runs/V100_P1_NANO_I05_R04/tree_render/png/combined_tree.png,combined_tree.png,.png,54087,31866de607a6ab7b102d2991096bd1d0626261257ea24c36b4428283282155d7,2026-07-19T14:21:57,True
study_runs,V100_P1_NANO_I05_R04,study_runs/V100_P1_NANO_I05_R04/tree_render/png/tree_0.png,tree_0.png,.png,52497,e5e55589a8d88bc8bca486bfc57d1d7e8d763c7e83f2e444876af497c1e33df9,2026-07-19T14:21:52,True
study_runs,V100_P1_NANO_I05_R04,study_runs/V100_P1_NANO_I05_R04/tree_render/png/tree_1.png,tree_1.png,.png,11172,754895b8e024a7ca9f4f60454c10b94236e7cc16a25884fbf23975272d5d6249,2026-07-19T14:21:55,True
study_runs,V100_P1_NANO_I05_R04,study_runs/V100_P1_NANO_I05_R04/tree_render/svg/combined_tree.svg,combined_tree.svg,.svg,10658,2d9b0cd13129b0c831461619862533ce156c50214d58646819692238b920cd15,2026-07-19T14:21:58,True
study_runs,V100_P1_NANO_I05_R04,study_runs/V100_P1_NANO_I05_R04/tree_render/svg/tree_0.svg,tree_0.svg,.svg,9613,c66e8784a2ee1039061ec8ec9f0dbbce1aa69901ae1237597041c1f002d43c4f,2026-07-19T14:21:54,True
study_runs,V100_P1_NANO_I05_R04,study_runs/V100_P1_NANO_I05_R04/tree_render/svg/tree_1.svg,tree_1.svg,.svg,1611,58957d38e2585182fa3f1223a33f177cb130018b490952b15ec81332d4335444,2026-07-19T14:21:56,True
study_runs,V100_P1_NANO_I05_R05,study_runs/V100_P1_NANO_I05_R05/checkpoint/0b6ea20ff97249468b6671093ae5cbe7/code.py,code.py,.py,2,7eb70257593da06f682a3ddda54a9d260d4fc514f645237f5ca74b08f8da61a6,2026-07-19T14:58:43,True
study_runs,V100_P1_NANO_I05_R05,study_runs/V100_P1_NANO_I05_R05/checkpoint/0b6ea20ff97249468b6671093ae5cbe7/exec_result.pkl,exec_result.pkl,.pkl,169,eca73dd750388c1a4cdc174c6440641f1d53c2c12518be8f6707e87ac20a1fd1,2026-07-19T14:51:43,True
study_runs,V100_P1_NANO_I05_R05,study_runs/V100_P1_NANO_I05_R05/checkpoint/0b6ea20ff97249468b6671093ae5cbe7/out.log,out.log,.log,49,b999c05453cbce1dd7fa3d0ee70d14f3b54a511d7b134eda76c99d23181d0525,2026-07-19T14:51:43,True
study_runs,V100_P1_NANO_I05_R05,study_runs/V100_P1_NANO_I05_R05/checkpoint/138c2527bd0145a285ef4efeb98072fc/code.py,code.py,.py,2,7eb70257593da06f682a3ddda54a9d260d4fc514f645237f5ca74b08f8da61a6,2026-07-19T15:03:10,True
study_runs,V100_P1_NANO_I05_R05,study_runs/V100_P1_NANO_I05_R05/checkpoint/138c2527bd0145a285ef4efeb98072fc/exec_result.pkl,exec_result.pkl,.pkl,169,309fd52bdf5fac6d5e4cc9792f6003e8b59ce72ee61e15c0985e7573fd678ac2,2026-07-19T14:56:01,True
study_runs,V100_P1_NANO_I05_R05,study_runs/V100_P1_NANO_I05_R05/checkpoint/138c2527bd0145a285ef4efeb98072fc/out.log,out.log,.log,49,b999c05453cbce1dd7fa3d0ee70d14f3b54a511d7b134eda76c99d23181d0525,2026-07-19T14:56:01,True
study_runs,V100_P1_NANO_I05_R05,study_runs/V100_P1_NANO_I05_R05/checkpoint/279449ab8ca84cd4ba46c9645bcea2fc/code.py,code.py,.py,1598,8fe1b8cd531546af6d048dc777ccfd4ade6151feaab2dd8b20195a26dc40e3cc,2026-07-19T15:07:58,True
study_runs,V100_P1_NANO_I05_R05,study_runs/V100_P1_NANO_I05_R05/checkpoint/279449ab8ca84cd4ba46c9645bcea2fc/exec_result.pkl,exec_result.pkl,.pkl,2851,5063e468f0b4d1ef39ee9357e524076684670895ae8080c356be7db5def010dc,2026-07-19T15:00:16,True
study_runs,V100_P1_NANO_I05_R05,study_runs/V100_P1_NANO_I05_R05/checkpoint/279449ab8ca84cd4ba46c9645bcea2fc/out.log,out.log,.log,2664,af600752f4922a6baf379264a322c894f56ce2a443680f33aefef91725e07cb5,2026-07-19T15:00:16,True
study_runs,V100_P1_NANO_I05_R05,study_runs/V100_P1_NANO_I05_R05/checkpoint/77cee7c143e54342a6d595c53dab704e/code.py,code.py,.py,3531,a3d7e4a202985e023c93300e86255fc1d12a0315c51f03487472fc3dd54ad22e,2026-07-19T15:18:55,True
study_runs,V100_P1_NANO_I05_R05,study_runs/V100_P1_NANO_I05_R05/checkpoint/77cee7c143e54342a6d595c53dab704e/exec_result.pkl,exec_result.pkl,.pkl,15470,8a9d952002fbb779297d0c1b19a7c7439aaa24e3c3f7c92fa36524be1c0a925c,2026-07-19T15:11:56,True
study_runs,V100_P1_NANO_I05_R05,study_runs/V100_P1_NANO_I05_R05/checkpoint/77cee7c143e54342a6d595c53dab704e/generated/checkpoints/err.log,err.log,.log,1195,4da430e9659bb61bd72765495936d07d95cfc1fd625a65a3cfd549baa46343ae,2026-07-19T15:11:16,True
study_runs,V100_P1_NANO_I05_R05,study_runs/V100_P1_NANO_I05_R05/checkpoint/77cee7c143e54342a6d595c53dab704e/generated/checkpoints/MovieLens100K-25551e72/LensKit.ImplicitMFScorer-7faa19f1-42/model.bpk,model.bpk,.bpk,1135330,dbcd71aa492a7d9561c1e4b554ea845d3a116d9f3a0c3a077f0b069ab272183f,2026-07-19T15:10:06,True
study_runs,V100_P1_NANO_I05_R05,study_runs/V100_P1_NANO_I05_R05/checkpoint/77cee7c143e54342a6d595c53dab704e/generated/checkpoints/MovieLens100K-25551e72/LensKit.ImplicitMFScorer-7faa19f1-42/predictions.json,predictions.json,.json,46152854,b34e5379d328822fb1ecd8ef164ef1ef829e10cf6eb7c1eea7f9ba52ecaf67c6,2026-07-19T15:11:02,True
study_runs,V100_P1_NANO_I05_R05,study_runs/V100_P1_NANO_I05_R05/checkpoint/77cee7c143e54342a6d595c53dab704e/generated/checkpoints/out.log,out.log,.log,0,e3b0c44298fc1c149afbf4c8996fb92427ae41e4649b934ca495991b7852b855,2026-07-19T15:11:16,True
study_runs,V100_P1_NANO_I05_R05,study_runs/V100_P1_NANO_I05_R05/checkpoint/77cee7c143e54342a6d595c53dab704e/generated/checkpoints/progress.json,progress.json,.json,323,ec16cafa2e9686c390f1b858ff32b0d3f835aa19281928cdf9f4c9430fc29f96,2026-07-19T15:11:56,True
study_runs,V100_P1_NANO_I05_R05,study_runs/V100_P1_NANO_I05_R05/checkpoint/77cee7c143e54342a6d595c53dab704e/generated/checkpoints/results.json,results.json,.json,152,63b813c0082edf4b28efe34482209b9e0a5027f2f30f72e531d32e10f968394e,2026-07-19T15:11:56,True
study_runs,V100_P1_NANO_I05_R05,study_runs/V100_P1_NANO_I05_R05/checkpoint/77cee7c143e54342a6d595c53dab704e/out.log,out.log,.log,15001,2908482993eac3ba1397e8588cfd3d294039e67dbf4dedd40ee6679640e3eb56,2026-07-19T15:11:56,True
study_runs,V100_P1_NANO_I05_R05,study_runs/V100_P1_NANO_I05_R05/checkpoint/98faa0d39dee486eb4051a7b9161c863/code.py,code.py,.py,3808,2a4c3e7b7a975c169d5a723f11688badea9512fcb2d04e26cba7a051872469ed,2026-07-19T15:14:30,True
study_runs,V100_P1_NANO_I05_R05,study_runs/V100_P1_NANO_I05_R05/checkpoint/98faa0d39dee486eb4051a7b9161c863/exec_result.pkl,exec_result.pkl,.pkl,2875,5b43de18b9f77a0cd64cffcb284b9cf458f3e3a5e698e0ff00a7d786273bf443,2026-07-19T15:05:36,True
study_runs,V100_P1_NANO_I05_R05,study_runs/V100_P1_NANO_I05_R05/checkpoint/98faa0d39dee486eb4051a7b9161c863/out.log,out.log,.log,2684,1f481c37a2ed1ee444aff901baac05f7e8142992c87978b13195a83aa5e18b12,2026-07-19T15:05:36,True
study_runs,V100_P1_NANO_I05_R05,study_runs/V100_P1_NANO_I05_R05/checkpoint/ba0fa73efc944c45a3c010b47ec9e66e/code.py,code.py,.py,2,7eb70257593da06f682a3ddda54a9d260d4fc514f645237f5ca74b08f8da61a6,2026-07-19T15:28:36,True
study_runs,V100_P1_NANO_I05_R05,study_runs/V100_P1_NANO_I05_R05/checkpoint/ba0fa73efc944c45a3c010b47ec9e66e/exec_result.pkl,exec_result.pkl,.pkl,169,0dfecd0b5860e6dfd8737a85a15efe74711fada543d4ac827d6ead3654894d62,2026-07-19T15:20:02,True
study_runs,V100_P1_NANO_I05_R05,study_runs/V100_P1_NANO_I05_R05/checkpoint/ba0fa73efc944c45a3c010b47ec9e66e/out.log,out.log,.log,49,b999c05453cbce1dd7fa3d0ee70d14f3b54a511d7b134eda76c99d23181d0525,2026-07-19T15:20:02,True
study_runs,V100_P1_NANO_I05_R05,study_runs/V100_P1_NANO_I05_R05/checkpoint/ea772fb62ca04abfaff9d848a17f876b/code.py,code.py,.py,4199,cd80627219d167bac309674b63f2d3958ecbbf1a59127715557d44c592a048e4,2026-07-19T15:22:12,True
study_runs,V100_P1_NANO_I05_R05,study_runs/V100_P1_NANO_I05_R05/checkpoint/ea772fb62ca04abfaff9d848a17f876b/exec_result.pkl,exec_result.pkl,.pkl,1858,32e7ff33bb3af41c329d32aa7fd592b4187ddb8fb33ab356dff335524967193f,2026-07-19T15:16:36,True
study_runs,V100_P1_NANO_I05_R05,study_runs/V100_P1_NANO_I05_R05/checkpoint/ea772fb62ca04abfaff9d848a17f876b/out.log,out.log,.log,1695,4c6339121b7a7a5a9de40c09380628d63681a3466a7f8141b02aec069bf5459a,2026-07-19T15:16:36,True
study_runs,V100_P1_NANO_I05_R05,study_runs/V100_P1_NANO_I05_R05/checkpoint/ea772fb62ca04abfaff9d848a17f876b_iteration1/code.py,code.py,.py,305,a7e4eff30ffae83fba33818d05e10210d74ce36b09ea7d89fc03a276edb0187d,2026-07-19T15:40:15,True
study_runs,V100_P1_NANO_I05_R05,study_runs/V100_P1_NANO_I05_R05/checkpoint/ea772fb62ca04abfaff9d848a17f876b_iteration1/exec_result.pkl,exec_result.pkl,.pkl,169,a851480c4d35dfe4b627d7571ae235e4311b82fd91674a1fcd4a0b49c1a55c4b,2026-07-19T15:29:46,True
study_runs,V100_P1_NANO_I05_R05,study_runs/V100_P1_NANO_I05_R05/checkpoint/ea772fb62ca04abfaff9d848a17f876b_iteration1/out.log,out.log,.log,49,b999c05453cbce1dd7fa3d0ee70d14f3b54a511d7b134eda76c99d23181d0525,2026-07-19T15:29:46,True
study_runs,V100_P1_NANO_I05_R05,study_runs/V100_P1_NANO_I05_R05/checkpoint/ea772fb62ca04abfaff9d848a17f876b_iteration2/code.py,code.py,.py,2,7eb70257593da06f682a3ddda54a9d260d4fc514f645237f5ca74b08f8da61a6,2026-07-19T15:40:15,True
study_runs,V100_P1_NANO_I05_R05,study_runs/V100_P1_NANO_I05_R05/checkpoint/ea772fb62ca04abfaff9d848a17f876b_iteration2/exec_result.pkl,exec_result.pkl,.pkl,169,c825cfe1a6c31abf7112cbbc0692149e8f07621be204e3dabb8274b0748ba4fd,2026-07-19T15:35:26,True
study_runs,V100_P1_NANO_I05_R05,study_runs/V100_P1_NANO_I05_R05/checkpoint/ea772fb62ca04abfaff9d848a17f876b_iteration2/out.log,out.log,.log,49,b999c05453cbce1dd7fa3d0ee70d14f3b54a511d7b134eda76c99d23181d0525,2026-07-19T15:35:26,True
study_runs,V100_P1_NANO_I05_R05,study_runs/V100_P1_NANO_I05_R05/checkpoint/ea772fb62ca04abfaff9d848a17f876b_seed/code.py,code.py,.py,2,7eb70257593da06f682a3ddda54a9d260d4fc514f645237f5ca74b08f8da61a6,2026-07-19T15:33:20,True
study_runs,V100_P1_NANO_I05_R05,study_runs/V100_P1_NANO_I05_R05/checkpoint/ea772fb62ca04abfaff9d848a17f876b_seed/exec_result.pkl,exec_result.pkl,.pkl,169,efca770d3b01cbafb4f0f89631797e47397deae2cbff92e418b5bd5560bfb521,2026-07-19T15:23:41,True
study_runs,V100_P1_NANO_I05_R05,study_runs/V100_P1_NANO_I05_R05/checkpoint/ea772fb62ca04abfaff9d848a17f876b_seed/out.log,out.log,.log,49,b999c05453cbce1dd7fa3d0ee70d14f3b54a511d7b134eda76c99d23181d0525,2026-07-19T15:23:41,True
study_runs,V100_P1_NANO_I05_R05,study_runs/V100_P1_NANO_I05_R05/code_requirements_final.json,code_requirements_final.json,.json,3373,ef2f431a5dbe3ce1852711c3346ca862497baf0743612d551d87a40ec4a371ff,2026-07-19T15:23:14,True
study_runs,V100_P1_NANO_I05_R05,study_runs/V100_P1_NANO_I05_R05/code_requirements_prototype.json,code_requirements_prototype.json,.json,1515,17c4f2d5387cf9482546fe6830ab7789ad4d1085b533fb34d1f873be735ecd63,2026-07-19T14:49:17,True
study_runs,V100_P1_NANO_I05_R05,study_runs/V100_P1_NANO_I05_R05/config.source.toml,config.source.toml,.toml,386,43ad328d9e971575946598bc6c906a320d878b57103e5825b7bc1b351074558f,2026-07-19T14:48:29,True
study_runs,V100_P1_NANO_I05_R05,study_runs/V100_P1_NANO_I05_R05/config.toml,config.toml,.toml,414,e853e9e1d9da551cc2ba4da6213bece018f3c74f5a7afb0c43759110207bbc97,2026-07-19T14:48:29,True
study_runs,V100_P1_NANO_I05_R05,study_runs/V100_P1_NANO_I05_R05/costs_log.csv,costs_log.csv,.csv,13282,32ce3902500ad61492a3df907d9a8764d645501023ca011d475c6577fab1ab50,2026-07-19T15:40:29,True
study_runs,V100_P1_NANO_I05_R05,study_runs/V100_P1_NANO_I05_R05/debug.log,debug.log,.log,288840,75fab09d0b4ba4d84e5b45fc5fb327930b1320ead95f71fd5571ffa1bffb0e9a,2026-07-19T15:40:33,True
study_runs,V100_P1_NANO_I05_R05,study_runs/V100_P1_NANO_I05_R05/entered_prompt.txt,entered_prompt.txt,.txt,437,6edc6d3ea582b4064275813302d2a2d0f2728f5678dfacf25d976c8d75b5b963,2026-07-19T14:48:29,True
study_runs,V100_P1_NANO_I05_R05,study_runs/V100_P1_NANO_I05_R05/save.pkl,save.pkl,.pkl,155119,d80024305a9664e224fb520ae7a33d902f513f6000dc2a0e0e5f9bb16855c3bc,2026-07-19T15:22:21,True
study_runs,V100_P1_NANO_I05_R05,study_runs/V100_P1_NANO_I05_R05/statistics/0_0b6ea20ff97249468b6671093ae5cbe7.txt,0_0b6ea20ff97249468b6671093ae5cbe7.txt,.txt,407,b89f61955322c7904718bee68d7b7825dc32b51986ca4718fa64af919c93e537,2026-07-19T14:54:46,True
study_runs,V100_P1_NANO_I05_R05,study_runs/V100_P1_NANO_I05_R05/statistics/1_138c2527bd0145a285ef4efeb98072fc.txt,1_138c2527bd0145a285ef4efeb98072fc.txt,.txt,407,654792f7dd8356c792a2d262757ae7b58cb063e02fdca16122c7bc72dd8f797a,2026-07-19T14:58:43,True
study_runs,V100_P1_NANO_I05_R05,study_runs/V100_P1_NANO_I05_R05/statistics/2_279449ab8ca84cd4ba46c9645bcea2fc.txt,2_279449ab8ca84cd4ba46c9645bcea2fc.txt,.txt,441,ccd6e9f377a210a81188b86e34214b9a7be02a0ce1d59c47087f33ca5604a78b,2026-07-19T15:03:10,True
study_runs,V100_P1_NANO_I05_R05,study_runs/V100_P1_NANO_I05_R05/statistics/3_98faa0d39dee486eb4051a7b9161c863.txt,3_98faa0d39dee486eb4051a7b9161c863.txt,.txt,457,98e5a5a2ce9e1809827731df6cf0baa23ab26b951e2ba1d9906942773760e2b5,2026-07-19T15:07:58,True
study_runs,V100_P1_NANO_I05_R05,study_runs/V100_P1_NANO_I05_R05/statistics/4_77cee7c143e54342a6d595c53dab704e.txt,4_77cee7c143e54342a6d595c53dab704e.txt,.txt,454,cb7cdc9af62aee078d37ff5834418a989165b607c04e92b7d8d6839b4ca7008f,2026-07-19T15:14:30,True
study_runs,V100_P1_NANO_I05_R05,study_runs/V100_P1_NANO_I05_R05/statistics/5_ea772fb62ca04abfaff9d848a17f876b.txt,5_ea772fb62ca04abfaff9d848a17f876b.txt,.txt,467,7c9134a29fe73956962c4c55787b4a72e2ba5d290ca583498fbd1f3c7942536f,2026-07-19T15:18:55,True
study_runs,V100_P1_NANO_I05_R05,study_runs/V100_P1_NANO_I05_R05/statistics/6_ba0fa73efc944c45a3c010b47ec9e66e.txt,6_ba0fa73efc944c45a3c010b47ec9e66e.txt,.txt,408,9ac352197db79137a230a705e07b06eea37d7dd51170a0db6fab60d729db2aed,2026-07-19T15:22:12,True
study_runs,V100_P1_NANO_I05_R05,study_runs/V100_P1_NANO_I05_R05/statistics/7_ea772fb62ca04abfaff9d848a17f876b_seed.txt,7_ea772fb62ca04abfaff9d848a17f876b_seed.txt,.txt,412,29d3fbe9cc578fcc81b05fa817adbc9cf22448c7a2b2e433e236097d7c74be30,2026-07-19T15:28:36,True
study_runs,V100_P1_NANO_I05_R05,study_runs/V100_P1_NANO_I05_R05/statistics/8_ea772fb62ca04abfaff9d848a17f876b_iteration1.txt,8_ea772fb62ca04abfaff9d848a17f876b_iteration1.txt,.txt,418,13a26d6c717cf75986cb63786d14149e377fd63a139a2511f058a5d22c41c064,2026-07-19T15:33:20,True
study_runs,V100_P1_NANO_I05_R05,study_runs/V100_P1_NANO_I05_R05/statistics/9_ea772fb62ca04abfaff9d848a17f876b_iteration2.txt,9_ea772fb62ca04abfaff9d848a17f876b_iteration2.txt,.txt,417,9225a3bc49948e4014efc0a4467b36b61745bcd40b06e0f3b48bea15b20ee185,2026-07-19T15:40:15,True
study_runs,V100_P1_NANO_I05_R05,study_runs/V100_P1_NANO_I05_R05/statistics/arguments_per_function.png,arguments_per_function.png,.png,61680,d0632932bdcfd605f5f4857ae2c624ac0295db1dc020273cce838da385421d9d,2026-07-19T15:40:31,True
study_runs,V100_P1_NANO_I05_R05,study_runs/V100_P1_NANO_I05_R05/statistics/classes.png,classes.png,.png,52474,8a35a6116ffc7375f160e75ebca7241dd695cc31e88d3e386a67d24dc56bd22a,2026-07-19T15:40:31,True
study_runs,V100_P1_NANO_I05_R05,study_runs/V100_P1_NANO_I05_R05/statistics/comment_lines.png,comment_lines.png,.png,65253,78071d544807df42ce8243274d66fc208eebcd568d29f20c808ffe84a431fce6,2026-07-19T15:40:30,True
study_runs,V100_P1_NANO_I05_R05,study_runs/V100_P1_NANO_I05_R05/statistics/conditions.png,conditions.png,.png,54061,14ea5a902e8aab41ea722a7e176ff03597ee1043df44ecd278a2212ab67ff530,2026-07-19T15:40:32,True
study_runs,V100_P1_NANO_I05_R05,study_runs/V100_P1_NANO_I05_R05/statistics/deletions.png,deletions.png,.png,62766,09e0f1922eaf4a87a1cb4d9f14471c9e76426f605eae5683e07922ec9e25f5ca,2026-07-19T15:40:33,True
study_runs,V100_P1_NANO_I05_R05,study_runs/V100_P1_NANO_I05_R05/statistics/empty_lines.png,empty_lines.png,.png,59054,bc3649c3e859ef1481cf0a4b096df753f99ce5ca6b543a3c378e35398ebe44cf,2026-07-19T15:40:30,True
study_runs,V100_P1_NANO_I05_R05,study_runs/V100_P1_NANO_I05_R05/statistics/execution_time.png,execution_time.png,.png,59733,7ceeb3d799d5369d3187c9877732259df4a5c083bdb201b142ba381ab7a65b68,2026-07-19T15:40:29,True
study_runs,V100_P1_NANO_I05_R05,study_runs/V100_P1_NANO_I05_R05/statistics/functions.png,functions.png,.png,50801,e9279fb0a08ce21d935de7b2306ad81b832547ba9c09d6552ad23aa9abd7922c,2026-07-19T15:40:31,True
study_runs,V100_P1_NANO_I05_R05,study_runs/V100_P1_NANO_I05_R05/statistics/insertions.png,insertions.png,.png,66583,44c688895614fdbecfdfbe6c45ad5e78eb99c12f9c86cc9221312c1c6c781e02,2026-07-19T15:40:32,True
study_runs,V100_P1_NANO_I05_R05,study_runs/V100_P1_NANO_I05_R05/statistics/libraries_imported.png,libraries_imported.png,.png,57530,661fa2fd18ca68e3526bdd85c3e050c1954f3e88654ae6a81efd52fe0b8093f5,2026-07-19T15:40:31,True
study_runs,V100_P1_NANO_I05_R05,study_runs/V100_P1_NANO_I05_R05/statistics/lines_of_code.png,lines_of_code.png,.png,63239,ecaab07e2dc7db52c44b1f5106090d3f68bed5d518ec879d683092def9524d5f,2026-07-19T15:40:30,True
study_runs,V100_P1_NANO_I05_R05,study_runs/V100_P1_NANO_I05_R05/statistics/loops.png,loops.png,.png,52447,c0ba4a523d890b95b4564b2ce2075e8db817e62ae7b6af6d1e74273920017678,2026-07-19T15:40:32,True
study_runs,V100_P1_NANO_I05_R05,study_runs/V100_P1_NANO_I05_R05/statistics/summary_overall_nodes.txt,summary_overall_nodes.txt,.txt,457,a383ea1c028e9db5fa0f02e834e7457f07c0bcd96d1d57ff49631d61e09d333d,2026-07-19T15:40:29,True
study_runs,V100_P1_NANO_I05_R05,study_runs/V100_P1_NANO_I05_R05/statistics/total_characters.png,total_characters.png,.png,69058,f319b474daf0f1751e8c56756453518397b024c7699002bfc4d1bab5e8fab2a3,2026-07-19T15:40:30,True
study_runs,V100_P1_NANO_I05_R05,study_runs/V100_P1_NANO_I05_R05/statistics/variable_assignments.png,variable_assignments.png,.png,63482,3b5be86e2af900b7f6c93c951137adc72328533a48304c3556f754cd43af041f,2026-07-19T15:40:32,True
study_runs,V100_P1_NANO_I05_R05,study_runs/V100_P1_NANO_I05_R05/summary.md,summary.md,.md,2725,408426a2996c2a0159bb539fe3d225ec0f60da13fd9c31f131a65576a85c7170,2026-07-19T15:40:29,True
study_runs,V100_P1_NANO_I05_R05,study_runs/V100_P1_NANO_I05_R05/tree_render/pdf/combined_tree.pdf,combined_tree.pdf,.pdf,21496,e02892c36251ab58ce896d542d6914e479574bf6e2b29e37e6bbf891236178c9,2026-07-19T15:22:20,True
study_runs,V100_P1_NANO_I05_R05,study_runs/V100_P1_NANO_I05_R05/tree_render/pdf/tree_0.pdf,tree_0.pdf,.pdf,21372,8eb1ed1ce2c80b5390eda3995cf6686e21491a587ccdb46f1f700d6996a67687,2026-07-19T15:22:15,True
study_runs,V100_P1_NANO_I05_R05,study_runs/V100_P1_NANO_I05_R05/tree_render/pdf/tree_1.pdf,tree_1.pdf,.pdf,18704,7dbbc2c1fa881b3dd22dd545fb69f8de944a719d907d3175664bc32b01744080,2026-07-19T15:22:17,True
study_runs,V100_P1_NANO_I05_R05,study_runs/V100_P1_NANO_I05_R05/tree_render/png/combined_tree.png,combined_tree.png,.png,77541,2246a18b7bbffebc85398be65058e7246af214db44e93125e086904441367623,2026-07-19T15:22:19,True
study_runs,V100_P1_NANO_I05_R05,study_runs/V100_P1_NANO_I05_R05/tree_render/png/tree_0.png,tree_0.png,.png,69426,b936d63dd56b459a612ee9e1a1602d472d8cbb120c168006f1103aee5b073a8a,2026-07-19T15:22:14,True
study_runs,V100_P1_NANO_I05_R05,study_runs/V100_P1_NANO_I05_R05/tree_render/png/tree_1.png,tree_1.png,.png,10784,cf9b4f5cc5982ff42c8dfae5539a03e7b18085ed90226a9fec3f9d8ef7a37778,2026-07-19T15:22:16,True
study_runs,V100_P1_NANO_I05_R05,study_runs/V100_P1_NANO_I05_R05/tree_render/svg/combined_tree.svg,combined_tree.svg,.svg,10601,e4411e9a2e365f1961a70710ba236b122afbd099741e93cebb68f0136877f093,2026-07-19T15:22:21,True
study_runs,V100_P1_NANO_I05_R05,study_runs/V100_P1_NANO_I05_R05/tree_render/svg/tree_0.svg,tree_0.svg,.svg,9550,2b7cfa77a3c4b77a0dbdab490fa843c41af61f4f2c0109c0a9764f2414d6e5ff,2026-07-19T15:22:15,True
study_runs,V100_P1_NANO_I05_R05,study_runs/V100_P1_NANO_I05_R05/tree_render/svg/tree_1.svg,tree_1.svg,.svg,1611,251087cdd0e5de78933af88ec66937b2dec626b9cd97322aa739c34a5a7cb4f5,2026-07-19T15:22:18,True
study_runs,V100_P2_GPT54_I05_R01,study_runs/V100_P2_GPT54_I05_R01/checkpoint/03f051567e904656ad105f8d25c57a32/code.py,code.py,.py,11193,635ca5f68c5f54bdfe2e75a38863398892e4ec63d0ab4dfc3b9452f47a1fcce7,2026-07-20T07:02:11,True
study_runs,V100_P2_GPT54_I05_R01,study_runs/V100_P2_GPT54_I05_R01/checkpoint/03f051567e904656ad105f8d25c57a32/exec_result.pkl,exec_result.pkl,.pkl,957,8923b3658b0ea9fe12a18a0363e5b009c1b8881209d46702ce42c4902ffd37bb,2026-07-20T06:57:58,True
study_runs,V100_P2_GPT54_I05_R01,study_runs/V100_P2_GPT54_I05_R01/checkpoint/03f051567e904656ad105f8d25c57a32/generated/package_versions.json,package_versions.json,.json,175,e54bcc95ab5f7e952765988eccfacec87a92c25c3777ae1e53d651e480ff1b38,2026-07-20T06:57:57,True
study_runs,V100_P2_GPT54_I05_R01,study_runs/V100_P2_GPT54_I05_R01/checkpoint/03f051567e904656ad105f8d25c57a32/out.log,out.log,.log,814,67539b34850e7183d281002eae5912ea97f11a40e6461e746dd87e9ea61227e5,2026-07-20T06:57:58,True
study_runs,V100_P2_GPT54_I05_R01,study_runs/V100_P2_GPT54_I05_R01/checkpoint/04f48b1f7cb64750af4875102ffebf1c/code.py,code.py,.py,9710,5eaf45735f4a3c95e06b894e3824a62d46fc0c281d08eba91a33102bd98b3eae,2026-07-20T07:09:22,True
study_runs,V100_P2_GPT54_I05_R01,study_runs/V100_P2_GPT54_I05_R01/checkpoint/04f48b1f7cb64750af4875102ffebf1c/exec_result.pkl,exec_result.pkl,.pkl,3985,71a612e67ecba02201ac07ea3cb55e51cb524e8165f54d6c0cb00ba6a12d48e9,2026-07-20T07:06:40,True
study_runs,V100_P2_GPT54_I05_R01,study_runs/V100_P2_GPT54_I05_R01/checkpoint/04f48b1f7cb64750af4875102ffebf1c/generated/checkpoints/err.log,err.log,.log,1443,a2baef2b01aa5168a87f44bd43cf7f46d5d53b9b4331ee49cc9ea6d903cecd50,2026-07-20T07:06:40,True
study_runs,V100_P2_GPT54_I05_R01,study_runs/V100_P2_GPT54_I05_R01/checkpoint/04f48b1f7cb64750af4875102ffebf1c/generated/checkpoints/LocalMovieLens100KPrototype-eff9ee63/LensKit.ItemKNNScorer-c1e4fb83-42/model.bpk,model.bpk,.bpk,264512,63401e4ab44434ce8640e7925a973e02c43c28e73aa31db9d3d591c92e713e99,2026-07-20T07:06:08,True
study_runs,V100_P2_GPT54_I05_R01,study_runs/V100_P2_GPT54_I05_R01/checkpoint/04f48b1f7cb64750af4875102ffebf1c/generated/checkpoints/LocalMovieLens100KPrototype-eff9ee63/LensKit.ItemKNNScorer-c1e4fb83-42/predictions.json,predictions.json,.json,287967,c7b8f941e565afde565f27e9a30638305711629869cfd2cac35abc3c08c722d6,2026-07-20T07:06:30,True
study_runs,V100_P2_GPT54_I05_R01,study_runs/V100_P2_GPT54_I05_R01/checkpoint/04f48b1f7cb64750af4875102ffebf1c/generated/checkpoints/out.log,out.log,.log,122,807938ca99a035efea4d73865a0c8e02ce83046649d12348622e4fe57492a7fc,2026-07-20T07:06:40,True
study_runs,V100_P2_GPT54_I05_R01,study_runs/V100_P2_GPT54_I05_R01/checkpoint/04f48b1f7cb64750af4875102ffebf1c/generated/checkpoints/progress.json,progress.json,.json,329,8ec5b988213830f19bb3fb28601680ddecdbca3ce2e60f104278163c10b9aa18,2026-07-20T07:06:39,True
study_runs,V100_P2_GPT54_I05_R01,study_runs/V100_P2_GPT54_I05_R01/checkpoint/04f48b1f7cb64750af4875102ffebf1c/generated/checkpoints/results.json,results.json,.json,2,44136fa355b3678a1146ad16f7e8649e94fb4fc21fe77e8310c060f61caaff8a,2026-07-20T07:06:40,True
study_runs,V100_P2_GPT54_I05_R01,study_runs/V100_P2_GPT54_I05_R01/checkpoint/04f48b1f7cb64750af4875102ffebf1c/generated/prototype_split.rsds,prototype_split.rsds,.rsds,1120932,412dff680c61361f746799c12744e1ccbcdfcb3008ae8d3c8fbc716967fecc75,2026-07-20T07:05:51,True
study_runs,V100_P2_GPT54_I05_R01,study_runs/V100_P2_GPT54_I05_R01/checkpoint/04f48b1f7cb64750af4875102ffebf1c/out.log,out.log,.log,3768,df78a00dbd6dd07755a61a173056849823cbb581ea224788f76f283e4edd86fa,2026-07-20T07:06:40,True
study_runs,V100_P2_GPT54_I05_R01,study_runs/V100_P2_GPT54_I05_R01/checkpoint/463f928539dd419880b3701067bf30e7/code.py,code.py,.py,10438,5ee623037be04d5ee3040e42b680ee9ff695473929bb3f93a79dca50cb64f00f,2026-07-20T07:07:27,True
study_runs,V100_P2_GPT54_I05_R01,study_runs/V100_P2_GPT54_I05_R01/checkpoint/463f928539dd419880b3701067bf30e7/exec_result.pkl,exec_result.pkl,.pkl,2779,413c57a86c597f7f7aebfb457b4c881a99c4d9d1bc789a22589b2d636e0d9f47,2026-07-20T07:03:56,True
study_runs,V100_P2_GPT54_I05_R01,study_runs/V100_P2_GPT54_I05_R01/checkpoint/463f928539dd419880b3701067bf30e7/out.log,out.log,.log,2594,e7c6c5de3e0ba12d6e84f7aa35531aab2e8f936e632505d78a783d46e10ed521,2026-07-20T07:03:56,True
study_runs,V100_P2_GPT54_I05_R01,study_runs/V100_P2_GPT54_I05_R01/checkpoint/689fdb467ed14a69b6b30f5e43651ab5/code.py,code.py,.py,6657,f1ec787ea47d0bb3ab08f5dee9ceecb6fb1d1a361d7a67d5bb9ae46de06d1d24,2026-07-20T06:59:05,True
study_runs,V100_P2_GPT54_I05_R01,study_runs/V100_P2_GPT54_I05_R01/checkpoint/689fdb467ed14a69b6b30f5e43651ab5/exec_result.pkl,exec_result.pkl,.pkl,927,17ad0573db935c5093616c271c132007e3748b81da3e4d82d0a72d05cac1dd73,2026-07-20T06:55:25,True
study_runs,V100_P2_GPT54_I05_R01,study_runs/V100_P2_GPT54_I05_R01/checkpoint/689fdb467ed14a69b6b30f5e43651ab5/out.log,out.log,.log,788,6d48af332312d6e1a398317ed6230c575d3f9e19b0ce6f02e214a6cd804f387b,2026-07-20T06:55:25,True
study_runs,V100_P2_GPT54_I05_R01,study_runs/V100_P2_GPT54_I05_R01/checkpoint/a086ad426c6941eb80d27438d0dea564/code.py,code.py,.py,15542,11fde091e48b7ba745b7eda6bce155f13d90622aa08e339ab8d40280780afc45,2026-07-20T07:13:47,True
study_runs,V100_P2_GPT54_I05_R01,study_runs/V100_P2_GPT54_I05_R01/checkpoint/a086ad426c6941eb80d27438d0dea564/exec_result.pkl,exec_result.pkl,.pkl,4039,6f3d091bf244d197bfbb255e7e02594582f3dbfe0c007d438237a17213b244d4,2026-07-20T07:11:06,True
study_runs,V100_P2_GPT54_I05_R01,study_runs/V100_P2_GPT54_I05_R01/checkpoint/a086ad426c6941eb80d27438d0dea564/generated/checkpoints/err.log,err.log,.log,1443,a2baef2b01aa5168a87f44bd43cf7f46d5d53b9b4331ee49cc9ea6d903cecd50,2026-07-20T07:11:05,True
study_runs,V100_P2_GPT54_I05_R01,study_runs/V100_P2_GPT54_I05_R01/checkpoint/a086ad426c6941eb80d27438d0dea564/generated/checkpoints/LocalMovieLens100KPrototype-5b950c9a/LensKit.ItemKNNScorer-c1e4fb83-42/model.bpk,model.bpk,.bpk,265341,8b861f77abecfedac41706570c08b182d201b093b05b2bdad627379485ce269a,2026-07-20T07:10:33,True
study_runs,V100_P2_GPT54_I05_R01,study_runs/V100_P2_GPT54_I05_R01/checkpoint/a086ad426c6941eb80d27438d0dea564/generated/checkpoints/LocalMovieLens100KPrototype-5b950c9a/LensKit.ItemKNNScorer-c1e4fb83-42/predictions.json,predictions.json,.json,278335,5e5af59aebe5c802a9bb061dec502d364c5bd647449c8e464781354f04977a58,2026-07-20T07:10:55,True
study_runs,V100_P2_GPT54_I05_R01,study_runs/V100_P2_GPT54_I05_R01/checkpoint/a086ad426c6941eb80d27438d0dea564/generated/checkpoints/out.log,out.log,.log,122,278871bc65cec4684d5db75b3f32ed00f96dae4e1ed592c877c327eb7cdbd6ee,2026-07-20T07:11:05,True
study_runs,V100_P2_GPT54_I05_R01,study_runs/V100_P2_GPT54_I05_R01/checkpoint/a086ad426c6941eb80d27438d0dea564/generated/checkpoints/progress.json,progress.json,.json,329,3411546e9a11a60a18c2cd3d195bd696ffcda3ae4954aabeb7ce7e3f887bac76,2026-07-20T07:11:05,True
study_runs,V100_P2_GPT54_I05_R01,study_runs/V100_P2_GPT54_I05_R01/checkpoint/a086ad426c6941eb80d27438d0dea564/generated/checkpoints/results.json,results.json,.json,2,44136fa355b3678a1146ad16f7e8649e94fb4fc21fe77e8310c060f61caaff8a,2026-07-20T07:11:05,True
study_runs,V100_P2_GPT54_I05_R01,study_runs/V100_P2_GPT54_I05_R01/checkpoint/a086ad426c6941eb80d27438d0dea564/generated/prototype_split.rsds,prototype_split.rsds,.rsds,1120932,f3172c9e397a2059cd13958ea15748527db515a3a3c11ed4e4f3b96c2be36e78,2026-07-20T07:10:17,True
study_runs,V100_P2_GPT54_I05_R01,study_runs/V100_P2_GPT54_I05_R01/checkpoint/a086ad426c6941eb80d27438d0dea564/out.log,out.log,.log,3822,52de146a408377c10fe525eefa296f713f9358127f151d92b93ba3872ac8bc49,2026-07-20T07:11:06,True
study_runs,V100_P2_GPT54_I05_R01,study_runs/V100_P2_GPT54_I05_R01/checkpoint/a086ad426c6941eb80d27438d0dea564_iteration1/code.py,code.py,.py,25163,0fdab66427f35369f8037d48abaeb11c039fbe6973ba9c42e2c2882473b69200,2026-07-20T07:19:43,True
study_runs,V100_P2_GPT54_I05_R01,study_runs/V100_P2_GPT54_I05_R01/checkpoint/a086ad426c6941eb80d27438d0dea564_iteration1/exec_result.pkl,exec_result.pkl,.pkl,1035,5861286a3a77b30aaa052d6a240a2fb6fe63d72f411b0c579eafd53656308290,2026-07-20T07:15:39,True
study_runs,V100_P2_GPT54_I05_R01,study_runs/V100_P2_GPT54_I05_R01/checkpoint/a086ad426c6941eb80d27438d0dea564_iteration1/out.log,out.log,.log,896,8d1842774afd4e93bd9caca89ff26a814a112290f3e587c1148ae6049ac280c6,2026-07-20T07:15:39,True
study_runs,V100_P2_GPT54_I05_R01,study_runs/V100_P2_GPT54_I05_R01/checkpoint/a086ad426c6941eb80d27438d0dea564_iteration2/code.py,code.py,.py,27077,c587b80898d9c50ea7bc6ff05eac300bd1a75b5e79a34c5ce3baee767bc9bbf8,2026-07-20T07:19:43,True
study_runs,V100_P2_GPT54_I05_R01,study_runs/V100_P2_GPT54_I05_R01/checkpoint/a086ad426c6941eb80d27438d0dea564_iteration2/exec_result.pkl,exec_result.pkl,.pkl,4093,e68df4763cf21174f079c681ee4f1272c3bdc0c8ebd86c9ed0bbd6d73ac545af,2026-07-20T07:18:44,True
study_runs,V100_P2_GPT54_I05_R01,study_runs/V100_P2_GPT54_I05_R01/checkpoint/a086ad426c6941eb80d27438d0dea564_iteration2/generated/checkpoints/err.log,err.log,.log,1255,9024d261fc3c3bcd7a88cec33c7ade17b420946d7a85f4d703aa98930cd77da9,2026-07-20T07:18:43,True
study_runs,V100_P2_GPT54_I05_R01,study_runs/V100_P2_GPT54_I05_R01/checkpoint/a086ad426c6941eb80d27438d0dea564_iteration2/generated/checkpoints/MovieLens100K_seed7-5b950c9a/LensKit.ImplicitMFScorer-bdf10326-7/model.bpk,model.bpk,.bpk,567770,120643a1027c210255eebe3fe5d84fb3a7e4b9bf00d274fc42111c750a119cad,2026-07-20T07:18:03,True
study_runs,V100_P2_GPT54_I05_R01,study_runs/V100_P2_GPT54_I05_R01/checkpoint/a086ad426c6941eb80d27438d0dea564_iteration2/generated/checkpoints/MovieLens100K_seed7-5b950c9a/LensKit.ImplicitMFScorer-bdf10326-7/predictions.json,predictions.json,.json,441377,273e37c8348a4ba3c6515dbb88e8809f587d1c26578787c583ea0c4cc42bba79,2026-07-20T07:18:42,True
study_runs,V100_P2_GPT54_I05_R01,study_runs/V100_P2_GPT54_I05_R01/checkpoint/a086ad426c6941eb80d27438d0dea564_iteration2/generated/checkpoints/out.log,out.log,.log,0,e3b0c44298fc1c149afbf4c8996fb92427ae41e4649b934ca495991b7852b855,2026-07-20T07:18:43,True
study_runs,V100_P2_GPT54_I05_R01,study_runs/V100_P2_GPT54_I05_R01/checkpoint/a086ad426c6941eb80d27438d0dea564_iteration2/generated/checkpoints/progress.json,progress.json,.json,316,90c4e7d5f03d1bb2cc93b0c71b71842e11960d93f8ad1ec56ff3d971c3e53268,2026-07-20T07:18:43,True
study_runs,V100_P2_GPT54_I05_R01,study_runs/V100_P2_GPT54_I05_R01/checkpoint/a086ad426c6941eb80d27438d0dea564_iteration2/generated/checkpoints/results.json,results.json,.json,2,44136fa355b3678a1146ad16f7e8649e94fb4fc21fe77e8310c060f61caaff8a,2026-07-20T07:18:43,True
study_runs,V100_P2_GPT54_I05_R01,study_runs/V100_P2_GPT54_I05_R01/checkpoint/a086ad426c6941eb80d27438d0dea564_iteration2/generated/MovieLens100K_seed7_split.rsds,MovieLens100K_seed7_split.rsds,.rsds,1120919,946ce7ca233fc99b9ae60ba881bb518dce806439cf486dac2fb8e2dbc82d758f,2026-07-20T07:17:45,True
study_runs,V100_P2_GPT54_I05_R01,study_runs/V100_P2_GPT54_I05_R01/checkpoint/a086ad426c6941eb80d27438d0dea564_iteration2/out.log,out.log,.log,3876,83ddcb75872470d2e4489cbb4474835682b2cd8145b28c44f2b3f29b86ffbedf,2026-07-20T07:18:44,True
study_runs,V100_P2_GPT54_I05_R01,study_runs/V100_P2_GPT54_I05_R01/checkpoint/a086ad426c6941eb80d27438d0dea564_seed/code.py,code.py,.py,15542,11fde091e48b7ba745b7eda6bce155f13d90622aa08e339ab8d40280780afc45,2026-07-20T07:16:32,True
study_runs,V100_P2_GPT54_I05_R01,study_runs/V100_P2_GPT54_I05_R01/checkpoint/a086ad426c6941eb80d27438d0dea564_seed/exec_result.pkl,exec_result.pkl,.pkl,4039,f2c2003bb96cda862fef7b94fef488b6bfa065e4c6fcc12fb7be0f657da8ae16,2026-07-20T07:13:07,True
study_runs,V100_P2_GPT54_I05_R01,study_runs/V100_P2_GPT54_I05_R01/checkpoint/a086ad426c6941eb80d27438d0dea564_seed/generated/checkpoints/err.log,err.log,.log,1443,a2baef2b01aa5168a87f44bd43cf7f46d5d53b9b4331ee49cc9ea6d903cecd50,2026-07-20T07:13:07,True
study_runs,V100_P2_GPT54_I05_R01,study_runs/V100_P2_GPT54_I05_R01/checkpoint/a086ad426c6941eb80d27438d0dea564_seed/generated/checkpoints/LocalMovieLens100KPrototype-5b950c9a/LensKit.ItemKNNScorer-c1e4fb83-42/model.bpk,model.bpk,.bpk,265342,30c77886f5ea04d5080fecdcb2a7dc54b0f5d16fdf56972f217a36cd66b3340e,2026-07-20T07:12:45,True
study_runs,V100_P2_GPT54_I05_R01,study_runs/V100_P2_GPT54_I05_R01/checkpoint/a086ad426c6941eb80d27438d0dea564_seed/generated/checkpoints/LocalMovieLens100KPrototype-5b950c9a/LensKit.ItemKNNScorer-c1e4fb83-42/predictions.json,predictions.json,.json,278335,5e5af59aebe5c802a9bb061dec502d364c5bd647449c8e464781354f04977a58,2026-07-20T07:13:06,True
study_runs,V100_P2_GPT54_I05_R01,study_runs/V100_P2_GPT54_I05_R01/checkpoint/a086ad426c6941eb80d27438d0dea564_seed/generated/checkpoints/out.log,out.log,.log,122,2f40354132d263cdaa88dffd266a44d8b384d936b50ffebec53d82c3e63dd789,2026-07-20T07:13:07,True
study_runs,V100_P2_GPT54_I05_R01,study_runs/V100_P2_GPT54_I05_R01/checkpoint/a086ad426c6941eb80d27438d0dea564_seed/generated/checkpoints/progress.json,progress.json,.json,329,3411546e9a11a60a18c2cd3d195bd696ffcda3ae4954aabeb7ce7e3f887bac76,2026-07-20T07:13:06,True
study_runs,V100_P2_GPT54_I05_R01,study_runs/V100_P2_GPT54_I05_R01/checkpoint/a086ad426c6941eb80d27438d0dea564_seed/generated/checkpoints/results.json,results.json,.json,2,44136fa355b3678a1146ad16f7e8649e94fb4fc21fe77e8310c060f61caaff8a,2026-07-20T07:13:07,True
study_runs,V100_P2_GPT54_I05_R01,study_runs/V100_P2_GPT54_I05_R01/checkpoint/a086ad426c6941eb80d27438d0dea564_seed/generated/prototype_split.rsds,prototype_split.rsds,.rsds,1120932,58c9808859ebb1823bb360f4946f4831f392440b8c96c5479ad28e6d7186e979,2026-07-20T07:12:28,True
study_runs,V100_P2_GPT54_I05_R01,study_runs/V100_P2_GPT54_I05_R01/checkpoint/a086ad426c6941eb80d27438d0dea564_seed/out.log,out.log,.log,3822,88146521817fe3a61a232ca687bb93cbea0c50d7f270a4011f9ac64b4c1ddf22,2026-07-20T07:13:07,True
study_runs,V100_P2_GPT54_I05_R01,study_runs/V100_P2_GPT54_I05_R01/checkpoint/cece619f54c64a789f73505345029ad7/code.py,code.py,.py,16413,93d27908a308a183ccae962da4086a6dba3a8c29b0386fb405358e725bd6abba,2026-07-20T07:11:48,True
study_runs,V100_P2_GPT54_I05_R01,study_runs/V100_P2_GPT54_I05_R01/checkpoint/cece619f54c64a789f73505345029ad7/exec_result.pkl,exec_result.pkl,.pkl,2239,5bb1b9a319681f5fae8b0bc07eee506eac552ac25991312946685217a8c6e952,2026-07-20T07:08:28,True
study_runs,V100_P2_GPT54_I05_R01,study_runs/V100_P2_GPT54_I05_R01/checkpoint/cece619f54c64a789f73505345029ad7/out.log,out.log,.log,2068,8251f609729ab518ed5c5266d7350de7772b9de8f8d35dbdf45fee8046a92ea3,2026-07-20T07:08:28,True
study_runs,V100_P2_GPT54_I05_R01,study_runs/V100_P2_GPT54_I05_R01/checkpoint/f1c687701cc54963b2ac238df363b990/code.py,code.py,.py,9880,ba15d10adadcea1777df5e31c86d18d5c1105d2706ce7cf2155f740a9feb4df7,2026-07-20T07:04:42,True
study_runs,V100_P2_GPT54_I05_R01,study_runs/V100_P2_GPT54_I05_R01/checkpoint/f1c687701cc54963b2ac238df363b990/exec_result.pkl,exec_result.pkl,.pkl,512,687bd0b7e22dafa21bf878f62d95e8b62bc13521faf9b42bdce878e73d9a101a,2026-07-20T07:01:25,True
study_runs,V100_P2_GPT54_I05_R01,study_runs/V100_P2_GPT54_I05_R01/checkpoint/f1c687701cc54963b2ac238df363b990/generated/local_movielens100k_raw/u.data,u.data,.data,1979173,06416e597f82b7342361e41163890c81036900f418ad91315590814211dca490,2026-07-20T07:01:25,True
study_runs,V100_P2_GPT54_I05_R01,study_runs/V100_P2_GPT54_I05_R01/checkpoint/f1c687701cc54963b2ac238df363b990/out.log,out.log,.log,383,cabd00fd54da8e2e341bad86f605be8cf5e163fa90da6bd81a96a5edb70d5023,2026-07-20T07:01:25,True
study_runs,V100_P2_GPT54_I05_R01,study_runs/V100_P2_GPT54_I05_R01/code_requirements_final.json,code_requirements_final.json,.json,1807,5a5f2c9e042393516e8211af761f2814423374991dbe867457e9e291cc7fec61,2026-07-20T07:12:20,True
study_runs,V100_P2_GPT54_I05_R01,study_runs/V100_P2_GPT54_I05_R01/code_requirements_prototype.json,code_requirements_prototype.json,.json,867,33312b8c19cb934668a952a29ec8b32b3a34692ab90309d93d6a38b8e638fff1,2026-07-20T06:54:31,True
study_runs,V100_P2_GPT54_I05_R01,study_runs/V100_P2_GPT54_I05_R01/config.source.toml,config.source.toml,.toml,386,43ad328d9e971575946598bc6c906a320d878b57103e5825b7bc1b351074558f,2026-07-20T06:54:13,True
study_runs,V100_P2_GPT54_I05_R01,study_runs/V100_P2_GPT54_I05_R01/config.toml,config.toml,.toml,412,7b4a8e167e7b9546af7fb9c7a6d212981f6c54fbb5bcbce33c2533bc3526cfc6,2026-07-20T06:54:13,True
study_runs,V100_P2_GPT54_I05_R01,study_runs/V100_P2_GPT54_I05_R01/costs_log.csv,costs_log.csv,.csv,13679,d4a56e09472dce051073eb02a202b339ce2bc3ed5c155e948d2c7bd0378f5a84,2026-07-20T07:20:04,True
study_runs,V100_P2_GPT54_I05_R01,study_runs/V100_P2_GPT54_I05_R01/debug.log,debug.log,.log,252040,22d00cc5db03c2617b8476fd679549262161d611acdcc366e054bfec2407668a,2026-07-20T07:20:08,True
study_runs,V100_P2_GPT54_I05_R01,study_runs/V100_P2_GPT54_I05_R01/entered_prompt.txt,entered_prompt.txt,.txt,2147,de158b14873704c34fb7529e3af0e92fc11e8af82c48e4c18605f7f4fb69f7c2,2026-07-20T06:54:13,True
study_runs,V100_P2_GPT54_I05_R01,study_runs/V100_P2_GPT54_I05_R01/save.pkl,save.pkl,.pkl,194687,fd1f9c84e08b5f86467d14d73715141014dc50f0af7a6b45d19b6ad1c7293aca,2026-07-20T07:11:55,True
study_runs,V100_P2_GPT54_I05_R01,study_runs/V100_P2_GPT54_I05_R01/statistics/0_689fdb467ed14a69b6b30f5e43651ab5.txt,0_689fdb467ed14a69b6b30f5e43651ab5.txt,.txt,491,bf1c0cde62c9f8d268b82496e3885fc839df224d0727f2dd7167e4fc028410f0,2026-07-20T06:56:23,True
study_runs,V100_P2_GPT54_I05_R01,study_runs/V100_P2_GPT54_I05_R01/statistics/1_03f051567e904656ad105f8d25c57a32.txt,1_03f051567e904656ad105f8d25c57a32.txt,.txt,524,8c402300476ce4cc3d6ff74cb7793d7a7ff7f2de79eadf151033d3fd984dd2b4,2026-07-20T06:59:06,True
study_runs,V100_P2_GPT54_I05_R01,study_runs/V100_P2_GPT54_I05_R01/statistics/2_f1c687701cc54963b2ac238df363b990.txt,2_f1c687701cc54963b2ac238df363b990.txt,.txt,530,364e538e54a6ae53c895dab5652044f5a0d020a7b978b2fcff59e852eef1002a,2026-07-20T07:02:11,True
study_runs,V100_P2_GPT54_I05_R01,study_runs/V100_P2_GPT54_I05_R01/statistics/3_463f928539dd419880b3701067bf30e7.txt,3_463f928539dd419880b3701067bf30e7.txt,.txt,509,0a8feb84183905a22bdfc2c311cf4644461a707a25e8b6f0edac5c163d162e14,2026-07-20T07:04:42,True
study_runs,V100_P2_GPT54_I05_R01,study_runs/V100_P2_GPT54_I05_R01/statistics/4_04f48b1f7cb64750af4875102ffebf1c.txt,4_04f48b1f7cb64750af4875102ffebf1c.txt,.txt,504,45e525acf4540fd3e55dc5f3d75c118484144e9f83d8d2ed6222bb0b95a60f32,2026-07-20T07:07:27,True
study_runs,V100_P2_GPT54_I05_R01,study_runs/V100_P2_GPT54_I05_R01/statistics/5_cece619f54c64a789f73505345029ad7.txt,5_cece619f54c64a789f73505345029ad7.txt,.txt,521,032109f0329b5a51387672e37176e22dcb827a0b61d1e5e374017a01afa74034,2026-07-20T07:09:22,True
study_runs,V100_P2_GPT54_I05_R01,study_runs/V100_P2_GPT54_I05_R01/statistics/6_a086ad426c6941eb80d27438d0dea564.txt,6_a086ad426c6941eb80d27438d0dea564.txt,.txt,507,da4845341535c3e2be6d6cb9e00660e4bce4a74f519cb47b53cf13fa8209cd3b,2026-07-20T07:11:48,True
study_runs,V100_P2_GPT54_I05_R01,study_runs/V100_P2_GPT54_I05_R01/statistics/7_a086ad426c6941eb80d27438d0dea564_seed.txt,7_a086ad426c6941eb80d27438d0dea564_seed.txt,.txt,510,4e3d2e27cfceea97c2747533a4a8235377616db4618dc3b1de754fd05ede0de9,2026-07-20T07:13:47,True
study_runs,V100_P2_GPT54_I05_R01,study_runs/V100_P2_GPT54_I05_R01/statistics/8_a086ad426c6941eb80d27438d0dea564_iteration1.txt,8_a086ad426c6941eb80d27438d0dea564_iteration1.txt,.txt,532,33ee3a8aa2e2dd1cffef64128e11aad334b6bb86d2db04ba7b662151c96f46d5,2026-07-20T07:16:33,True
study_runs,V100_P2_GPT54_I05_R01,study_runs/V100_P2_GPT54_I05_R01/statistics/9_a086ad426c6941eb80d27438d0dea564_iteration2.txt,9_a086ad426c6941eb80d27438d0dea564_iteration2.txt,.txt,533,6cad1c34453fc693bc6c86d940df404112d667fc9404c9bd0697b133da2eb998,2026-07-20T07:19:43,True
study_runs,V100_P2_GPT54_I05_R01,study_runs/V100_P2_GPT54_I05_R01/statistics/arguments_per_function.png,arguments_per_function.png,.png,65983,142dbd764f8e662173c4bee5070f14b7436fe7d467eba8de209fa341afcb72b3,2026-07-20T07:20:07,True
study_runs,V100_P2_GPT54_I05_R01,study_runs/V100_P2_GPT54_I05_R01/statistics/classes.png,classes.png,.png,47665,d34e6da1afb2277dd229e2cc534b6e6a3b2f0c9acd19b15b62f18fc4317b7a6a,2026-07-20T07:20:07,True
study_runs,V100_P2_GPT54_I05_R01,study_runs/V100_P2_GPT54_I05_R01/statistics/comment_lines.png,comment_lines.png,.png,50957,b2d285a563bf6d4e33b0672d6683f862b9688df1a946b6b52de9b5b8bac658ab,2026-07-20T07:20:06,True
study_runs,V100_P2_GPT54_I05_R01,study_runs/V100_P2_GPT54_I05_R01/statistics/conditions.png,conditions.png,.png,59693,8ecfa6642f8804c986ef7ca3312856d2894fab64e619cabe5c609d9e69a46e76,2026-07-20T07:20:08,True
study_runs,V100_P2_GPT54_I05_R01,study_runs/V100_P2_GPT54_I05_R01/statistics/deletions.png,deletions.png,.png,77314,9226777f1abe1b6cef7f5d11595b00bc7f0a10228dd11d640d531143f1ca37f4,2026-07-20T07:20:08,True
study_runs,V100_P2_GPT54_I05_R01,study_runs/V100_P2_GPT54_I05_R01/statistics/empty_lines.png,empty_lines.png,.png,55530,66e52413c35b34575d6f6cb440cd74decfcd9234ee9b51048f37b7445a34df27,2026-07-20T07:20:05,True
study_runs,V100_P2_GPT54_I05_R01,study_runs/V100_P2_GPT54_I05_R01/statistics/execution_time.png,execution_time.png,.png,75167,e91841e8b87fc47d425f6704e8cb10d4fec968fdf5967d3ffb06ab51313b7652,2026-07-20T07:20:05,True
study_runs,V100_P2_GPT54_I05_R01,study_runs/V100_P2_GPT54_I05_R01/statistics/functions.png,functions.png,.png,55740,6a66911b885576292563d6534cfda90653f4d7ba4813e28ce3a5a94a0f92de2a,2026-07-20T07:20:06,True
study_runs,V100_P2_GPT54_I05_R01,study_runs/V100_P2_GPT54_I05_R01/statistics/insertions.png,insertions.png,.png,70738,5f96f6420d4fd7d9a52fb9369d1db35ae763b7d465bc26f4309516877f95eacd,2026-07-20T07:20:08,True
study_runs,V100_P2_GPT54_I05_R01,study_runs/V100_P2_GPT54_I05_R01/statistics/libraries_imported.png,libraries_imported.png,.png,48823,a9bd2141d4a8ec8cadb2e53a87aea5e1e76f57cc2748aafa1d2950c38a80fea2,2026-07-20T07:20:06,True
study_runs,V100_P2_GPT54_I05_R01,study_runs/V100_P2_GPT54_I05_R01/statistics/lines_of_code.png,lines_of_code.png,.png,64348,b5d97bd8a38f798bee15c9d963379f1ae00cfcbac4bf9fc43b463c47c1af8ecf,2026-07-20T07:20:05,True
study_runs,V100_P2_GPT54_I05_R01,study_runs/V100_P2_GPT54_I05_R01/statistics/loops.png,loops.png,.png,52502,3826ce6fd6220e704eee8e3387bce40a7792156fb75545f68dc4961bb2fb90a1,2026-07-20T07:20:07,True
study_runs,V100_P2_GPT54_I05_R01,study_runs/V100_P2_GPT54_I05_R01/statistics/summary_overall_nodes.txt,summary_overall_nodes.txt,.txt,493,78e38a8009caa0c1e99abdae49779839596ea72b3a63d079f62c181dba602864,2026-07-20T07:20:04,True
study_runs,V100_P2_GPT54_I05_R01,study_runs/V100_P2_GPT54_I05_R01/statistics/total_characters.png,total_characters.png,.png,71006,8c274c1e5f6df496139149ec532fdbc6eb8836e9c744a93be38d8f111e4a84bc,2026-07-20T07:20:06,True
study_runs,V100_P2_GPT54_I05_R01,study_runs/V100_P2_GPT54_I05_R01/statistics/variable_assignments.png,variable_assignments.png,.png,68744,2a6625702bc0fc374ab6dd364350963ef6285d6a4394d05c74e16ca0a8d89e5e,2026-07-20T07:20:07,True
study_runs,V100_P2_GPT54_I05_R01,study_runs/V100_P2_GPT54_I05_R01/summary.md,summary.md,.md,5612,8e087c97f179c71b015b65c460b82eff2a1c9ae86642a01d1ece987c43953691,2026-07-20T07:20:04,True
study_runs,V100_P2_GPT54_I05_R01,study_runs/V100_P2_GPT54_I05_R01/tree_render/pdf/combined_tree.pdf,combined_tree.pdf,.pdf,21907,93ecc6568a867f49033885476b054faec9d95b31c23739d6124446f630c5eb21,2026-07-20T07:11:54,True
study_runs,V100_P2_GPT54_I05_R01,study_runs/V100_P2_GPT54_I05_R01/tree_render/pdf/tree_0.pdf,tree_0.pdf,.pdf,21778,8bce49a5fce29ee6e1043d2182f9401a29c2bd285f065555e544cc17789e55e2,2026-07-20T07:11:50,True
study_runs,V100_P2_GPT54_I05_R01,study_runs/V100_P2_GPT54_I05_R01/tree_render/pdf/tree_1.pdf,tree_1.pdf,.pdf,18166,c6657b9d84be1a2371e13d2c99cd81d874fe91d1f23165ca9b7de9f02dbb1663,2026-07-20T07:11:52,True
study_runs,V100_P2_GPT54_I05_R01,study_runs/V100_P2_GPT54_I05_R01/tree_render/png/combined_tree.png,combined_tree.png,.png,79496,808b711e24c97f0c2d2803b165e1b17c0059366a2d065b94da313a354acf78d7,2026-07-20T07:11:54,True
study_runs,V100_P2_GPT54_I05_R01,study_runs/V100_P2_GPT54_I05_R01/tree_render/png/tree_0.png,tree_0.png,.png,70506,6cdd182aab5191ac20665a809b522ea5f30803a74f39fed5f4032bcf8f615f92,2026-07-20T07:11:49,True
study_runs,V100_P2_GPT54_I05_R01,study_runs/V100_P2_GPT54_I05_R01/tree_render/png/tree_1.png,tree_1.png,.png,11515,54bfb083d36b680441315a47e59bdc5bb3b9dd2b13c04aab9fe4da80fc29853d,2026-07-20T07:11:51,True
study_runs,V100_P2_GPT54_I05_R01,study_runs/V100_P2_GPT54_I05_R01/tree_render/svg/combined_tree.svg,combined_tree.svg,.svg,10601,0231a4e14d623e4731802d74ff74a347a2d92db57767da6a36673f6901d12169,2026-07-20T07:11:55,True
study_runs,V100_P2_GPT54_I05_R01,study_runs/V100_P2_GPT54_I05_R01/tree_render/svg/tree_0.svg,tree_0.svg,.svg,9550,0e77f87ffb0f4c5179d48fa38acefe3ca5dbf1b63a55a67741a9168ee9726ad3,2026-07-20T07:11:51,True
study_runs,V100_P2_GPT54_I05_R01,study_runs/V100_P2_GPT54_I05_R01/tree_render/svg/tree_1.svg,tree_1.svg,.svg,1611,a6dda5b4830672b99ebf3b7ed7921db8499897227bc83cb8475c44c103552db4,2026-07-20T07:11:53,True
study_runs,V100_P2_GPT54_I05_R02,study_runs/V100_P2_GPT54_I05_R02/checkpoint/186a6cf6fb344c039e1dda2f750886cb/code.py,code.py,.py,9988,2b4c6145c7ef7c7ea23d7d22bd2ecd2e4eca5477ffa8639537157f434870112c,2026-07-20T07:04:49,True
study_runs,V100_P2_GPT54_I05_R02,study_runs/V100_P2_GPT54_I05_R02/checkpoint/186a6cf6fb344c039e1dda2f750886cb/exec_result.pkl,exec_result.pkl,.pkl,3602,9d180cc68e30678dcec86633ce009ae83c34e6fdc75930ba6bc8aec13f36657f,2026-07-20T07:00:17,True
study_runs,V100_P2_GPT54_I05_R02,study_runs/V100_P2_GPT54_I05_R02/checkpoint/186a6cf6fb344c039e1dda2f750886cb/out.log,out.log,.log,3397,c4def741475ef9a8bd8bba4194550335fa30e41b18176cccb822b5d2bc93869c,2026-07-20T07:00:17,True
study_runs,V100_P2_GPT54_I05_R02,study_runs/V100_P2_GPT54_I05_R02/checkpoint/6651066e85eb4800a816e0084cc13064/code.py,code.py,.py,17138,defb791e6cb6fa4f90577e4991aface18b2d7fb41733db506c40d575093b695a,2026-07-20T07:17:30,True
study_runs,V100_P2_GPT54_I05_R02,study_runs/V100_P2_GPT54_I05_R02/checkpoint/6651066e85eb4800a816e0084cc13064/exec_result.pkl,exec_result.pkl,.pkl,512,b67f103624f70a3af0d4024b1956129b1fd47ebd83e3104036f680f770cfb548,2026-07-20T07:14:10,True
study_runs,V100_P2_GPT54_I05_R02,study_runs/V100_P2_GPT54_I05_R02/checkpoint/6651066e85eb4800a816e0084cc13064/generated/custom_mostpopular_runner.py,custom_mostpopular_runner.py,.py,1424,e0163a7cb4b2b11bebe27fdf295c6728fc422658e98cea8aefaf6570a2b9dbd4,2026-07-20T07:14:09,True
study_runs,V100_P2_GPT54_I05_R02,study_runs/V100_P2_GPT54_I05_R02/checkpoint/6651066e85eb4800a816e0084cc13064/out.log,out.log,.log,383,0e8bdf8e23e01f4f23dc02b692fe084ca318dc026bd711054c94b4799a98ad87,2026-07-20T07:14:10,True
study_runs,V100_P2_GPT54_I05_R02,study_runs/V100_P2_GPT54_I05_R02/checkpoint/6ef757c13ca04289b1b7f6fa5c5b59a1/code.py,code.py,.py,12290,e79610ea1e7d50d9fe0ff8b6d694a5126961bfad2aa2662d2e7249fc218137e8,2026-07-20T07:13:14,True
study_runs,V100_P2_GPT54_I05_R02,study_runs/V100_P2_GPT54_I05_R02/checkpoint/6ef757c13ca04289b1b7f6fa5c5b59a1/exec_result.pkl,exec_result.pkl,.pkl,5270,b6056eb77f9ba8fcf498f4734a1e5c741a21b245a2da1711f3c2fd867c770186,2026-07-20T07:10:21,True
study_runs,V100_P2_GPT54_I05_R02,study_runs/V100_P2_GPT54_I05_R02/checkpoint/6ef757c13ca04289b1b7f6fa5c5b59a1/generated/prototype_metadata.json,prototype_metadata.json,.json,2437,2acb49b791a4fcb40be130f5489c05eee0c1b5199e68e98d159401fc40c1c11a,2026-07-20T07:10:20,True
study_runs,V100_P2_GPT54_I05_R02,study_runs/V100_P2_GPT54_I05_R02/checkpoint/6ef757c13ca04289b1b7f6fa5c5b59a1/generated/prototype_metrics.png,prototype_metrics.png,.png,27528,5774d1298c18d1ed9a5ff3519332826938c105a254d2b3b33767c27553c062e5,2026-07-20T07:10:20,True
study_runs,V100_P2_GPT54_I05_R02,study_runs/V100_P2_GPT54_I05_R02/checkpoint/6ef757c13ca04289b1b7f6fa5c5b59a1/generated/prototype_results_incremental.csv,prototype_results_incremental.csv,.csv,253,1f4eae7b88a44b1b852fcf5f3bc02fe1ad23a63581d967ecf1d7a4bc243e0883,2026-07-20T07:10:20,True
study_runs,V100_P2_GPT54_I05_R02,study_runs/V100_P2_GPT54_I05_R02/checkpoint/6ef757c13ca04289b1b7f6fa5c5b59a1/generated/prototype_summary.csv,prototype_summary.csv,.csv,320,df23aca5e55e767aa4ef10aa45a16a2131de486f5fe02a551be3fa91faff5ca1,2026-07-20T07:10:20,True
study_runs,V100_P2_GPT54_I05_R02,study_runs/V100_P2_GPT54_I05_R02/checkpoint/6ef757c13ca04289b1b7f6fa5c5b59a1/generated/seed_7/checkpoints/err.log,err.log,.log,1195,4da430e9659bb61bd72765495936d07d95cfc1fd625a65a3cfd549baa46343ae,2026-07-20T07:10:18,True
study_runs,V100_P2_GPT54_I05_R02,study_runs/V100_P2_GPT54_I05_R02/checkpoint/6ef757c13ca04289b1b7f6fa5c5b59a1/generated/seed_7/checkpoints/MovieLens100K-ef525a25/LensKit.ItemKNNScorer-d5ed66d7-7/model.bpk,model.bpk,.bpk,3429052,50f948026975689288401ffc02d51d83f1497a53ec1da49a54f8cb80d38efb6f,2026-07-20T07:09:42,True
study_runs,V100_P2_GPT54_I05_R02,study_runs/V100_P2_GPT54_I05_R02/checkpoint/6ef757c13ca04289b1b7f6fa5c5b59a1/generated/seed_7/checkpoints/MovieLens100K-ef525a25/LensKit.ItemKNNScorer-d5ed66d7-7/predictions.json,predictions.json,.json,36873908,ebf44e6176b75b226e2f88930d1cb13c11764d22fdd0ac2be99b3f61dbda0804,2026-07-20T07:10:05,True
study_runs,V100_P2_GPT54_I05_R02,study_runs/V100_P2_GPT54_I05_R02/checkpoint/6ef757c13ca04289b1b7f6fa5c5b59a1/generated/seed_7/checkpoints/out.log,out.log,.log,0,e3b0c44298fc1c149afbf4c8996fb92427ae41e4649b934ca495991b7852b855,2026-07-20T07:10:18,True
study_runs,V100_P2_GPT54_I05_R02,study_runs/V100_P2_GPT54_I05_R02/checkpoint/6ef757c13ca04289b1b7f6fa5c5b59a1/generated/seed_7/checkpoints/progress.json,progress.json,.json,273,add2a6aa14b9c0d9df2f22bb8e58c69ea14b07545d670b0e69206c87398da688,2026-07-20T07:10:17,True
study_runs,V100_P2_GPT54_I05_R02,study_runs/V100_P2_GPT54_I05_R02/checkpoint/6ef757c13ca04289b1b7f6fa5c5b59a1/generated/seed_7/checkpoints/results.json,results.json,.json,272,c790716b28f94c7cc4b3e258cd42e6b1c223e443d4504ddb200672f58a9b96f7,2026-07-20T07:10:18,True
study_runs,V100_P2_GPT54_I05_R02,study_runs/V100_P2_GPT54_I05_R02/checkpoint/6ef757c13ca04289b1b7f6fa5c5b59a1/out.log,out.log,.log,5047,96196a10c8efaa267ce9a997f3cce52199ee897cc59a748451b279668927af49,2026-07-20T07:10:21,True
study_runs,V100_P2_GPT54_I05_R02,study_runs/V100_P2_GPT54_I05_R02/checkpoint/73be1f73012545e9911ff1449851c2bb/code.py,code.py,.py,11498,3053a0c7f15d2bfa68977fe109452c282a21df94f3aafb51580454733b71933e,2026-07-20T07:08:22,True
study_runs,V100_P2_GPT54_I05_R02,study_runs/V100_P2_GPT54_I05_R02/checkpoint/73be1f73012545e9911ff1449851c2bb/exec_result.pkl,exec_result.pkl,.pkl,5157,94960ca130bd911abb062b23550d902536476e7702d9f033d782cb030e8900da,2026-07-20T07:04:05,True
study_runs,V100_P2_GPT54_I05_R02,study_runs/V100_P2_GPT54_I05_R02/checkpoint/73be1f73012545e9911ff1449851c2bb/generated/prototype_metadata.json,prototype_metadata.json,.json,2071,a5ae1b55643539f67d183e665797d2099d37871e8355cec594e182f993b86e8f,2026-07-20T07:04:04,True
study_runs,V100_P2_GPT54_I05_R02,study_runs/V100_P2_GPT54_I05_R02/checkpoint/73be1f73012545e9911ff1449851c2bb/generated/prototype_metrics.png,prototype_metrics.png,.png,31647,b1efc8c8ce689ebc161907424ad74a25547495e7cd7baa25dbf0983babbf434b,2026-07-20T07:04:04,True
study_runs,V100_P2_GPT54_I05_R02,study_runs/V100_P2_GPT54_I05_R02/checkpoint/73be1f73012545e9911ff1449851c2bb/generated/prototype_results_incremental.csv,prototype_results_incremental.csv,.csv,268,2e11f7fb622df245545d4ce158d298cc99df1ab6db246f1da75bc42d563f3cc7,2026-07-20T07:04:04,True
study_runs,V100_P2_GPT54_I05_R02,study_runs/V100_P2_GPT54_I05_R02/checkpoint/73be1f73012545e9911ff1449851c2bb/generated/prototype_summary.csv,prototype_summary.csv,.csv,316,b4c7a46374d2814f0691ccfb001d2ae0b355cf835a233689539307bee159ea16,2026-07-20T07:04:04,True
study_runs,V100_P2_GPT54_I05_R02,study_runs/V100_P2_GPT54_I05_R02/checkpoint/73be1f73012545e9911ff1449851c2bb/generated/seed_7/checkpoints/err.log,err.log,.log,951,6a254c2602b7566b8080dc9a3e249853376d2cb68109de34c64df5a7e9f73108,2026-07-20T07:04:02,True
study_runs,V100_P2_GPT54_I05_R02,study_runs/V100_P2_GPT54_I05_R02/checkpoint/73be1f73012545e9911ff1449851c2bb/generated/seed_7/checkpoints/MovieLens100K-f42d424a/LensKit.PopScorer-f4aa5539-7/model.bpk,model.bpk,.bpk,401419,4006c370990098a84e0f96d0d7303ac7277c90ff6d56b8e3f2dc54d40866c284,2026-07-20T07:03:05,True
study_runs,V100_P2_GPT54_I05_R02,study_runs/V100_P2_GPT54_I05_R02/checkpoint/73be1f73012545e9911ff1449851c2bb/generated/seed_7/checkpoints/MovieLens100K-f42d424a/LensKit.PopScorer-f4aa5539-7/predictions.json,predictions.json,.json,38505632,5446a38700fca44feb8ff2c72492f059e25c8f98b85b570d54d27ef527cdaac3,2026-07-20T07:03:51,True
study_runs,V100_P2_GPT54_I05_R02,study_runs/V100_P2_GPT54_I05_R02/checkpoint/73be1f73012545e9911ff1449851c2bb/generated/seed_7/checkpoints/out.log,out.log,.log,0,e3b0c44298fc1c149afbf4c8996fb92427ae41e4649b934ca495991b7852b855,2026-07-20T07:04:02,True
study_runs,V100_P2_GPT54_I05_R02,study_runs/V100_P2_GPT54_I05_R02/checkpoint/73be1f73012545e9911ff1449851c2bb/generated/seed_7/checkpoints/progress.json,progress.json,.json,191,e347527b5830eacabb288db7553b1a75fa698ea1e802f696c4a772659075ca7e,2026-07-20T07:04:01,True
study_runs,V100_P2_GPT54_I05_R02,study_runs/V100_P2_GPT54_I05_R02/checkpoint/73be1f73012545e9911ff1449851c2bb/generated/seed_7/checkpoints/results.json,results.json,.json,264,daa1bce71229300fe979cbe80f057037878ddc81fb204e43d15dcea830ea6b0d,2026-07-20T07:04:02,True
study_runs,V100_P2_GPT54_I05_R02,study_runs/V100_P2_GPT54_I05_R02/checkpoint/73be1f73012545e9911ff1449851c2bb/out.log,out.log,.log,4936,3805df151ec997c9c9042d1444b11e579d6245f8d4cd1835a5e37e419a19911c,2026-07-20T07:04:05,True
study_runs,V100_P2_GPT54_I05_R02,study_runs/V100_P2_GPT54_I05_R02/checkpoint/76cc9e35c947427c9589f19b532a152f/code.py,code.py,.py,12144,f56a8ce4022afc00007d88291ddd5f091d132b104ae7e66827a50d45ee06f5a1,2026-07-20T07:10:51,True
study_runs,V100_P2_GPT54_I05_R02,study_runs/V100_P2_GPT54_I05_R02/checkpoint/76cc9e35c947427c9589f19b532a152f/exec_result.pkl,exec_result.pkl,.pkl,5157,cb502cb7aea692aa55463609ff7d3014ba41c793ce61b7cd349283c06df4f27e,2026-07-20T07:08:03,True
study_runs,V100_P2_GPT54_I05_R02,study_runs/V100_P2_GPT54_I05_R02/checkpoint/76cc9e35c947427c9589f19b532a152f/generated/prototype_metadata.json,prototype_metadata.json,.json,2158,ae45b0120473b357c0a6ce237a6bbac399a21966ef31cbd7ccbc3331ff918145,2026-07-20T07:08:03,True
study_runs,V100_P2_GPT54_I05_R02,study_runs/V100_P2_GPT54_I05_R02/checkpoint/76cc9e35c947427c9589f19b532a152f/generated/prototype_metrics.png,prototype_metrics.png,.png,31647,b1efc8c8ce689ebc161907424ad74a25547495e7cd7baa25dbf0983babbf434b,2026-07-20T07:08:03,True
study_runs,V100_P2_GPT54_I05_R02,study_runs/V100_P2_GPT54_I05_R02/checkpoint/76cc9e35c947427c9589f19b532a152f/generated/prototype_results_incremental.csv,prototype_results_incremental.csv,.csv,268,3eb03cefd86a7e69df0a252a4b287010fa5716cee04073b2fb8d6b415c6fc828,2026-07-20T07:08:02,True
study_runs,V100_P2_GPT54_I05_R02,study_runs/V100_P2_GPT54_I05_R02/checkpoint/76cc9e35c947427c9589f19b532a152f/generated/prototype_summary.csv,prototype_summary.csv,.csv,316,b4c7a46374d2814f0691ccfb001d2ae0b355cf835a233689539307bee159ea16,2026-07-20T07:08:02,True
study_runs,V100_P2_GPT54_I05_R02,study_runs/V100_P2_GPT54_I05_R02/checkpoint/76cc9e35c947427c9589f19b532a152f/generated/seed_7/checkpoints/err.log,err.log,.log,951,6a254c2602b7566b8080dc9a3e249853376d2cb68109de34c64df5a7e9f73108,2026-07-20T07:08:00,True
study_runs,V100_P2_GPT54_I05_R02,study_runs/V100_P2_GPT54_I05_R02/checkpoint/76cc9e35c947427c9589f19b532a152f/generated/seed_7/checkpoints/MovieLens100K-ef525a25/LensKit.PopScorer-f4aa5539-7/model.bpk,model.bpk,.bpk,401418,566f1ccd16d73626acc0d55fdb2c688fa26b34416d994d2abe9b738d294238d8,2026-07-20T07:07:05,True
study_runs,V100_P2_GPT54_I05_R02,study_runs/V100_P2_GPT54_I05_R02/checkpoint/76cc9e35c947427c9589f19b532a152f/generated/seed_7/checkpoints/MovieLens100K-ef525a25/LensKit.PopScorer-f4aa5539-7/predictions.json,predictions.json,.json,38505632,5446a38700fca44feb8ff2c72492f059e25c8f98b85b570d54d27ef527cdaac3,2026-07-20T07:07:50,True
study_runs,V100_P2_GPT54_I05_R02,study_runs/V100_P2_GPT54_I05_R02/checkpoint/76cc9e35c947427c9589f19b532a152f/generated/seed_7/checkpoints/out.log,out.log,.log,0,e3b0c44298fc1c149afbf4c8996fb92427ae41e4649b934ca495991b7852b855,2026-07-20T07:08:00,True
study_runs,V100_P2_GPT54_I05_R02,study_runs/V100_P2_GPT54_I05_R02/checkpoint/76cc9e35c947427c9589f19b532a152f/generated/seed_7/checkpoints/progress.json,progress.json,.json,191,ca854ae5598e12eb25ca2b7d282f0e79837ef37cfd00650a04fa75b9981de0c9,2026-07-20T07:07:59,True
study_runs,V100_P2_GPT54_I05_R02,study_runs/V100_P2_GPT54_I05_R02/checkpoint/76cc9e35c947427c9589f19b532a152f/generated/seed_7/checkpoints/results.json,results.json,.json,264,83b66fdf2b2794a57257fd6b31ac49023d7adf0f1bd6636a2452f56cae9e0552,2026-07-20T07:08:00,True
study_runs,V100_P2_GPT54_I05_R02,study_runs/V100_P2_GPT54_I05_R02/checkpoint/76cc9e35c947427c9589f19b532a152f/out.log,out.log,.log,4936,eda1a9a82c88c466ef068dd05817919959658404fa400331b54599fc323faa7d,2026-07-20T07:08:03,True
study_runs,V100_P2_GPT54_I05_R02,study_runs/V100_P2_GPT54_I05_R02/checkpoint/d4dae55ea810493681b2ee614cb64fb6/code.py,code.py,.py,12228,34ae05bd5e4a45804ffff10f6e3a1554783229acce2a42b006e1c8d5dda83833,2026-07-20T07:14:52,True
study_runs,V100_P2_GPT54_I05_R02,study_runs/V100_P2_GPT54_I05_R02/checkpoint/d4dae55ea810493681b2ee614cb64fb6/exec_result.pkl,exec_result.pkl,.pkl,5153,3b768ee329f547f2ce6d26d0f2334ee7e574f2a12fbcbe94d76112197279f845,2026-07-20T07:12:44,True
study_runs,V100_P2_GPT54_I05_R02,study_runs/V100_P2_GPT54_I05_R02/checkpoint/d4dae55ea810493681b2ee614cb64fb6/generated/prototype_metadata.json,prototype_metadata.json,.json,2329,2361d0b7b13c0a541a6bb8c5506f076fe3201d240e887443f46b4681c31c1b69,2026-07-20T07:12:44,True
study_runs,V100_P2_GPT54_I05_R02,study_runs/V100_P2_GPT54_I05_R02/checkpoint/d4dae55ea810493681b2ee614cb64fb6/generated/prototype_metrics.png,prototype_metrics.png,.png,31117,e52e20b7504719389f29def48375a6e2acfa00fbd57e9c4f24db9b7bd1ca1c65,2026-07-20T07:12:44,True
study_runs,V100_P2_GPT54_I05_R02,study_runs/V100_P2_GPT54_I05_R02/checkpoint/d4dae55ea810493681b2ee614cb64fb6/generated/prototype_results_incremental.csv,prototype_results_incremental.csv,.csv,277,f0c1007e27d28fcf977627bd92970a03dcbca21cdad0785e2c266ffa31a31ce4,2026-07-20T07:12:43,True
study_runs,V100_P2_GPT54_I05_R02,study_runs/V100_P2_GPT54_I05_R02/checkpoint/d4dae55ea810493681b2ee614cb64fb6/generated/prototype_summary.csv,prototype_summary.csv,.csv,316,b4c7a46374d2814f0691ccfb001d2ae0b355cf835a233689539307bee159ea16,2026-07-20T07:12:43,True
study_runs,V100_P2_GPT54_I05_R02,study_runs/V100_P2_GPT54_I05_R02/checkpoint/d4dae55ea810493681b2ee614cb64fb6/generated/seed_7/checkpoints/err.log,err.log,.log,951,6a254c2602b7566b8080dc9a3e249853376d2cb68109de34c64df5a7e9f73108,2026-07-20T07:12:41,True
study_runs,V100_P2_GPT54_I05_R02,study_runs/V100_P2_GPT54_I05_R02/checkpoint/d4dae55ea810493681b2ee614cb64fb6/generated/seed_7/checkpoints/MovieLens100K-ef525a25/LensKit.PopScorer-f4aa5539-7/model.bpk,model.bpk,.bpk,401409,c08d996718684f397fbe8e28a28b76ee7cf704031df2387d6dd28aeba9c93d50,2026-07-20T07:11:44,True
study_runs,V100_P2_GPT54_I05_R02,study_runs/V100_P2_GPT54_I05_R02/checkpoint/d4dae55ea810493681b2ee614cb64fb6/generated/seed_7/checkpoints/MovieLens100K-ef525a25/LensKit.PopScorer-f4aa5539-7/predictions.json,predictions.json,.json,38505632,5446a38700fca44feb8ff2c72492f059e25c8f98b85b570d54d27ef527cdaac3,2026-07-20T07:12:31,True
study_runs,V100_P2_GPT54_I05_R02,study_runs/V100_P2_GPT54_I05_R02/checkpoint/d4dae55ea810493681b2ee614cb64fb6/generated/seed_7/checkpoints/out.log,out.log,.log,0,e3b0c44298fc1c149afbf4c8996fb92427ae41e4649b934ca495991b7852b855,2026-07-20T07:12:41,True
study_runs,V100_P2_GPT54_I05_R02,study_runs/V100_P2_GPT54_I05_R02/checkpoint/d4dae55ea810493681b2ee614cb64fb6/generated/seed_7/checkpoints/progress.json,progress.json,.json,191,ca854ae5598e12eb25ca2b7d282f0e79837ef37cfd00650a04fa75b9981de0c9,2026-07-20T07:12:41,True
study_runs,V100_P2_GPT54_I05_R02,study_runs/V100_P2_GPT54_I05_R02/checkpoint/d4dae55ea810493681b2ee614cb64fb6/generated/seed_7/checkpoints/results.json,results.json,.json,264,83b66fdf2b2794a57257fd6b31ac49023d7adf0f1bd6636a2452f56cae9e0552,2026-07-20T07:12:41,True
study_runs,V100_P2_GPT54_I05_R02,study_runs/V100_P2_GPT54_I05_R02/checkpoint/d4dae55ea810493681b2ee614cb64fb6/out.log,out.log,.log,4932,b9f3372a23f20dc54cc26dab96fda3f2196f308f0ea31566345d13aacd117395,2026-07-20T07:12:44,True
study_runs,V100_P2_GPT54_I05_R02,study_runs/V100_P2_GPT54_I05_R02/checkpoint/d4dae55ea810493681b2ee614cb64fb6_iteration1/code.py,code.py,.py,27482,33d569c023d463527c13bdd0648fabbc9ab9a1612c61178617e3a32d9ca47834,2026-07-20T07:24:17,True
study_runs,V100_P2_GPT54_I05_R02,study_runs/V100_P2_GPT54_I05_R02/checkpoint/d4dae55ea810493681b2ee614cb64fb6_iteration1/exec_result.pkl,exec_result.pkl,.pkl,2588,6a54d271eb7e3f56a1e987da0059f463651c375f8d9c0edb5d6c9ad7b663ae93,2026-07-20T07:19:44,True
study_runs,V100_P2_GPT54_I05_R02,study_runs/V100_P2_GPT54_I05_R02/checkpoint/d4dae55ea810493681b2ee614cb64fb6_iteration1/generated/MovieLens100K/ALS/seed_7/checkpoints/err.log,err.log,.log,0,e3b0c44298fc1c149afbf4c8996fb92427ae41e4649b934ca495991b7852b855,2026-07-20T07:19:43,True
study_runs,V100_P2_GPT54_I05_R02,study_runs/V100_P2_GPT54_I05_R02/checkpoint/d4dae55ea810493681b2ee614cb64fb6_iteration1/generated/MovieLens100K/ALS/seed_7/checkpoints/out.log,out.log,.log,0,e3b0c44298fc1c149afbf4c8996fb92427ae41e4649b934ca495991b7852b855,2026-07-20T07:19:43,True
study_runs,V100_P2_GPT54_I05_R02,study_runs/V100_P2_GPT54_I05_R02/checkpoint/d4dae55ea810493681b2ee614cb64fb6_iteration1/generated/MovieLens100K/ALS/seed_7/checkpoints/progress.json,progress.json,.json,198,6bbd43508d02e41153db5ffb7358eb32a50298acc12aa91cfd4743b97b73a8bf,2026-07-20T07:19:43,True
study_runs,V100_P2_GPT54_I05_R02,study_runs/V100_P2_GPT54_I05_R02/checkpoint/d4dae55ea810493681b2ee614cb64fb6_iteration1/generated/prepared_splits/MovieLens100K_seed_7/MovieLens100K_seed_7.rsds,MovieLens100K_seed_7.rsds,.rsds,2125102,a59923128894d45b68aaac390522d1487a8448b9587b52aa370fa96e9bb10bf3,2026-07-20T07:19:36,True
study_runs,V100_P2_GPT54_I05_R02,study_runs/V100_P2_GPT54_I05_R02/checkpoint/d4dae55ea810493681b2ee614cb64fb6_iteration1/generated/prepared_splits/MovieLens100K_seed_7/test.csv,test.csv,.csv,298145,abc2ab4016009d32b54413908687ceaa0e0d029a5e6e39045d22dd27b112c32e,2026-07-20T07:19:36,True
study_runs,V100_P2_GPT54_I05_R02,study_runs/V100_P2_GPT54_I05_R02/checkpoint/d4dae55ea810493681b2ee614cb64fb6_iteration1/generated/prepared_splits/MovieLens100K_seed_7/train.csv,train.csv,.csv,1227717,fc2e76fb41f6e5732af6d4d4df95009d3115b922e882c6d4aa4c8f7aecb530c9,2026-07-20T07:19:36,True
study_runs,V100_P2_GPT54_I05_R02,study_runs/V100_P2_GPT54_I05_R02/checkpoint/d4dae55ea810493681b2ee614cb64fb6_iteration1/out.log,out.log,.log,2409,281457eed850c95ff9b239c5b0796628673cf6a709170f8c17ff84b0d16e42a9,2026-07-20T07:19:44,True
study_runs,V100_P2_GPT54_I05_R02,study_runs/V100_P2_GPT54_I05_R02/checkpoint/d4dae55ea810493681b2ee614cb64fb6_iteration2/code.py,code.py,.py,25062,24eb81c5fcae8194501669e0183b379e01d1985a02a164d7fa11424533d8f389,2026-07-20T07:24:17,True
study_runs,V100_P2_GPT54_I05_R02,study_runs/V100_P2_GPT54_I05_R02/checkpoint/d4dae55ea810493681b2ee614cb64fb6_iteration2/exec_result.pkl,exec_result.pkl,.pkl,512,6b866edb7f707aa09b67fe32f5290a866dbeea972eec70b0da46c312b1363991,2026-07-20T07:22:58,True
study_runs,V100_P2_GPT54_I05_R02,study_runs/V100_P2_GPT54_I05_R02/checkpoint/d4dae55ea810493681b2ee614cb64fb6_iteration2/out.log,out.log,.log,383,150495fb1563061bd047f5f46be582b14778b5750e96ab8b17f3401186e253a5,2026-07-20T07:22:58,True
study_runs,V100_P2_GPT54_I05_R02,study_runs/V100_P2_GPT54_I05_R02/checkpoint/d4dae55ea810493681b2ee614cb64fb6_seed/code.py,code.py,.py,12228,34ae05bd5e4a45804ffff10f6e3a1554783229acce2a42b006e1c8d5dda83833,2026-07-20T07:21:03,True
study_runs,V100_P2_GPT54_I05_R02,study_runs/V100_P2_GPT54_I05_R02/checkpoint/d4dae55ea810493681b2ee614cb64fb6_seed/exec_result.pkl,exec_result.pkl,.pkl,5153,00be8f4448d7db37d7f89578f652c9d3409df7c7e318c2916e4252caddcc97cf,2026-07-20T07:16:36,True
study_runs,V100_P2_GPT54_I05_R02,study_runs/V100_P2_GPT54_I05_R02/checkpoint/d4dae55ea810493681b2ee614cb64fb6_seed/generated/prototype_metadata.json,prototype_metadata.json,.json,2329,2361d0b7b13c0a541a6bb8c5506f076fe3201d240e887443f46b4681c31c1b69,2026-07-20T07:16:36,True
study_runs,V100_P2_GPT54_I05_R02,study_runs/V100_P2_GPT54_I05_R02/checkpoint/d4dae55ea810493681b2ee614cb64fb6_seed/generated/prototype_metrics.png,prototype_metrics.png,.png,31117,e52e20b7504719389f29def48375a6e2acfa00fbd57e9c4f24db9b7bd1ca1c65,2026-07-20T07:16:36,True
study_runs,V100_P2_GPT54_I05_R02,study_runs/V100_P2_GPT54_I05_R02/checkpoint/d4dae55ea810493681b2ee614cb64fb6_seed/generated/prototype_results_incremental.csv,prototype_results_incremental.csv,.csv,277,f0c1007e27d28fcf977627bd92970a03dcbca21cdad0785e2c266ffa31a31ce4,2026-07-20T07:16:35,True
study_runs,V100_P2_GPT54_I05_R02,study_runs/V100_P2_GPT54_I05_R02/checkpoint/d4dae55ea810493681b2ee614cb64fb6_seed/generated/prototype_summary.csv,prototype_summary.csv,.csv,316,b4c7a46374d2814f0691ccfb001d2ae0b355cf835a233689539307bee159ea16,2026-07-20T07:16:35,True
study_runs,V100_P2_GPT54_I05_R02,study_runs/V100_P2_GPT54_I05_R02/checkpoint/d4dae55ea810493681b2ee614cb64fb6_seed/generated/seed_7/checkpoints/err.log,err.log,.log,951,6a254c2602b7566b8080dc9a3e249853376d2cb68109de34c64df5a7e9f73108,2026-07-20T07:16:33,True
study_runs,V100_P2_GPT54_I05_R02,study_runs/V100_P2_GPT54_I05_R02/checkpoint/d4dae55ea810493681b2ee614cb64fb6_seed/generated/seed_7/checkpoints/MovieLens100K-ef525a25/LensKit.PopScorer-f4aa5539-7/model.bpk,model.bpk,.bpk,401414,b16f1472435bee179262b4a945841783bf2d232717897ffc6cf6e25b05fc8953,2026-07-20T07:15:36,True
study_runs,V100_P2_GPT54_I05_R02,study_runs/V100_P2_GPT54_I05_R02/checkpoint/d4dae55ea810493681b2ee614cb64fb6_seed/generated/seed_7/checkpoints/MovieLens100K-ef525a25/LensKit.PopScorer-f4aa5539-7/predictions.json,predictions.json,.json,38505632,5446a38700fca44feb8ff2c72492f059e25c8f98b85b570d54d27ef527cdaac3,2026-07-20T07:16:25,True
study_runs,V100_P2_GPT54_I05_R02,study_runs/V100_P2_GPT54_I05_R02/checkpoint/d4dae55ea810493681b2ee614cb64fb6_seed/generated/seed_7/checkpoints/out.log,out.log,.log,0,e3b0c44298fc1c149afbf4c8996fb92427ae41e4649b934ca495991b7852b855,2026-07-20T07:16:33,True
study_runs,V100_P2_GPT54_I05_R02,study_runs/V100_P2_GPT54_I05_R02/checkpoint/d4dae55ea810493681b2ee614cb64fb6_seed/generated/seed_7/checkpoints/progress.json,progress.json,.json,191,ca854ae5598e12eb25ca2b7d282f0e79837ef37cfd00650a04fa75b9981de0c9,2026-07-20T07:16:32,True
study_runs,V100_P2_GPT54_I05_R02,study_runs/V100_P2_GPT54_I05_R02/checkpoint/d4dae55ea810493681b2ee614cb64fb6_seed/generated/seed_7/checkpoints/results.json,results.json,.json,264,83b66fdf2b2794a57257fd6b31ac49023d7adf0f1bd6636a2452f56cae9e0552,2026-07-20T07:16:33,True
study_runs,V100_P2_GPT54_I05_R02,study_runs/V100_P2_GPT54_I05_R02/checkpoint/d4dae55ea810493681b2ee614cb64fb6_seed/out.log,out.log,.log,4932,1cf27ceee93abf1c0aab65ba5cc6e07042ee7fbc4b002a65d1bc9c58f184ce40,2026-07-20T07:16:36,True
study_runs,V100_P2_GPT54_I05_R02,study_runs/V100_P2_GPT54_I05_R02/checkpoint/eddfabc04a024456a9f29f534aefed71/code.py,code.py,.py,11056,c6110482ea5ca7154cd48a28eb6e0a1a26b383df2c947b84c4ccb59f87056072,2026-07-20T07:01:26,True
study_runs,V100_P2_GPT54_I05_R02,study_runs/V100_P2_GPT54_I05_R02/checkpoint/eddfabc04a024456a9f29f534aefed71/exec_result.pkl,exec_result.pkl,.pkl,948,4f8d36cd54209b5696dcf6427198229b5a6652fec34e1da2a262fa680767549b,2026-07-20T06:58:04,True
study_runs,V100_P2_GPT54_I05_R02,study_runs/V100_P2_GPT54_I05_R02/checkpoint/eddfabc04a024456a9f29f534aefed71/generated/prototype_versions.json,prototype_versions.json,.json,470,195c0bcc8d02f04c7f024b12d5e9a9b6b587b299c7dccd313ea2d86eccd49360,2026-07-20T06:58:04,True
study_runs,V100_P2_GPT54_I05_R02,study_runs/V100_P2_GPT54_I05_R02/checkpoint/eddfabc04a024456a9f29f534aefed71/out.log,out.log,.log,807,30a7d199248ed45477b06623a64631b017271c2dae3c55a7190420890e8af748,2026-07-20T06:58:04,True
study_runs,V100_P2_GPT54_I05_R02,study_runs/V100_P2_GPT54_I05_R02/code_requirements_final.json,code_requirements_final.json,.json,2348,77bd466df81c8946e406958e1ea0106e20c54503a1e8bb1df349888e7eedefeb,2026-07-20T07:15:14,True
study_runs,V100_P2_GPT54_I05_R02,study_runs/V100_P2_GPT54_I05_R02/code_requirements_prototype.json,code_requirements_prototype.json,.json,1116,5fb9e69cbb12ee5179b9e2d0edefd4c49699e6568c56bccd0d4c113315643559,2026-07-20T06:57:02,True
study_runs,V100_P2_GPT54_I05_R02,study_runs/V100_P2_GPT54_I05_R02/config.source.toml,config.source.toml,.toml,386,43ad328d9e971575946598bc6c906a320d878b57103e5825b7bc1b351074558f,2026-07-20T06:56:34,True
study_runs,V100_P2_GPT54_I05_R02,study_runs/V100_P2_GPT54_I05_R02/config.toml,config.toml,.toml,412,aff6423ea665ac62ee5d1ac94a54fca0bdb260f6328caa38e4f6256b6edcd642,2026-07-20T06:56:34,True
study_runs,V100_P2_GPT54_I05_R02,study_runs/V100_P2_GPT54_I05_R02/costs_log.csv,costs_log.csv,.csv,14334,da5a62a4ac977cca74990360d7fa7b1dde299de70bde2b658ac2d9f0f02a6d64,2026-07-20T07:24:28,True
study_runs,V100_P2_GPT54_I05_R02,study_runs/V100_P2_GPT54_I05_R02/debug.log,debug.log,.log,283549,5ec9a278dc81295b65b79d8902988fa5cf3d359671faee2ef4788eb0d0ccd038,2026-07-20T07:24:32,True
study_runs,V100_P2_GPT54_I05_R02,study_runs/V100_P2_GPT54_I05_R02/entered_prompt.txt,entered_prompt.txt,.txt,2147,de158b14873704c34fb7529e3af0e92fc11e8af82c48e4c18605f7f4fb69f7c2,2026-07-20T06:56:34,True
study_runs,V100_P2_GPT54_I05_R02,study_runs/V100_P2_GPT54_I05_R02/save.pkl,save.pkl,.pkl,183906,c5c2ef2120d13f611db32a7d6e3f8b1c8cdd3018af9e10f039cb65a59885d4e9,2026-07-20T07:14:59,True
study_runs,V100_P2_GPT54_I05_R02,study_runs/V100_P2_GPT54_I05_R02/statistics/0_eddfabc04a024456a9f29f534aefed71.txt,0_eddfabc04a024456a9f29f534aefed71.txt,.txt,506,ce723e2ea80ffa9f97e9c3a2ae2ca446e7b703cdbaaf47ced2c9135bdcd4e7bd,2026-07-20T06:59:07,True
study_runs,V100_P2_GPT54_I05_R02,study_runs/V100_P2_GPT54_I05_R02/statistics/1_186a6cf6fb344c039e1dda2f750886cb.txt,1_186a6cf6fb344c039e1dda2f750886cb.txt,.txt,521,2ea98373e38c6ade824aea890783b5e91349004f80e183083fa66aa0fba7aa00,2026-07-20T07:01:26,True
study_runs,V100_P2_GPT54_I05_R02,study_runs/V100_P2_GPT54_I05_R02/statistics/2_73be1f73012545e9911ff1449851c2bb.txt,2_73be1f73012545e9911ff1449851c2bb.txt,.txt,522,532e2891c34358df18ad36770dd9c0ecc7f848ccdccce618ae878a839646ea93,2026-07-20T07:04:49,True
study_runs,V100_P2_GPT54_I05_R02,study_runs/V100_P2_GPT54_I05_R02/statistics/3_76cc9e35c947427c9589f19b532a152f.txt,3_76cc9e35c947427c9589f19b532a152f.txt,.txt,515,52df8b58ba3a66676586799f77832ddba25455654ed265765c6c2bfe45179d76,2026-07-20T07:08:22,True
study_runs,V100_P2_GPT54_I05_R02,study_runs/V100_P2_GPT54_I05_R02/statistics/4_6ef757c13ca04289b1b7f6fa5c5b59a1.txt,4_6ef757c13ca04289b1b7f6fa5c5b59a1.txt,.txt,527,fc3953b1748dc00c8959a2c0fddd435c30d195941b419ec91ddc4be191115926,2026-07-20T07:10:51,True
study_runs,V100_P2_GPT54_I05_R02,study_runs/V100_P2_GPT54_I05_R02/statistics/5_d4dae55ea810493681b2ee614cb64fb6.txt,5_d4dae55ea810493681b2ee614cb64fb6.txt,.txt,530,7d0c537cbfcf000d3c2e6dfbcc2da8cd15a63bac31c5f6638436e5e75fa1b857,2026-07-20T07:13:14,True
study_runs,V100_P2_GPT54_I05_R02,study_runs/V100_P2_GPT54_I05_R02/statistics/6_6651066e85eb4800a816e0084cc13064.txt,6_6651066e85eb4800a816e0084cc13064.txt,.txt,543,a7c1d34af5401158b89e3f22c37b3199f8e2eb5636afca967147af7b61ea4641,2026-07-20T07:14:52,True
study_runs,V100_P2_GPT54_I05_R02,study_runs/V100_P2_GPT54_I05_R02/statistics/7_d4dae55ea810493681b2ee614cb64fb6_seed.txt,7_d4dae55ea810493681b2ee614cb64fb6_seed.txt,.txt,536,19f5be686a00efe7db849221901defc94183c5969676212ae229fbaaf6fd59a4,2026-07-20T07:17:30,True
study_runs,V100_P2_GPT54_I05_R02,study_runs/V100_P2_GPT54_I05_R02/statistics/8_d4dae55ea810493681b2ee614cb64fb6_iteration1.txt,8_d4dae55ea810493681b2ee614cb64fb6_iteration1.txt,.txt,548,5fe40e28680b78fdc3173ec1d28c6654ded3374ca6dc333012bce72eb97857fd,2026-07-20T07:21:03,True
study_runs,V100_P2_GPT54_I05_R02,study_runs/V100_P2_GPT54_I05_R02/statistics/9_d4dae55ea810493681b2ee614cb64fb6_iteration2.txt,9_d4dae55ea810493681b2ee614cb64fb6_iteration2.txt,.txt,547,f05429d22907017da8a19cd183fdb376dec1813c5c56f098573fff8bbb62ef1a,2026-07-20T07:24:17,True
study_runs,V100_P2_GPT54_I05_R02,study_runs/V100_P2_GPT54_I05_R02/statistics/arguments_per_function.png,arguments_per_function.png,.png,62540,fd8a5f945b4ddcc84d411c56baf4c52ac468c78d3530aa036e46e660e7c17827,2026-07-20T07:24:31,True
study_runs,V100_P2_GPT54_I05_R02,study_runs/V100_P2_GPT54_I05_R02/statistics/classes.png,classes.png,.png,53737,d1983b5dfdabc5cf7856d76a0585288c49e3bded5074e0b56317d813576a73bb,2026-07-20T07:24:30,True
study_runs,V100_P2_GPT54_I05_R02,study_runs/V100_P2_GPT54_I05_R02/statistics/comment_lines.png,comment_lines.png,.png,41932,edf8a0e5e1a68d11d6fcf6a27ffef023a9fa40ec77a5cbfdf18c54cf2fe5ff7f,2026-07-20T07:24:29,True
study_runs,V100_P2_GPT54_I05_R02,study_runs/V100_P2_GPT54_I05_R02/statistics/conditions.png,conditions.png,.png,55600,31e6bba1a42e567f052655d2cbad5e744d793a82a01994698e180f580b7aa51e,2026-07-20T07:24:31,True
study_runs,V100_P2_GPT54_I05_R02,study_runs/V100_P2_GPT54_I05_R02/statistics/deletions.png,deletions.png,.png,73645,7817c27b4f4023dc8b7c2d3e7edc70cab44e03dd40e5868d5e5e1df74228e6dc,2026-07-20T07:24:32,True
study_runs,V100_P2_GPT54_I05_R02,study_runs/V100_P2_GPT54_I05_R02/statistics/empty_lines.png,empty_lines.png,.png,60665,f1f6116b1f7c22a6aebd2e9708d076ebb32dd8a09c530b6680771b5ff646260f,2026-07-20T07:24:29,True
study_runs,V100_P2_GPT54_I05_R02,study_runs/V100_P2_GPT54_I05_R02/statistics/execution_time.png,execution_time.png,.png,73965,9d6c5c5225f8e4570ac504f62fafe50daa21a26e931e107cb6c53d738517adff,2026-07-20T07:24:29,True
study_runs,V100_P2_GPT54_I05_R02,study_runs/V100_P2_GPT54_I05_R02/statistics/functions.png,functions.png,.png,59245,0e0648ffa94609da8e12c779f0b87b7350b8128bed1130626b9136b7723260d9,2026-07-20T07:24:30,True
study_runs,V100_P2_GPT54_I05_R02,study_runs/V100_P2_GPT54_I05_R02/statistics/insertions.png,insertions.png,.png,70349,6af3ca50e6a1ae59ee04c0e3405c508dbc229d16bc680cdeb752dc37c69af68e,2026-07-20T07:24:32,True
study_runs,V100_P2_GPT54_I05_R02,study_runs/V100_P2_GPT54_I05_R02/statistics/libraries_imported.png,libraries_imported.png,.png,50249,0bc05fff182c5df1cd2f7d5cf479c24f94c05efe9414e7a984d21f7cb790a93c,2026-07-20T07:24:30,True
study_runs,V100_P2_GPT54_I05_R02,study_runs/V100_P2_GPT54_I05_R02/statistics/lines_of_code.png,lines_of_code.png,.png,65065,8680638b17c30a0992211e05b446f03088cd1cd5d52b65a05cc0e3eebf732202,2026-07-20T07:24:29,True
study_runs,V100_P2_GPT54_I05_R02,study_runs/V100_P2_GPT54_I05_R02/statistics/loops.png,loops.png,.png,51358,747b5cef472e985d022fd3e36c69e02604f1a2bd5155968f4a4d8aff4fd79777,2026-07-20T07:24:31,True
study_runs,V100_P2_GPT54_I05_R02,study_runs/V100_P2_GPT54_I05_R02/statistics/summary_overall_nodes.txt,summary_overall_nodes.txt,.txt,492,ddc825562053aa35ccc6cd28248e8e81a103baa8f0b7656d0dcb5454ad4ef53a,2026-07-20T07:24:28,True
study_runs,V100_P2_GPT54_I05_R02,study_runs/V100_P2_GPT54_I05_R02/statistics/total_characters.png,total_characters.png,.png,70800,4305bfa5d33d6b1b73f7120d4ee80b8b8db2658dbc3694758523463082013070,2026-07-20T07:24:30,True
study_runs,V100_P2_GPT54_I05_R02,study_runs/V100_P2_GPT54_I05_R02/statistics/variable_assignments.png,variable_assignments.png,.png,66319,c89f738a76eafdc60e3a13dcf1173eeebbcf5e5ee7f830d3caf5b719b248b967,2026-07-20T07:24:31,True
study_runs,V100_P2_GPT54_I05_R02,study_runs/V100_P2_GPT54_I05_R02/summary.md,summary.md,.md,5403,8caf589e2e8cf69107b97c39bb36c38e021189e97c54815928b8a553086ecd07,2026-07-20T07:24:28,True
study_runs,V100_P2_GPT54_I05_R02,study_runs/V100_P2_GPT54_I05_R02/tree_render/pdf/combined_tree.pdf,combined_tree.pdf,.pdf,23269,934f821201c1aeff7eb2355987066afb4873af96e58ddadfd4d368326382a22d,2026-07-20T07:14:58,True
study_runs,V100_P2_GPT54_I05_R02,study_runs/V100_P2_GPT54_I05_R02/tree_render/pdf/tree_0.pdf,tree_0.pdf,.pdf,18155,3f1eb501fdd90e7f3fd143c8ac08303e914fc846cc50cfbc9312f0d2c95326f0,2026-07-20T07:14:54,True
study_runs,V100_P2_GPT54_I05_R02,study_runs/V100_P2_GPT54_I05_R02/tree_render/pdf/tree_1.pdf,tree_1.pdf,.pdf,23162,4a9b594c0f6ce127f258412c1557d8ab6c92376c83c28705225dc5171a075784,2026-07-20T07:14:56,True
study_runs,V100_P2_GPT54_I05_R02,study_runs/V100_P2_GPT54_I05_R02/tree_render/png/combined_tree.png,combined_tree.png,.png,77413,39553d2b1c80debdfe13b245785fcab7717af103e9035b78f45db9b48e9bb9c2,2026-07-20T07:14:58,True
study_runs,V100_P2_GPT54_I05_R02,study_runs/V100_P2_GPT54_I05_R02/tree_render/png/tree_0.png,tree_0.png,.png,10555,0852ed2d5d461ce0450de7b6a8ae483eede1c9c0fcc87dee33b04fa42979bad8,2026-07-20T07:14:53,True
study_runs,V100_P2_GPT54_I05_R02,study_runs/V100_P2_GPT54_I05_R02/tree_render/png/tree_1.png,tree_1.png,.png,69185,f66f382209756339d01509fd233de7117fe033c6fb6ffe9fdf1a5bf9e8631464,2026-07-20T07:14:55,True
study_runs,V100_P2_GPT54_I05_R02,study_runs/V100_P2_GPT54_I05_R02/tree_render/svg/combined_tree.svg,combined_tree.svg,.svg,10521,38dee1fd2272c4a86522d40f5b27c9df35ad679394479b7066989b6b0c8f3198,2026-07-20T07:14:59,True
study_runs,V100_P2_GPT54_I05_R02,study_runs/V100_P2_GPT54_I05_R02/tree_render/svg/tree_0.svg,tree_0.svg,.svg,1611,9fed2c0776651dfb868840a92d04009c0b74f278c67fe619919920f2b6e9cc47,2026-07-20T07:14:55,True
study_runs,V100_P2_GPT54_I05_R02,study_runs/V100_P2_GPT54_I05_R02/tree_render/svg/tree_1.svg,tree_1.svg,.svg,9470,8a39415021aadff136f6b912010e98f5970052f3837ae2e3fc391d62c8198317,2026-07-20T07:14:57,True
