run,relative_path,dataset_id,algorithm_id,algorithm,seed,metric,k,value,finite
V100_P2_GPT54_I05_R02,study_runs/V100_P2_GPT54_I05_R02/checkpoint/d4dae55ea810493681b2ee614cb64fb6_seed/generated/seed_7/checkpoints/results.json,MovieLens100K-ef525a25,LensKit.PopScorer-f4aa5539-7,PopScorer,7,NDCG,10,0.17023035757720048,True
V100_P2_GPT54_I05_R02,study_runs/V100_P2_GPT54_I05_R02/checkpoint/d4dae55ea810493681b2ee614cb64fb6_seed/generated/seed_7/checkpoints/results.json,MovieLens100K-ef525a25,LensKit.PopScorer-f4aa5539-7,PopScorer,7,Precision,10,0.1537645811240721,True
V100_P2_GPT54_I05_R02,study_runs/V100_P2_GPT54_I05_R02/checkpoint/d4dae55ea810493681b2ee614cb64fb6/generated/seed_7/checkpoints/results.json,MovieLens100K-ef525a25,LensKit.PopScorer-f4aa5539-7,PopScorer,7,NDCG,10,0.17023035757720048,True
V100_P2_GPT54_I05_R02,study_runs/V100_P2_GPT54_I05_R02/checkpoint/d4dae55ea810493681b2ee614cb64fb6/generated/seed_7/checkpoints/results.json,MovieLens100K-ef525a25,LensKit.PopScorer-f4aa5539-7,PopScorer,7,Precision,10,0.1537645811240721,True
V100_P2_GPT54_I05_R02,study_runs/V100_P2_GPT54_I05_R02/checkpoint/76cc9e35c947427c9589f19b532a152f/generated/seed_7/checkpoints/results.json,MovieLens100K-ef525a25,LensKit.PopScorer-f4aa5539-7,PopScorer,7,NDCG,10,0.17023035757720048,True
V100_P2_GPT54_I05_R02,study_runs/V100_P2_GPT54_I05_R02/checkpoint/76cc9e35c947427c9589f19b532a152f/generated/seed_7/checkpoints/results.json,MovieLens100K-ef525a25,LensKit.PopScorer-f4aa5539-7,PopScorer,7,Precision,10,0.1537645811240721,True
V100_P2_GPT54_I05_R02,study_runs/V100_P2_GPT54_I05_R02/checkpoint/73be1f73012545e9911ff1449851c2bb/generated/seed_7/checkpoints/results.json,MovieLens100K-f42d424a,LensKit.PopScorer-f4aa5539-7,PopScorer,7,NDCG,10,0.17023035757720048,True
V100_P2_GPT54_I05_R02,study_runs/V100_P2_GPT54_I05_R02/checkpoint/73be1f73012545e9911ff1449851c2bb/generated/seed_7/checkpoints/results.json,MovieLens100K-f42d424a,LensKit.PopScorer-f4aa5539-7,PopScorer,7,Precision,10,0.1537645811240721,True
V100_P2_GPT54_I05_R02,study_runs/V100_P2_GPT54_I05_R02/checkpoint/6ef757c13ca04289b1b7f6fa5c5b59a1/generated/seed_7/checkpoints/results.json,MovieLens100K-ef525a25,LensKit.ItemKNNScorer-d5ed66d7-7,ItemKNNScorer,7,NDCG,10,0.2626915041016678,True
V100_P2_GPT54_I05_R02,study_runs/V100_P2_GPT54_I05_R02/checkpoint/6ef757c13ca04289b1b7f6fa5c5b59a1/generated/seed_7/checkpoints/results.json,MovieLens100K-ef525a25,LensKit.ItemKNNScorer-d5ed66d7-7,ItemKNNScorer,7,Precision,10,0.23001060445387064,True
V100_P1_NANO_I05_R05,study_runs/V100_P1_NANO_I05_R05/checkpoint/77cee7c143e54342a6d595c53dab704e/generated/checkpoints/results.json,MovieLens100K-25551e72,LensKit.ImplicitMFScorer-7faa19f1-42,ImplicitMFScorer,42,NDCG,10,0.14994224759334043,True
V100_P1_NANO_I05_R01,study_runs/V100_P1_NANO_I05_R01/checkpoint/a5ac2c0ff24b457bae5445a51708e653_seed/generated/checkpoints/results.json,MovieLens100K-488acb2a,LensKit.ImplicitMFScorer-402570f1-101,ImplicitMFScorer,101,Precision,10,0.07564102564102565,True
V100_P1_NANO_I05_R01,study_runs/V100_P1_NANO_I05_R01/checkpoint/a5ac2c0ff24b457bae5445a51708e653_seed/generated/checkpoints/results.json,MovieLens100K-488acb2a,LensKit.ImplicitMFScorer-402570f1-202,ImplicitMFScorer,202,Precision,10,0.07912341407151097,True
V100_P1_NANO_I05_R01,study_runs/V100_P1_NANO_I05_R01/checkpoint/a5ac2c0ff24b457bae5445a51708e653_seed/generated/checkpoints/results.json,MovieLens100K-488acb2a,LensKit.ImplicitMFScorer-402570f1-303,ImplicitMFScorer,303,Precision,10,0.0761904761904762,True
V100_P1_NANO_I05_R01,study_runs/V100_P1_NANO_I05_R01/checkpoint/a5ac2c0ff24b457bae5445a51708e653_seed/generated/checkpoints/results.json,MovieLens100K-488acb2a,LensKit.ImplicitMFScorer-402570f1-404,ImplicitMFScorer,404,Precision,10,0.07631887456037516,True
V100_P1_NANO_I05_R01,study_runs/V100_P1_NANO_I05_R01/checkpoint/a5ac2c0ff24b457bae5445a51708e653_seed/generated/checkpoints/results.json,MovieLens100K-488acb2a,LensKit.ImplicitMFScorer-402570f1-505,ImplicitMFScorer,505,Precision,10,0.07413394919168592,True
V100_P1_NANO_I05_R01,study_runs/V100_P1_NANO_I05_R01/checkpoint/a5ac2c0ff24b457bae5445a51708e653/generated/checkpoints/results.json,MovieLens100K-488acb2a,LensKit.ImplicitMFScorer-402570f1-101,ImplicitMFScorer,101,Precision,10,0.07342657342657342,True
V100_P1_NANO_I05_R01,study_runs/V100_P1_NANO_I05_R01/checkpoint/a5ac2c0ff24b457bae5445a51708e653/generated/checkpoints/results.json,MovieLens100K-488acb2a,LensKit.ImplicitMFScorer-402570f1-202,ImplicitMFScorer,202,Precision,10,0.0770472895040369,True
V100_P1_NANO_I05_R01,study_runs/V100_P1_NANO_I05_R01/checkpoint/a5ac2c0ff24b457bae5445a51708e653/generated/checkpoints/results.json,MovieLens100K-488acb2a,LensKit.ImplicitMFScorer-402570f1-303,ImplicitMFScorer,303,Precision,10,0.07398373983739838,True
V100_P1_NANO_I05_R01,study_runs/V100_P1_NANO_I05_R01/checkpoint/a5ac2c0ff24b457bae5445a51708e653/generated/checkpoints/results.json,MovieLens100K-488acb2a,LensKit.ImplicitMFScorer-402570f1-404,ImplicitMFScorer,404,Precision,10,0.07432590855803049,True
V100_P1_NANO_I05_R01,study_runs/V100_P1_NANO_I05_R01/checkpoint/a5ac2c0ff24b457bae5445a51708e653/generated/checkpoints/results.json,MovieLens100K-488acb2a,LensKit.ImplicitMFScorer-402570f1-505,ImplicitMFScorer,505,Precision,10,0.07297921478060046,True
V100_P0_NANO_I05_R05,study_runs/V100_P0_NANO_I05_R05/checkpoint/961d5f9febae499fa6037ebdd89d6c7c/generated/checkpoints/results.json,MovieLens100K-08d57673,LensKit.ImplicitMFScorer-f0dd7ecb-101,ImplicitMFScorer,101,NDCG,10,0.13846533716248488,True
V100_P0_NANO_I05_R05,study_runs/V100_P0_NANO_I05_R05/checkpoint/961d5f9febae499fa6037ebdd89d6c7c/generated/checkpoints/results.json,MovieLens100K-08d57673,LensKit.ImplicitMFScorer-f0dd7ecb-202,ImplicitMFScorer,202,NDCG,10,0.13799009234126222,True
V100_P0_NANO_I05_R05,study_runs/V100_P0_NANO_I05_R05/checkpoint/961d5f9febae499fa6037ebdd89d6c7c/generated/checkpoints/results.json,MovieLens100K-08d57673,LensKit.ImplicitMFScorer-f0dd7ecb-303,ImplicitMFScorer,303,NDCG,10,0.13800870234372373,True
V100_P0_NANO_I05_R05,study_runs/V100_P0_NANO_I05_R05/checkpoint/961d5f9febae499fa6037ebdd89d6c7c/generated/checkpoints/results.json,MovieLens100K-08d57673,LensKit.ImplicitMFScorer-f0dd7ecb-404,ImplicitMFScorer,404,NDCG,10,0.13531412519937658,True
V100_P0_NANO_I05_R05,study_runs/V100_P0_NANO_I05_R05/checkpoint/961d5f9febae499fa6037ebdd89d6c7c/generated/checkpoints/results.json,MovieLens100K-08d57673,LensKit.ImplicitMFScorer-f0dd7ecb-505,ImplicitMFScorer,505,NDCG,10,0.13417511914429822,True
V100_P0_NANO_I05_R01,study_runs/V100_P0_NANO_I05_R01/checkpoint/904094bc4dec46988262a1fe8b9d35f6/generated/checkpoints/results.json,MovieLens100K-08d57673,LensKit.ItemKNNScorer-3415f984-42,ItemKNNScorer,42,NDCG,10,0.1807084900899392,True
V100_P0_NANO_I05_R01,study_runs/V100_P0_NANO_I05_R01/checkpoint/904094bc4dec46988262a1fe8b9d35f6/generated/checkpoints/results.json,MovieLens100K-08d57673,LensKit.ItemKNNScorer-3415f984-42,ItemKNNScorer,42,Recall,10,0.22671128316718095,True
V100_P0_NANO_I05_R01,study_runs/V100_P0_NANO_I05_R01/checkpoint/1390f6c0be5743b8927162dbbe425e75_seed/generated/checkpoints/results.json,MovieLens100K-36ca8c6a,LensKit.ImplicitMFScorer-f0dd7ecb-42,ImplicitMFScorer,42,Precision,5,0.13326226012793177,True
V100_P0_NANO_I05_R01,study_runs/V100_P0_NANO_I05_R01/checkpoint/1390f6c0be5743b8927162dbbe425e75_iteration2/generated/checkpoints/results.json,MovieLens100K-fa2ae422,LensKit.ImplicitMFScorer-f0dd7ecb-42,ImplicitMFScorer,42,NDCG,1,0.22905620360551432,True
V100_P0_NANO_I05_R01,study_runs/V100_P0_NANO_I05_R01/checkpoint/1390f6c0be5743b8927162dbbe425e75_iteration2/generated/checkpoints/results.json,MovieLens100K-fa2ae422,LensKit.ImplicitMFScorer-f0dd7ecb-42,ImplicitMFScorer,42,NDCG,5,0.19269802268810926,True
V100_P0_NANO_I05_R01,study_runs/V100_P0_NANO_I05_R01/checkpoint/1390f6c0be5743b8927162dbbe425e75_iteration2/generated/checkpoints/results.json,MovieLens100K-fa2ae422,LensKit.ImplicitMFScorer-f0dd7ecb-42,ImplicitMFScorer,42,NDCG,10,0.18127874679805606,True
V100_P0_NANO_I05_R01,study_runs/V100_P0_NANO_I05_R01/checkpoint/1390f6c0be5743b8927162dbbe425e75_iteration2/generated/checkpoints/results.json,MovieLens100K-fa2ae422,LensKit.ImplicitMFScorer-f0dd7ecb-42,ImplicitMFScorer,42,Precision,1,0.22905620360551432,True
V100_P0_NANO_I05_R01,study_runs/V100_P0_NANO_I05_R01/checkpoint/1390f6c0be5743b8927162dbbe425e75_iteration2/generated/checkpoints/results.json,MovieLens100K-fa2ae422,LensKit.ImplicitMFScorer-f0dd7ecb-42,ImplicitMFScorer,42,Precision,5,0.1855779427359491,True
V100_P0_NANO_I05_R01,study_runs/V100_P0_NANO_I05_R01/checkpoint/1390f6c0be5743b8927162dbbe425e75_iteration2/generated/checkpoints/results.json,MovieLens100K-fa2ae422,LensKit.ImplicitMFScorer-f0dd7ecb-42,ImplicitMFScorer,42,Precision,10,0.17242841993637328,True
V100_P0_NANO_I05_R01,study_runs/V100_P0_NANO_I05_R01/checkpoint/1390f6c0be5743b8927162dbbe425e75_iteration2/generated/checkpoints/results.json,MovieLens100K-fa2ae422,LensKit.ItemKNNScorer-c3d66610-42,ItemKNNScorer,42,NDCG,1,0.34782608695652173,True
V100_P0_NANO_I05_R01,study_runs/V100_P0_NANO_I05_R01/checkpoint/1390f6c0be5743b8927162dbbe425e75_iteration2/generated/checkpoints/results.json,MovieLens100K-fa2ae422,LensKit.ItemKNNScorer-c3d66610-42,ItemKNNScorer,42,NDCG,5,0.2759093070992642,True
V100_P0_NANO_I05_R01,study_runs/V100_P0_NANO_I05_R01/checkpoint/1390f6c0be5743b8927162dbbe425e75_iteration2/generated/checkpoints/results.json,MovieLens100K-fa2ae422,LensKit.ItemKNNScorer-c3d66610-42,ItemKNNScorer,42,NDCG,10,0.23706442861716198,True
V100_P0_NANO_I05_R01,study_runs/V100_P0_NANO_I05_R01/checkpoint/1390f6c0be5743b8927162dbbe425e75_iteration2/generated/checkpoints/results.json,MovieLens100K-fa2ae422,LensKit.ItemKNNScorer-c3d66610-42,ItemKNNScorer,42,Precision,1,0.34782608695652173,True
V100_P0_NANO_I05_R01,study_runs/V100_P0_NANO_I05_R01/checkpoint/1390f6c0be5743b8927162dbbe425e75_iteration2/generated/checkpoints/results.json,MovieLens100K-fa2ae422,LensKit.ItemKNNScorer-c3d66610-42,ItemKNNScorer,42,Precision,5,0.2574761399787911,True
V100_P0_NANO_I05_R01,study_runs/V100_P0_NANO_I05_R01/checkpoint/1390f6c0be5743b8927162dbbe425e75_iteration2/generated/checkpoints/results.json,MovieLens100K-fa2ae422,LensKit.ItemKNNScorer-c3d66610-42,ItemKNNScorer,42,Precision,10,0.2110286320254507,True
V100_P0_NANO_I05_R01,study_runs/V100_P0_NANO_I05_R01/checkpoint/1390f6c0be5743b8927162dbbe425e75_iteration2/generated/checkpoints/results.json,MovieLens100K-fa2ae422,LensKit.PopScorer-f4aa5539-42,PopScorer,42,NDCG,1,0.2301166489925769,True
V100_P0_NANO_I05_R01,study_runs/V100_P0_NANO_I05_R01/checkpoint/1390f6c0be5743b8927162dbbe425e75_iteration2/generated/checkpoints/results.json,MovieLens100K-fa2ae422,LensKit.PopScorer-f4aa5539-42,PopScorer,42,NDCG,5,0.17704923162633018,True
V100_P0_NANO_I05_R01,study_runs/V100_P0_NANO_I05_R01/checkpoint/1390f6c0be5743b8927162dbbe425e75_iteration2/generated/checkpoints/results.json,MovieLens100K-fa2ae422,LensKit.PopScorer-f4aa5539-42,PopScorer,42,NDCG,10,0.15946275337037824,True
V100_P0_NANO_I05_R01,study_runs/V100_P0_NANO_I05_R01/checkpoint/1390f6c0be5743b8927162dbbe425e75_iteration2/generated/checkpoints/results.json,MovieLens100K-fa2ae422,LensKit.PopScorer-f4aa5539-42,PopScorer,42,Precision,1,0.2301166489925769,True
V100_P0_NANO_I05_R01,study_runs/V100_P0_NANO_I05_R01/checkpoint/1390f6c0be5743b8927162dbbe425e75_iteration2/generated/checkpoints/results.json,MovieLens100K-fa2ae422,LensKit.PopScorer-f4aa5539-42,PopScorer,42,Precision,5,0.16288441145281018,True
V100_P0_NANO_I05_R01,study_runs/V100_P0_NANO_I05_R01/checkpoint/1390f6c0be5743b8927162dbbe425e75_iteration2/generated/checkpoints/results.json,MovieLens100K-fa2ae422,LensKit.PopScorer-f4aa5539-42,PopScorer,42,Precision,10,0.14496288441145283,True
V100_P0_NANO_I05_R01,study_runs/V100_P0_NANO_I05_R01/checkpoint/1390f6c0be5743b8927162dbbe425e75/generated/checkpoints/results.json,MovieLens100K-36ca8c6a,LensKit.ImplicitMFScorer-f0dd7ecb-42,ImplicitMFScorer,42,Precision,5,0.1377398720682303,True
V100_P0_MINI_I05_R05,study_runs/V100_P0_MINI_I05_R05/checkpoint/c1cab3cf57c346019ca9d1992dcac3ef_seed/generated/checkpoints/results.json,MovieLens100K-938abed0,LensKit.PopScorer-f4aa5539-42,PopScorer,42,NDCG,10,0.14447022287540828,True
V100_P0_MINI_I05_R05,study_runs/V100_P0_MINI_I05_R05/checkpoint/c1cab3cf57c346019ca9d1992dcac3ef_seed/generated/checkpoints/results.json,MovieLens100K-938abed0,LensKit.PopScorer-f4aa5539-42,PopScorer,42,Precision,10,0.1288441145281018,True
V100_P0_MINI_I05_R05,study_runs/V100_P0_MINI_I05_R05/checkpoint/c1cab3cf57c346019ca9d1992dcac3ef/generated/checkpoints/results.json,MovieLens100K-938abed0,LensKit.PopScorer-f4aa5539-42,PopScorer,42,NDCG,10,0.14447022287540828,True
V100_P0_MINI_I05_R05,study_runs/V100_P0_MINI_I05_R05/checkpoint/c1cab3cf57c346019ca9d1992dcac3ef/generated/checkpoints/results.json,MovieLens100K-938abed0,LensKit.PopScorer-f4aa5539-42,PopScorer,42,Precision,10,0.1288441145281018,True
V100_P0_MINI_I05_R05,study_runs/V100_P0_MINI_I05_R05/checkpoint/b961f343d9f8405a8f194c65eb67b0cf/generated/checkpoints/results.json,MovieLens100K-938abed0,LensKit.PopScorer-f4aa5539-11,PopScorer,11,NDCG,10,0.14201562367215786,True
V100_P0_MINI_I05_R05,study_runs/V100_P0_MINI_I05_R05/checkpoint/b961f343d9f8405a8f194c65eb67b0cf/generated/checkpoints/results.json,MovieLens100K-938abed0,LensKit.PopScorer-f4aa5539-11,PopScorer,11,Precision,10,0.1308589607635207,True
V100_P0_MINI_I05_R05,study_runs/V100_P0_MINI_I05_R05/checkpoint/a60f1446dae34e6c85594e6ccf365727/generated/checkpoints/results.json,MovieLens100K-43a5f96f,LensKit.PopScorer-f4aa5539-11,PopScorer,11,NDCG,10,0.16506040892010918,True
V100_P0_MINI_I05_R05,study_runs/V100_P0_MINI_I05_R05/checkpoint/a60f1446dae34e6c85594e6ccf365727/generated/checkpoints/results.json,MovieLens100K-43a5f96f,LensKit.PopScorer-f4aa5539-11,PopScorer,11,Precision,10,0.15153764581124074,True
V100_P0_MINI_I05_R05,study_runs/V100_P0_MINI_I05_R05/checkpoint/5f85c771837f46e69ed3548da85ed85f/generated/checkpoints/results.json,MovieLens100K-938abed0,LensKit.PopScorer-f4aa5539-11,PopScorer,11,NDCG,10,0.14201562367215786,True
V100_P0_MINI_I05_R05,study_runs/V100_P0_MINI_I05_R05/checkpoint/5f85c771837f46e69ed3548da85ed85f/generated/checkpoints/results.json,MovieLens100K-938abed0,LensKit.PopScorer-f4aa5539-11,PopScorer,11,Recall,10,0.153891245434193,True
V100_P0_MINI_I05_R04,study_runs/V100_P0_MINI_I05_R04/checkpoint/e543f9f743a340479000d7640c0720a3/generated/checkpoints/results.json,MovieLens100K-938abed0,LensKit.ItemKNNScorer-c3d66610-7,ItemKNNScorer,7,NDCG,10,0.21391652620856455,True
V100_P0_MINI_I05_R04,study_runs/V100_P0_MINI_I05_R04/checkpoint/e543f9f743a340479000d7640c0720a3/generated/checkpoints/results.json,MovieLens100K-938abed0,LensKit.ItemKNNScorer-c3d66610-7,ItemKNNScorer,7,Recall,10,0.24460771936911901,True
V100_P0_MINI_I05_R04,study_runs/V100_P0_MINI_I05_R04/checkpoint/e543f9f743a340479000d7640c0720a3/generated/checkpoints/results.json,MovieLens100K-938abed0,LensKit.ItemKNNScorer-c3d66610-13,ItemKNNScorer,13,NDCG,10,0.207638424293557,True
V100_P0_MINI_I05_R04,study_runs/V100_P0_MINI_I05_R04/checkpoint/e543f9f743a340479000d7640c0720a3/generated/checkpoints/results.json,MovieLens100K-938abed0,LensKit.ItemKNNScorer-c3d66610-13,ItemKNNScorer,13,Recall,10,0.2379222845023476,True
V100_P0_MINI_I05_R04,study_runs/V100_P0_MINI_I05_R04/checkpoint/e543f9f743a340479000d7640c0720a3/generated/checkpoints/results.json,MovieLens100K-938abed0,LensKit.ItemKNNScorer-c3d66610-21,ItemKNNScorer,21,NDCG,10,0.20616637344640737,True
V100_P0_MINI_I05_R04,study_runs/V100_P0_MINI_I05_R04/checkpoint/e543f9f743a340479000d7640c0720a3/generated/checkpoints/results.json,MovieLens100K-938abed0,LensKit.ItemKNNScorer-c3d66610-21,ItemKNNScorer,21,Recall,10,0.23227962093285484,True
V100_P0_MINI_I05_R04,study_runs/V100_P0_MINI_I05_R04/checkpoint/e543f9f743a340479000d7640c0720a3/generated/checkpoints/results.json,MovieLens100K-938abed0,LensKit.ItemKNNScorer-c3d66610-42,ItemKNNScorer,42,NDCG,10,0.2085559391428343,True
V100_P0_MINI_I05_R04,study_runs/V100_P0_MINI_I05_R04/checkpoint/e543f9f743a340479000d7640c0720a3/generated/checkpoints/results.json,MovieLens100K-938abed0,LensKit.ItemKNNScorer-c3d66610-42,ItemKNNScorer,42,Recall,10,0.23602947364877377,True
V100_P0_MINI_I05_R04,study_runs/V100_P0_MINI_I05_R04/checkpoint/e543f9f743a340479000d7640c0720a3/generated/checkpoints/results.json,MovieLens100K-938abed0,LensKit.ItemKNNScorer-c3d66610-87,ItemKNNScorer,87,NDCG,10,0.19744100550819818,True
V100_P0_MINI_I05_R04,study_runs/V100_P0_MINI_I05_R04/checkpoint/e543f9f743a340479000d7640c0720a3/generated/checkpoints/results.json,MovieLens100K-938abed0,LensKit.ItemKNNScorer-c3d66610-87,ItemKNNScorer,87,Recall,10,0.2297677961251657,True
V100_P0_MINI_I05_R04,study_runs/V100_P0_MINI_I05_R04/checkpoint/81f0cfbf8c764fd2916c0548137ef91b/generated/checkpoints/results.json,MovieLens100K-938abed0,LensKit.ItemKNNScorer-c3d66610-7,ItemKNNScorer,7,NDCG,10,0.21391652620856455,True
V100_P0_MINI_I05_R04,study_runs/V100_P0_MINI_I05_R04/checkpoint/81f0cfbf8c764fd2916c0548137ef91b/generated/checkpoints/results.json,MovieLens100K-938abed0,LensKit.ItemKNNScorer-c3d66610-7,ItemKNNScorer,7,Recall,10,0.24460771936911901,True
V100_P0_MINI_I05_R04,study_runs/V100_P0_MINI_I05_R04/checkpoint/81f0cfbf8c764fd2916c0548137ef91b/generated/checkpoints/results.json,MovieLens100K-938abed0,LensKit.ItemKNNScorer-c3d66610-13,ItemKNNScorer,13,NDCG,10,0.207638424293557,True
V100_P0_MINI_I05_R04,study_runs/V100_P0_MINI_I05_R04/checkpoint/81f0cfbf8c764fd2916c0548137ef91b/generated/checkpoints/results.json,MovieLens100K-938abed0,LensKit.ItemKNNScorer-c3d66610-13,ItemKNNScorer,13,Recall,10,0.2379222845023476,True
V100_P0_MINI_I05_R04,study_runs/V100_P0_MINI_I05_R04/checkpoint/81f0cfbf8c764fd2916c0548137ef91b/generated/checkpoints/results.json,MovieLens100K-938abed0,LensKit.ItemKNNScorer-c3d66610-21,ItemKNNScorer,21,NDCG,10,0.20616637344640737,True
V100_P0_MINI_I05_R04,study_runs/V100_P0_MINI_I05_R04/checkpoint/81f0cfbf8c764fd2916c0548137ef91b/generated/checkpoints/results.json,MovieLens100K-938abed0,LensKit.ItemKNNScorer-c3d66610-21,ItemKNNScorer,21,Recall,10,0.23227962093285484,True
V100_P0_MINI_I05_R04,study_runs/V100_P0_MINI_I05_R04/checkpoint/81f0cfbf8c764fd2916c0548137ef91b/generated/checkpoints/results.json,MovieLens100K-938abed0,LensKit.ItemKNNScorer-c3d66610-42,ItemKNNScorer,42,NDCG,10,0.2085559391428343,True
V100_P0_MINI_I05_R04,study_runs/V100_P0_MINI_I05_R04/checkpoint/81f0cfbf8c764fd2916c0548137ef91b/generated/checkpoints/results.json,MovieLens100K-938abed0,LensKit.ItemKNNScorer-c3d66610-42,ItemKNNScorer,42,Recall,10,0.23602947364877377,True
V100_P0_MINI_I05_R04,study_runs/V100_P0_MINI_I05_R04/checkpoint/81f0cfbf8c764fd2916c0548137ef91b/generated/checkpoints/results.json,MovieLens100K-938abed0,LensKit.ItemKNNScorer-c3d66610-87,ItemKNNScorer,87,NDCG,10,0.19744100550819818,True
V100_P0_MINI_I05_R04,study_runs/V100_P0_MINI_I05_R04/checkpoint/81f0cfbf8c764fd2916c0548137ef91b/generated/checkpoints/results.json,MovieLens100K-938abed0,LensKit.ItemKNNScorer-c3d66610-87,ItemKNNScorer,87,Recall,10,0.2297677961251657,True
V100_P0_MINI_I05_R04,study_runs/V100_P0_MINI_I05_R04/checkpoint/6624255987bf439f9714e8560c0cd3b5/generated/checkpoints/results.json,MovieLens100K-938abed0,LensKit.ItemKNNScorer-5f816cf5-7,ItemKNNScorer,7,NDCG,10,0.21391652620856455,True
V100_P0_MINI_I05_R04,study_runs/V100_P0_MINI_I05_R04/checkpoint/6624255987bf439f9714e8560c0cd3b5/generated/checkpoints/results.json,MovieLens100K-938abed0,LensKit.ItemKNNScorer-5f816cf5-7,ItemKNNScorer,7,Precision,10,0.19533404029692472,True
V100_P0_MINI_I05_R04,study_runs/V100_P0_MINI_I05_R04/checkpoint/6624255987bf439f9714e8560c0cd3b5/generated/checkpoints/results.json,MovieLens100K-938abed0,LensKit.ItemKNNScorer-5f816cf5-13,ItemKNNScorer,13,NDCG,10,0.207638424293557,True
V100_P0_MINI_I05_R04,study_runs/V100_P0_MINI_I05_R04/checkpoint/6624255987bf439f9714e8560c0cd3b5/generated/checkpoints/results.json,MovieLens100K-938abed0,LensKit.ItemKNNScorer-5f816cf5-13,ItemKNNScorer,13,Precision,10,0.18992576882290563,True
V100_P0_MINI_I05_R04,study_runs/V100_P0_MINI_I05_R04/checkpoint/6624255987bf439f9714e8560c0cd3b5/generated/checkpoints/results.json,MovieLens100K-938abed0,LensKit.ItemKNNScorer-5f816cf5-21,ItemKNNScorer,21,NDCG,10,0.20616637344640737,True
V100_P0_MINI_I05_R04,study_runs/V100_P0_MINI_I05_R04/checkpoint/6624255987bf439f9714e8560c0cd3b5/generated/checkpoints/results.json,MovieLens100K-938abed0,LensKit.ItemKNNScorer-5f816cf5-21,ItemKNNScorer,21,Precision,10,0.18706256627783668,True
V100_P0_MINI_I05_R04,study_runs/V100_P0_MINI_I05_R04/checkpoint/6624255987bf439f9714e8560c0cd3b5/generated/checkpoints/results.json,MovieLens100K-938abed0,LensKit.ItemKNNScorer-5f816cf5-42,ItemKNNScorer,42,NDCG,10,0.2085559391428343,True
V100_P0_MINI_I05_R04,study_runs/V100_P0_MINI_I05_R04/checkpoint/6624255987bf439f9714e8560c0cd3b5/generated/checkpoints/results.json,MovieLens100K-938abed0,LensKit.ItemKNNScorer-5f816cf5-42,ItemKNNScorer,42,Precision,10,0.18950159066808062,True
V100_P0_MINI_I05_R04,study_runs/V100_P0_MINI_I05_R04/checkpoint/6624255987bf439f9714e8560c0cd3b5/generated/checkpoints/results.json,MovieLens100K-938abed0,LensKit.ItemKNNScorer-5f816cf5-87,ItemKNNScorer,87,NDCG,10,0.19744100550819818,True
V100_P0_MINI_I05_R04,study_runs/V100_P0_MINI_I05_R04/checkpoint/6624255987bf439f9714e8560c0cd3b5/generated/checkpoints/results.json,MovieLens100K-938abed0,LensKit.ItemKNNScorer-5f816cf5-87,ItemKNNScorer,87,Precision,10,0.18282078472958643,True
V100_P0_MINI_I05_R04,study_runs/V100_P0_MINI_I05_R04/checkpoint/429968f4a2d5464781e553f6868ecfb7/generated/checkpoints/results.json,MovieLens100K-51d35041,LensKit.ImplicitMFScorer-f0dd7ecb-11,ImplicitMFScorer,11,NDCG,10,0.17374791219192037,True
V100_P0_MINI_I05_R04,study_runs/V100_P0_MINI_I05_R04/checkpoint/0ddf2f48ecfe411c968dfd5ac55fc592_seed/generated/checkpoints/results.json,MovieLens100K-938abed0,LensKit.ItemKNNScorer-c3d66610-7,ItemKNNScorer,7,NDCG,10,0.21391652620856455,True
V100_P0_MINI_I05_R04,study_runs/V100_P0_MINI_I05_R04/checkpoint/0ddf2f48ecfe411c968dfd5ac55fc592_seed/generated/checkpoints/results.json,MovieLens100K-938abed0,LensKit.ItemKNNScorer-c3d66610-7,ItemKNNScorer,7,Precision,10,0.19533404029692472,True
V100_P0_MINI_I05_R04,study_runs/V100_P0_MINI_I05_R04/checkpoint/0ddf2f48ecfe411c968dfd5ac55fc592_seed/generated/checkpoints/results.json,MovieLens100K-938abed0,LensKit.ItemKNNScorer-c3d66610-13,ItemKNNScorer,13,NDCG,10,0.207638424293557,True
V100_P0_MINI_I05_R04,study_runs/V100_P0_MINI_I05_R04/checkpoint/0ddf2f48ecfe411c968dfd5ac55fc592_seed/generated/checkpoints/results.json,MovieLens100K-938abed0,LensKit.ItemKNNScorer-c3d66610-13,ItemKNNScorer,13,Precision,10,0.18992576882290563,True
V100_P0_MINI_I05_R04,study_runs/V100_P0_MINI_I05_R04/checkpoint/0ddf2f48ecfe411c968dfd5ac55fc592_seed/generated/checkpoints/results.json,MovieLens100K-938abed0,LensKit.ItemKNNScorer-c3d66610-21,ItemKNNScorer,21,NDCG,10,0.20616637344640737,True
V100_P0_MINI_I05_R04,study_runs/V100_P0_MINI_I05_R04/checkpoint/0ddf2f48ecfe411c968dfd5ac55fc592_seed/generated/checkpoints/results.json,MovieLens100K-938abed0,LensKit.ItemKNNScorer-c3d66610-21,ItemKNNScorer,21,Precision,10,0.18706256627783668,True
V100_P0_MINI_I05_R04,study_runs/V100_P0_MINI_I05_R04/checkpoint/0ddf2f48ecfe411c968dfd5ac55fc592_seed/generated/checkpoints/results.json,MovieLens100K-938abed0,LensKit.ItemKNNScorer-c3d66610-42,ItemKNNScorer,42,NDCG,10,0.2085559391428343,True
V100_P0_MINI_I05_R04,study_runs/V100_P0_MINI_I05_R04/checkpoint/0ddf2f48ecfe411c968dfd5ac55fc592_seed/generated/checkpoints/results.json,MovieLens100K-938abed0,LensKit.ItemKNNScorer-c3d66610-42,ItemKNNScorer,42,Precision,10,0.18950159066808062,True
V100_P0_MINI_I05_R04,study_runs/V100_P0_MINI_I05_R04/checkpoint/0ddf2f48ecfe411c968dfd5ac55fc592_seed/generated/checkpoints/results.json,MovieLens100K-938abed0,LensKit.ItemKNNScorer-c3d66610-87,ItemKNNScorer,87,NDCG,10,0.19744100550819818,True
V100_P0_MINI_I05_R04,study_runs/V100_P0_MINI_I05_R04/checkpoint/0ddf2f48ecfe411c968dfd5ac55fc592_seed/generated/checkpoints/results.json,MovieLens100K-938abed0,LensKit.ItemKNNScorer-c3d66610-87,ItemKNNScorer,87,Precision,10,0.18282078472958643,True
V100_P0_MINI_I05_R04,study_runs/V100_P0_MINI_I05_R04/checkpoint/0ddf2f48ecfe411c968dfd5ac55fc592/generated/checkpoints/results.json,MovieLens100K-938abed0,LensKit.ItemKNNScorer-c3d66610-7,ItemKNNScorer,7,NDCG,10,0.21391652620856455,True
V100_P0_MINI_I05_R04,study_runs/V100_P0_MINI_I05_R04/checkpoint/0ddf2f48ecfe411c968dfd5ac55fc592/generated/checkpoints/results.json,MovieLens100K-938abed0,LensKit.ItemKNNScorer-c3d66610-7,ItemKNNScorer,7,Precision,10,0.19533404029692472,True
V100_P0_MINI_I05_R04,study_runs/V100_P0_MINI_I05_R04/checkpoint/0ddf2f48ecfe411c968dfd5ac55fc592/generated/checkpoints/results.json,MovieLens100K-938abed0,LensKit.ItemKNNScorer-c3d66610-13,ItemKNNScorer,13,NDCG,10,0.207638424293557,True
V100_P0_MINI_I05_R04,study_runs/V100_P0_MINI_I05_R04/checkpoint/0ddf2f48ecfe411c968dfd5ac55fc592/generated/checkpoints/results.json,MovieLens100K-938abed0,LensKit.ItemKNNScorer-c3d66610-13,ItemKNNScorer,13,Precision,10,0.18992576882290563,True
V100_P0_MINI_I05_R04,study_runs/V100_P0_MINI_I05_R04/checkpoint/0ddf2f48ecfe411c968dfd5ac55fc592/generated/checkpoints/results.json,MovieLens100K-938abed0,LensKit.ItemKNNScorer-c3d66610-21,ItemKNNScorer,21,NDCG,10,0.20616637344640737,True
V100_P0_MINI_I05_R04,study_runs/V100_P0_MINI_I05_R04/checkpoint/0ddf2f48ecfe411c968dfd5ac55fc592/generated/checkpoints/results.json,MovieLens100K-938abed0,LensKit.ItemKNNScorer-c3d66610-21,ItemKNNScorer,21,Precision,10,0.18706256627783668,True
V100_P0_MINI_I05_R04,study_runs/V100_P0_MINI_I05_R04/checkpoint/0ddf2f48ecfe411c968dfd5ac55fc592/generated/checkpoints/results.json,MovieLens100K-938abed0,LensKit.ItemKNNScorer-c3d66610-42,ItemKNNScorer,42,NDCG,10,0.2085559391428343,True
V100_P0_MINI_I05_R04,study_runs/V100_P0_MINI_I05_R04/checkpoint/0ddf2f48ecfe411c968dfd5ac55fc592/generated/checkpoints/results.json,MovieLens100K-938abed0,LensKit.ItemKNNScorer-c3d66610-42,ItemKNNScorer,42,Precision,10,0.18950159066808062,True
V100_P0_MINI_I05_R04,study_runs/V100_P0_MINI_I05_R04/checkpoint/0ddf2f48ecfe411c968dfd5ac55fc592/generated/checkpoints/results.json,MovieLens100K-938abed0,LensKit.ItemKNNScorer-c3d66610-87,ItemKNNScorer,87,NDCG,10,0.19744100550819818,True
V100_P0_MINI_I05_R04,study_runs/V100_P0_MINI_I05_R04/checkpoint/0ddf2f48ecfe411c968dfd5ac55fc592/generated/checkpoints/results.json,MovieLens100K-938abed0,LensKit.ItemKNNScorer-c3d66610-87,ItemKNNScorer,87,Precision,10,0.18282078472958643,True
V100_P0_MINI_I05_R03,study_runs/V100_P0_MINI_I05_R03/workspace/checkpoints/results.json,MovieLens100K-938abed0,LensKit.ImplicitMFScorer-f0dd7ecb-1,ImplicitMFScorer,1,NDCG,1,0.17391304347826086,True
V100_P0_MINI_I05_R03,study_runs/V100_P0_MINI_I05_R03/workspace/checkpoints/results.json,MovieLens100K-938abed0,LensKit.ImplicitMFScorer-f0dd7ecb-1,ImplicitMFScorer,1,NDCG,5,0.1685219266993356,True
V100_P0_MINI_I05_R03,study_runs/V100_P0_MINI_I05_R03/workspace/checkpoints/results.json,MovieLens100K-938abed0,LensKit.ImplicitMFScorer-f0dd7ecb-1,ImplicitMFScorer,1,NDCG,10,0.16031919683471926,True
V100_P0_MINI_I05_R03,study_runs/V100_P0_MINI_I05_R03/workspace/checkpoints/results.json,MovieLens100K-938abed0,LensKit.ImplicitMFScorer-f0dd7ecb-1,ImplicitMFScorer,1,Recall,1,0.17391304347826086,True
V100_P0_MINI_I05_R03,study_runs/V100_P0_MINI_I05_R03/workspace/checkpoints/results.json,MovieLens100K-938abed0,LensKit.ImplicitMFScorer-f0dd7ecb-1,ImplicitMFScorer,1,Recall,5,0.17368328031106403,True
V100_P0_MINI_I05_R03,study_runs/V100_P0_MINI_I05_R03/workspace/checkpoints/results.json,MovieLens100K-938abed0,LensKit.ImplicitMFScorer-f0dd7ecb-1,ImplicitMFScorer,1,Recall,10,0.19853431298288116,True
V100_P0_MINI_I05_R03,study_runs/V100_P0_MINI_I05_R03/workspace/checkpoints/results.json,MovieLens100K-938abed0,LensKit.ItemKNNScorer-c3d66610-1,ItemKNNScorer,1,NDCG,1,0.26299045599151644,True
V100_P0_MINI_I05_R03,study_runs/V100_P0_MINI_I05_R03/workspace/checkpoints/results.json,MovieLens100K-938abed0,LensKit.ItemKNNScorer-c3d66610-1,ItemKNNScorer,1,NDCG,5,0.22334940858531283,True
V100_P0_MINI_I05_R03,study_runs/V100_P0_MINI_I05_R03/workspace/checkpoints/results.json,MovieLens100K-938abed0,LensKit.ItemKNNScorer-c3d66610-1,ItemKNNScorer,1,NDCG,10,0.2029500059458274,True
V100_P0_MINI_I05_R03,study_runs/V100_P0_MINI_I05_R03/workspace/checkpoints/results.json,MovieLens100K-938abed0,LensKit.ItemKNNScorer-c3d66610-1,ItemKNNScorer,1,Recall,1,0.26299045599151644,True
V100_P0_MINI_I05_R03,study_runs/V100_P0_MINI_I05_R03/workspace/checkpoints/results.json,MovieLens100K-938abed0,LensKit.ItemKNNScorer-c3d66610-1,ItemKNNScorer,1,Recall,5,0.22007776599505086,True
V100_P0_MINI_I05_R03,study_runs/V100_P0_MINI_I05_R03/workspace/checkpoints/results.json,MovieLens100K-938abed0,LensKit.ItemKNNScorer-c3d66610-1,ItemKNNScorer,1,Recall,10,0.23466562305374614,True
V100_P0_MINI_I05_R03,study_runs/V100_P0_MINI_I05_R03/workspace/checkpoints/results.json,MovieLens100K-938abed0,LensKit.PopScorer-f4aa5539-1,PopScorer,1,NDCG,1,0.2110286320254507,True
V100_P0_MINI_I05_R03,study_runs/V100_P0_MINI_I05_R03/workspace/checkpoints/results.json,MovieLens100K-938abed0,LensKit.PopScorer-f4aa5539-1,PopScorer,1,NDCG,5,0.15438439510925359,True
V100_P0_MINI_I05_R03,study_runs/V100_P0_MINI_I05_R03/workspace/checkpoints/results.json,MovieLens100K-938abed0,LensKit.PopScorer-f4aa5539-1,PopScorer,1,NDCG,10,0.14348193046814,True
V100_P0_MINI_I05_R03,study_runs/V100_P0_MINI_I05_R03/workspace/checkpoints/results.json,MovieLens100K-938abed0,LensKit.PopScorer-f4aa5539-1,PopScorer,1,Recall,1,0.2110286320254507,True
V100_P0_MINI_I05_R03,study_runs/V100_P0_MINI_I05_R03/workspace/checkpoints/results.json,MovieLens100K-938abed0,LensKit.PopScorer-f4aa5539-1,PopScorer,1,Recall,5,0.1441498762813723,True
V100_P0_MINI_I05_R03,study_runs/V100_P0_MINI_I05_R03/workspace/checkpoints/results.json,MovieLens100K-938abed0,LensKit.PopScorer-f4aa5539-1,PopScorer,1,Recall,10,0.1582647410325033,True
V100_P0_MINI_I05_R03,study_runs/V100_P0_MINI_I05_R03/workspace/checkpoints/results.json,MovieLens100K-938abed0,LensKit.ImplicitMFScorer-f0dd7ecb-2,ImplicitMFScorer,2,NDCG,1,0.18769883351007424,True
V100_P0_MINI_I05_R03,study_runs/V100_P0_MINI_I05_R03/workspace/checkpoints/results.json,MovieLens100K-938abed0,LensKit.ImplicitMFScorer-f0dd7ecb-2,ImplicitMFScorer,2,NDCG,5,0.17551086434556532,True
V100_P0_MINI_I05_R03,study_runs/V100_P0_MINI_I05_R03/workspace/checkpoints/results.json,MovieLens100K-938abed0,LensKit.ImplicitMFScorer-f0dd7ecb-2,ImplicitMFScorer,2,NDCG,10,0.1623668279037692,True
V100_P0_MINI_I05_R03,study_runs/V100_P0_MINI_I05_R03/workspace/checkpoints/results.json,MovieLens100K-938abed0,LensKit.ImplicitMFScorer-f0dd7ecb-2,ImplicitMFScorer,2,Recall,1,0.18769883351007424,True
V100_P0_MINI_I05_R03,study_runs/V100_P0_MINI_I05_R03/workspace/checkpoints/results.json,MovieLens100K-938abed0,LensKit.ImplicitMFScorer-f0dd7ecb-2,ImplicitMFScorer,2,Recall,5,0.1777836691410393,True
V100_P0_MINI_I05_R03,study_runs/V100_P0_MINI_I05_R03/workspace/checkpoints/results.json,MovieLens100K-938abed0,LensKit.ImplicitMFScorer-f0dd7ecb-2,ImplicitMFScorer,2,Recall,10,0.19559999326701297,True
V100_P0_MINI_I05_R03,study_runs/V100_P0_MINI_I05_R03/workspace/checkpoints/results.json,MovieLens100K-938abed0,LensKit.ItemKNNScorer-c3d66610-2,ItemKNNScorer,2,NDCG,1,0.2704135737009544,True
V100_P0_MINI_I05_R03,study_runs/V100_P0_MINI_I05_R03/workspace/checkpoints/results.json,MovieLens100K-938abed0,LensKit.ItemKNNScorer-c3d66610-2,ItemKNNScorer,2,NDCG,5,0.23281319952950566,True
V100_P0_MINI_I05_R03,study_runs/V100_P0_MINI_I05_R03/workspace/checkpoints/results.json,MovieLens100K-938abed0,LensKit.ItemKNNScorer-c3d66610-2,ItemKNNScorer,2,NDCG,10,0.2057435015953599,True
V100_P0_MINI_I05_R03,study_runs/V100_P0_MINI_I05_R03/workspace/checkpoints/results.json,MovieLens100K-938abed0,LensKit.ItemKNNScorer-c3d66610-2,ItemKNNScorer,2,Recall,1,0.2704135737009544,True
V100_P0_MINI_I05_R03,study_runs/V100_P0_MINI_I05_R03/workspace/checkpoints/results.json,MovieLens100K-938abed0,LensKit.ItemKNNScorer-c3d66610-2,ItemKNNScorer,2,Recall,5,0.22891481088723875,True
V100_P0_MINI_I05_R03,study_runs/V100_P0_MINI_I05_R03/workspace/checkpoints/results.json,MovieLens100K-938abed0,LensKit.ItemKNNScorer-c3d66610-2,ItemKNNScorer,2,Recall,10,0.2371580905250041,True
V100_P0_MINI_I05_R03,study_runs/V100_P0_MINI_I05_R03/workspace/checkpoints/results.json,MovieLens100K-938abed0,LensKit.PopScorer-f4aa5539-2,PopScorer,2,NDCG,1,0.22481442205726404,True
V100_P0_MINI_I05_R03,study_runs/V100_P0_MINI_I05_R03/workspace/checkpoints/results.json,MovieLens100K-938abed0,LensKit.PopScorer-f4aa5539-2,PopScorer,2,NDCG,5,0.16254059973169305,True
V100_P0_MINI_I05_R03,study_runs/V100_P0_MINI_I05_R03/workspace/checkpoints/results.json,MovieLens100K-938abed0,LensKit.PopScorer-f4aa5539-2,PopScorer,2,NDCG,10,0.14674976075834525,True
V100_P0_MINI_I05_R03,study_runs/V100_P0_MINI_I05_R03/workspace/checkpoints/results.json,MovieLens100K-938abed0,LensKit.PopScorer-f4aa5539-2,PopScorer,2,Recall,1,0.22481442205726404,True
V100_P0_MINI_I05_R03,study_runs/V100_P0_MINI_I05_R03/workspace/checkpoints/results.json,MovieLens100K-938abed0,LensKit.PopScorer-f4aa5539-2,PopScorer,2,Recall,5,0.15102509720749444,True
V100_P0_MINI_I05_R03,study_runs/V100_P0_MINI_I05_R03/workspace/checkpoints/results.json,MovieLens100K-938abed0,LensKit.PopScorer-f4aa5539-2,PopScorer,2,Recall,10,0.15725479304482456,True
V100_P0_MINI_I05_R03,study_runs/V100_P0_MINI_I05_R03/workspace/checkpoints/results.json,MovieLens100K-938abed0,LensKit.ImplicitMFScorer-f0dd7ecb-3,ImplicitMFScorer,3,NDCG,1,0.1823966065747614,True
V100_P0_MINI_I05_R03,study_runs/V100_P0_MINI_I05_R03/workspace/checkpoints/results.json,MovieLens100K-938abed0,LensKit.ImplicitMFScorer-f0dd7ecb-3,ImplicitMFScorer,3,NDCG,5,0.16975917604633822,True
V100_P0_MINI_I05_R03,study_runs/V100_P0_MINI_I05_R03/workspace/checkpoints/results.json,MovieLens100K-938abed0,LensKit.ImplicitMFScorer-f0dd7ecb-3,ImplicitMFScorer,3,NDCG,10,0.16017478012249692,True
V100_P0_MINI_I05_R03,study_runs/V100_P0_MINI_I05_R03/workspace/checkpoints/results.json,MovieLens100K-938abed0,LensKit.ImplicitMFScorer-f0dd7ecb-3,ImplicitMFScorer,3,Recall,1,0.1823966065747614,True
V100_P0_MINI_I05_R03,study_runs/V100_P0_MINI_I05_R03/workspace/checkpoints/results.json,MovieLens100K-938abed0,LensKit.ImplicitMFScorer-f0dd7ecb-3,ImplicitMFScorer,3,Recall,5,0.17306468716861093,True
V100_P0_MINI_I05_R03,study_runs/V100_P0_MINI_I05_R03/workspace/checkpoints/results.json,MovieLens100K-938abed0,LensKit.ImplicitMFScorer-f0dd7ecb-3,ImplicitMFScorer,3,Recall,10,0.19512447608948072,True
V100_P0_MINI_I05_R03,study_runs/V100_P0_MINI_I05_R03/workspace/checkpoints/results.json,MovieLens100K-938abed0,LensKit.ItemKNNScorer-c3d66610-3,ItemKNNScorer,3,NDCG,1,0.25556733828207845,True
V100_P0_MINI_I05_R03,study_runs/V100_P0_MINI_I05_R03/workspace/checkpoints/results.json,MovieLens100K-938abed0,LensKit.ItemKNNScorer-c3d66610-3,ItemKNNScorer,3,NDCG,5,0.22156595476731844,True
V100_P0_MINI_I05_R03,study_runs/V100_P0_MINI_I05_R03/workspace/checkpoints/results.json,MovieLens100K-938abed0,LensKit.ItemKNNScorer-c3d66610-3,ItemKNNScorer,3,NDCG,10,0.1989995775058553,True
V100_P0_MINI_I05_R03,study_runs/V100_P0_MINI_I05_R03/workspace/checkpoints/results.json,MovieLens100K-938abed0,LensKit.ItemKNNScorer-c3d66610-3,ItemKNNScorer,3,Recall,1,0.25556733828207845,True
V100_P0_MINI_I05_R03,study_runs/V100_P0_MINI_I05_R03/workspace/checkpoints/results.json,MovieLens100K-938abed0,LensKit.ItemKNNScorer-c3d66610-3,ItemKNNScorer,3,Recall,5,0.22013078826440405,True
V100_P0_MINI_I05_R03,study_runs/V100_P0_MINI_I05_R03/workspace/checkpoints/results.json,MovieLens100K-938abed0,LensKit.ItemKNNScorer-c3d66610-3,ItemKNNScorer,3,Recall,10,0.22925777239138817,True
V100_P0_MINI_I05_R03,study_runs/V100_P0_MINI_I05_R03/workspace/checkpoints/results.json,MovieLens100K-938abed0,LensKit.PopScorer-f4aa5539-3,PopScorer,3,NDCG,1,0.18875927889713678,True
V100_P0_MINI_I05_R03,study_runs/V100_P0_MINI_I05_R03/workspace/checkpoints/results.json,MovieLens100K-938abed0,LensKit.PopScorer-f4aa5539-3,PopScorer,3,NDCG,5,0.15719355909948732,True
V100_P0_MINI_I05_R03,study_runs/V100_P0_MINI_I05_R03/workspace/checkpoints/results.json,MovieLens100K-938abed0,LensKit.PopScorer-f4aa5539-3,PopScorer,3,NDCG,10,0.14329202988547002,True
V100_P0_MINI_I05_R03,study_runs/V100_P0_MINI_I05_R03/workspace/checkpoints/results.json,MovieLens100K-938abed0,LensKit.PopScorer-f4aa5539-3,PopScorer,3,Recall,1,0.18875927889713678,True
V100_P0_MINI_I05_R03,study_runs/V100_P0_MINI_I05_R03/workspace/checkpoints/results.json,MovieLens100K-938abed0,LensKit.PopScorer-f4aa5539-3,PopScorer,3,Recall,5,0.14994697773064736,True
V100_P0_MINI_I05_R03,study_runs/V100_P0_MINI_I05_R03/workspace/checkpoints/results.json,MovieLens100K-938abed0,LensKit.PopScorer-f4aa5539-3,PopScorer,3,Recall,10,0.15557743776195498,True
V100_P0_MINI_I05_R03,study_runs/V100_P0_MINI_I05_R03/workspace/checkpoints/results.json,MovieLens100K-938abed0,LensKit.ImplicitMFScorer-f0dd7ecb-4,ImplicitMFScorer,4,NDCG,1,0.19300106044538706,True
V100_P0_MINI_I05_R03,study_runs/V100_P0_MINI_I05_R03/workspace/checkpoints/results.json,MovieLens100K-938abed0,LensKit.ImplicitMFScorer-f0dd7ecb-4,ImplicitMFScorer,4,NDCG,5,0.18199245643253895,True
V100_P0_MINI_I05_R03,study_runs/V100_P0_MINI_I05_R03/workspace/checkpoints/results.json,MovieLens100K-938abed0,LensKit.ImplicitMFScorer-f0dd7ecb-4,ImplicitMFScorer,4,NDCG,10,0.16880513732613192,True
V100_P0_MINI_I05_R03,study_runs/V100_P0_MINI_I05_R03/workspace/checkpoints/results.json,MovieLens100K-938abed0,LensKit.ImplicitMFScorer-f0dd7ecb-4,ImplicitMFScorer,4,Recall,1,0.19300106044538706,True
V100_P0_MINI_I05_R03,study_runs/V100_P0_MINI_I05_R03/workspace/checkpoints/results.json,MovieLens100K-938abed0,LensKit.ImplicitMFScorer-f0dd7ecb-4,ImplicitMFScorer,4,Recall,5,0.1823789324849771,True
V100_P0_MINI_I05_R03,study_runs/V100_P0_MINI_I05_R03/workspace/checkpoints/results.json,MovieLens100K-938abed0,LensKit.ImplicitMFScorer-f0dd7ecb-4,ImplicitMFScorer,4,Recall,10,0.20416982275412746,True
V100_P0_MINI_I05_R03,study_runs/V100_P0_MINI_I05_R03/workspace/checkpoints/results.json,MovieLens100K-938abed0,LensKit.ItemKNNScorer-c3d66610-4,ItemKNNScorer,4,NDCG,1,0.2545068928950159,True
V100_P0_MINI_I05_R03,study_runs/V100_P0_MINI_I05_R03/workspace/checkpoints/results.json,MovieLens100K-938abed0,LensKit.ItemKNNScorer-c3d66610-4,ItemKNNScorer,4,NDCG,5,0.226171947983443,True
V100_P0_MINI_I05_R03,study_runs/V100_P0_MINI_I05_R03/workspace/checkpoints/results.json,MovieLens100K-938abed0,LensKit.ItemKNNScorer-c3d66610-4,ItemKNNScorer,4,NDCG,10,0.205160866885737,True
V100_P0_MINI_I05_R03,study_runs/V100_P0_MINI_I05_R03/workspace/checkpoints/results.json,MovieLens100K-938abed0,LensKit.ItemKNNScorer-c3d66610-4,ItemKNNScorer,4,Recall,1,0.2545068928950159,True
V100_P0_MINI_I05_R03,study_runs/V100_P0_MINI_I05_R03/workspace/checkpoints/results.json,MovieLens100K-938abed0,LensKit.ItemKNNScorer-c3d66610-4,ItemKNNScorer,4,Recall,5,0.22486744432661665,True
V100_P0_MINI_I05_R03,study_runs/V100_P0_MINI_I05_R03/workspace/checkpoints/results.json,MovieLens100K-938abed0,LensKit.ItemKNNScorer-c3d66610-4,ItemKNNScorer,4,Recall,10,0.2426349542998533,True
V100_P0_MINI_I05_R03,study_runs/V100_P0_MINI_I05_R03/workspace/checkpoints/results.json,MovieLens100K-938abed0,LensKit.PopScorer-f4aa5539-4,PopScorer,4,NDCG,1,0.1823966065747614,True
V100_P0_MINI_I05_R03,study_runs/V100_P0_MINI_I05_R03/workspace/checkpoints/results.json,MovieLens100K-938abed0,LensKit.PopScorer-f4aa5539-4,PopScorer,4,NDCG,5,0.1596396252476509,True
V100_P0_MINI_I05_R03,study_runs/V100_P0_MINI_I05_R03/workspace/checkpoints/results.json,MovieLens100K-938abed0,LensKit.PopScorer-f4aa5539-4,PopScorer,4,NDCG,10,0.14200908429769674,True
V100_P0_MINI_I05_R03,study_runs/V100_P0_MINI_I05_R03/workspace/checkpoints/results.json,MovieLens100K-938abed0,LensKit.PopScorer-f4aa5539-4,PopScorer,4,Recall,1,0.1823966065747614,True
V100_P0_MINI_I05_R03,study_runs/V100_P0_MINI_I05_R03/workspace/checkpoints/results.json,MovieLens100K-938abed0,LensKit.PopScorer-f4aa5539-4,PopScorer,4,Recall,5,0.15673382820784781,True
V100_P0_MINI_I05_R03,study_runs/V100_P0_MINI_I05_R03/workspace/checkpoints/results.json,MovieLens100K-938abed0,LensKit.PopScorer-f4aa5539-4,PopScorer,4,Recall,10,0.15819572792001196,True
V100_P0_MINI_I05_R03,study_runs/V100_P0_MINI_I05_R03/workspace/checkpoints/results.json,MovieLens100K-938abed0,LensKit.ImplicitMFScorer-f0dd7ecb-5,ImplicitMFScorer,5,NDCG,1,0.19724284199363734,True
V100_P0_MINI_I05_R03,study_runs/V100_P0_MINI_I05_R03/workspace/checkpoints/results.json,MovieLens100K-938abed0,LensKit.ImplicitMFScorer-f0dd7ecb-5,ImplicitMFScorer,5,NDCG,5,0.17490882910541056,True
V100_P0_MINI_I05_R03,study_runs/V100_P0_MINI_I05_R03/workspace/checkpoints/results.json,MovieLens100K-938abed0,LensKit.ImplicitMFScorer-f0dd7ecb-5,ImplicitMFScorer,5,NDCG,10,0.1654774179582833,True
V100_P0_MINI_I05_R03,study_runs/V100_P0_MINI_I05_R03/workspace/checkpoints/results.json,MovieLens100K-938abed0,LensKit.ImplicitMFScorer-f0dd7ecb-5,ImplicitMFScorer,5,Recall,1,0.19724284199363734,True
V100_P0_MINI_I05_R03,study_runs/V100_P0_MINI_I05_R03/workspace/checkpoints/results.json,MovieLens100K-938abed0,LensKit.ImplicitMFScorer-f0dd7ecb-5,ImplicitMFScorer,5,Recall,5,0.17306468716861115,True
V100_P0_MINI_I05_R03,study_runs/V100_P0_MINI_I05_R03/workspace/checkpoints/results.json,MovieLens100K-938abed0,LensKit.ImplicitMFScorer-f0dd7ecb-5,ImplicitMFScorer,5,Recall,10,0.1979106701004896,True
V100_P0_MINI_I05_R03,study_runs/V100_P0_MINI_I05_R03/workspace/checkpoints/results.json,MovieLens100K-938abed0,LensKit.ItemKNNScorer-c3d66610-5,ItemKNNScorer,5,NDCG,1,0.26935312831389185,True
V100_P0_MINI_I05_R03,study_runs/V100_P0_MINI_I05_R03/workspace/checkpoints/results.json,MovieLens100K-938abed0,LensKit.ItemKNNScorer-c3d66610-5,ItemKNNScorer,5,NDCG,5,0.22959940209053026,True
V100_P0_MINI_I05_R03,study_runs/V100_P0_MINI_I05_R03/workspace/checkpoints/results.json,MovieLens100K-938abed0,LensKit.ItemKNNScorer-c3d66610-5,ItemKNNScorer,5,NDCG,10,0.20206303152089117,True
V100_P0_MINI_I05_R03,study_runs/V100_P0_MINI_I05_R03/workspace/checkpoints/results.json,MovieLens100K-938abed0,LensKit.ItemKNNScorer-c3d66610-5,ItemKNNScorer,5,Recall,1,0.26935312831389185,True
V100_P0_MINI_I05_R03,study_runs/V100_P0_MINI_I05_R03/workspace/checkpoints/results.json,MovieLens100K-938abed0,LensKit.ItemKNNScorer-c3d66610-5,ItemKNNScorer,5,Recall,5,0.22414280664545744,True
V100_P0_MINI_I05_R03,study_runs/V100_P0_MINI_I05_R03/workspace/checkpoints/results.json,MovieLens100K-938abed0,LensKit.ItemKNNScorer-c3d66610-5,ItemKNNScorer,5,Recall,10,0.23011538655759187,True
V100_P0_MINI_I05_R03,study_runs/V100_P0_MINI_I05_R03/workspace/checkpoints/results.json,MovieLens100K-938abed0,LensKit.PopScorer-f4aa5539-5,PopScorer,5,NDCG,1,0.21739130434782608,True
V100_P0_MINI_I05_R03,study_runs/V100_P0_MINI_I05_R03/workspace/checkpoints/results.json,MovieLens100K-938abed0,LensKit.PopScorer-f4aa5539-5,PopScorer,5,NDCG,5,0.16857966777576933,True
V100_P0_MINI_I05_R03,study_runs/V100_P0_MINI_I05_R03/workspace/checkpoints/results.json,MovieLens100K-938abed0,LensKit.PopScorer-f4aa5539-5,PopScorer,5,NDCG,10,0.15068185175412097,True
V100_P0_MINI_I05_R03,study_runs/V100_P0_MINI_I05_R03/workspace/checkpoints/results.json,MovieLens100K-938abed0,LensKit.PopScorer-f4aa5539-5,PopScorer,5,Recall,1,0.21739130434782608,True
V100_P0_MINI_I05_R03,study_runs/V100_P0_MINI_I05_R03/workspace/checkpoints/results.json,MovieLens100K-938abed0,LensKit.PopScorer-f4aa5539-5,PopScorer,5,Recall,5,0.15805938494167562,True
V100_P0_MINI_I05_R03,study_runs/V100_P0_MINI_I05_R03/workspace/checkpoints/results.json,MovieLens100K-938abed0,LensKit.PopScorer-f4aa5539-5,PopScorer,5,Recall,10,0.16240089885370873,True
V100_P0_MINI_I05_R03,study_runs/V100_P0_MINI_I05_R03/workspace/checkpoints/results.json,Amazon2014VideoGames-32d2823b,LensKit.ImplicitMFScorer-f0dd7ecb-1,ImplicitMFScorer,1,NDCG,1,0.04427789294636687,True
V100_P0_MINI_I05_R03,study_runs/V100_P0_MINI_I05_R03/workspace/checkpoints/results.json,Amazon2014VideoGames-32d2823b,LensKit.ImplicitMFScorer-f0dd7ecb-1,ImplicitMFScorer,1,NDCG,5,0.03175578411089445,True
V100_P0_MINI_I05_R03,study_runs/V100_P0_MINI_I05_R03/workspace/checkpoints/results.json,Amazon2014VideoGames-32d2823b,LensKit.ImplicitMFScorer-f0dd7ecb-1,ImplicitMFScorer,1,NDCG,10,0.026624666577473456,True
V100_P0_MINI_I05_R03,study_runs/V100_P0_MINI_I05_R03/workspace/checkpoints/results.json,Amazon2014VideoGames-32d2823b,LensKit.ImplicitMFScorer-f0dd7ecb-1,ImplicitMFScorer,1,Recall,1,0.04427789294636687,True
V100_P0_MINI_I05_R03,study_runs/V100_P0_MINI_I05_R03/workspace/checkpoints/results.json,Amazon2014VideoGames-32d2823b,LensKit.ImplicitMFScorer-f0dd7ecb-1,ImplicitMFScorer,1,Recall,5,0.0718005280036856,True
V100_P0_MINI_I05_R03,study_runs/V100_P0_MINI_I05_R03/workspace/checkpoints/results.json,Amazon2014VideoGames-32d2823b,LensKit.ImplicitMFScorer-f0dd7ecb-1,ImplicitMFScorer,1,Recall,10,0.11107234190474483,True
V100_P0_MINI_I05_R03,study_runs/V100_P0_MINI_I05_R03/workspace/checkpoints/results.json,Amazon2014VideoGames-32d2823b,LensKit.ItemKNNScorer-c3d66610-1,ItemKNNScorer,1,NDCG,1,0.017062669430712805,True
V100_P0_MINI_I05_R03,study_runs/V100_P0_MINI_I05_R03/workspace/checkpoints/results.json,Amazon2014VideoGames-32d2823b,LensKit.ItemKNNScorer-c3d66610-1,ItemKNNScorer,1,NDCG,5,0.01404310011969454,True
V100_P0_MINI_I05_R03,study_runs/V100_P0_MINI_I05_R03/workspace/checkpoints/results.json,Amazon2014VideoGames-32d2823b,LensKit.ItemKNNScorer-c3d66610-1,ItemKNNScorer,1,NDCG,10,0.011996097057145555,True
V100_P0_MINI_I05_R03,study_runs/V100_P0_MINI_I05_R03/workspace/checkpoints/results.json,Amazon2014VideoGames-32d2823b,LensKit.ItemKNNScorer-c3d66610-1,ItemKNNScorer,1,Recall,1,0.017062669430712805,True
V100_P0_MINI_I05_R03,study_runs/V100_P0_MINI_I05_R03/workspace/checkpoints/results.json,Amazon2014VideoGames-32d2823b,LensKit.ItemKNNScorer-c3d66610-1,ItemKNNScorer,1,Recall,5,0.03205496199436552,True
V100_P0_MINI_I05_R03,study_runs/V100_P0_MINI_I05_R03/workspace/checkpoints/results.json,Amazon2014VideoGames-32d2823b,LensKit.ItemKNNScorer-c3d66610-1,ItemKNNScorer,1,Recall,10,0.050167353037708695,True
V100_P0_MINI_I05_R03,study_runs/V100_P0_MINI_I05_R03/workspace/checkpoints/results.json,Amazon2014VideoGames-32d2823b,LensKit.PopScorer-f4aa5539-1,PopScorer,1,NDCG,1,0.00861106681549992,True
V100_P0_MINI_I05_R03,study_runs/V100_P0_MINI_I05_R03/workspace/checkpoints/results.json,Amazon2014VideoGames-32d2823b,LensKit.PopScorer-f4aa5539-1,PopScorer,1,NDCG,5,0.006464807893171255,True
V100_P0_MINI_I05_R03,study_runs/V100_P0_MINI_I05_R03/workspace/checkpoints/results.json,Amazon2014VideoGames-32d2823b,LensKit.PopScorer-f4aa5539-1,PopScorer,1,NDCG,10,0.005384174605374768,True
V100_P0_MINI_I05_R03,study_runs/V100_P0_MINI_I05_R03/workspace/checkpoints/results.json,Amazon2014VideoGames-32d2823b,LensKit.PopScorer-f4aa5539-1,PopScorer,1,Recall,1,0.00861106681549992,True
V100_P0_MINI_I05_R03,study_runs/V100_P0_MINI_I05_R03/workspace/checkpoints/results.json,Amazon2014VideoGames-32d2823b,LensKit.PopScorer-f4aa5539-1,PopScorer,1,Recall,5,0.015822392317369198,True
V100_P0_MINI_I05_R03,study_runs/V100_P0_MINI_I05_R03/workspace/checkpoints/results.json,Amazon2014VideoGames-32d2823b,LensKit.PopScorer-f4aa5539-1,PopScorer,1,Recall,10,0.023464081321679774,True
V100_P0_MINI_I05_R03,study_runs/V100_P0_MINI_I05_R03/checkpoint/b643b16303794cfcbfd8ec1958ea27d3/generated/checkpoints/results.json,MovieLens100K-938abed0,LensKit.ImplicitMFScorer-db8d01ec-11,ImplicitMFScorer,11,NDCG,10,0.16642122096668374,True
V100_P0_MINI_I05_R03,study_runs/V100_P0_MINI_I05_R03/checkpoint/b643b16303794cfcbfd8ec1958ea27d3/generated/checkpoints/results.json,MovieLens100K-938abed0,LensKit.ImplicitMFScorer-db8d01ec-22,ImplicitMFScorer,22,NDCG,10,0.16911464505544402,True
V100_P0_MINI_I05_R03,study_runs/V100_P0_MINI_I05_R03/checkpoint/b643b16303794cfcbfd8ec1958ea27d3/generated/checkpoints/results.json,MovieLens100K-938abed0,LensKit.ImplicitMFScorer-db8d01ec-33,ImplicitMFScorer,33,NDCG,10,0.16844925355874876,True
V100_P0_MINI_I05_R03,study_runs/V100_P0_MINI_I05_R03/checkpoint/b643b16303794cfcbfd8ec1958ea27d3/generated/checkpoints/results.json,MovieLens100K-938abed0,LensKit.ImplicitMFScorer-db8d01ec-44,ImplicitMFScorer,44,NDCG,10,0.16777266180374914,True
V100_P0_MINI_I05_R03,study_runs/V100_P0_MINI_I05_R03/checkpoint/b643b16303794cfcbfd8ec1958ea27d3/generated/checkpoints/results.json,MovieLens100K-938abed0,LensKit.ImplicitMFScorer-db8d01ec-55,ImplicitMFScorer,55,NDCG,10,0.1693146011441107,True
V100_P0_MINI_I05_R03,study_runs/V100_P0_MINI_I05_R03/checkpoint/b3e9be9f1f4d407d9c70764b3ade04ac/generated/checkpoints/results.json,MovieLens100K-938abed0,LensKit.ImplicitMFScorer-f0dd7ecb-1,ImplicitMFScorer,1,NDCG,10,0.16239277122531487,True
V100_P0_MINI_I05_R03,study_runs/V100_P0_MINI_I05_R03/checkpoint/b3e9be9f1f4d407d9c70764b3ade04ac/generated/checkpoints/results.json,MovieLens100K-938abed0,LensKit.ImplicitMFScorer-f0dd7ecb-2,ImplicitMFScorer,2,NDCG,10,0.17552785619832956,True
V100_P0_MINI_I05_R03,study_runs/V100_P0_MINI_I05_R03/checkpoint/b3e9be9f1f4d407d9c70764b3ade04ac/generated/checkpoints/results.json,MovieLens100K-938abed0,LensKit.ImplicitMFScorer-f0dd7ecb-3,ImplicitMFScorer,3,NDCG,10,0.16314045757090798,True
V100_P0_MINI_I05_R03,study_runs/V100_P0_MINI_I05_R03/checkpoint/b3e9be9f1f4d407d9c70764b3ade04ac/generated/checkpoints/results.json,MovieLens100K-938abed0,LensKit.ImplicitMFScorer-f0dd7ecb-4,ImplicitMFScorer,4,NDCG,10,0.16009980984753594,True
V100_P0_MINI_I05_R03,study_runs/V100_P0_MINI_I05_R03/checkpoint/b3e9be9f1f4d407d9c70764b3ade04ac/generated/checkpoints/results.json,MovieLens100K-938abed0,LensKit.ImplicitMFScorer-f0dd7ecb-5,ImplicitMFScorer,5,NDCG,10,0.16643785666472855,True
V100_P0_MINI_I05_R03,study_runs/V100_P0_MINI_I05_R03/checkpoint/ae5c302c20744599a5005e342e748a23/generated/checkpoints/results.json,MovieLens100K-938abed0,LensKit.ImplicitMFScorer-f0dd7ecb-1,ImplicitMFScorer,1,NDCG,10,0.16333198982313057,True
V100_P0_MINI_I05_R03,study_runs/V100_P0_MINI_I05_R03/checkpoint/a9663d9dfecc44c6998034c55e22bfe0_seed/generated/checkpoints/results.json,MovieLens100K-938abed0,LensKit.ItemKNNScorer-c3d66610-1,ItemKNNScorer,1,NDCG,10,0.2029500059458274,True
V100_P0_MINI_I05_R03,study_runs/V100_P0_MINI_I05_R03/checkpoint/a9663d9dfecc44c6998034c55e22bfe0_seed/generated/checkpoints/results.json,MovieLens100K-938abed0,LensKit.ItemKNNScorer-c3d66610-1,ItemKNNScorer,1,Recall,10,0.23466562305374614,True
V100_P0_MINI_I05_R03,study_runs/V100_P0_MINI_I05_R03/checkpoint/a9663d9dfecc44c6998034c55e22bfe0_seed/generated/checkpoints/results.json,MovieLens100K-938abed0,LensKit.ItemKNNScorer-c3d66610-2,ItemKNNScorer,2,NDCG,10,0.2057435015953599,True
V100_P0_MINI_I05_R03,study_runs/V100_P0_MINI_I05_R03/checkpoint/a9663d9dfecc44c6998034c55e22bfe0_seed/generated/checkpoints/results.json,MovieLens100K-938abed0,LensKit.ItemKNNScorer-c3d66610-2,ItemKNNScorer,2,Recall,10,0.2371580905250041,True
V100_P0_MINI_I05_R03,study_runs/V100_P0_MINI_I05_R03/checkpoint/a9663d9dfecc44c6998034c55e22bfe0_seed/generated/checkpoints/results.json,MovieLens100K-938abed0,LensKit.ItemKNNScorer-c3d66610-3,ItemKNNScorer,3,NDCG,10,0.1989995775058553,True
V100_P0_MINI_I05_R03,study_runs/V100_P0_MINI_I05_R03/checkpoint/a9663d9dfecc44c6998034c55e22bfe0_seed/generated/checkpoints/results.json,MovieLens100K-938abed0,LensKit.ItemKNNScorer-c3d66610-3,ItemKNNScorer,3,Recall,10,0.22925777239138817,True
V100_P0_MINI_I05_R03,study_runs/V100_P0_MINI_I05_R03/checkpoint/a9663d9dfecc44c6998034c55e22bfe0_seed/generated/checkpoints/results.json,MovieLens100K-938abed0,LensKit.ItemKNNScorer-c3d66610-4,ItemKNNScorer,4,NDCG,10,0.205160866885737,True
V100_P0_MINI_I05_R03,study_runs/V100_P0_MINI_I05_R03/checkpoint/a9663d9dfecc44c6998034c55e22bfe0_seed/generated/checkpoints/results.json,MovieLens100K-938abed0,LensKit.ItemKNNScorer-c3d66610-4,ItemKNNScorer,4,Recall,10,0.2426349542998533,True
V100_P0_MINI_I05_R03,study_runs/V100_P0_MINI_I05_R03/checkpoint/a9663d9dfecc44c6998034c55e22bfe0_seed/generated/checkpoints/results.json,MovieLens100K-938abed0,LensKit.ItemKNNScorer-c3d66610-5,ItemKNNScorer,5,NDCG,10,0.20206303152089117,True
V100_P0_MINI_I05_R03,study_runs/V100_P0_MINI_I05_R03/checkpoint/a9663d9dfecc44c6998034c55e22bfe0_seed/generated/checkpoints/results.json,MovieLens100K-938abed0,LensKit.ItemKNNScorer-c3d66610-5,ItemKNNScorer,5,Recall,10,0.23011538655759187,True
V100_P0_MINI_I05_R03,study_runs/V100_P0_MINI_I05_R03/checkpoint/a9663d9dfecc44c6998034c55e22bfe0/generated/checkpoints/results.json,MovieLens100K-938abed0,LensKit.ItemKNNScorer-c3d66610-1,ItemKNNScorer,1,NDCG,10,0.2029500059458274,True
V100_P0_MINI_I05_R03,study_runs/V100_P0_MINI_I05_R03/checkpoint/a9663d9dfecc44c6998034c55e22bfe0/generated/checkpoints/results.json,MovieLens100K-938abed0,LensKit.ItemKNNScorer-c3d66610-1,ItemKNNScorer,1,Recall,10,0.23466562305374614,True
V100_P0_MINI_I05_R03,study_runs/V100_P0_MINI_I05_R03/checkpoint/a9663d9dfecc44c6998034c55e22bfe0/generated/checkpoints/results.json,MovieLens100K-938abed0,LensKit.ItemKNNScorer-c3d66610-2,ItemKNNScorer,2,NDCG,10,0.2057435015953599,True
V100_P0_MINI_I05_R03,study_runs/V100_P0_MINI_I05_R03/checkpoint/a9663d9dfecc44c6998034c55e22bfe0/generated/checkpoints/results.json,MovieLens100K-938abed0,LensKit.ItemKNNScorer-c3d66610-2,ItemKNNScorer,2,Recall,10,0.2371580905250041,True
V100_P0_MINI_I05_R03,study_runs/V100_P0_MINI_I05_R03/checkpoint/a9663d9dfecc44c6998034c55e22bfe0/generated/checkpoints/results.json,MovieLens100K-938abed0,LensKit.ItemKNNScorer-c3d66610-3,ItemKNNScorer,3,NDCG,10,0.1989995775058553,True
V100_P0_MINI_I05_R03,study_runs/V100_P0_MINI_I05_R03/checkpoint/a9663d9dfecc44c6998034c55e22bfe0/generated/checkpoints/results.json,MovieLens100K-938abed0,LensKit.ItemKNNScorer-c3d66610-3,ItemKNNScorer,3,Recall,10,0.22925777239138817,True
V100_P0_MINI_I05_R03,study_runs/V100_P0_MINI_I05_R03/checkpoint/a9663d9dfecc44c6998034c55e22bfe0/generated/checkpoints/results.json,MovieLens100K-938abed0,LensKit.ItemKNNScorer-c3d66610-4,ItemKNNScorer,4,NDCG,10,0.205160866885737,True
V100_P0_MINI_I05_R03,study_runs/V100_P0_MINI_I05_R03/checkpoint/a9663d9dfecc44c6998034c55e22bfe0/generated/checkpoints/results.json,MovieLens100K-938abed0,LensKit.ItemKNNScorer-c3d66610-4,ItemKNNScorer,4,Recall,10,0.2426349542998533,True
V100_P0_MINI_I05_R03,study_runs/V100_P0_MINI_I05_R03/checkpoint/a9663d9dfecc44c6998034c55e22bfe0/generated/checkpoints/results.json,MovieLens100K-938abed0,LensKit.ItemKNNScorer-c3d66610-5,ItemKNNScorer,5,NDCG,10,0.20206303152089117,True
V100_P0_MINI_I05_R03,study_runs/V100_P0_MINI_I05_R03/checkpoint/a9663d9dfecc44c6998034c55e22bfe0/generated/checkpoints/results.json,MovieLens100K-938abed0,LensKit.ItemKNNScorer-c3d66610-5,ItemKNNScorer,5,Recall,10,0.23011538655759187,True
V100_P0_MINI_I05_R03,study_runs/V100_P0_MINI_I05_R03/checkpoint/64f1c4aae39d4cc68f747732d8232c0e/generated/checkpoints/results.json,MovieLens100K-938abed0,LensKit.ImplicitMFScorer-f0dd7ecb-1,ImplicitMFScorer,1,NDCG,10,0.16225221711747057,True
V100_P0_MINI_I05_R03,study_runs/V100_P0_MINI_I05_R03/checkpoint/64f1c4aae39d4cc68f747732d8232c0e/generated/checkpoints/results.json,MovieLens100K-938abed0,LensKit.ImplicitMFScorer-f0dd7ecb-1,ImplicitMFScorer,1,Recall,10,0.1947238633877019,True
V100_P0_MINI_I05_R03,study_runs/V100_P0_MINI_I05_R03/checkpoint/64f1c4aae39d4cc68f747732d8232c0e/generated/checkpoints/results.json,MovieLens100K-938abed0,LensKit.ImplicitMFScorer-f0dd7ecb-2,ImplicitMFScorer,2,NDCG,10,0.17096711016245397,True
V100_P0_MINI_I05_R03,study_runs/V100_P0_MINI_I05_R03/checkpoint/64f1c4aae39d4cc68f747732d8232c0e/generated/checkpoints/results.json,MovieLens100K-938abed0,LensKit.ImplicitMFScorer-f0dd7ecb-2,ImplicitMFScorer,2,Recall,10,0.20242892491036643,True
V100_P0_MINI_I05_R03,study_runs/V100_P0_MINI_I05_R03/checkpoint/64f1c4aae39d4cc68f747732d8232c0e/generated/checkpoints/results.json,MovieLens100K-938abed0,LensKit.ImplicitMFScorer-f0dd7ecb-3,ImplicitMFScorer,3,NDCG,10,0.16190300933516708,True
V100_P0_MINI_I05_R03,study_runs/V100_P0_MINI_I05_R03/checkpoint/64f1c4aae39d4cc68f747732d8232c0e/generated/checkpoints/results.json,MovieLens100K-938abed0,LensKit.ImplicitMFScorer-f0dd7ecb-3,ImplicitMFScorer,3,Recall,10,0.1979182447103969,True
V100_P0_MINI_I05_R03,study_runs/V100_P0_MINI_I05_R03/checkpoint/64f1c4aae39d4cc68f747732d8232c0e/generated/checkpoints/results.json,MovieLens100K-938abed0,LensKit.ImplicitMFScorer-f0dd7ecb-4,ImplicitMFScorer,4,NDCG,10,0.15964019948114042,True
V100_P0_MINI_I05_R03,study_runs/V100_P0_MINI_I05_R03/checkpoint/64f1c4aae39d4cc68f747732d8232c0e/generated/checkpoints/results.json,MovieLens100K-938abed0,LensKit.ImplicitMFScorer-f0dd7ecb-4,ImplicitMFScorer,4,Recall,10,0.1940307865811573,True
V100_P0_MINI_I05_R03,study_runs/V100_P0_MINI_I05_R03/checkpoint/64f1c4aae39d4cc68f747732d8232c0e/generated/checkpoints/results.json,MovieLens100K-938abed0,LensKit.ImplicitMFScorer-f0dd7ecb-5,ImplicitMFScorer,5,NDCG,10,0.16404993656388803,True
V100_P0_MINI_I05_R03,study_runs/V100_P0_MINI_I05_R03/checkpoint/64f1c4aae39d4cc68f747732d8232c0e/generated/checkpoints/results.json,MovieLens100K-938abed0,LensKit.ImplicitMFScorer-f0dd7ecb-5,ImplicitMFScorer,5,Recall,10,0.19575485195845688,True
V100_P0_MINI_I05_R03,study_runs/V100_P0_MINI_I05_R03/checkpoint/4bae3cfa9f6b4a4bb4b360ee0c788768/generated/checkpoints/results.json,MovieLens100K-938abed0,LensKit.ImplicitMFScorer-f0dd7ecb-1,ImplicitMFScorer,1,NDCG,10,0.16195961617271576,True
V100_P0_MINI_I05_R03,study_runs/V100_P0_MINI_I05_R03/checkpoint/4bae3cfa9f6b4a4bb4b360ee0c788768/generated/checkpoints/results.json,MovieLens100K-938abed0,LensKit.ImplicitMFScorer-f0dd7ecb-2,ImplicitMFScorer,2,NDCG,10,0.17391780600627363,True
V100_P0_MINI_I05_R03,study_runs/V100_P0_MINI_I05_R03/checkpoint/4bae3cfa9f6b4a4bb4b360ee0c788768/generated/checkpoints/results.json,MovieLens100K-938abed0,LensKit.ImplicitMFScorer-f0dd7ecb-3,ImplicitMFScorer,3,NDCG,10,0.1659618968423934,True
V100_P0_MINI_I05_R03,study_runs/V100_P0_MINI_I05_R03/checkpoint/4bae3cfa9f6b4a4bb4b360ee0c788768/generated/checkpoints/results.json,MovieLens100K-938abed0,LensKit.ImplicitMFScorer-f0dd7ecb-4,ImplicitMFScorer,4,NDCG,10,0.15817951059787516,True
V100_P0_MINI_I05_R03,study_runs/V100_P0_MINI_I05_R03/checkpoint/4bae3cfa9f6b4a4bb4b360ee0c788768/generated/checkpoints/results.json,MovieLens100K-938abed0,LensKit.ImplicitMFScorer-f0dd7ecb-5,ImplicitMFScorer,5,NDCG,10,0.16228592557554616,True
V100_P0_MINI_I05_R02,study_runs/V100_P0_MINI_I05_R02/checkpoint/8b4ad2ac4960487da7beea3df7b51b4e_seed/generated/checkpoints/results.json,MovieLens100K-c0b4b14e,LensKit.ItemKNNScorer-c3d66610-42,ItemKNNScorer,42,NDCG,10,0.23868596825634059,True
V100_P0_MINI_I05_R02,study_runs/V100_P0_MINI_I05_R02/checkpoint/8b4ad2ac4960487da7beea3df7b51b4e_seed/generated/checkpoints/results.json,MovieLens100K-c0b4b14e,LensKit.ItemKNNScorer-c3d66610-42,ItemKNNScorer,42,Precision,10,0.21431601272534465,True
V100_P0_MINI_I05_R02,study_runs/V100_P0_MINI_I05_R02/checkpoint/8b4ad2ac4960487da7beea3df7b51b4e_iteration2/generated/checkpoints/results.json,MovieLens100K-d6f3ec58,LensKit.ImplicitMFScorer-f0dd7ecb-11,ImplicitMFScorer,11,NDCG,1,0.23223753976670203,True
V100_P0_MINI_I05_R02,study_runs/V100_P0_MINI_I05_R02/checkpoint/8b4ad2ac4960487da7beea3df7b51b4e_iteration2/generated/checkpoints/results.json,MovieLens100K-d6f3ec58,LensKit.ImplicitMFScorer-f0dd7ecb-11,ImplicitMFScorer,11,NDCG,5,0.21500131414778273,True
V100_P0_MINI_I05_R02,study_runs/V100_P0_MINI_I05_R02/checkpoint/8b4ad2ac4960487da7beea3df7b51b4e_iteration2/generated/checkpoints/results.json,MovieLens100K-d6f3ec58,LensKit.ImplicitMFScorer-f0dd7ecb-11,ImplicitMFScorer,11,NDCG,10,0.2024755665765327,True
V100_P0_MINI_I05_R02,study_runs/V100_P0_MINI_I05_R02/checkpoint/8b4ad2ac4960487da7beea3df7b51b4e_iteration2/generated/checkpoints/results.json,MovieLens100K-d6f3ec58,LensKit.ImplicitMFScorer-f0dd7ecb-11,ImplicitMFScorer,11,Precision,1,0.23223753976670203,True
V100_P0_MINI_I05_R02,study_runs/V100_P0_MINI_I05_R02/checkpoint/8b4ad2ac4960487da7beea3df7b51b4e_iteration2/generated/checkpoints/results.json,MovieLens100K-d6f3ec58,LensKit.ImplicitMFScorer-f0dd7ecb-11,ImplicitMFScorer,11,Precision,5,0.20975609756097563,True
V100_P0_MINI_I05_R02,study_runs/V100_P0_MINI_I05_R02/checkpoint/8b4ad2ac4960487da7beea3df7b51b4e_iteration2/generated/checkpoints/results.json,MovieLens100K-d6f3ec58,LensKit.ImplicitMFScorer-f0dd7ecb-11,ImplicitMFScorer,11,Precision,10,0.19427359490986215,True
V100_P0_MINI_I05_R02,study_runs/V100_P0_MINI_I05_R02/checkpoint/8b4ad2ac4960487da7beea3df7b51b4e_iteration2/generated/checkpoints/results.json,MovieLens100K-d6f3ec58,LensKit.ItemKNNScorer-c3d66610-11,ItemKNNScorer,11,NDCG,1,0.3743372216330859,True
V100_P0_MINI_I05_R02,study_runs/V100_P0_MINI_I05_R02/checkpoint/8b4ad2ac4960487da7beea3df7b51b4e_iteration2/generated/checkpoints/results.json,MovieLens100K-d6f3ec58,LensKit.ItemKNNScorer-c3d66610-11,ItemKNNScorer,11,NDCG,5,0.30487466994794304,True
V100_P0_MINI_I05_R02,study_runs/V100_P0_MINI_I05_R02/checkpoint/8b4ad2ac4960487da7beea3df7b51b4e_iteration2/generated/checkpoints/results.json,MovieLens100K-d6f3ec58,LensKit.ItemKNNScorer-c3d66610-11,ItemKNNScorer,11,NDCG,10,0.2614599707669673,True
V100_P0_MINI_I05_R02,study_runs/V100_P0_MINI_I05_R02/checkpoint/8b4ad2ac4960487da7beea3df7b51b4e_iteration2/generated/checkpoints/results.json,MovieLens100K-d6f3ec58,LensKit.ItemKNNScorer-c3d66610-11,ItemKNNScorer,11,Precision,1,0.3743372216330859,True
V100_P0_MINI_I05_R02,study_runs/V100_P0_MINI_I05_R02/checkpoint/8b4ad2ac4960487da7beea3df7b51b4e_iteration2/generated/checkpoints/results.json,MovieLens100K-d6f3ec58,LensKit.ItemKNNScorer-c3d66610-11,ItemKNNScorer,11,Precision,5,0.2848356309650053,True
V100_P0_MINI_I05_R02,study_runs/V100_P0_MINI_I05_R02/checkpoint/8b4ad2ac4960487da7beea3df7b51b4e_iteration2/generated/checkpoints/results.json,MovieLens100K-d6f3ec58,LensKit.ItemKNNScorer-c3d66610-11,ItemKNNScorer,11,Precision,10,0.23223753976670203,True
V100_P0_MINI_I05_R02,study_runs/V100_P0_MINI_I05_R02/checkpoint/8b4ad2ac4960487da7beea3df7b51b4e_iteration2/generated/checkpoints/results.json,MovieLens100K-d6f3ec58,LensKit.PopScorer-f4aa5539-11,PopScorer,11,NDCG,1,0.2608695652173913,True
V100_P0_MINI_I05_R02,study_runs/V100_P0_MINI_I05_R02/checkpoint/8b4ad2ac4960487da7beea3df7b51b4e_iteration2/generated/checkpoints/results.json,MovieLens100K-d6f3ec58,LensKit.PopScorer-f4aa5539-11,PopScorer,11,NDCG,5,0.18731853045578617,True
V100_P0_MINI_I05_R02,study_runs/V100_P0_MINI_I05_R02/checkpoint/8b4ad2ac4960487da7beea3df7b51b4e_iteration2/generated/checkpoints/results.json,MovieLens100K-d6f3ec58,LensKit.PopScorer-f4aa5539-11,PopScorer,11,NDCG,10,0.17293898481632244,True
V100_P0_MINI_I05_R02,study_runs/V100_P0_MINI_I05_R02/checkpoint/8b4ad2ac4960487da7beea3df7b51b4e_iteration2/generated/checkpoints/results.json,MovieLens100K-d6f3ec58,LensKit.PopScorer-f4aa5539-11,PopScorer,11,Precision,1,0.2608695652173913,True
V100_P0_MINI_I05_R02,study_runs/V100_P0_MINI_I05_R02/checkpoint/8b4ad2ac4960487da7beea3df7b51b4e_iteration2/generated/checkpoints/results.json,MovieLens100K-d6f3ec58,LensKit.PopScorer-f4aa5539-11,PopScorer,11,Precision,5,0.16988335100742313,True
V100_P0_MINI_I05_R02,study_runs/V100_P0_MINI_I05_R02/checkpoint/8b4ad2ac4960487da7beea3df7b51b4e_iteration2/generated/checkpoints/results.json,MovieLens100K-d6f3ec58,LensKit.PopScorer-f4aa5539-11,PopScorer,11,Precision,10,0.15790031813361613,True
V100_P0_MINI_I05_R02,study_runs/V100_P0_MINI_I05_R02/checkpoint/8b4ad2ac4960487da7beea3df7b51b4e_iteration2/generated/checkpoints/results.json,MovieLens100K-d6f3ec58,LensKit.ImplicitMFScorer-f0dd7ecb-22,ImplicitMFScorer,22,NDCG,1,0.25026511134676566,True
V100_P0_MINI_I05_R02,study_runs/V100_P0_MINI_I05_R02/checkpoint/8b4ad2ac4960487da7beea3df7b51b4e_iteration2/generated/checkpoints/results.json,MovieLens100K-d6f3ec58,LensKit.ImplicitMFScorer-f0dd7ecb-22,ImplicitMFScorer,22,NDCG,5,0.21181595893711583,True
V100_P0_MINI_I05_R02,study_runs/V100_P0_MINI_I05_R02/checkpoint/8b4ad2ac4960487da7beea3df7b51b4e_iteration2/generated/checkpoints/results.json,MovieLens100K-d6f3ec58,LensKit.ImplicitMFScorer-f0dd7ecb-22,ImplicitMFScorer,22,NDCG,10,0.19717128213402413,True
V100_P0_MINI_I05_R02,study_runs/V100_P0_MINI_I05_R02/checkpoint/8b4ad2ac4960487da7beea3df7b51b4e_iteration2/generated/checkpoints/results.json,MovieLens100K-d6f3ec58,LensKit.ImplicitMFScorer-f0dd7ecb-22,ImplicitMFScorer,22,Precision,1,0.25026511134676566,True
V100_P0_MINI_I05_R02,study_runs/V100_P0_MINI_I05_R02/checkpoint/8b4ad2ac4960487da7beea3df7b51b4e_iteration2/generated/checkpoints/results.json,MovieLens100K-d6f3ec58,LensKit.ImplicitMFScorer-f0dd7ecb-22,ImplicitMFScorer,22,Precision,5,0.20254506892895016,True
V100_P0_MINI_I05_R02,study_runs/V100_P0_MINI_I05_R02/checkpoint/8b4ad2ac4960487da7beea3df7b51b4e_iteration2/generated/checkpoints/results.json,MovieLens100K-d6f3ec58,LensKit.ImplicitMFScorer-f0dd7ecb-22,ImplicitMFScorer,22,Precision,10,0.1861081654294804,True
V100_P0_MINI_I05_R02,study_runs/V100_P0_MINI_I05_R02/checkpoint/8b4ad2ac4960487da7beea3df7b51b4e_iteration2/generated/checkpoints/results.json,MovieLens100K-d6f3ec58,LensKit.ItemKNNScorer-c3d66610-22,ItemKNNScorer,22,NDCG,1,0.39660657476139977,True
V100_P0_MINI_I05_R02,study_runs/V100_P0_MINI_I05_R02/checkpoint/8b4ad2ac4960487da7beea3df7b51b4e_iteration2/generated/checkpoints/results.json,MovieLens100K-d6f3ec58,LensKit.ItemKNNScorer-c3d66610-22,ItemKNNScorer,22,NDCG,5,0.3121227738812071,True
V100_P0_MINI_I05_R02,study_runs/V100_P0_MINI_I05_R02/checkpoint/8b4ad2ac4960487da7beea3df7b51b4e_iteration2/generated/checkpoints/results.json,MovieLens100K-d6f3ec58,LensKit.ItemKNNScorer-c3d66610-22,ItemKNNScorer,22,NDCG,10,0.26730905003791744,True
V100_P0_MINI_I05_R02,study_runs/V100_P0_MINI_I05_R02/checkpoint/8b4ad2ac4960487da7beea3df7b51b4e_iteration2/generated/checkpoints/results.json,MovieLens100K-d6f3ec58,LensKit.ItemKNNScorer-c3d66610-22,ItemKNNScorer,22,Precision,1,0.39660657476139977,True
V100_P0_MINI_I05_R02,study_runs/V100_P0_MINI_I05_R02/checkpoint/8b4ad2ac4960487da7beea3df7b51b4e_iteration2/generated/checkpoints/results.json,MovieLens100K-d6f3ec58,LensKit.ItemKNNScorer-c3d66610-22,ItemKNNScorer,22,Precision,5,0.28992576882290566,True
V100_P0_MINI_I05_R02,study_runs/V100_P0_MINI_I05_R02/checkpoint/8b4ad2ac4960487da7beea3df7b51b4e_iteration2/generated/checkpoints/results.json,MovieLens100K-d6f3ec58,LensKit.ItemKNNScorer-c3d66610-22,ItemKNNScorer,22,Precision,10,0.23690349946977732,True
V100_P0_MINI_I05_R02,study_runs/V100_P0_MINI_I05_R02/checkpoint/8b4ad2ac4960487da7beea3df7b51b4e_iteration2/generated/checkpoints/results.json,MovieLens100K-d6f3ec58,LensKit.PopScorer-f4aa5539-22,PopScorer,22,NDCG,1,0.25026511134676566,True
V100_P0_MINI_I05_R02,study_runs/V100_P0_MINI_I05_R02/checkpoint/8b4ad2ac4960487da7beea3df7b51b4e_iteration2/generated/checkpoints/results.json,MovieLens100K-d6f3ec58,LensKit.PopScorer-f4aa5539-22,PopScorer,22,NDCG,5,0.1925325549670577,True
V100_P0_MINI_I05_R02,study_runs/V100_P0_MINI_I05_R02/checkpoint/8b4ad2ac4960487da7beea3df7b51b4e_iteration2/generated/checkpoints/results.json,MovieLens100K-d6f3ec58,LensKit.PopScorer-f4aa5539-22,PopScorer,22,NDCG,10,0.17676484041715892,True
V100_P0_MINI_I05_R02,study_runs/V100_P0_MINI_I05_R02/checkpoint/8b4ad2ac4960487da7beea3df7b51b4e_iteration2/generated/checkpoints/results.json,MovieLens100K-d6f3ec58,LensKit.PopScorer-f4aa5539-22,PopScorer,22,Precision,1,0.25026511134676566,True
V100_P0_MINI_I05_R02,study_runs/V100_P0_MINI_I05_R02/checkpoint/8b4ad2ac4960487da7beea3df7b51b4e_iteration2/generated/checkpoints/results.json,MovieLens100K-d6f3ec58,LensKit.PopScorer-f4aa5539-22,PopScorer,22,Precision,5,0.1775185577942736,True
V100_P0_MINI_I05_R02,study_runs/V100_P0_MINI_I05_R02/checkpoint/8b4ad2ac4960487da7beea3df7b51b4e_iteration2/generated/checkpoints/results.json,MovieLens100K-d6f3ec58,LensKit.PopScorer-f4aa5539-22,PopScorer,22,Precision,10,0.16224814422057265,True
V100_P0_MINI_I05_R02,study_runs/V100_P0_MINI_I05_R02/checkpoint/8b4ad2ac4960487da7beea3df7b51b4e_iteration2/generated/checkpoints/results.json,MovieLens100K-d6f3ec58,LensKit.ImplicitMFScorer-f0dd7ecb-33,ImplicitMFScorer,33,NDCG,1,0.22163308589607636,True
V100_P0_MINI_I05_R02,study_runs/V100_P0_MINI_I05_R02/checkpoint/8b4ad2ac4960487da7beea3df7b51b4e_iteration2/generated/checkpoints/results.json,MovieLens100K-d6f3ec58,LensKit.ImplicitMFScorer-f0dd7ecb-33,ImplicitMFScorer,33,NDCG,5,0.214776983104614,True
V100_P0_MINI_I05_R02,study_runs/V100_P0_MINI_I05_R02/checkpoint/8b4ad2ac4960487da7beea3df7b51b4e_iteration2/generated/checkpoints/results.json,MovieLens100K-d6f3ec58,LensKit.ImplicitMFScorer-f0dd7ecb-33,ImplicitMFScorer,33,NDCG,10,0.1981281882663691,True
V100_P0_MINI_I05_R02,study_runs/V100_P0_MINI_I05_R02/checkpoint/8b4ad2ac4960487da7beea3df7b51b4e_iteration2/generated/checkpoints/results.json,MovieLens100K-d6f3ec58,LensKit.ImplicitMFScorer-f0dd7ecb-33,ImplicitMFScorer,33,Precision,1,0.22163308589607636,True
V100_P0_MINI_I05_R02,study_runs/V100_P0_MINI_I05_R02/checkpoint/8b4ad2ac4960487da7beea3df7b51b4e_iteration2/generated/checkpoints/results.json,MovieLens100K-d6f3ec58,LensKit.ImplicitMFScorer-f0dd7ecb-33,ImplicitMFScorer,33,Precision,5,0.21230116648992578,True
V100_P0_MINI_I05_R02,study_runs/V100_P0_MINI_I05_R02/checkpoint/8b4ad2ac4960487da7beea3df7b51b4e_iteration2/generated/checkpoints/results.json,MovieLens100K-d6f3ec58,LensKit.ImplicitMFScorer-f0dd7ecb-33,ImplicitMFScorer,33,Precision,10,0.18960763520678686,True
V100_P0_MINI_I05_R02,study_runs/V100_P0_MINI_I05_R02/checkpoint/8b4ad2ac4960487da7beea3df7b51b4e_iteration2/generated/checkpoints/results.json,MovieLens100K-d6f3ec58,LensKit.ItemKNNScorer-c3d66610-33,ItemKNNScorer,33,NDCG,1,0.3902439024390244,True
V100_P0_MINI_I05_R02,study_runs/V100_P0_MINI_I05_R02/checkpoint/8b4ad2ac4960487da7beea3df7b51b4e_iteration2/generated/checkpoints/results.json,MovieLens100K-d6f3ec58,LensKit.ItemKNNScorer-c3d66610-33,ItemKNNScorer,33,NDCG,5,0.31553053136711556,True
V100_P0_MINI_I05_R02,study_runs/V100_P0_MINI_I05_R02/checkpoint/8b4ad2ac4960487da7beea3df7b51b4e_iteration2/generated/checkpoints/results.json,MovieLens100K-d6f3ec58,LensKit.ItemKNNScorer-c3d66610-33,ItemKNNScorer,33,NDCG,10,0.2668661267330522,True
V100_P0_MINI_I05_R02,study_runs/V100_P0_MINI_I05_R02/checkpoint/8b4ad2ac4960487da7beea3df7b51b4e_iteration2/generated/checkpoints/results.json,MovieLens100K-d6f3ec58,LensKit.ItemKNNScorer-c3d66610-33,ItemKNNScorer,33,Precision,1,0.3902439024390244,True
V100_P0_MINI_I05_R02,study_runs/V100_P0_MINI_I05_R02/checkpoint/8b4ad2ac4960487da7beea3df7b51b4e_iteration2/generated/checkpoints/results.json,MovieLens100K-d6f3ec58,LensKit.ItemKNNScorer-c3d66610-33,ItemKNNScorer,33,Precision,5,0.29395546129374334,True
V100_P0_MINI_I05_R02,study_runs/V100_P0_MINI_I05_R02/checkpoint/8b4ad2ac4960487da7beea3df7b51b4e_iteration2/generated/checkpoints/results.json,MovieLens100K-d6f3ec58,LensKit.ItemKNNScorer-c3d66610-33,ItemKNNScorer,33,Precision,10,0.23488865323435842,True
V100_P0_MINI_I05_R02,study_runs/V100_P0_MINI_I05_R02/checkpoint/8b4ad2ac4960487da7beea3df7b51b4e_iteration2/generated/checkpoints/results.json,MovieLens100K-d6f3ec58,LensKit.PopScorer-f4aa5539-33,PopScorer,33,NDCG,1,0.264050901378579,True
V100_P0_MINI_I05_R02,study_runs/V100_P0_MINI_I05_R02/checkpoint/8b4ad2ac4960487da7beea3df7b51b4e_iteration2/generated/checkpoints/results.json,MovieLens100K-d6f3ec58,LensKit.PopScorer-f4aa5539-33,PopScorer,33,NDCG,5,0.18617198956685962,True
V100_P0_MINI_I05_R02,study_runs/V100_P0_MINI_I05_R02/checkpoint/8b4ad2ac4960487da7beea3df7b51b4e_iteration2/generated/checkpoints/results.json,MovieLens100K-d6f3ec58,LensKit.PopScorer-f4aa5539-33,PopScorer,33,NDCG,10,0.17075847653669735,True
V100_P0_MINI_I05_R02,study_runs/V100_P0_MINI_I05_R02/checkpoint/8b4ad2ac4960487da7beea3df7b51b4e_iteration2/generated/checkpoints/results.json,MovieLens100K-d6f3ec58,LensKit.PopScorer-f4aa5539-33,PopScorer,33,Precision,1,0.264050901378579,True
V100_P0_MINI_I05_R02,study_runs/V100_P0_MINI_I05_R02/checkpoint/8b4ad2ac4960487da7beea3df7b51b4e_iteration2/generated/checkpoints/results.json,MovieLens100K-d6f3ec58,LensKit.PopScorer-f4aa5539-33,PopScorer,33,Precision,5,0.16755037115588547,True
V100_P0_MINI_I05_R02,study_runs/V100_P0_MINI_I05_R02/checkpoint/8b4ad2ac4960487da7beea3df7b51b4e_iteration2/generated/checkpoints/results.json,MovieLens100K-d6f3ec58,LensKit.PopScorer-f4aa5539-33,PopScorer,33,Precision,10,0.15461293743372218,True
V100_P0_MINI_I05_R02,study_runs/V100_P0_MINI_I05_R02/checkpoint/8b4ad2ac4960487da7beea3df7b51b4e_iteration2/generated/checkpoints/results.json,MovieLens100K-d6f3ec58,LensKit.ImplicitMFScorer-f0dd7ecb-44,ImplicitMFScorer,44,NDCG,1,0.24708377518557795,True
V100_P0_MINI_I05_R02,study_runs/V100_P0_MINI_I05_R02/checkpoint/8b4ad2ac4960487da7beea3df7b51b4e_iteration2/generated/checkpoints/results.json,MovieLens100K-d6f3ec58,LensKit.ImplicitMFScorer-f0dd7ecb-44,ImplicitMFScorer,44,NDCG,5,0.22511684905845722,True
V100_P0_MINI_I05_R02,study_runs/V100_P0_MINI_I05_R02/checkpoint/8b4ad2ac4960487da7beea3df7b51b4e_iteration2/generated/checkpoints/results.json,MovieLens100K-d6f3ec58,LensKit.ImplicitMFScorer-f0dd7ecb-44,ImplicitMFScorer,44,NDCG,10,0.2100086158815864,True
V100_P0_MINI_I05_R02,study_runs/V100_P0_MINI_I05_R02/checkpoint/8b4ad2ac4960487da7beea3df7b51b4e_iteration2/generated/checkpoints/results.json,MovieLens100K-d6f3ec58,LensKit.ImplicitMFScorer-f0dd7ecb-44,ImplicitMFScorer,44,Precision,1,0.24708377518557795,True
V100_P0_MINI_I05_R02,study_runs/V100_P0_MINI_I05_R02/checkpoint/8b4ad2ac4960487da7beea3df7b51b4e_iteration2/generated/checkpoints/results.json,MovieLens100K-d6f3ec58,LensKit.ImplicitMFScorer-f0dd7ecb-44,ImplicitMFScorer,44,Precision,5,0.21823966065747616,True
V100_P0_MINI_I05_R02,study_runs/V100_P0_MINI_I05_R02/checkpoint/8b4ad2ac4960487da7beea3df7b51b4e_iteration2/generated/checkpoints/results.json,MovieLens100K-d6f3ec58,LensKit.ImplicitMFScorer-f0dd7ecb-44,ImplicitMFScorer,44,Precision,10,0.20010604453870628,True
V100_P0_MINI_I05_R02,study_runs/V100_P0_MINI_I05_R02/checkpoint/8b4ad2ac4960487da7beea3df7b51b4e_iteration2/generated/checkpoints/results.json,MovieLens100K-d6f3ec58,LensKit.ItemKNNScorer-c3d66610-44,ItemKNNScorer,44,NDCG,1,0.41569459172852596,True
V100_P0_MINI_I05_R02,study_runs/V100_P0_MINI_I05_R02/checkpoint/8b4ad2ac4960487da7beea3df7b51b4e_iteration2/generated/checkpoints/results.json,MovieLens100K-d6f3ec58,LensKit.ItemKNNScorer-c3d66610-44,ItemKNNScorer,44,NDCG,5,0.32374997798549887,True
V100_P0_MINI_I05_R02,study_runs/V100_P0_MINI_I05_R02/checkpoint/8b4ad2ac4960487da7beea3df7b51b4e_iteration2/generated/checkpoints/results.json,MovieLens100K-d6f3ec58,LensKit.ItemKNNScorer-c3d66610-44,ItemKNNScorer,44,NDCG,10,0.27067100596656923,True
V100_P0_MINI_I05_R02,study_runs/V100_P0_MINI_I05_R02/checkpoint/8b4ad2ac4960487da7beea3df7b51b4e_iteration2/generated/checkpoints/results.json,MovieLens100K-d6f3ec58,LensKit.ItemKNNScorer-c3d66610-44,ItemKNNScorer,44,Precision,1,0.41569459172852596,True
V100_P0_MINI_I05_R02,study_runs/V100_P0_MINI_I05_R02/checkpoint/8b4ad2ac4960487da7beea3df7b51b4e_iteration2/generated/checkpoints/results.json,MovieLens100K-d6f3ec58,LensKit.ItemKNNScorer-c3d66610-44,ItemKNNScorer,44,Precision,5,0.29777306468716863,True
V100_P0_MINI_I05_R02,study_runs/V100_P0_MINI_I05_R02/checkpoint/8b4ad2ac4960487da7beea3df7b51b4e_iteration2/generated/checkpoints/results.json,MovieLens100K-d6f3ec58,LensKit.ItemKNNScorer-c3d66610-44,ItemKNNScorer,44,Precision,10,0.23446447507953339,True
V100_P0_MINI_I05_R02,study_runs/V100_P0_MINI_I05_R02/checkpoint/8b4ad2ac4960487da7beea3df7b51b4e_iteration2/generated/checkpoints/results.json,MovieLens100K-d6f3ec58,LensKit.PopScorer-f4aa5539-44,PopScorer,44,NDCG,1,0.2354188759278897,True
V100_P0_MINI_I05_R02,study_runs/V100_P0_MINI_I05_R02/checkpoint/8b4ad2ac4960487da7beea3df7b51b4e_iteration2/generated/checkpoints/results.json,MovieLens100K-d6f3ec58,LensKit.PopScorer-f4aa5539-44,PopScorer,44,NDCG,5,0.1843462652230919,True
V100_P0_MINI_I05_R02,study_runs/V100_P0_MINI_I05_R02/checkpoint/8b4ad2ac4960487da7beea3df7b51b4e_iteration2/generated/checkpoints/results.json,MovieLens100K-d6f3ec58,LensKit.PopScorer-f4aa5539-44,PopScorer,44,NDCG,10,0.17282588347747604,True
V100_P0_MINI_I05_R02,study_runs/V100_P0_MINI_I05_R02/checkpoint/8b4ad2ac4960487da7beea3df7b51b4e_iteration2/generated/checkpoints/results.json,MovieLens100K-d6f3ec58,LensKit.PopScorer-f4aa5539-44,PopScorer,44,Precision,1,0.2354188759278897,True
V100_P0_MINI_I05_R02,study_runs/V100_P0_MINI_I05_R02/checkpoint/8b4ad2ac4960487da7beea3df7b51b4e_iteration2/generated/checkpoints/results.json,MovieLens100K-d6f3ec58,LensKit.PopScorer-f4aa5539-44,PopScorer,44,Precision,5,0.17051961823966066,True
V100_P0_MINI_I05_R02,study_runs/V100_P0_MINI_I05_R02/checkpoint/8b4ad2ac4960487da7beea3df7b51b4e_iteration2/generated/checkpoints/results.json,MovieLens100K-d6f3ec58,LensKit.PopScorer-f4aa5539-44,PopScorer,44,Precision,10,0.1610816542948038,True
V100_P0_MINI_I05_R02,study_runs/V100_P0_MINI_I05_R02/checkpoint/8b4ad2ac4960487da7beea3df7b51b4e_iteration2/generated/checkpoints/results.json,MovieLens100K-d6f3ec58,LensKit.ImplicitMFScorer-f0dd7ecb-55,ImplicitMFScorer,55,NDCG,1,0.22693531283138918,True
V100_P0_MINI_I05_R02,study_runs/V100_P0_MINI_I05_R02/checkpoint/8b4ad2ac4960487da7beea3df7b51b4e_iteration2/generated/checkpoints/results.json,MovieLens100K-d6f3ec58,LensKit.ImplicitMFScorer-f0dd7ecb-55,ImplicitMFScorer,55,NDCG,5,0.21357934225241385,True
V100_P0_MINI_I05_R02,study_runs/V100_P0_MINI_I05_R02/checkpoint/8b4ad2ac4960487da7beea3df7b51b4e_iteration2/generated/checkpoints/results.json,MovieLens100K-d6f3ec58,LensKit.ImplicitMFScorer-f0dd7ecb-55,ImplicitMFScorer,55,NDCG,10,0.1998425582459422,True
V100_P0_MINI_I05_R02,study_runs/V100_P0_MINI_I05_R02/checkpoint/8b4ad2ac4960487da7beea3df7b51b4e_iteration2/generated/checkpoints/results.json,MovieLens100K-d6f3ec58,LensKit.ImplicitMFScorer-f0dd7ecb-55,ImplicitMFScorer,55,Precision,1,0.22693531283138918,True
V100_P0_MINI_I05_R02,study_runs/V100_P0_MINI_I05_R02/checkpoint/8b4ad2ac4960487da7beea3df7b51b4e_iteration2/generated/checkpoints/results.json,MovieLens100K-d6f3ec58,LensKit.ImplicitMFScorer-f0dd7ecb-55,ImplicitMFScorer,55,Precision,5,0.20954400848356308,True
V100_P0_MINI_I05_R02,study_runs/V100_P0_MINI_I05_R02/checkpoint/8b4ad2ac4960487da7beea3df7b51b4e_iteration2/generated/checkpoints/results.json,MovieLens100K-d6f3ec58,LensKit.ImplicitMFScorer-f0dd7ecb-55,ImplicitMFScorer,55,Precision,10,0.19151643690349945,True
V100_P0_MINI_I05_R02,study_runs/V100_P0_MINI_I05_R02/checkpoint/8b4ad2ac4960487da7beea3df7b51b4e_iteration2/generated/checkpoints/results.json,MovieLens100K-d6f3ec58,LensKit.ItemKNNScorer-c3d66610-55,ItemKNNScorer,55,NDCG,1,0.40721102863202546,True
V100_P0_MINI_I05_R02,study_runs/V100_P0_MINI_I05_R02/checkpoint/8b4ad2ac4960487da7beea3df7b51b4e_iteration2/generated/checkpoints/results.json,MovieLens100K-d6f3ec58,LensKit.ItemKNNScorer-c3d66610-55,ItemKNNScorer,55,NDCG,5,0.30959862360398244,True
V100_P0_MINI_I05_R02,study_runs/V100_P0_MINI_I05_R02/checkpoint/8b4ad2ac4960487da7beea3df7b51b4e_iteration2/generated/checkpoints/results.json,MovieLens100K-d6f3ec58,LensKit.ItemKNNScorer-c3d66610-55,ItemKNNScorer,55,NDCG,10,0.26280348140338383,True
V100_P0_MINI_I05_R02,study_runs/V100_P0_MINI_I05_R02/checkpoint/8b4ad2ac4960487da7beea3df7b51b4e_iteration2/generated/checkpoints/results.json,MovieLens100K-d6f3ec58,LensKit.ItemKNNScorer-c3d66610-55,ItemKNNScorer,55,Precision,1,0.40721102863202546,True
V100_P0_MINI_I05_R02,study_runs/V100_P0_MINI_I05_R02/checkpoint/8b4ad2ac4960487da7beea3df7b51b4e_iteration2/generated/checkpoints/results.json,MovieLens100K-d6f3ec58,LensKit.ItemKNNScorer-c3d66610-55,ItemKNNScorer,55,Precision,5,0.28356309650053024,True
V100_P0_MINI_I05_R02,study_runs/V100_P0_MINI_I05_R02/checkpoint/8b4ad2ac4960487da7beea3df7b51b4e_iteration2/generated/checkpoints/results.json,MovieLens100K-d6f3ec58,LensKit.ItemKNNScorer-c3d66610-55,ItemKNNScorer,55,Precision,10,0.22937433722163308,True
V100_P0_MINI_I05_R02,study_runs/V100_P0_MINI_I05_R02/checkpoint/8b4ad2ac4960487da7beea3df7b51b4e_iteration2/generated/checkpoints/results.json,MovieLens100K-d6f3ec58,LensKit.PopScorer-f4aa5539-55,PopScorer,55,NDCG,1,0.271474019088017,True
V100_P0_MINI_I05_R02,study_runs/V100_P0_MINI_I05_R02/checkpoint/8b4ad2ac4960487da7beea3df7b51b4e_iteration2/generated/checkpoints/results.json,MovieLens100K-d6f3ec58,LensKit.PopScorer-f4aa5539-55,PopScorer,55,NDCG,5,0.19003561953458614,True
V100_P0_MINI_I05_R02,study_runs/V100_P0_MINI_I05_R02/checkpoint/8b4ad2ac4960487da7beea3df7b51b4e_iteration2/generated/checkpoints/results.json,MovieLens100K-d6f3ec58,LensKit.PopScorer-f4aa5539-55,PopScorer,55,NDCG,10,0.17508311141726643,True
V100_P0_MINI_I05_R02,study_runs/V100_P0_MINI_I05_R02/checkpoint/8b4ad2ac4960487da7beea3df7b51b4e_iteration2/generated/checkpoints/results.json,MovieLens100K-d6f3ec58,LensKit.PopScorer-f4aa5539-55,PopScorer,55,Precision,1,0.271474019088017,True
V100_P0_MINI_I05_R02,study_runs/V100_P0_MINI_I05_R02/checkpoint/8b4ad2ac4960487da7beea3df7b51b4e_iteration2/generated/checkpoints/results.json,MovieLens100K-d6f3ec58,LensKit.PopScorer-f4aa5539-55,PopScorer,55,Precision,5,0.17158006362672323,True
V100_P0_MINI_I05_R02,study_runs/V100_P0_MINI_I05_R02/checkpoint/8b4ad2ac4960487da7beea3df7b51b4e_iteration2/generated/checkpoints/results.json,MovieLens100K-d6f3ec58,LensKit.PopScorer-f4aa5539-55,PopScorer,55,Precision,10,0.15949098621420998,True
V100_P0_MINI_I05_R02,study_runs/V100_P0_MINI_I05_R02/checkpoint/8b4ad2ac4960487da7beea3df7b51b4e/generated/checkpoints/results.json,MovieLens100K-c0b4b14e,LensKit.ItemKNNScorer-c3d66610-42,ItemKNNScorer,42,NDCG,10,0.23868596825634059,True
V100_P0_MINI_I05_R02,study_runs/V100_P0_MINI_I05_R02/checkpoint/8b4ad2ac4960487da7beea3df7b51b4e/generated/checkpoints/results.json,MovieLens100K-c0b4b14e,LensKit.ItemKNNScorer-c3d66610-42,ItemKNNScorer,42,Precision,10,0.21431601272534465,True
V100_P0_MINI_I05_R01,study_runs/V100_P0_MINI_I05_R01/checkpoint/b6c02039931c42fcb8d6e8ec9185ebc2_seed/generated/checkpoints/results.json,MovieLens100K-c0b4b14e,LensKit.ItemKNNScorer-c3d66610-42,ItemKNNScorer,42,NDCG,10,0.23868596825634059,True
V100_P0_MINI_I05_R01,study_runs/V100_P0_MINI_I05_R01/checkpoint/b6c02039931c42fcb8d6e8ec9185ebc2_seed/generated/checkpoints/results.json,MovieLens100K-c0b4b14e,LensKit.ItemKNNScorer-c3d66610-42,ItemKNNScorer,42,Precision,10,0.21431601272534465,True
V100_P0_MINI_I05_R01,study_runs/V100_P0_MINI_I05_R01/checkpoint/b6c02039931c42fcb8d6e8ec9185ebc2_iteration1/generated/checkpoints/results.json,MovieLens100KLocal-938abed0,LensKit.ImplicitMFScorer-f0dd7ecb-11,ImplicitMFScorer,11,NDCG,1,0.19406150583244963,True
V100_P0_MINI_I05_R01,study_runs/V100_P0_MINI_I05_R01/checkpoint/b6c02039931c42fcb8d6e8ec9185ebc2_iteration1/generated/checkpoints/results.json,MovieLens100KLocal-938abed0,LensKit.ImplicitMFScorer-f0dd7ecb-11,ImplicitMFScorer,11,NDCG,5,0.1734837367339229,True
V100_P0_MINI_I05_R01,study_runs/V100_P0_MINI_I05_R01/checkpoint/b6c02039931c42fcb8d6e8ec9185ebc2_iteration1/generated/checkpoints/results.json,MovieLens100KLocal-938abed0,LensKit.ImplicitMFScorer-f0dd7ecb-11,ImplicitMFScorer,11,NDCG,10,0.16034317124424025,True
V100_P0_MINI_I05_R01,study_runs/V100_P0_MINI_I05_R01/checkpoint/b6c02039931c42fcb8d6e8ec9185ebc2_iteration1/generated/checkpoints/results.json,MovieLens100KLocal-938abed0,LensKit.ImplicitMFScorer-f0dd7ecb-11,ImplicitMFScorer,11,Precision,1,0.19406150583244963,True
V100_P0_MINI_I05_R01,study_runs/V100_P0_MINI_I05_R01/checkpoint/b6c02039931c42fcb8d6e8ec9185ebc2_iteration1/generated/checkpoints/results.json,MovieLens100KLocal-938abed0,LensKit.ImplicitMFScorer-f0dd7ecb-11,ImplicitMFScorer,11,Precision,5,0.16839872746553552,True
V100_P0_MINI_I05_R01,study_runs/V100_P0_MINI_I05_R01/checkpoint/b6c02039931c42fcb8d6e8ec9185ebc2_iteration1/generated/checkpoints/results.json,MovieLens100KLocal-938abed0,LensKit.ImplicitMFScorer-f0dd7ecb-11,ImplicitMFScorer,11,Precision,10,0.15217391304347827,True
V100_P0_MINI_I05_R01,study_runs/V100_P0_MINI_I05_R01/checkpoint/b6c02039931c42fcb8d6e8ec9185ebc2_iteration1/generated/checkpoints/results.json,MovieLens100KLocal-938abed0,LensKit.ItemKNNScorer-c3d66610-11,ItemKNNScorer,11,NDCG,1,0.2492046659597031,True
V100_P0_MINI_I05_R01,study_runs/V100_P0_MINI_I05_R01/checkpoint/b6c02039931c42fcb8d6e8ec9185ebc2_iteration1/generated/checkpoints/results.json,MovieLens100KLocal-938abed0,LensKit.ItemKNNScorer-c3d66610-11,ItemKNNScorer,11,NDCG,5,0.22239446920376282,True
V100_P0_MINI_I05_R01,study_runs/V100_P0_MINI_I05_R01/checkpoint/b6c02039931c42fcb8d6e8ec9185ebc2_iteration1/generated/checkpoints/results.json,MovieLens100KLocal-938abed0,LensKit.ItemKNNScorer-c3d66610-11,ItemKNNScorer,11,NDCG,10,0.19746725027082096,True
V100_P0_MINI_I05_R01,study_runs/V100_P0_MINI_I05_R01/checkpoint/b6c02039931c42fcb8d6e8ec9185ebc2_iteration1/generated/checkpoints/results.json,MovieLens100KLocal-938abed0,LensKit.ItemKNNScorer-c3d66610-11,ItemKNNScorer,11,Precision,1,0.2492046659597031,True
V100_P0_MINI_I05_R01,study_runs/V100_P0_MINI_I05_R01/checkpoint/b6c02039931c42fcb8d6e8ec9185ebc2_iteration1/generated/checkpoints/results.json,MovieLens100KLocal-938abed0,LensKit.ItemKNNScorer-c3d66610-11,ItemKNNScorer,11,Precision,5,0.21399787910922588,True
V100_P0_MINI_I05_R01,study_runs/V100_P0_MINI_I05_R01/checkpoint/b6c02039931c42fcb8d6e8ec9185ebc2_iteration1/generated/checkpoints/results.json,MovieLens100KLocal-938abed0,LensKit.ItemKNNScorer-c3d66610-11,ItemKNNScorer,11,Precision,10,0.18260869565217394,True
V100_P0_MINI_I05_R01,study_runs/V100_P0_MINI_I05_R01/checkpoint/b6c02039931c42fcb8d6e8ec9185ebc2_iteration1/generated/checkpoints/results.json,MovieLens100KLocal-938abed0,LensKit.PopScorer-f4aa5539-11,PopScorer,11,NDCG,1,0.1951219512195122,True
V100_P0_MINI_I05_R01,study_runs/V100_P0_MINI_I05_R01/checkpoint/b6c02039931c42fcb8d6e8ec9185ebc2_iteration1/generated/checkpoints/results.json,MovieLens100KLocal-938abed0,LensKit.PopScorer-f4aa5539-11,PopScorer,11,NDCG,5,0.1562044398547286,True
V100_P0_MINI_I05_R01,study_runs/V100_P0_MINI_I05_R01/checkpoint/b6c02039931c42fcb8d6e8ec9185ebc2_iteration1/generated/checkpoints/results.json,MovieLens100KLocal-938abed0,LensKit.PopScorer-f4aa5539-11,PopScorer,11,NDCG,10,0.14201562367215786,True
V100_P0_MINI_I05_R01,study_runs/V100_P0_MINI_I05_R01/checkpoint/b6c02039931c42fcb8d6e8ec9185ebc2_iteration1/generated/checkpoints/results.json,MovieLens100KLocal-938abed0,LensKit.PopScorer-f4aa5539-11,PopScorer,11,Precision,1,0.1951219512195122,True
V100_P0_MINI_I05_R01,study_runs/V100_P0_MINI_I05_R01/checkpoint/b6c02039931c42fcb8d6e8ec9185ebc2_iteration1/generated/checkpoints/results.json,MovieLens100KLocal-938abed0,LensKit.PopScorer-f4aa5539-11,PopScorer,11,Precision,5,0.14549310710498412,True
V100_P0_MINI_I05_R01,study_runs/V100_P0_MINI_I05_R01/checkpoint/b6c02039931c42fcb8d6e8ec9185ebc2_iteration1/generated/checkpoints/results.json,MovieLens100KLocal-938abed0,LensKit.PopScorer-f4aa5539-11,PopScorer,11,Precision,10,0.1308589607635207,True
V100_P0_MINI_I05_R01,study_runs/V100_P0_MINI_I05_R01/checkpoint/b6c02039931c42fcb8d6e8ec9185ebc2/generated/checkpoints/results.json,MovieLens100K-c0b4b14e,LensKit.ItemKNNScorer-c3d66610-42,ItemKNNScorer,42,NDCG,10,0.23868596825634059,True
V100_P0_MINI_I05_R01,study_runs/V100_P0_MINI_I05_R01/checkpoint/b6c02039931c42fcb8d6e8ec9185ebc2/generated/checkpoints/results.json,MovieLens100K-c0b4b14e,LensKit.ItemKNNScorer-c3d66610-42,ItemKNNScorer,42,Precision,10,0.21431601272534465,True
V100_P0_MINI_I05_R01,study_runs/V100_P0_MINI_I05_R01/checkpoint/aac562b51b2148e2b73a824edba0b9b3/generated/checkpoints/results.json,MovieLens100K-938abed0,LensKit.ImplicitMFScorer-f0dd7ecb-42,ImplicitMFScorer,42,NDCG,10,0.15965644286637104,True
V100_P0_MINI_I05_R01,study_runs/V100_P0_MINI_I05_R01/checkpoint/aac562b51b2148e2b73a824edba0b9b3/generated/checkpoints/results.json,MovieLens100K-938abed0,LensKit.ImplicitMFScorer-f0dd7ecb-42,ImplicitMFScorer,42,Precision,10,0.1540827147401909,True
V100_P0_MINI_I05_R01,study_runs/V100_P0_MINI_I05_R01/checkpoint/977d7ec4949847409c030b314e2dd362/generated/checkpoints/results.json,MovieLens100K-938abed0,LensKit.ItemKNNScorer-c3d66610-42,ItemKNNScorer,42,NDCG,10,0.2085559391428343,True
V100_P0_MINI_I05_R01,study_runs/V100_P0_MINI_I05_R01/checkpoint/977d7ec4949847409c030b314e2dd362/generated/checkpoints/results.json,MovieLens100K-938abed0,LensKit.ItemKNNScorer-c3d66610-42,ItemKNNScorer,42,Precision,10,0.18950159066808062,True
V100_P0_GPT54_I05_R02,study_runs/V100_P0_GPT54_I05_R02/checkpoint/ef50db923528453ab7281e09a7ab63ce_seed/generated/checkpoints/results.json,LocalMovieLens100K-c0b4b14e,LensKit.PopScorer-f4aa5539-11,PopScorer,11,NDCG,10,0.15543838106605326,True
V100_P0_GPT54_I05_R02,study_runs/V100_P0_GPT54_I05_R02/checkpoint/ef50db923528453ab7281e09a7ab63ce/generated/checkpoints/results.json,LocalMovieLens100K-c0b4b14e,LensKit.PopScorer-f4aa5539-11,PopScorer,11,NDCG,10,0.15543838106605326,True
V100_P0_GPT54_I05_R01,study_runs/V100_P0_GPT54_I05_R01/checkpoint/e7849e11813743659c7d53436c07af0d_seed/generated/seed_87/checkpoints/results.json,MovieLens100K-c437b6f6,LensKit.PopScorer-f4aa5539-87,PopScorer,87,NDCG,10,0.16597381253201973,True
V100_P0_GPT54_I05_R01,study_runs/V100_P0_GPT54_I05_R01/checkpoint/e7849e11813743659c7d53436c07af0d_seed/generated/seed_7/checkpoints/results.json,MovieLens100K-c437b6f6,LensKit.PopScorer-f4aa5539-7,PopScorer,7,NDCG,10,0.1736747599336707,True
V100_P0_GPT54_I05_R01,study_runs/V100_P0_GPT54_I05_R01/checkpoint/e7849e11813743659c7d53436c07af0d_seed/generated/seed_42/checkpoints/results.json,MovieLens100K-c437b6f6,LensKit.PopScorer-f4aa5539-42,PopScorer,42,NDCG,10,0.1735729426475568,True
V100_P0_GPT54_I05_R01,study_runs/V100_P0_GPT54_I05_R01/checkpoint/e7849e11813743659c7d53436c07af0d_seed/generated/seed_29/checkpoints/results.json,MovieLens100K-c437b6f6,LensKit.PopScorer-f4aa5539-29,PopScorer,29,NDCG,10,0.18602088039946296,True
V100_P0_GPT54_I05_R01,study_runs/V100_P0_GPT54_I05_R01/checkpoint/e7849e11813743659c7d53436c07af0d_seed/generated/seed_13/checkpoints/results.json,MovieLens100K-c437b6f6,LensKit.PopScorer-f4aa5539-13,PopScorer,13,NDCG,10,0.17060697011040818,True
V100_P0_GPT54_I05_R01,study_runs/V100_P0_GPT54_I05_R01/checkpoint/e7849e11813743659c7d53436c07af0d_iteration1/generated/MovieLens100K/seed_87/checkpoints/results.json,MovieLens100K-c437b6f6,LensKit.PopScorer-f4aa5539-87,PopScorer,87,NDCG,1,0.2301166489925769,True
V100_P0_GPT54_I05_R01,study_runs/V100_P0_GPT54_I05_R01/checkpoint/e7849e11813743659c7d53436c07af0d_iteration1/generated/MovieLens100K/seed_87/checkpoints/results.json,MovieLens100K-c437b6f6,LensKit.PopScorer-f4aa5539-87,PopScorer,87,NDCG,5,0.18576601570614115,True
V100_P0_GPT54_I05_R01,study_runs/V100_P0_GPT54_I05_R01/checkpoint/e7849e11813743659c7d53436c07af0d_iteration1/generated/MovieLens100K/seed_87/checkpoints/results.json,MovieLens100K-c437b6f6,LensKit.PopScorer-f4aa5539-87,PopScorer,87,NDCG,10,0.16597381253201973,True
V100_P0_GPT54_I05_R01,study_runs/V100_P0_GPT54_I05_R01/checkpoint/e7849e11813743659c7d53436c07af0d_iteration1/generated/MovieLens100K/seed_87/checkpoints/results.json,MovieLens100K-c437b6f6,LensKit.PopScorer-f4aa5539-87,PopScorer,87,Precision,1,0.2301166489925769,True
V100_P0_GPT54_I05_R01,study_runs/V100_P0_GPT54_I05_R01/checkpoint/e7849e11813743659c7d53436c07af0d_iteration1/generated/MovieLens100K/seed_87/checkpoints/results.json,MovieLens100K-c437b6f6,LensKit.PopScorer-f4aa5539-87,PopScorer,87,Precision,5,0.17688229056203605,True
V100_P0_GPT54_I05_R01,study_runs/V100_P0_GPT54_I05_R01/checkpoint/e7849e11813743659c7d53436c07af0d_iteration1/generated/MovieLens100K/seed_87/checkpoints/results.json,MovieLens100K-c437b6f6,LensKit.PopScorer-f4aa5539-87,PopScorer,87,Precision,10,0.15334040296924709,True
V100_P0_GPT54_I05_R01,study_runs/V100_P0_GPT54_I05_R01/checkpoint/e7849e11813743659c7d53436c07af0d_iteration1/generated/MovieLens100K/seed_87/checkpoints/results.json,MovieLens100K-c437b6f6,LensKit.ItemKNNScorer-c3d66610-87,ItemKNNScorer,87,NDCG,1,0.38918345705196183,True
V100_P0_GPT54_I05_R01,study_runs/V100_P0_GPT54_I05_R01/checkpoint/e7849e11813743659c7d53436c07af0d_iteration1/generated/MovieLens100K/seed_87/checkpoints/results.json,MovieLens100K-c437b6f6,LensKit.ItemKNNScorer-c3d66610-87,ItemKNNScorer,87,NDCG,5,0.2959919944108111,True
V100_P0_GPT54_I05_R01,study_runs/V100_P0_GPT54_I05_R01/checkpoint/e7849e11813743659c7d53436c07af0d_iteration1/generated/MovieLens100K/seed_87/checkpoints/results.json,MovieLens100K-c437b6f6,LensKit.ItemKNNScorer-c3d66610-87,ItemKNNScorer,87,NDCG,10,0.2546942920503073,True
V100_P0_GPT54_I05_R01,study_runs/V100_P0_GPT54_I05_R01/checkpoint/e7849e11813743659c7d53436c07af0d_iteration1/generated/MovieLens100K/seed_87/checkpoints/results.json,MovieLens100K-c437b6f6,LensKit.ItemKNNScorer-c3d66610-87,ItemKNNScorer,87,Precision,1,0.38918345705196183,True
V100_P0_GPT54_I05_R01,study_runs/V100_P0_GPT54_I05_R01/checkpoint/e7849e11813743659c7d53436c07af0d_iteration1/generated/MovieLens100K/seed_87/checkpoints/results.json,MovieLens100K-c437b6f6,LensKit.ItemKNNScorer-c3d66610-87,ItemKNNScorer,87,Precision,5,0.2729586426299046,True
V100_P0_GPT54_I05_R01,study_runs/V100_P0_GPT54_I05_R01/checkpoint/e7849e11813743659c7d53436c07af0d_iteration1/generated/MovieLens100K/seed_87/checkpoints/results.json,MovieLens100K-c437b6f6,LensKit.ItemKNNScorer-c3d66610-87,ItemKNNScorer,87,Precision,10,0.2250265111346766,True
V100_P0_GPT54_I05_R01,study_runs/V100_P0_GPT54_I05_R01/checkpoint/e7849e11813743659c7d53436c07af0d_iteration1/generated/MovieLens100K/seed_87/checkpoints/results.json,MovieLens100K-c437b6f6,LensKit.ImplicitMFScorer-f0dd7ecb-87,ImplicitMFScorer,87,NDCG,1,0.2258748674443266,True
V100_P0_GPT54_I05_R01,study_runs/V100_P0_GPT54_I05_R01/checkpoint/e7849e11813743659c7d53436c07af0d_iteration1/generated/MovieLens100K/seed_87/checkpoints/results.json,MovieLens100K-c437b6f6,LensKit.ImplicitMFScorer-f0dd7ecb-87,ImplicitMFScorer,87,NDCG,5,0.20281913712914287,True
V100_P0_GPT54_I05_R01,study_runs/V100_P0_GPT54_I05_R01/checkpoint/e7849e11813743659c7d53436c07af0d_iteration1/generated/MovieLens100K/seed_87/checkpoints/results.json,MovieLens100K-c437b6f6,LensKit.ImplicitMFScorer-f0dd7ecb-87,ImplicitMFScorer,87,NDCG,10,0.19388085540688432,True
V100_P0_GPT54_I05_R01,study_runs/V100_P0_GPT54_I05_R01/checkpoint/e7849e11813743659c7d53436c07af0d_iteration1/generated/MovieLens100K/seed_87/checkpoints/results.json,MovieLens100K-c437b6f6,LensKit.ImplicitMFScorer-f0dd7ecb-87,ImplicitMFScorer,87,Precision,1,0.2258748674443266,True
V100_P0_GPT54_I05_R01,study_runs/V100_P0_GPT54_I05_R01/checkpoint/e7849e11813743659c7d53436c07af0d_iteration1/generated/MovieLens100K/seed_87/checkpoints/results.json,MovieLens100K-c437b6f6,LensKit.ImplicitMFScorer-f0dd7ecb-87,ImplicitMFScorer,87,Precision,5,0.19660657476139978,True
V100_P0_GPT54_I05_R01,study_runs/V100_P0_GPT54_I05_R01/checkpoint/e7849e11813743659c7d53436c07af0d_iteration1/generated/MovieLens100K/seed_87/checkpoints/results.json,MovieLens100K-c437b6f6,LensKit.ImplicitMFScorer-f0dd7ecb-87,ImplicitMFScorer,87,Precision,10,0.1868504772004242,True
V100_P0_GPT54_I05_R01,study_runs/V100_P0_GPT54_I05_R01/checkpoint/e7849e11813743659c7d53436c07af0d_iteration1/generated/MovieLens100K/seed_7/checkpoints/results.json,MovieLens100K-c437b6f6,LensKit.PopScorer-f4aa5539-7,PopScorer,7,NDCG,1,0.271474019088017,True
V100_P0_GPT54_I05_R01,study_runs/V100_P0_GPT54_I05_R01/checkpoint/e7849e11813743659c7d53436c07af0d_iteration1/generated/MovieLens100K/seed_7/checkpoints/results.json,MovieLens100K-c437b6f6,LensKit.PopScorer-f4aa5539-7,PopScorer,7,NDCG,5,0.18792552361733209,True
V100_P0_GPT54_I05_R01,study_runs/V100_P0_GPT54_I05_R01/checkpoint/e7849e11813743659c7d53436c07af0d_iteration1/generated/MovieLens100K/seed_7/checkpoints/results.json,MovieLens100K-c437b6f6,LensKit.PopScorer-f4aa5539-7,PopScorer,7,NDCG,10,0.1736747599336707,True
V100_P0_GPT54_I05_R01,study_runs/V100_P0_GPT54_I05_R01/checkpoint/e7849e11813743659c7d53436c07af0d_iteration1/generated/MovieLens100K/seed_7/checkpoints/results.json,MovieLens100K-c437b6f6,LensKit.PopScorer-f4aa5539-7,PopScorer,7,Precision,1,0.271474019088017,True
V100_P0_GPT54_I05_R01,study_runs/V100_P0_GPT54_I05_R01/checkpoint/e7849e11813743659c7d53436c07af0d_iteration1/generated/MovieLens100K/seed_7/checkpoints/results.json,MovieLens100K-c437b6f6,LensKit.PopScorer-f4aa5539-7,PopScorer,7,Precision,5,0.16903499469777308,True
V100_P0_GPT54_I05_R01,study_runs/V100_P0_GPT54_I05_R01/checkpoint/e7849e11813743659c7d53436c07af0d_iteration1/generated/MovieLens100K/seed_7/checkpoints/results.json,MovieLens100K-c437b6f6,LensKit.PopScorer-f4aa5539-7,PopScorer,7,Precision,10,0.15811240721102862,True
V100_P0_GPT54_I05_R01,study_runs/V100_P0_GPT54_I05_R01/checkpoint/e7849e11813743659c7d53436c07af0d_iteration1/generated/MovieLens100K/seed_7/checkpoints/results.json,MovieLens100K-c437b6f6,LensKit.ItemKNNScorer-c3d66610-7,ItemKNNScorer,7,NDCG,1,0.40827147401908803,True
V100_P0_GPT54_I05_R01,study_runs/V100_P0_GPT54_I05_R01/checkpoint/e7849e11813743659c7d53436c07af0d_iteration1/generated/MovieLens100K/seed_7/checkpoints/results.json,MovieLens100K-c437b6f6,LensKit.ItemKNNScorer-c3d66610-7,ItemKNNScorer,7,NDCG,5,0.32125880720059113,True
V100_P0_GPT54_I05_R01,study_runs/V100_P0_GPT54_I05_R01/checkpoint/e7849e11813743659c7d53436c07af0d_iteration1/generated/MovieLens100K/seed_7/checkpoints/results.json,MovieLens100K-c437b6f6,LensKit.ItemKNNScorer-c3d66610-7,ItemKNNScorer,7,NDCG,10,0.2738561162234326,True
V100_P0_GPT54_I05_R01,study_runs/V100_P0_GPT54_I05_R01/checkpoint/e7849e11813743659c7d53436c07af0d_iteration1/generated/MovieLens100K/seed_7/checkpoints/results.json,MovieLens100K-c437b6f6,LensKit.ItemKNNScorer-c3d66610-7,ItemKNNScorer,7,Precision,1,0.40827147401908803,True
V100_P0_GPT54_I05_R01,study_runs/V100_P0_GPT54_I05_R01/checkpoint/e7849e11813743659c7d53436c07af0d_iteration1/generated/MovieLens100K/seed_7/checkpoints/results.json,MovieLens100K-c437b6f6,LensKit.ItemKNNScorer-c3d66610-7,ItemKNNScorer,7,Precision,5,0.29713679745493105,True
V100_P0_GPT54_I05_R01,study_runs/V100_P0_GPT54_I05_R01/checkpoint/e7849e11813743659c7d53436c07af0d_iteration1/generated/MovieLens100K/seed_7/checkpoints/results.json,MovieLens100K-c437b6f6,LensKit.ItemKNNScorer-c3d66610-7,ItemKNNScorer,7,Precision,10,0.24114528101802757,True
V100_P0_GPT54_I05_R01,study_runs/V100_P0_GPT54_I05_R01/checkpoint/e7849e11813743659c7d53436c07af0d_iteration1/generated/MovieLens100K/seed_7/checkpoints/results.json,MovieLens100K-c437b6f6,LensKit.ImplicitMFScorer-f0dd7ecb-7,ImplicitMFScorer,7,NDCG,1,0.22163308589607636,True
V100_P0_GPT54_I05_R01,study_runs/V100_P0_GPT54_I05_R01/checkpoint/e7849e11813743659c7d53436c07af0d_iteration1/generated/MovieLens100K/seed_7/checkpoints/results.json,MovieLens100K-c437b6f6,LensKit.ImplicitMFScorer-f0dd7ecb-7,ImplicitMFScorer,7,NDCG,5,0.2046507268390881,True
V100_P0_GPT54_I05_R01,study_runs/V100_P0_GPT54_I05_R01/checkpoint/e7849e11813743659c7d53436c07af0d_iteration1/generated/MovieLens100K/seed_7/checkpoints/results.json,MovieLens100K-c437b6f6,LensKit.ImplicitMFScorer-f0dd7ecb-7,ImplicitMFScorer,7,NDCG,10,0.19097738573570766,True
V100_P0_GPT54_I05_R01,study_runs/V100_P0_GPT54_I05_R01/checkpoint/e7849e11813743659c7d53436c07af0d_iteration1/generated/MovieLens100K/seed_7/checkpoints/results.json,MovieLens100K-c437b6f6,LensKit.ImplicitMFScorer-f0dd7ecb-7,ImplicitMFScorer,7,Precision,1,0.22163308589607636,True
V100_P0_GPT54_I05_R01,study_runs/V100_P0_GPT54_I05_R01/checkpoint/e7849e11813743659c7d53436c07af0d_iteration1/generated/MovieLens100K/seed_7/checkpoints/results.json,MovieLens100K-c437b6f6,LensKit.ImplicitMFScorer-f0dd7ecb-7,ImplicitMFScorer,7,Precision,5,0.1997879109225875,True
V100_P0_GPT54_I05_R01,study_runs/V100_P0_GPT54_I05_R01/checkpoint/e7849e11813743659c7d53436c07af0d_iteration1/generated/MovieLens100K/seed_7/checkpoints/results.json,MovieLens100K-c437b6f6,LensKit.ImplicitMFScorer-f0dd7ecb-7,ImplicitMFScorer,7,Precision,10,0.18260869565217394,True
V100_P0_GPT54_I05_R01,study_runs/V100_P0_GPT54_I05_R01/checkpoint/e7849e11813743659c7d53436c07af0d_iteration1/generated/MovieLens100K/seed_42/checkpoints/results.json,MovieLens100K-c437b6f6,LensKit.PopScorer-f4aa5539-42,PopScorer,42,NDCG,1,0.2513255567338282,True
V100_P0_GPT54_I05_R01,study_runs/V100_P0_GPT54_I05_R01/checkpoint/e7849e11813743659c7d53436c07af0d_iteration1/generated/MovieLens100K/seed_42/checkpoints/results.json,MovieLens100K-c437b6f6,LensKit.PopScorer-f4aa5539-42,PopScorer,42,NDCG,5,0.18973408629029426,True
V100_P0_GPT54_I05_R01,study_runs/V100_P0_GPT54_I05_R01/checkpoint/e7849e11813743659c7d53436c07af0d_iteration1/generated/MovieLens100K/seed_42/checkpoints/results.json,MovieLens100K-c437b6f6,LensKit.PopScorer-f4aa5539-42,PopScorer,42,NDCG,10,0.1735729426475568,True
V100_P0_GPT54_I05_R01,study_runs/V100_P0_GPT54_I05_R01/checkpoint/e7849e11813743659c7d53436c07af0d_iteration1/generated/MovieLens100K/seed_42/checkpoints/results.json,MovieLens100K-c437b6f6,LensKit.PopScorer-f4aa5539-42,PopScorer,42,Precision,1,0.2513255567338282,True
V100_P0_GPT54_I05_R01,study_runs/V100_P0_GPT54_I05_R01/checkpoint/e7849e11813743659c7d53436c07af0d_iteration1/generated/MovieLens100K/seed_42/checkpoints/results.json,MovieLens100K-c437b6f6,LensKit.PopScorer-f4aa5539-42,PopScorer,42,Precision,5,0.1728525980911983,True
V100_P0_GPT54_I05_R01,study_runs/V100_P0_GPT54_I05_R01/checkpoint/e7849e11813743659c7d53436c07af0d_iteration1/generated/MovieLens100K/seed_42/checkpoints/results.json,MovieLens100K-c437b6f6,LensKit.PopScorer-f4aa5539-42,PopScorer,42,Precision,10,0.1582184517497349,True
V100_P0_GPT54_I05_R01,study_runs/V100_P0_GPT54_I05_R01/checkpoint/e7849e11813743659c7d53436c07af0d_iteration1/generated/MovieLens100K/seed_42/checkpoints/results.json,MovieLens100K-c437b6f6,LensKit.ItemKNNScorer-c3d66610-42,ItemKNNScorer,42,NDCG,1,0.39660657476139977,True
V100_P0_GPT54_I05_R01,study_runs/V100_P0_GPT54_I05_R01/checkpoint/e7849e11813743659c7d53436c07af0d_iteration1/generated/MovieLens100K/seed_42/checkpoints/results.json,MovieLens100K-c437b6f6,LensKit.ItemKNNScorer-c3d66610-42,ItemKNNScorer,42,NDCG,5,0.3089661130018698,True
V100_P0_GPT54_I05_R01,study_runs/V100_P0_GPT54_I05_R01/checkpoint/e7849e11813743659c7d53436c07af0d_iteration1/generated/MovieLens100K/seed_42/checkpoints/results.json,MovieLens100K-c437b6f6,LensKit.ItemKNNScorer-c3d66610-42,ItemKNNScorer,42,NDCG,10,0.2682922274737812,True
V100_P0_GPT54_I05_R01,study_runs/V100_P0_GPT54_I05_R01/checkpoint/e7849e11813743659c7d53436c07af0d_iteration1/generated/MovieLens100K/seed_42/checkpoints/results.json,MovieLens100K-c437b6f6,LensKit.ItemKNNScorer-c3d66610-42,ItemKNNScorer,42,Precision,1,0.39660657476139977,True
V100_P0_GPT54_I05_R01,study_runs/V100_P0_GPT54_I05_R01/checkpoint/e7849e11813743659c7d53436c07af0d_iteration1/generated/MovieLens100K/seed_42/checkpoints/results.json,MovieLens100K-c437b6f6,LensKit.ItemKNNScorer-c3d66610-42,ItemKNNScorer,42,Precision,5,0.2848356309650053,True
V100_P0_GPT54_I05_R01,study_runs/V100_P0_GPT54_I05_R01/checkpoint/e7849e11813743659c7d53436c07af0d_iteration1/generated/MovieLens100K/seed_42/checkpoints/results.json,MovieLens100K-c437b6f6,LensKit.ItemKNNScorer-c3d66610-42,ItemKNNScorer,42,Precision,10,0.23806998939554613,True
V100_P0_GPT54_I05_R01,study_runs/V100_P0_GPT54_I05_R01/checkpoint/e7849e11813743659c7d53436c07af0d_iteration1/generated/MovieLens100K/seed_42/checkpoints/results.json,MovieLens100K-c437b6f6,LensKit.ImplicitMFScorer-f0dd7ecb-42,ImplicitMFScorer,42,NDCG,1,0.21951219512195122,True
V100_P0_GPT54_I05_R01,study_runs/V100_P0_GPT54_I05_R01/checkpoint/e7849e11813743659c7d53436c07af0d_iteration1/generated/MovieLens100K/seed_42/checkpoints/results.json,MovieLens100K-c437b6f6,LensKit.ImplicitMFScorer-f0dd7ecb-42,ImplicitMFScorer,42,NDCG,5,0.2030575023262617,True
V100_P0_GPT54_I05_R01,study_runs/V100_P0_GPT54_I05_R01/checkpoint/e7849e11813743659c7d53436c07af0d_iteration1/generated/MovieLens100K/seed_42/checkpoints/results.json,MovieLens100K-c437b6f6,LensKit.ImplicitMFScorer-f0dd7ecb-42,ImplicitMFScorer,42,NDCG,10,0.1916356574513626,True
V100_P0_GPT54_I05_R01,study_runs/V100_P0_GPT54_I05_R01/checkpoint/e7849e11813743659c7d53436c07af0d_iteration1/generated/MovieLens100K/seed_42/checkpoints/results.json,MovieLens100K-c437b6f6,LensKit.ImplicitMFScorer-f0dd7ecb-42,ImplicitMFScorer,42,Precision,1,0.21951219512195122,True
V100_P0_GPT54_I05_R01,study_runs/V100_P0_GPT54_I05_R01/checkpoint/e7849e11813743659c7d53436c07af0d_iteration1/generated/MovieLens100K/seed_42/checkpoints/results.json,MovieLens100K-c437b6f6,LensKit.ImplicitMFScorer-f0dd7ecb-42,ImplicitMFScorer,42,Precision,5,0.19851537645811243,True
V100_P0_GPT54_I05_R01,study_runs/V100_P0_GPT54_I05_R01/checkpoint/e7849e11813743659c7d53436c07af0d_iteration1/generated/MovieLens100K/seed_42/checkpoints/results.json,MovieLens100K-c437b6f6,LensKit.ImplicitMFScorer-f0dd7ecb-42,ImplicitMFScorer,42,Precision,10,0.18419936373276777,True
V100_P0_GPT54_I05_R01,study_runs/V100_P0_GPT54_I05_R01/checkpoint/e7849e11813743659c7d53436c07af0d_iteration1/generated/MovieLens100K/seed_29/checkpoints/results.json,MovieLens100K-c437b6f6,LensKit.PopScorer-f4aa5539-29,PopScorer,29,NDCG,1,0.28525980911983034,True
V100_P0_GPT54_I05_R01,study_runs/V100_P0_GPT54_I05_R01/checkpoint/e7849e11813743659c7d53436c07af0d_iteration1/generated/MovieLens100K/seed_29/checkpoints/results.json,MovieLens100K-c437b6f6,LensKit.PopScorer-f4aa5539-29,PopScorer,29,NDCG,5,0.20013720173236496,True
V100_P0_GPT54_I05_R01,study_runs/V100_P0_GPT54_I05_R01/checkpoint/e7849e11813743659c7d53436c07af0d_iteration1/generated/MovieLens100K/seed_29/checkpoints/results.json,MovieLens100K-c437b6f6,LensKit.PopScorer-f4aa5539-29,PopScorer,29,NDCG,10,0.18602088039946296,True
V100_P0_GPT54_I05_R01,study_runs/V100_P0_GPT54_I05_R01/checkpoint/e7849e11813743659c7d53436c07af0d_iteration1/generated/MovieLens100K/seed_29/checkpoints/results.json,MovieLens100K-c437b6f6,LensKit.PopScorer-f4aa5539-29,PopScorer,29,Precision,1,0.28525980911983034,True
V100_P0_GPT54_I05_R01,study_runs/V100_P0_GPT54_I05_R01/checkpoint/e7849e11813743659c7d53436c07af0d_iteration1/generated/MovieLens100K/seed_29/checkpoints/results.json,MovieLens100K-c437b6f6,LensKit.PopScorer-f4aa5539-29,PopScorer,29,Precision,5,0.1804878048780488,True
V100_P0_GPT54_I05_R01,study_runs/V100_P0_GPT54_I05_R01/checkpoint/e7849e11813743659c7d53436c07af0d_iteration1/generated/MovieLens100K/seed_29/checkpoints/results.json,MovieLens100K-c437b6f6,LensKit.PopScorer-f4aa5539-29,PopScorer,29,Precision,10,0.16998939554612938,True
V100_P0_GPT54_I05_R01,study_runs/V100_P0_GPT54_I05_R01/checkpoint/e7849e11813743659c7d53436c07af0d_iteration1/generated/MovieLens100K/seed_29/checkpoints/results.json,MovieLens100K-c437b6f6,LensKit.ItemKNNScorer-c3d66610-29,ItemKNNScorer,29,NDCG,1,0.3902439024390244,True
V100_P0_GPT54_I05_R01,study_runs/V100_P0_GPT54_I05_R01/checkpoint/e7849e11813743659c7d53436c07af0d_iteration1/generated/MovieLens100K/seed_29/checkpoints/results.json,MovieLens100K-c437b6f6,LensKit.ItemKNNScorer-c3d66610-29,ItemKNNScorer,29,NDCG,5,0.3041949092269948,True
V100_P0_GPT54_I05_R01,study_runs/V100_P0_GPT54_I05_R01/checkpoint/e7849e11813743659c7d53436c07af0d_iteration1/generated/MovieLens100K/seed_29/checkpoints/results.json,MovieLens100K-c437b6f6,LensKit.ItemKNNScorer-c3d66610-29,ItemKNNScorer,29,NDCG,10,0.26288238523896645,True
V100_P0_GPT54_I05_R01,study_runs/V100_P0_GPT54_I05_R01/checkpoint/e7849e11813743659c7d53436c07af0d_iteration1/generated/MovieLens100K/seed_29/checkpoints/results.json,MovieLens100K-c437b6f6,LensKit.ItemKNNScorer-c3d66610-29,ItemKNNScorer,29,Precision,1,0.3902439024390244,True
V100_P0_GPT54_I05_R01,study_runs/V100_P0_GPT54_I05_R01/checkpoint/e7849e11813743659c7d53436c07af0d_iteration1/generated/MovieLens100K/seed_29/checkpoints/results.json,MovieLens100K-c437b6f6,LensKit.ItemKNNScorer-c3d66610-29,ItemKNNScorer,29,Precision,5,0.2822905620360551,True
V100_P0_GPT54_I05_R01,study_runs/V100_P0_GPT54_I05_R01/checkpoint/e7849e11813743659c7d53436c07af0d_iteration1/generated/MovieLens100K/seed_29/checkpoints/results.json,MovieLens100K-c437b6f6,LensKit.ItemKNNScorer-c3d66610-29,ItemKNNScorer,29,Precision,10,0.2342523860021209,True
V100_P0_GPT54_I05_R01,study_runs/V100_P0_GPT54_I05_R01/checkpoint/e7849e11813743659c7d53436c07af0d_iteration1/generated/MovieLens100K/seed_29/checkpoints/results.json,MovieLens100K-c437b6f6,LensKit.ImplicitMFScorer-f0dd7ecb-29,ImplicitMFScorer,29,NDCG,1,0.2301166489925769,True
V100_P0_GPT54_I05_R01,study_runs/V100_P0_GPT54_I05_R01/checkpoint/e7849e11813743659c7d53436c07af0d_iteration1/generated/MovieLens100K/seed_29/checkpoints/results.json,MovieLens100K-c437b6f6,LensKit.ImplicitMFScorer-f0dd7ecb-29,ImplicitMFScorer,29,NDCG,5,0.2137667839359667,True
V100_P0_GPT54_I05_R01,study_runs/V100_P0_GPT54_I05_R01/checkpoint/e7849e11813743659c7d53436c07af0d_iteration1/generated/MovieLens100K/seed_29/checkpoints/results.json,MovieLens100K-c437b6f6,LensKit.ImplicitMFScorer-f0dd7ecb-29,ImplicitMFScorer,29,NDCG,10,0.20072390032772872,True
V100_P0_GPT54_I05_R01,study_runs/V100_P0_GPT54_I05_R01/checkpoint/e7849e11813743659c7d53436c07af0d_iteration1/generated/MovieLens100K/seed_29/checkpoints/results.json,MovieLens100K-c437b6f6,LensKit.ImplicitMFScorer-f0dd7ecb-29,ImplicitMFScorer,29,Precision,1,0.2301166489925769,True
V100_P0_GPT54_I05_R01,study_runs/V100_P0_GPT54_I05_R01/checkpoint/e7849e11813743659c7d53436c07af0d_iteration1/generated/MovieLens100K/seed_29/checkpoints/results.json,MovieLens100K-c437b6f6,LensKit.ImplicitMFScorer-f0dd7ecb-29,ImplicitMFScorer,29,Precision,5,0.2091198303287381,True
V100_P0_GPT54_I05_R01,study_runs/V100_P0_GPT54_I05_R01/checkpoint/e7849e11813743659c7d53436c07af0d_iteration1/generated/MovieLens100K/seed_29/checkpoints/results.json,MovieLens100K-c437b6f6,LensKit.ImplicitMFScorer-f0dd7ecb-29,ImplicitMFScorer,29,Precision,10,0.1926829268292683,True
V100_P0_GPT54_I05_R01,study_runs/V100_P0_GPT54_I05_R01/checkpoint/e7849e11813743659c7d53436c07af0d_iteration1/generated/MovieLens100K/seed_13/checkpoints/results.json,MovieLens100K-c437b6f6,LensKit.PopScorer-f4aa5539-13,PopScorer,13,NDCG,1,0.23860021208907742,True
V100_P0_GPT54_I05_R01,study_runs/V100_P0_GPT54_I05_R01/checkpoint/e7849e11813743659c7d53436c07af0d_iteration1/generated/MovieLens100K/seed_13/checkpoints/results.json,MovieLens100K-c437b6f6,LensKit.PopScorer-f4aa5539-13,PopScorer,13,NDCG,5,0.18375179323894303,True
V100_P0_GPT54_I05_R01,study_runs/V100_P0_GPT54_I05_R01/checkpoint/e7849e11813743659c7d53436c07af0d_iteration1/generated/MovieLens100K/seed_13/checkpoints/results.json,MovieLens100K-c437b6f6,LensKit.PopScorer-f4aa5539-13,PopScorer,13,NDCG,10,0.17060697011040818,True
V100_P0_GPT54_I05_R01,study_runs/V100_P0_GPT54_I05_R01/checkpoint/e7849e11813743659c7d53436c07af0d_iteration1/generated/MovieLens100K/seed_13/checkpoints/results.json,MovieLens100K-c437b6f6,LensKit.PopScorer-f4aa5539-13,PopScorer,13,Precision,1,0.23860021208907742,True
V100_P0_GPT54_I05_R01,study_runs/V100_P0_GPT54_I05_R01/checkpoint/e7849e11813743659c7d53436c07af0d_iteration1/generated/MovieLens100K/seed_13/checkpoints/results.json,MovieLens100K-c437b6f6,LensKit.PopScorer-f4aa5539-13,PopScorer,13,Precision,5,0.16967126193001061,True
V100_P0_GPT54_I05_R01,study_runs/V100_P0_GPT54_I05_R01/checkpoint/e7849e11813743659c7d53436c07af0d_iteration1/generated/MovieLens100K/seed_13/checkpoints/results.json,MovieLens100K-c437b6f6,LensKit.PopScorer-f4aa5539-13,PopScorer,13,Precision,10,0.15779427359490988,True
V100_P0_GPT54_I05_R01,study_runs/V100_P0_GPT54_I05_R01/checkpoint/e7849e11813743659c7d53436c07af0d_iteration1/generated/MovieLens100K/seed_13/checkpoints/results.json,MovieLens100K-c437b6f6,LensKit.ItemKNNScorer-c3d66610-13,ItemKNNScorer,13,NDCG,1,0.3944856839872747,True
V100_P0_GPT54_I05_R01,study_runs/V100_P0_GPT54_I05_R01/checkpoint/e7849e11813743659c7d53436c07af0d_iteration1/generated/MovieLens100K/seed_13/checkpoints/results.json,MovieLens100K-c437b6f6,LensKit.ItemKNNScorer-c3d66610-13,ItemKNNScorer,13,NDCG,5,0.30883221154391327,True
V100_P0_GPT54_I05_R01,study_runs/V100_P0_GPT54_I05_R01/checkpoint/e7849e11813743659c7d53436c07af0d_iteration1/generated/MovieLens100K/seed_13/checkpoints/results.json,MovieLens100K-c437b6f6,LensKit.ItemKNNScorer-c3d66610-13,ItemKNNScorer,13,NDCG,10,0.2681228745099085,True
V100_P0_GPT54_I05_R01,study_runs/V100_P0_GPT54_I05_R01/checkpoint/e7849e11813743659c7d53436c07af0d_iteration1/generated/MovieLens100K/seed_13/checkpoints/results.json,MovieLens100K-c437b6f6,LensKit.ItemKNNScorer-c3d66610-13,ItemKNNScorer,13,Precision,1,0.3944856839872747,True
V100_P0_GPT54_I05_R01,study_runs/V100_P0_GPT54_I05_R01/checkpoint/e7849e11813743659c7d53436c07af0d_iteration1/generated/MovieLens100K/seed_13/checkpoints/results.json,MovieLens100K-c437b6f6,LensKit.ItemKNNScorer-c3d66610-13,ItemKNNScorer,13,Precision,5,0.28525980911983034,True
V100_P0_GPT54_I05_R01,study_runs/V100_P0_GPT54_I05_R01/checkpoint/e7849e11813743659c7d53436c07af0d_iteration1/generated/MovieLens100K/seed_13/checkpoints/results.json,MovieLens100K-c437b6f6,LensKit.ItemKNNScorer-c3d66610-13,ItemKNNScorer,13,Precision,10,0.2383881230116649,True
V100_P0_GPT54_I05_R01,study_runs/V100_P0_GPT54_I05_R01/checkpoint/e7849e11813743659c7d53436c07af0d_iteration1/generated/MovieLens100K/seed_13/checkpoints/results.json,MovieLens100K-c437b6f6,LensKit.ImplicitMFScorer-f0dd7ecb-13,ImplicitMFScorer,13,NDCG,1,0.20572640509013787,True
V100_P0_GPT54_I05_R01,study_runs/V100_P0_GPT54_I05_R01/checkpoint/e7849e11813743659c7d53436c07af0d_iteration1/generated/MovieLens100K/seed_13/checkpoints/results.json,MovieLens100K-c437b6f6,LensKit.ImplicitMFScorer-f0dd7ecb-13,ImplicitMFScorer,13,NDCG,5,0.2014365235292302,True
V100_P0_GPT54_I05_R01,study_runs/V100_P0_GPT54_I05_R01/checkpoint/e7849e11813743659c7d53436c07af0d_iteration1/generated/MovieLens100K/seed_13/checkpoints/results.json,MovieLens100K-c437b6f6,LensKit.ImplicitMFScorer-f0dd7ecb-13,ImplicitMFScorer,13,NDCG,10,0.190871835000215,True
V100_P0_GPT54_I05_R01,study_runs/V100_P0_GPT54_I05_R01/checkpoint/e7849e11813743659c7d53436c07af0d_iteration1/generated/MovieLens100K/seed_13/checkpoints/results.json,MovieLens100K-c437b6f6,LensKit.ImplicitMFScorer-f0dd7ecb-13,ImplicitMFScorer,13,Precision,1,0.20572640509013787,True
V100_P0_GPT54_I05_R01,study_runs/V100_P0_GPT54_I05_R01/checkpoint/e7849e11813743659c7d53436c07af0d_iteration1/generated/MovieLens100K/seed_13/checkpoints/results.json,MovieLens100K-c437b6f6,LensKit.ImplicitMFScorer-f0dd7ecb-13,ImplicitMFScorer,13,Precision,5,0.19745493107104986,True
V100_P0_GPT54_I05_R01,study_runs/V100_P0_GPT54_I05_R01/checkpoint/e7849e11813743659c7d53436c07af0d_iteration1/generated/MovieLens100K/seed_13/checkpoints/results.json,MovieLens100K-c437b6f6,LensKit.ImplicitMFScorer-f0dd7ecb-13,ImplicitMFScorer,13,Precision,10,0.18430540827147404,True
V100_P0_GPT54_I05_R01,study_runs/V100_P0_GPT54_I05_R01/checkpoint/e7849e11813743659c7d53436c07af0d/generated/seed_87/checkpoints/results.json,MovieLens100K-c437b6f6,LensKit.PopScorer-f4aa5539-87,PopScorer,87,NDCG,10,0.16597381253201973,True
V100_P0_GPT54_I05_R01,study_runs/V100_P0_GPT54_I05_R01/checkpoint/e7849e11813743659c7d53436c07af0d/generated/seed_7/checkpoints/results.json,MovieLens100K-c437b6f6,LensKit.PopScorer-f4aa5539-7,PopScorer,7,NDCG,10,0.1736747599336707,True
V100_P0_GPT54_I05_R01,study_runs/V100_P0_GPT54_I05_R01/checkpoint/e7849e11813743659c7d53436c07af0d/generated/seed_42/checkpoints/results.json,MovieLens100K-c437b6f6,LensKit.PopScorer-f4aa5539-42,PopScorer,42,NDCG,10,0.1735729426475568,True
V100_P0_GPT54_I05_R01,study_runs/V100_P0_GPT54_I05_R01/checkpoint/e7849e11813743659c7d53436c07af0d/generated/seed_29/checkpoints/results.json,MovieLens100K-c437b6f6,LensKit.PopScorer-f4aa5539-29,PopScorer,29,NDCG,10,0.18602088039946296,True
V100_P0_GPT54_I05_R01,study_runs/V100_P0_GPT54_I05_R01/checkpoint/e7849e11813743659c7d53436c07af0d/generated/seed_13/checkpoints/results.json,MovieLens100K-c437b6f6,LensKit.PopScorer-f4aa5539-13,PopScorer,13,NDCG,10,0.17060697011040818,True
V100_P0_GPT54_I05_R01,study_runs/V100_P0_GPT54_I05_R01/checkpoint/1a0e67a0ed0f49838458b10f36953597/generated/seed_87/checkpoints/results.json,MovieLens100K-c0b4b14e,LensKit.PopScorer-f4aa5539-87,PopScorer,87,NDCG,10,0.1517148455212471,True
V100_P0_GPT54_I05_R01,study_runs/V100_P0_GPT54_I05_R01/checkpoint/1a0e67a0ed0f49838458b10f36953597/generated/seed_7/checkpoints/results.json,MovieLens100K-c0b4b14e,LensKit.PopScorer-f4aa5539-7,PopScorer,7,NDCG,10,0.15903340399232113,True
V100_P0_GPT54_I05_R01,study_runs/V100_P0_GPT54_I05_R01/checkpoint/1a0e67a0ed0f49838458b10f36953597/generated/seed_42/checkpoints/results.json,MovieLens100K-c0b4b14e,LensKit.PopScorer-f4aa5539-42,PopScorer,42,NDCG,10,0.15941596102520378,True
V100_P0_GPT54_I05_R01,study_runs/V100_P0_GPT54_I05_R01/checkpoint/1a0e67a0ed0f49838458b10f36953597/generated/seed_29/checkpoints/results.json,MovieLens100K-c0b4b14e,LensKit.PopScorer-f4aa5539-29,PopScorer,29,NDCG,10,0.16973680752486506,True
V100_P0_GPT54_I05_R01,study_runs/V100_P0_GPT54_I05_R01/checkpoint/1a0e67a0ed0f49838458b10f36953597/generated/seed_13/checkpoints/results.json,MovieLens100K-c0b4b14e,LensKit.PopScorer-f4aa5539-13,PopScorer,13,NDCG,10,0.15404274103057136,True
SMOKE_V100_P0_I01,study_runs/SMOKE_V100_P0_I01/checkpoint/8ae5c9e5771d4ce2be8d8a2a7b4228f0/generated/checkpoints/results.json,MovieLens100K-938abed0,LensKit.ImplicitMFScorer-f0dd7ecb-11,ImplicitMFScorer,11,NDCG,10,0.16127373115838955,True
SMOKE_V100_P0_I01,study_runs/SMOKE_V100_P0_I01/checkpoint/8ae5c9e5771d4ce2be8d8a2a7b4228f0/generated/checkpoints/results.json,MovieLens100K-938abed0,LensKit.ImplicitMFScorer-f0dd7ecb-11,ImplicitMFScorer,11,HR,10,0.7741251325556734,True
SMOKE_V100_P0_I01,study_runs/SMOKE_V100_P0_I01/checkpoint/2b04050768474782874f3d86300c385f_seed/generated/checkpoints/results.json,MovieLens100K-938abed0,LensKit.ImplicitMFScorer-ca533e7c-11,ImplicitMFScorer,11,NDCG,10,0.16502227206787928,True
SMOKE_V100_P0_I01,study_runs/SMOKE_V100_P0_I01/checkpoint/2b04050768474782874f3d86300c385f_seed/generated/checkpoints/results.json,MovieLens100K-938abed0,LensKit.ImplicitMFScorer-ca533e7c-11,ImplicitMFScorer,11,Precision,10,0.16002120890774127,True
SMOKE_V100_P0_I01,study_runs/SMOKE_V100_P0_I01/checkpoint/2b04050768474782874f3d86300c385f_seed/generated/checkpoints/results.json,MovieLens100K-938abed0,LensKit.ImplicitMFScorer-ca533e7c-22,ImplicitMFScorer,22,NDCG,10,0.16966350578458136,True
SMOKE_V100_P0_I01,study_runs/SMOKE_V100_P0_I01/checkpoint/2b04050768474782874f3d86300c385f_seed/generated/checkpoints/results.json,MovieLens100K-938abed0,LensKit.ImplicitMFScorer-ca533e7c-22,ImplicitMFScorer,22,Precision,10,0.1610816542948038,True
SMOKE_V100_P0_I01,study_runs/SMOKE_V100_P0_I01/checkpoint/2b04050768474782874f3d86300c385f_seed/generated/checkpoints/results.json,MovieLens100K-938abed0,LensKit.ImplicitMFScorer-ca533e7c-33,ImplicitMFScorer,33,NDCG,10,0.1608744064921078,True
SMOKE_V100_P0_I01,study_runs/SMOKE_V100_P0_I01/checkpoint/2b04050768474782874f3d86300c385f_seed/generated/checkpoints/results.json,MovieLens100K-938abed0,LensKit.ImplicitMFScorer-ca533e7c-33,ImplicitMFScorer,33,Precision,10,0.15323435843054084,True
SMOKE_V100_P0_I01,study_runs/SMOKE_V100_P0_I01/checkpoint/2b04050768474782874f3d86300c385f_seed/generated/checkpoints/results.json,MovieLens100K-938abed0,LensKit.ImplicitMFScorer-ca533e7c-44,ImplicitMFScorer,44,NDCG,10,0.16791052279668578,True
SMOKE_V100_P0_I01,study_runs/SMOKE_V100_P0_I01/checkpoint/2b04050768474782874f3d86300c385f_seed/generated/checkpoints/results.json,MovieLens100K-938abed0,LensKit.ImplicitMFScorer-ca533e7c-44,ImplicitMFScorer,44,Precision,10,0.16256627783669142,True
SMOKE_V100_P0_I01,study_runs/SMOKE_V100_P0_I01/checkpoint/2b04050768474782874f3d86300c385f_seed/generated/checkpoints/results.json,MovieLens100K-938abed0,LensKit.ImplicitMFScorer-ca533e7c-55,ImplicitMFScorer,55,NDCG,10,0.16211190194244465,True
SMOKE_V100_P0_I01,study_runs/SMOKE_V100_P0_I01/checkpoint/2b04050768474782874f3d86300c385f_seed/generated/checkpoints/results.json,MovieLens100K-938abed0,LensKit.ImplicitMFScorer-ca533e7c-55,ImplicitMFScorer,55,Precision,10,0.1540827147401909,True
SMOKE_V100_P0_I01,study_runs/SMOKE_V100_P0_I01/checkpoint/2b04050768474782874f3d86300c385f_iteration1/generated/checkpoints/results.json,MovieLens100K-938abed0,LensKit.ImplicitMFScorer-f0dd7ecb-11,ImplicitMFScorer,11,NDCG,1,0.20360551431601273,True
SMOKE_V100_P0_I01,study_runs/SMOKE_V100_P0_I01/checkpoint/2b04050768474782874f3d86300c385f_iteration1/generated/checkpoints/results.json,MovieLens100K-938abed0,LensKit.ImplicitMFScorer-f0dd7ecb-11,ImplicitMFScorer,11,NDCG,5,0.1751032211034978,True
SMOKE_V100_P0_I01,study_runs/SMOKE_V100_P0_I01/checkpoint/2b04050768474782874f3d86300c385f_iteration1/generated/checkpoints/results.json,MovieLens100K-938abed0,LensKit.ImplicitMFScorer-f0dd7ecb-11,ImplicitMFScorer,11,NDCG,10,0.16154403494870287,True
SMOKE_V100_P0_I01,study_runs/SMOKE_V100_P0_I01/checkpoint/2b04050768474782874f3d86300c385f_iteration1/generated/checkpoints/results.json,MovieLens100K-938abed0,LensKit.ImplicitMFScorer-f0dd7ecb-11,ImplicitMFScorer,11,Precision,1,0.20360551431601273,True
SMOKE_V100_P0_I01,study_runs/SMOKE_V100_P0_I01/checkpoint/2b04050768474782874f3d86300c385f_iteration1/generated/checkpoints/results.json,MovieLens100K-938abed0,LensKit.ImplicitMFScorer-f0dd7ecb-11,ImplicitMFScorer,11,Precision,5,0.17030752916224814,True
SMOKE_V100_P0_I01,study_runs/SMOKE_V100_P0_I01/checkpoint/2b04050768474782874f3d86300c385f_iteration1/generated/checkpoints/results.json,MovieLens100K-938abed0,LensKit.ImplicitMFScorer-f0dd7ecb-11,ImplicitMFScorer,11,Precision,10,0.15312831389183457,True
SMOKE_V100_P0_I01,study_runs/SMOKE_V100_P0_I01/checkpoint/2b04050768474782874f3d86300c385f_iteration1/generated/checkpoints/results.json,MovieLens100K-938abed0,LensKit.ItemKNNScorer-c3d66610-11,ItemKNNScorer,11,NDCG,1,0.2492046659597031,True
SMOKE_V100_P0_I01,study_runs/SMOKE_V100_P0_I01/checkpoint/2b04050768474782874f3d86300c385f_iteration1/generated/checkpoints/results.json,MovieLens100K-938abed0,LensKit.ItemKNNScorer-c3d66610-11,ItemKNNScorer,11,NDCG,5,0.22239446920376282,True
SMOKE_V100_P0_I01,study_runs/SMOKE_V100_P0_I01/checkpoint/2b04050768474782874f3d86300c385f_iteration1/generated/checkpoints/results.json,MovieLens100K-938abed0,LensKit.ItemKNNScorer-c3d66610-11,ItemKNNScorer,11,NDCG,10,0.19746725027082096,True
SMOKE_V100_P0_I01,study_runs/SMOKE_V100_P0_I01/checkpoint/2b04050768474782874f3d86300c385f_iteration1/generated/checkpoints/results.json,MovieLens100K-938abed0,LensKit.ItemKNNScorer-c3d66610-11,ItemKNNScorer,11,Precision,1,0.2492046659597031,True
SMOKE_V100_P0_I01,study_runs/SMOKE_V100_P0_I01/checkpoint/2b04050768474782874f3d86300c385f_iteration1/generated/checkpoints/results.json,MovieLens100K-938abed0,LensKit.ItemKNNScorer-c3d66610-11,ItemKNNScorer,11,Precision,5,0.21399787910922588,True
SMOKE_V100_P0_I01,study_runs/SMOKE_V100_P0_I01/checkpoint/2b04050768474782874f3d86300c385f_iteration1/generated/checkpoints/results.json,MovieLens100K-938abed0,LensKit.ItemKNNScorer-c3d66610-11,ItemKNNScorer,11,Precision,10,0.18260869565217394,True
SMOKE_V100_P0_I01,study_runs/SMOKE_V100_P0_I01/checkpoint/2b04050768474782874f3d86300c385f_iteration1/generated/checkpoints/results.json,MovieLens100K-938abed0,LensKit.PopScorer-f4aa5539-11,PopScorer,11,NDCG,1,0.1951219512195122,True
SMOKE_V100_P0_I01,study_runs/SMOKE_V100_P0_I01/checkpoint/2b04050768474782874f3d86300c385f_iteration1/generated/checkpoints/results.json,MovieLens100K-938abed0,LensKit.PopScorer-f4aa5539-11,PopScorer,11,NDCG,5,0.1562044398547286,True
SMOKE_V100_P0_I01,study_runs/SMOKE_V100_P0_I01/checkpoint/2b04050768474782874f3d86300c385f_iteration1/generated/checkpoints/results.json,MovieLens100K-938abed0,LensKit.PopScorer-f4aa5539-11,PopScorer,11,NDCG,10,0.14201562367215786,True
SMOKE_V100_P0_I01,study_runs/SMOKE_V100_P0_I01/checkpoint/2b04050768474782874f3d86300c385f_iteration1/generated/checkpoints/results.json,MovieLens100K-938abed0,LensKit.PopScorer-f4aa5539-11,PopScorer,11,Precision,1,0.1951219512195122,True
SMOKE_V100_P0_I01,study_runs/SMOKE_V100_P0_I01/checkpoint/2b04050768474782874f3d86300c385f_iteration1/generated/checkpoints/results.json,MovieLens100K-938abed0,LensKit.PopScorer-f4aa5539-11,PopScorer,11,Precision,5,0.14549310710498412,True
SMOKE_V100_P0_I01,study_runs/SMOKE_V100_P0_I01/checkpoint/2b04050768474782874f3d86300c385f_iteration1/generated/checkpoints/results.json,MovieLens100K-938abed0,LensKit.PopScorer-f4aa5539-11,PopScorer,11,Precision,10,0.1308589607635207,True
SMOKE_V100_P0_I01,study_runs/SMOKE_V100_P0_I01/checkpoint/2b04050768474782874f3d86300c385f_iteration1/generated/checkpoints/results.json,Amazon2014VideoGames-32d2823b,LensKit.ItemKNNScorer-c3d66610-11,ItemKNNScorer,11,NDCG,1,0.0165842768298517,True
SMOKE_V100_P0_I01,study_runs/SMOKE_V100_P0_I01/checkpoint/2b04050768474782874f3d86300c385f_iteration1/generated/checkpoints/results.json,Amazon2014VideoGames-32d2823b,LensKit.ItemKNNScorer-c3d66610-11,ItemKNNScorer,11,NDCG,5,0.014451557408798874,True
SMOKE_V100_P0_I01,study_runs/SMOKE_V100_P0_I01/checkpoint/2b04050768474782874f3d86300c385f_iteration1/generated/checkpoints/results.json,Amazon2014VideoGames-32d2823b,LensKit.ItemKNNScorer-c3d66610-11,ItemKNNScorer,11,NDCG,10,0.012521588583918296,True
SMOKE_V100_P0_I01,study_runs/SMOKE_V100_P0_I01/checkpoint/2b04050768474782874f3d86300c385f_iteration1/generated/checkpoints/results.json,Amazon2014VideoGames-32d2823b,LensKit.ItemKNNScorer-c3d66610-11,ItemKNNScorer,11,Precision,1,0.0165842768298517,True
SMOKE_V100_P0_I01,study_runs/SMOKE_V100_P0_I01/checkpoint/2b04050768474782874f3d86300c385f_iteration1/generated/checkpoints/results.json,Amazon2014VideoGames-32d2823b,LensKit.ItemKNNScorer-c3d66610-11,ItemKNNScorer,11,Precision,5,0.013756445011428269,True
SMOKE_V100_P0_I01,study_runs/SMOKE_V100_P0_I01/checkpoint/2b04050768474782874f3d86300c385f_iteration1/generated/checkpoints/results.json,Amazon2014VideoGames-32d2823b,LensKit.ItemKNNScorer-c3d66610-11,ItemKNNScorer,11,Precision,10,0.011321958220379525,True
SMOKE_V100_P0_I01,study_runs/SMOKE_V100_P0_I01/checkpoint/2b04050768474782874f3d86300c385f/generated/checkpoints/results.json,MovieLens100K-938abed0,LensKit.ImplicitMFScorer-ca533e7c-11,ImplicitMFScorer,11,NDCG,10,0.16484405713608868,True
SMOKE_V100_P0_I01,study_runs/SMOKE_V100_P0_I01/checkpoint/2b04050768474782874f3d86300c385f/generated/checkpoints/results.json,MovieLens100K-938abed0,LensKit.ImplicitMFScorer-ca533e7c-11,ImplicitMFScorer,11,Precision,10,0.155779427359491,True
SMOKE_V100_P0_I01,study_runs/SMOKE_V100_P0_I01/checkpoint/2b04050768474782874f3d86300c385f/generated/checkpoints/results.json,MovieLens100K-938abed0,LensKit.ImplicitMFScorer-ca533e7c-22,ImplicitMFScorer,22,NDCG,10,0.16938648925787705,True
SMOKE_V100_P0_I01,study_runs/SMOKE_V100_P0_I01/checkpoint/2b04050768474782874f3d86300c385f/generated/checkpoints/results.json,MovieLens100K-938abed0,LensKit.ImplicitMFScorer-ca533e7c-22,ImplicitMFScorer,22,Precision,10,0.16076352067868505,True
SMOKE_V100_P0_I01,study_runs/SMOKE_V100_P0_I01/checkpoint/2b04050768474782874f3d86300c385f/generated/checkpoints/results.json,MovieLens100K-938abed0,LensKit.ImplicitMFScorer-ca533e7c-33,ImplicitMFScorer,33,NDCG,10,0.16841996182203434,True
SMOKE_V100_P0_I01,study_runs/SMOKE_V100_P0_I01/checkpoint/2b04050768474782874f3d86300c385f/generated/checkpoints/results.json,MovieLens100K-938abed0,LensKit.ImplicitMFScorer-ca533e7c-33,ImplicitMFScorer,33,Precision,10,0.1613997879109226,True
SMOKE_V100_P0_I01,study_runs/SMOKE_V100_P0_I01/checkpoint/2b04050768474782874f3d86300c385f/generated/checkpoints/results.json,MovieLens100K-938abed0,LensKit.ImplicitMFScorer-ca533e7c-44,ImplicitMFScorer,44,NDCG,10,0.1722837072694802,True
SMOKE_V100_P0_I01,study_runs/SMOKE_V100_P0_I01/checkpoint/2b04050768474782874f3d86300c385f/generated/checkpoints/results.json,MovieLens100K-938abed0,LensKit.ImplicitMFScorer-ca533e7c-44,ImplicitMFScorer,44,Precision,10,0.16097560975609757,True
SMOKE_V100_P0_I01,study_runs/SMOKE_V100_P0_I01/checkpoint/2b04050768474782874f3d86300c385f/generated/checkpoints/results.json,MovieLens100K-938abed0,LensKit.ImplicitMFScorer-ca533e7c-55,ImplicitMFScorer,55,NDCG,10,0.16854520266240042,True
SMOKE_V100_P0_I01,study_runs/SMOKE_V100_P0_I01/checkpoint/2b04050768474782874f3d86300c385f/generated/checkpoints/results.json,MovieLens100K-938abed0,LensKit.ImplicitMFScorer-ca533e7c-55,ImplicitMFScorer,55,Precision,10,0.15790031813361613,True
PILOT_BAD_FILENAME_V100_P0_NANO_I05_R03,study_runs/PILOT_BAD_FILENAME_V100_P0_NANO_I05_R03/checkpoint/7c7aff516dc44e82bafcc25d1c7616c7/generated/checkpoints/results.json,MovieLens100K-938abed0,LensKit.ImplicitMFScorer-f0dd7ecb-42,ImplicitMFScorer,42,Precision,5,0.16733828207847298,True
PILOT_BAD_FILENAME_V100_P0_NANO_I05_R02,study_runs/PILOT_BAD_FILENAME_V100_P0_NANO_I05_R02/checkpoint/6e70678e1e2941428904dcc5520f6672/generated/checkpoints/results.json,MovieLens100K-36ca8c6a,LensKit.ImplicitMFScorer-f0dd7ecb-0,ImplicitMFScorer,0,Precision,5,0.1281449893390192,True
PILOT_BAD_FILENAME_V100_P0_NANO_I05_R02,study_runs/PILOT_BAD_FILENAME_V100_P0_NANO_I05_R02/checkpoint/6e70678e1e2941428904dcc5520f6672/generated/checkpoints/results.json,MovieLens100K-36ca8c6a,LensKit.ImplicitMFScorer-f0dd7ecb-1,ImplicitMFScorer,1,Precision,5,0.13091684434968018,True
PILOT_BAD_FILENAME_V100_P0_NANO_I05_R02,study_runs/PILOT_BAD_FILENAME_V100_P0_NANO_I05_R02/checkpoint/6e70678e1e2941428904dcc5520f6672/generated/checkpoints/results.json,MovieLens100K-36ca8c6a,LensKit.ImplicitMFScorer-f0dd7ecb-2,ImplicitMFScorer,2,Precision,5,0.14307036247334756,True
PILOT_BAD_FILENAME_V100_P0_NANO_I05_R02,study_runs/PILOT_BAD_FILENAME_V100_P0_NANO_I05_R02/checkpoint/6e70678e1e2941428904dcc5520f6672/generated/checkpoints/results.json,MovieLens100K-36ca8c6a,LensKit.ImplicitMFScorer-f0dd7ecb-3,ImplicitMFScorer,3,Precision,5,0.1328358208955224,True
PILOT_BAD_FILENAME_V100_P0_NANO_I05_R02,study_runs/PILOT_BAD_FILENAME_V100_P0_NANO_I05_R02/checkpoint/6e70678e1e2941428904dcc5520f6672/generated/checkpoints/results.json,MovieLens100K-36ca8c6a,LensKit.ImplicitMFScorer-f0dd7ecb-4,ImplicitMFScorer,4,Precision,5,0.1373134328358209,True
