root,run,relative_path,name,extension,bytes,sha256,modified,readable,contains_traceback,contains_exception,contains_nan,contains_placeholder,contains_synthetic,contains_download
study_logs,PILOT_BAD_FILENAME_V100_P0_NANO_I05_R01,study_logs/PILOT_BAD_FILENAME_V100_P0_NANO_I05_R01.console.log,PILOT_BAD_FILENAME_V100_P0_NANO_I05_R01.console.log,.log,1967184,c039f1055f49fea72fe091711762c8c3835a500e1320b44d213b574f335b6dfd,2026-07-18T01:17:52,True,False,False,False,False,False,False
study_logs,PILOT_BAD_FILENAME_V100_P0_NANO_I05_R02,study_logs/PILOT_BAD_FILENAME_V100_P0_NANO_I05_R02.console.log,PILOT_BAD_FILENAME_V100_P0_NANO_I05_R02.console.log,.log,2130730,d5d54acae81e50416075048093c435514b28c2f6f162e244f546a30426021fbc,2026-07-18T08:03:14,True,False,False,False,False,False,False
study_logs,PILOT_BAD_FILENAME_V100_P0_NANO_I05_R03,study_logs/PILOT_BAD_FILENAME_V100_P0_NANO_I05_R03.console.log,PILOT_BAD_FILENAME_V100_P0_NANO_I05_R03.console.log,.log,2096804,80e7f708d414f7707005ee66337b31ffaed4ab0b009f86e0778b3dae0626ce29,2026-07-18T10:55:25,True,False,False,False,False,False,False
study_logs,SMOKE_V100_P0_I01,study_logs/SMOKE_V100_P0_I01.console.log,SMOKE_V100_P0_I01.console.log,.log,1218048,e924504240b2d8389a231dcee091c20934ea7b898380d581614113119d65f941,2026-07-17T22:58:23,True,False,False,False,False,False,False
study_logs,V100_P0_GPT54_I05_R01,study_logs/V100_P0_GPT54_I05_R01.console.log,V100_P0_GPT54_I05_R01.console.log,.log,1898272,1e68a134fd1574a684aa7397ef96416543d9662039f9c6c947d7b2d5d94f1dd4,2026-07-19T20:44:32,True,False,False,False,False,False,False
study_logs,V100_P0_GPT54_I05_R02,study_logs/V100_P0_GPT54_I05_R02.console.log,V100_P0_GPT54_I05_R02.console.log,.log,1518500,61096b90a7c4cd1baccbbe478cd430030bdcef26ba9585723b47f118cd6fd4f3,2026-07-20T03:27:10,True,False,False,False,False,False,False
study_logs,V100_P0_GPT54_I05_R03,study_logs/V100_P0_GPT54_I05_R03.console.log,V100_P0_GPT54_I05_R03.console.log,.log,18846,566fd0ba4a3a2febf782a51164570e82b99e495102fa196b01de9da81a3c81e2,2026-07-20T09:37:48,True,False,False,False,False,False,False
study_logs,V100_P0_MINI_I05_R01,study_logs/V100_P0_MINI_I05_R01.console.log,V100_P0_MINI_I05_R01.console.log,.log,1526012,ddbd82c5f0c4d2428d9fba01a70ddb4f934cc6d1c6852667ee2df7de39c51d99,2026-07-19T15:19:22,True,False,False,False,False,False,False
study_logs,V100_P0_MINI_I05_R02,study_logs/V100_P0_MINI_I05_R02.console.log,V100_P0_MINI_I05_R02.console.log,.log,1499742,ff10aed0071296bc520a1bad42e2c395923a373236bd96d43e515536c356c012,2026-07-19T16:19:30,True,False,False,False,False,False,False
study_logs,V100_P0_MINI_I05_R03,study_logs/V100_P0_MINI_I05_R03.console.log,V100_P0_MINI_I05_R03.console.log,.log,1480252,c8ac03e6161d8207914fea2ff8bc165e9c445af49143be8acc707315eb5b2ff0,2026-07-19T19:13:17,True,False,False,False,False,False,False
study_logs,V100_P0_MINI_I05_R04,study_logs/V100_P0_MINI_I05_R04.console.log,V100_P0_MINI_I05_R04.console.log,.log,1918908,6bc9c671060ed2f1618592b1fa3eccc1dae6f84d747b618ed75a09acede922e0,2026-07-19T20:28:53,True,False,False,False,False,False,False
study_logs,V100_P0_MINI_I05_R05,study_logs/V100_P0_MINI_I05_R05.console.log,V100_P0_MINI_I05_R05.console.log,.log,1452082,1f7f58b213c576ce318fab56249e7091c9625b031f176bd1f548a5a70550e063,2026-07-20T03:24:56,True,False,False,False,False,False,False
study_logs,V100_P0_NANO_I05_R01,study_logs/V100_P0_NANO_I05_R01.console.log,V100_P0_NANO_I05_R01.console.log,.log,2368318,618e90e52505b4f7d79d89b3a9ef643e02c22f31b5e298842d5f70446b067034,2026-07-18T12:22:53,True,False,False,False,False,False,False
study_logs,V100_P0_NANO_I05_R02,study_logs/V100_P0_NANO_I05_R02.console.log,V100_P0_NANO_I05_R02.console.log,.log,1888466,42977e51f8973922c5c9350bba9e90850df1a289ebf64fe113ca4489fe24729e,2026-07-18T13:29:37,True,False,False,False,False,False,False
study_logs,V100_P0_NANO_I05_R03,study_logs/V100_P0_NANO_I05_R03.console.log,V100_P0_NANO_I05_R03.console.log,.log,2212742,e6cdfced4b53525e0d64f4cbc4ca2505fc0f6fd8c15efcecae33b5327d5588f8,2026-07-18T20:18:19,True,False,False,False,False,False,False
study_logs,V100_P0_NANO_I05_R03_FAILED_ENCODING,study_logs/V100_P0_NANO_I05_R03_FAILED_ENCODING.console.log,V100_P0_NANO_I05_R03_FAILED_ENCODING.console.log,.log,698156,55e1b16f8a8b7f779a663339f182a1ae1a47dca3beb0f3a4cd296c42fe0ef3cf,2026-07-18T12:56:24,True,False,False,False,False,False,False
study_logs,V100_P0_NANO_I05_R04,study_logs/V100_P0_NANO_I05_R04.console.log,V100_P0_NANO_I05_R04.console.log,.log,1952530,e6f42e3fb3679da80e1aa71c5243e711f5539d33837ab89b11a8b06f1ffe50d0,2026-07-18T15:09:42,True,False,False,False,False,False,False
study_logs,V100_P0_NANO_I05_R05,study_logs/V100_P0_NANO_I05_R05.console.log,V100_P0_NANO_I05_R05.console.log,.log,1995118,9c2837b6d9f68e1b2adf159001d9bbc52bd082d9873a305b85fe01817fecf0f3,2026-07-18T20:14:38,True,False,False,False,False,False,False
study_logs,V100_P0_NANO_I05_R05_FAILED_ENCODING,study_logs/V100_P0_NANO_I05_R05_FAILED_ENCODING.console.log,V100_P0_NANO_I05_R05_FAILED_ENCODING.console.log,.log,1311050,b94de5058e5138fea825ca48f401e0aeb37f6228f27a0a968829b7cb0985500c,2026-07-18T14:50:50,True,False,False,False,False,False,False
study_logs,V100_P1_NANO_I05_R01,study_logs/V100_P1_NANO_I05_R01.console.log,V100_P1_NANO_I05_R01.console.log,.log,1921078,d5a7226af736006b8fad98fdfe6400c88763429005d547909359538c5446c95d,2026-07-18T22:02:16,True,False,False,False,False,False,False
study_logs,V100_P1_NANO_I05_R02,study_logs/V100_P1_NANO_I05_R02.console.log,V100_P1_NANO_I05_R02.console.log,.log,1772328,31c30b7590c0025cfb115d6209d38a6312fadfde0b3abdf4829bc5e34b0f754b,2026-07-18T21:49:30,True,False,False,False,False,False,False
study_logs,V100_P1_NANO_I05_R03,study_logs/V100_P1_NANO_I05_R03.console.log,V100_P1_NANO_I05_R03.console.log,.log,2388284,875871404f0d81ce0c675acb004763e4063da72cfaf4c3fa231598f2af8311a7,2026-07-19T14:38:24,True,False,False,False,False,False,False
study_logs,V100_P1_NANO_I05_R04,study_logs/V100_P1_NANO_I05_R04.console.log,V100_P1_NANO_I05_R04.console.log,.log,1779804,a3536ac135ef636f5033796e3bd4f77397efae5cd1a7003e7b529f5cb3c14b0e,2026-07-19T14:39:13,True,False,False,False,False,False,False
study_logs,V100_P1_NANO_I05_R05,study_logs/V100_P1_NANO_I05_R05.console.log,V100_P1_NANO_I05_R05.console.log,.log,1771890,0273dfc10f579025046cac096500d9b7d5e99f175a22505e914e8b9ff56f0738,2026-07-19T15:40:33,True,False,False,False,False,False,False
study_logs,V100_P2_GPT54_I05_R01,study_logs/V100_P2_GPT54_I05_R01.console.log,V100_P2_GPT54_I05_R01.console.log,.log,1523456,273a5b906fc43417b15a5073653af584d5542983ec84eb6084af0e528c0ac7c4,2026-07-20T07:20:08,True,False,False,False,False,False,False
study_logs,V100_P2_GPT54_I05_R02,study_logs/V100_P2_GPT54_I05_R02.console.log,V100_P2_GPT54_I05_R02.console.log,.log,1671682,6dc58a07f00810beef0c60736bffa8c251cc95208c64e7c8bc0291e922cbb87f,2026-07-20T07:24:32,True,False,False,False,False,False,False
study_runs,PILOT_BAD_FILENAME_V100_P0_NANO_I05_R01,study_runs/PILOT_BAD_FILENAME_V100_P0_NANO_I05_R01/checkpoint/0bdcbe7d86d94f278c0ec94a88df76b3/code.py,code.py,.py,2,7eb70257593da06f682a3ddda54a9d260d4fc514f645237f5ca74b08f8da61a6,2026-07-18T00:34:40,True,False,False,False,False,False,False
study_runs,PILOT_BAD_FILENAME_V100_P0_NANO_I05_R01,study_runs/PILOT_BAD_FILENAME_V100_P0_NANO_I05_R01/checkpoint/0bdcbe7d86d94f278c0ec94a88df76b3/out.log,out.log,.log,49,b999c05453cbce1dd7fa3d0ee70d14f3b54a511d7b134eda76c99d23181d0525,2026-07-18T00:24:10,True,False,False,False,False,False,False
study_runs,PILOT_BAD_FILENAME_V100_P0_NANO_I05_R01,study_runs/PILOT_BAD_FILENAME_V100_P0_NANO_I05_R01/checkpoint/0fb036b370fd4ef4a3586fcdab36acc2/code.py,code.py,.py,2,7eb70257593da06f682a3ddda54a9d260d4fc514f645237f5ca74b08f8da61a6,2026-07-18T00:21:19,True,False,False,False,False,False,False
study_runs,PILOT_BAD_FILENAME_V100_P0_NANO_I05_R01,study_runs/PILOT_BAD_FILENAME_V100_P0_NANO_I05_R01/checkpoint/0fb036b370fd4ef4a3586fcdab36acc2/out.log,out.log,.log,49,b999c05453cbce1dd7fa3d0ee70d14f3b54a511d7b134eda76c99d23181d0525,2026-07-18T00:10:16,True,False,False,False,False,False,False
study_runs,PILOT_BAD_FILENAME_V100_P0_NANO_I05_R01,study_runs/PILOT_BAD_FILENAME_V100_P0_NANO_I05_R01/checkpoint/18fdfe8b4fbf41338e368412cfe7a4b0/code.py,code.py,.py,2,7eb70257593da06f682a3ddda54a9d260d4fc514f645237f5ca74b08f8da61a6,2026-07-18T00:47:29,True,False,False,False,False,False,False
study_runs,PILOT_BAD_FILENAME_V100_P0_NANO_I05_R01,study_runs/PILOT_BAD_FILENAME_V100_P0_NANO_I05_R01/checkpoint/18fdfe8b4fbf41338e368412cfe7a4b0/out.log,out.log,.log,49,b999c05453cbce1dd7fa3d0ee70d14f3b54a511d7b134eda76c99d23181d0525,2026-07-18T00:37:34,True,False,False,False,False,False,False
study_runs,PILOT_BAD_FILENAME_V100_P0_NANO_I05_R01,study_runs/PILOT_BAD_FILENAME_V100_P0_NANO_I05_R01/checkpoint/1f4746aabdd14e4fb04d1d7a45f71401/code.py,code.py,.py,5970,368d3ecbff1bd1470907c77bc453eca6203662ea03cfd6652a3ccd69bcfdb384,2026-07-18T00:52:52,True,False,True,False,False,True,False
study_runs,PILOT_BAD_FILENAME_V100_P0_NANO_I05_R01,study_runs/PILOT_BAD_FILENAME_V100_P0_NANO_I05_R01/checkpoint/1f4746aabdd14e4fb04d1d7a45f71401/out.log,out.log,.log,691,aab0d20223886dcb6f6e1f4cff1c2ed641c15989496a4ea49d1e5878cc2cb339,2026-07-18T00:44:23,True,False,False,False,False,False,True
study_runs,PILOT_BAD_FILENAME_V100_P0_NANO_I05_R01,study_runs/PILOT_BAD_FILENAME_V100_P0_NANO_I05_R01/checkpoint/280cf3b486f3422788d640f6322877ec/code.py,code.py,.py,3381,9e72cd6af15de2b19feba94addac0718201aecea03bd793aa3f378421e64fcff,2026-07-18T00:28:52,True,False,True,False,True,False,False
study_runs,PILOT_BAD_FILENAME_V100_P0_NANO_I05_R01,study_runs/PILOT_BAD_FILENAME_V100_P0_NANO_I05_R01/checkpoint/280cf3b486f3422788d640f6322877ec/out.log,out.log,.log,904,9658be54b5f14da0f1b28a2698d40bb75e9ebb267d9f4352464f119bd5956ba4,2026-07-18T00:17:26,True,True,True,False,False,False,True
study_runs,PILOT_BAD_FILENAME_V100_P0_NANO_I05_R01,study_runs/PILOT_BAD_FILENAME_V100_P0_NANO_I05_R01/checkpoint/7a6a2daface94967945ce756e530adf1/code.py,code.py,.py,3750,5e310b36201a86460bb88f53a3316656062d15d845d7bbcd91a6635fdda89ef3,2026-07-18T00:59:40,True,False,True,False,False,False,False
study_runs,PILOT_BAD_FILENAME_V100_P0_NANO_I05_R01,study_runs/PILOT_BAD_FILENAME_V100_P0_NANO_I05_R01/checkpoint/7a6a2daface94967945ce756e530adf1/out.log,out.log,.log,1355,f6180e50110aab5e67f9666a6b7fea84a8a009113b7787f72944209e02cc3cb1,2026-07-18T00:49:30,True,False,True,False,False,False,True
study_runs,PILOT_BAD_FILENAME_V100_P0_NANO_I05_R01,study_runs/PILOT_BAD_FILENAME_V100_P0_NANO_I05_R01/checkpoint/c6fc99bea3ae4f79a0dac369c4ecf600/code.py,code.py,.py,6623,310227885f9c5960b14cd13f89cc01a45836e2bc0decf084c89b6ba6bbad6738,2026-07-18T00:41:44,True,False,True,False,True,False,False
study_runs,PILOT_BAD_FILENAME_V100_P0_NANO_I05_R01,study_runs/PILOT_BAD_FILENAME_V100_P0_NANO_I05_R01/checkpoint/c6fc99bea3ae4f79a0dac369c4ecf600/out.log,out.log,.log,160,8248251e29bccfd95f3fa52ead478349483172102ef951f93d50bd3d2e29c3f1,2026-07-18T00:31:17,True,False,True,False,False,False,False
study_runs,PILOT_BAD_FILENAME_V100_P0_NANO_I05_R01,study_runs/PILOT_BAD_FILENAME_V100_P0_NANO_I05_R01/checkpoint/c6fc99bea3ae4f79a0dac369c4ecf600_iteration1/code.py,code.py,.py,2,7eb70257593da06f682a3ddda54a9d260d4fc514f645237f5ca74b08f8da61a6,2026-07-18T01:17:14,True,False,False,False,False,False,False
study_runs,PILOT_BAD_FILENAME_V100_P0_NANO_I05_R01,study_runs/PILOT_BAD_FILENAME_V100_P0_NANO_I05_R01/checkpoint/c6fc99bea3ae4f79a0dac369c4ecf600_iteration1/out.log,out.log,.log,49,b999c05453cbce1dd7fa3d0ee70d14f3b54a511d7b134eda76c99d23181d0525,2026-07-18T01:02:03,True,False,False,False,False,False,False
study_runs,PILOT_BAD_FILENAME_V100_P0_NANO_I05_R01,study_runs/PILOT_BAD_FILENAME_V100_P0_NANO_I05_R01/checkpoint/c6fc99bea3ae4f79a0dac369c4ecf600_iteration2/code.py,code.py,.py,5812,503f3a28eac5e41f4d5902a7a2db577093d777b85d11a6ad839114b8c36854b1,2026-07-18T01:17:14,True,False,True,True,False,False,False
study_runs,PILOT_BAD_FILENAME_V100_P0_NANO_I05_R01,study_runs/PILOT_BAD_FILENAME_V100_P0_NANO_I05_R01/checkpoint/c6fc99bea3ae4f79a0dac369c4ecf600_iteration2/generated/logs/reproducibility_log.json,reproducibility_log.json,.json,327,2559f9ffaa95397dd9e6bf83057944cd37f6e2f1b666809c1ceca5f53a3ee1dd,2026-07-18T01:09:58,True,False,False,False,False,False,False
study_runs,PILOT_BAD_FILENAME_V100_P0_NANO_I05_R01,study_runs/PILOT_BAD_FILENAME_V100_P0_NANO_I05_R01/checkpoint/c6fc99bea3ae4f79a0dac369c4ecf600_iteration2/out.log,out.log,.log,385,42706835eca2bb855c3be58377310a719c2828a6f4703088732b8e0ba8104686,2026-07-18T01:09:59,True,False,False,False,False,False,False
study_runs,PILOT_BAD_FILENAME_V100_P0_NANO_I05_R01,study_runs/PILOT_BAD_FILENAME_V100_P0_NANO_I05_R01/checkpoint/c6fc99bea3ae4f79a0dac369c4ecf600_seed/code.py,code.py,.py,6623,310227885f9c5960b14cd13f89cc01a45836e2bc0decf084c89b6ba6bbad6738,2026-07-18T01:08:28,True,False,True,False,True,False,False
study_runs,PILOT_BAD_FILENAME_V100_P0_NANO_I05_R01,study_runs/PILOT_BAD_FILENAME_V100_P0_NANO_I05_R01/checkpoint/c6fc99bea3ae4f79a0dac369c4ecf600_seed/out.log,out.log,.log,160,8248251e29bccfd95f3fa52ead478349483172102ef951f93d50bd3d2e29c3f1,2026-07-18T00:54:05,True,False,True,False,False,False,False
study_runs,PILOT_BAD_FILENAME_V100_P0_NANO_I05_R01,study_runs/PILOT_BAD_FILENAME_V100_P0_NANO_I05_R01/code_requirements_final.json,code_requirements_final.json,.json,4220,fd098d9cb66709229cfcbb2c3a81d92bca8ff31504b100328ba1d94b5666ffb1,2026-07-18T00:54:02,True,False,False,False,False,False,False
study_runs,PILOT_BAD_FILENAME_V100_P0_NANO_I05_R01,study_runs/PILOT_BAD_FILENAME_V100_P0_NANO_I05_R01/code_requirements_prototype.json,code_requirements_prototype.json,.json,1187,d967f5c3e828b2962327bf5ac3547a0721e5546cc751210723b635780f978931,2026-07-18T00:06:55,True,False,False,False,False,False,False
study_runs,PILOT_BAD_FILENAME_V100_P0_NANO_I05_R01,study_runs/PILOT_BAD_FILENAME_V100_P0_NANO_I05_R01/config.source.toml,config.source.toml,.toml,386,43ad328d9e971575946598bc6c906a320d878b57103e5825b7bc1b351074558f,2026-07-18T00:06:02,True,False,False,False,False,False,False
study_runs,PILOT_BAD_FILENAME_V100_P0_NANO_I05_R01,study_runs/PILOT_BAD_FILENAME_V100_P0_NANO_I05_R01/config.toml,config.toml,.toml,414,c898a876fd18cdf61a8edcd085b637587d640fd282c758dab0bfb79dee2b5cc7,2026-07-18T00:06:02,True,False,False,False,False,False,False
study_runs,PILOT_BAD_FILENAME_V100_P0_NANO_I05_R01,study_runs/PILOT_BAD_FILENAME_V100_P0_NANO_I05_R01/costs_log.csv,costs_log.csv,.csv,17276,f94bca196e86b52bb0e2fb34259637612f798373f6e3d25d6635688b7be22439,2026-07-18T01:17:46,True,False,False,False,False,False,False
study_runs,PILOT_BAD_FILENAME_V100_P0_NANO_I05_R01,study_runs/PILOT_BAD_FILENAME_V100_P0_NANO_I05_R01/debug.log,debug.log,.log,316532,9a9da7dd9f13d0928e59b1a64800e222917f023b30f36a5605ba327a7d2df5cb,2026-07-18T01:17:52,True,True,True,False,True,True,True
study_runs,PILOT_BAD_FILENAME_V100_P0_NANO_I05_R01,study_runs/PILOT_BAD_FILENAME_V100_P0_NANO_I05_R01/entered_prompt.txt,entered_prompt.txt,.txt,946,dc790c0f84813ae9f582a14783c06db3ee59faaa98d800c6bf831f5ad0d041ab,2026-07-18T00:06:02,True,False,False,False,False,False,False
study_runs,PILOT_BAD_FILENAME_V100_P0_NANO_I05_R01,study_runs/PILOT_BAD_FILENAME_V100_P0_NANO_I05_R01/statistics/0_0fb036b370fd4ef4a3586fcdab36acc2.txt,0_0fb036b370fd4ef4a3586fcdab36acc2.txt,.txt,407,153d2cabfef4174f9b86479d43ea446b75aa35ae9b62618e58a7b5c20bfc6ef5,2026-07-18T00:14:21,True,False,False,False,False,False,False
study_runs,PILOT_BAD_FILENAME_V100_P0_NANO_I05_R01,study_runs/PILOT_BAD_FILENAME_V100_P0_NANO_I05_R01/statistics/1_280cf3b486f3422788d640f6322877ec.txt,1_280cf3b486f3422788d640f6322877ec.txt,.txt,451,d92f37a6c76731e85fe5936b032d3922ffac34afdda888a1363e00f43e49a93e,2026-07-18T00:21:19,True,False,False,False,False,False,False
study_runs,PILOT_BAD_FILENAME_V100_P0_NANO_I05_R01,study_runs/PILOT_BAD_FILENAME_V100_P0_NANO_I05_R01/statistics/2_0bdcbe7d86d94f278c0ec94a88df76b3.txt,2_0bdcbe7d86d94f278c0ec94a88df76b3.txt,.txt,407,1021ea6e2ce213315fb8fc79073f7c4762e743a8921cfeb39624f33c011cf438,2026-07-18T00:28:52,True,False,False,False,False,False,False
study_runs,PILOT_BAD_FILENAME_V100_P0_NANO_I05_R01,study_runs/PILOT_BAD_FILENAME_V100_P0_NANO_I05_R01/statistics/3_c6fc99bea3ae4f79a0dac369c4ecf600.txt,3_c6fc99bea3ae4f79a0dac369c4ecf600.txt,.txt,484,f705d77e80b781782e04a77e65e99242d87ecf656dee46912ed3eed3b4fcdc60,2026-07-18T00:34:40,True,False,False,False,False,False,False
study_runs,PILOT_BAD_FILENAME_V100_P0_NANO_I05_R01,study_runs/PILOT_BAD_FILENAME_V100_P0_NANO_I05_R01/statistics/4_18fdfe8b4fbf41338e368412cfe7a4b0.txt,4_18fdfe8b4fbf41338e368412cfe7a4b0.txt,.txt,408,71a02b9d7b9115a8b24d0372fd329baab387be86d0c3c8aad644a34433c15273,2026-07-18T00:41:44,True,False,False,False,False,False,False
study_runs,PILOT_BAD_FILENAME_V100_P0_NANO_I05_R01,study_runs/PILOT_BAD_FILENAME_V100_P0_NANO_I05_R01/statistics/5_1f4746aabdd14e4fb04d1d7a45f71401.txt,5_1f4746aabdd14e4fb04d1d7a45f71401.txt,.txt,475,fff2965f41bd051d8224edda544314cbe5fed6f40c68164814d011d750bd767a,2026-07-18T00:47:29,True,False,False,False,False,False,False
study_runs,PILOT_BAD_FILENAME_V100_P0_NANO_I05_R01,study_runs/PILOT_BAD_FILENAME_V100_P0_NANO_I05_R01/statistics/6_7a6a2daface94967945ce756e530adf1.txt,6_7a6a2daface94967945ce756e530adf1.txt,.txt,480,7527468dc7ac119262b2351663e2a64816ba5b522a9b135a8d8a560a075791fb,2026-07-18T00:52:52,True,False,False,False,False,False,False
study_runs,PILOT_BAD_FILENAME_V100_P0_NANO_I05_R01,study_runs/PILOT_BAD_FILENAME_V100_P0_NANO_I05_R01/statistics/7_c6fc99bea3ae4f79a0dac369c4ecf600_seed.txt,7_c6fc99bea3ae4f79a0dac369c4ecf600_seed.txt,.txt,475,ed9f5b1306513cfe8edb283352dbf3273b9da10accb835275abc8f490d640b96,2026-07-18T00:59:40,True,False,False,False,False,False,False
study_runs,PILOT_BAD_FILENAME_V100_P0_NANO_I05_R01,study_runs/PILOT_BAD_FILENAME_V100_P0_NANO_I05_R01/statistics/8_c6fc99bea3ae4f79a0dac369c4ecf600_iteration1.txt,8_c6fc99bea3ae4f79a0dac369c4ecf600_iteration1.txt,.txt,420,8270587ed8d0dd508b0fd714854b147126ddefb53703d1e5e4aa09d6f349a090,2026-07-18T01:08:28,True,False,False,False,False,False,False
study_runs,PILOT_BAD_FILENAME_V100_P0_NANO_I05_R01,study_runs/PILOT_BAD_FILENAME_V100_P0_NANO_I05_R01/statistics/9_c6fc99bea3ae4f79a0dac369c4ecf600_iteration2.txt,9_c6fc99bea3ae4f79a0dac369c4ecf600_iteration2.txt,.txt,511,f18e9b197baa886dd5304af9144e827581c5c0be7a09c8811354a3662a323329,2026-07-18T01:17:14,True,False,False,False,False,False,False
study_runs,PILOT_BAD_FILENAME_V100_P0_NANO_I05_R01,study_runs/PILOT_BAD_FILENAME_V100_P0_NANO_I05_R01/statistics/summary_overall_nodes.txt,summary_overall_nodes.txt,.txt,472,165f1ae52c023204c4c9b1b4ae88a16c64feb9b9b4c4e7feae5a7a33bbfbdc14,2026-07-18T01:17:46,True,False,False,False,False,False,False
study_runs,PILOT_BAD_FILENAME_V100_P0_NANO_I05_R01,study_runs/PILOT_BAD_FILENAME_V100_P0_NANO_I05_R01/summary.md,summary.md,.md,6329,7a23b76ae83641d21341a73f3d228afcd8920657c6d87a3c5b0e873d3d4dab47,2026-07-18T01:17:46,True,False,False,False,False,False,False
study_runs,PILOT_BAD_FILENAME_V100_P0_NANO_I05_R01,study_runs/PILOT_BAD_FILENAME_V100_P0_NANO_I05_R01/tree_render/svg/combined_tree.svg,combined_tree.svg,.svg,10607,8cb3f116586afd7a4e637051e04da5811ed0931c4b235fc1371c2c030f2173ff,2026-07-18T00:52:59,True,False,False,False,False,False,False
study_runs,PILOT_BAD_FILENAME_V100_P0_NANO_I05_R01,study_runs/PILOT_BAD_FILENAME_V100_P0_NANO_I05_R01/tree_render/svg/tree_0.svg,tree_0.svg,.svg,7952,c28f91e17c6663d34d89c4fc83b9ae0336df3a4257775298a12f914efc4ad5bd,2026-07-18T00:52:55,True,False,False,False,False,False,False
study_runs,PILOT_BAD_FILENAME_V100_P0_NANO_I05_R01,study_runs/PILOT_BAD_FILENAME_V100_P0_NANO_I05_R01/tree_render/svg/tree_1.svg,tree_1.svg,.svg,3176,990560edee19b239d30183d9e116f98bd2347942195782d4f1c01fa4654e8591,2026-07-18T00:52:57,True,False,False,False,False,False,False
study_runs,PILOT_BAD_FILENAME_V100_P0_NANO_I05_R02,study_runs/PILOT_BAD_FILENAME_V100_P0_NANO_I05_R02/checkpoint/015193c407cd486e89fd464e8c07426d/code.py,code.py,.py,3578,90d5cf6f0426a9fec2516e718a9ef4ec92e95c39fe2198c7bb2b8697953240b2,2026-07-18T07:14:23,True,False,False,True,False,False,False
study_runs,PILOT_BAD_FILENAME_V100_P0_NANO_I05_R02,study_runs/PILOT_BAD_FILENAME_V100_P0_NANO_I05_R02/checkpoint/015193c407cd486e89fd464e8c07426d/out.log,out.log,.log,3062,d987e28f1d26b230b6f5fb462364fab9129d1ee99a4deb04220dc9c3fd114236,2026-07-18T07:05:34,True,True,True,False,False,False,True
study_runs,PILOT_BAD_FILENAME_V100_P0_NANO_I05_R02,study_runs/PILOT_BAD_FILENAME_V100_P0_NANO_I05_R02/checkpoint/2ae4e77c87e941deac46b019b0f198b7/code.py,code.py,.py,3759,54697ee5b536ee9665092740fe35e0cc3d2d9553c217d597217b8f413fab475a,2026-07-18T07:28:52,True,False,True,True,False,False,False
study_runs,PILOT_BAD_FILENAME_V100_P0_NANO_I05_R02,study_runs/PILOT_BAD_FILENAME_V100_P0_NANO_I05_R02/checkpoint/2ae4e77c87e941deac46b019b0f198b7/out.log,out.log,.log,670,20b08fe3a5b517f6f07188776211d7fc58ef8eec3792597fb51a8dc037a99944,2026-07-18T07:22:00,True,True,True,False,False,False,False
study_runs,PILOT_BAD_FILENAME_V100_P0_NANO_I05_R02,study_runs/PILOT_BAD_FILENAME_V100_P0_NANO_I05_R02/checkpoint/3c61634bc82443cbb27067abc87822a6/code.py,code.py,.py,3502,89fb3e72c404badc02a99966a6ecf853b1e164642604eb41b5b84985ad5b4847,2026-07-18T07:25:28,True,False,False,True,False,False,False
study_runs,PILOT_BAD_FILENAME_V100_P0_NANO_I05_R02,study_runs/PILOT_BAD_FILENAME_V100_P0_NANO_I05_R02/checkpoint/3c61634bc82443cbb27067abc87822a6/out.log,out.log,.log,3061,83796d580cf2b16a2b288bf7ceaee8806379fec49f4f734984b6b835297d6996,2026-07-18T07:16:12,True,True,True,False,False,False,True
study_runs,PILOT_BAD_FILENAME_V100_P0_NANO_I05_R02,study_runs/PILOT_BAD_FILENAME_V100_P0_NANO_I05_R02/checkpoint/3c61634bc82443cbb27067abc87822a6_iteration1/code.py,code.py,.py,1498,0419e6a1e4abda0a3641c60eb470848a446625c26cd8a517347b119dbbb84dbf,2026-07-18T08:02:42,True,False,False,False,False,False,False
study_runs,PILOT_BAD_FILENAME_V100_P0_NANO_I05_R02,study_runs/PILOT_BAD_FILENAME_V100_P0_NANO_I05_R02/checkpoint/3c61634bc82443cbb27067abc87822a6_iteration1/out.log,out.log,.log,244,3a76b4495cbd5c3ab065e99dd76667cf21309433f3cb0c63c682167c7084f698,2026-07-18T07:50:20,True,False,False,False,False,False,False
study_runs,PILOT_BAD_FILENAME_V100_P0_NANO_I05_R02,study_runs/PILOT_BAD_FILENAME_V100_P0_NANO_I05_R02/checkpoint/3c61634bc82443cbb27067abc87822a6_iteration2/code.py,code.py,.py,14640,2cc1ae7b1c6f925706e4c7402aa1c6869440b918633242274643d419d6937ba3,2026-07-18T08:02:42,True,False,True,True,True,False,False
study_runs,PILOT_BAD_FILENAME_V100_P0_NANO_I05_R02,study_runs/PILOT_BAD_FILENAME_V100_P0_NANO_I05_R02/checkpoint/3c61634bc82443cbb27067abc87822a6_iteration2/generated/experiments/final/aggregated/agg_MovieLens100K_ALS.json,agg_MovieLens100K_ALS.json,.json,573,8e085a94229c2782a95337b1e3dde9e612fe481fc20e2bdb669411c4a9dbdb4e,2026-07-18T07:57:10,True,False,False,True,False,False,False
study_runs,PILOT_BAD_FILENAME_V100_P0_NANO_I05_R02,study_runs/PILOT_BAD_FILENAME_V100_P0_NANO_I05_R02/checkpoint/3c61634bc82443cbb27067abc87822a6_iteration2/generated/experiments/final/aggregated/agg_MovieLens100K_ItemKNN.json,agg_MovieLens100K_ItemKNN.json,.json,577,3f6cae1f978c8e7a46720d23e134baa5908c688493233b76bf7c94b3666911c8,2026-07-18T07:57:10,True,False,False,True,False,False,False
study_runs,PILOT_BAD_FILENAME_V100_P0_NANO_I05_R02,study_runs/PILOT_BAD_FILENAME_V100_P0_NANO_I05_R02/checkpoint/3c61634bc82443cbb27067abc87822a6_iteration2/generated/experiments/final/aggregated/agg_MovieLens100K_Pop.json,agg_MovieLens100K_Pop.json,.json,573,b7923fc4b89decc4a5ce955e931b1e6ab0840244f5794b50709da9579b6b6b39,2026-07-18T07:57:10,True,False,False,True,False,False,False
study_runs,PILOT_BAD_FILENAME_V100_P0_NANO_I05_R02,study_runs/PILOT_BAD_FILENAME_V100_P0_NANO_I05_R02/checkpoint/3c61634bc82443cbb27067abc87822a6_iteration2/generated/experiments/final/raw/MovieLens100K_MovieLens100K_seed1001_ALS.json,MovieLens100K_MovieLens100K_seed1001_ALS.json,.json,286,15657c6b7e6910072b8b3a684856e9a8daae36405478eaee7a6a16a63b99ae53,2026-07-18T07:57:10,True,False,False,True,False,False,False
study_runs,PILOT_BAD_FILENAME_V100_P0_NANO_I05_R02,study_runs/PILOT_BAD_FILENAME_V100_P0_NANO_I05_R02/checkpoint/3c61634bc82443cbb27067abc87822a6_iteration2/generated/experiments/final/raw/MovieLens100K_MovieLens100K_seed1001_ItemKNN.json,MovieLens100K_MovieLens100K_seed1001_ItemKNN.json,.json,290,98673e37bb72cea2377080084ca20d59b080a5c28bbca9a0f74de47056c06e61,2026-07-18T07:57:10,True,False,False,True,False,False,False
study_runs,PILOT_BAD_FILENAME_V100_P0_NANO_I05_R02,study_runs/PILOT_BAD_FILENAME_V100_P0_NANO_I05_R02/checkpoint/3c61634bc82443cbb27067abc87822a6_iteration2/generated/experiments/final/raw/MovieLens100K_MovieLens100K_seed1001_Pop.json,MovieLens100K_MovieLens100K_seed1001_Pop.json,.json,286,45797d709037deb0b1c47e2cfc86b490cdabf5c30f6a929a983f2d8d513661ef,2026-07-18T07:57:10,True,False,False,True,False,False,False
study_runs,PILOT_BAD_FILENAME_V100_P0_NANO_I05_R02,study_runs/PILOT_BAD_FILENAME_V100_P0_NANO_I05_R02/checkpoint/3c61634bc82443cbb27067abc87822a6_iteration2/generated/experiments/final/raw/MovieLens100K_MovieLens100K_seed2002_ALS.json,MovieLens100K_MovieLens100K_seed2002_ALS.json,.json,286,2e7379a240c6142fa14d726dd11f4a7884face0ef46afd6b30f711a24782fc15,2026-07-18T07:57:10,True,False,False,True,False,False,False
study_runs,PILOT_BAD_FILENAME_V100_P0_NANO_I05_R02,study_runs/PILOT_BAD_FILENAME_V100_P0_NANO_I05_R02/checkpoint/3c61634bc82443cbb27067abc87822a6_iteration2/generated/experiments/final/raw/MovieLens100K_MovieLens100K_seed2002_ItemKNN.json,MovieLens100K_MovieLens100K_seed2002_ItemKNN.json,.json,290,7bd85d53401e3d9c58f97751cf0656d1ae051b414a9362ffa831500ec353bbd3,2026-07-18T07:57:10,True,False,False,True,False,False,False
study_runs,PILOT_BAD_FILENAME_V100_P0_NANO_I05_R02,study_runs/PILOT_BAD_FILENAME_V100_P0_NANO_I05_R02/checkpoint/3c61634bc82443cbb27067abc87822a6_iteration2/generated/experiments/final/raw/MovieLens100K_MovieLens100K_seed2002_Pop.json,MovieLens100K_MovieLens100K_seed2002_Pop.json,.json,286,438ba96cad2441a816f033c9b354077deffe74fe6cf626d7e2df1b19e5817e84,2026-07-18T07:57:10,True,False,False,True,False,False,False
study_runs,PILOT_BAD_FILENAME_V100_P0_NANO_I05_R02,study_runs/PILOT_BAD_FILENAME_V100_P0_NANO_I05_R02/checkpoint/3c61634bc82443cbb27067abc87822a6_iteration2/generated/experiments/final/raw/MovieLens100K_MovieLens100K_seed3003_ALS.json,MovieLens100K_MovieLens100K_seed3003_ALS.json,.json,286,76683ece282579678bd3c81722979017a0ff2b98644b0781509bb38d42eca53d,2026-07-18T07:57:10,True,False,False,True,False,False,False
study_runs,PILOT_BAD_FILENAME_V100_P0_NANO_I05_R02,study_runs/PILOT_BAD_FILENAME_V100_P0_NANO_I05_R02/checkpoint/3c61634bc82443cbb27067abc87822a6_iteration2/generated/experiments/final/raw/MovieLens100K_MovieLens100K_seed3003_ItemKNN.json,MovieLens100K_MovieLens100K_seed3003_ItemKNN.json,.json,290,f916c87db751bbb772640617a945c5f5a14fe93134ece8cf4fecef87c0a3c75d,2026-07-18T07:57:10,True,False,False,True,False,False,False
study_runs,PILOT_BAD_FILENAME_V100_P0_NANO_I05_R02,study_runs/PILOT_BAD_FILENAME_V100_P0_NANO_I05_R02/checkpoint/3c61634bc82443cbb27067abc87822a6_iteration2/generated/experiments/final/raw/MovieLens100K_MovieLens100K_seed3003_Pop.json,MovieLens100K_MovieLens100K_seed3003_Pop.json,.json,286,339f65ee91f0f239176b2ee5d6ede43777ad030e9e3acb3055a876f96ca78bbd,2026-07-18T07:57:10,True,False,False,True,False,False,False
study_runs,PILOT_BAD_FILENAME_V100_P0_NANO_I05_R02,study_runs/PILOT_BAD_FILENAME_V100_P0_NANO_I05_R02/checkpoint/3c61634bc82443cbb27067abc87822a6_iteration2/generated/experiments/final/raw/MovieLens100K_MovieLens100K_seed4004_ALS.json,MovieLens100K_MovieLens100K_seed4004_ALS.json,.json,286,d19892c50dc8f3a0e56f310e7f524531f07b5cc6e952db2361ab67615a8e9f2d,2026-07-18T07:57:10,True,False,False,True,False,False,False
study_runs,PILOT_BAD_FILENAME_V100_P0_NANO_I05_R02,study_runs/PILOT_BAD_FILENAME_V100_P0_NANO_I05_R02/checkpoint/3c61634bc82443cbb27067abc87822a6_iteration2/generated/experiments/final/raw/MovieLens100K_MovieLens100K_seed4004_ItemKNN.json,MovieLens100K_MovieLens100K_seed4004_ItemKNN.json,.json,290,2bf28b731ff558b1904b99da7be17f9489ad3e427dc46fbbd8bff818781f3522,2026-07-18T07:57:10,True,False,False,True,False,False,False
study_runs,PILOT_BAD_FILENAME_V100_P0_NANO_I05_R02,study_runs/PILOT_BAD_FILENAME_V100_P0_NANO_I05_R02/checkpoint/3c61634bc82443cbb27067abc87822a6_iteration2/generated/experiments/final/raw/MovieLens100K_MovieLens100K_seed4004_Pop.json,MovieLens100K_MovieLens100K_seed4004_Pop.json,.json,286,aa0af4e0ba5e57beb45597631456dad1f455523fadf45d314ed41f7448da5b17,2026-07-18T07:57:10,True,False,False,True,False,False,False
study_runs,PILOT_BAD_FILENAME_V100_P0_NANO_I05_R02,study_runs/PILOT_BAD_FILENAME_V100_P0_NANO_I05_R02/checkpoint/3c61634bc82443cbb27067abc87822a6_iteration2/generated/experiments/final/raw/MovieLens100K_MovieLens100K_seed5005_ALS.json,MovieLens100K_MovieLens100K_seed5005_ALS.json,.json,286,26dd16d3f190e31345213952124cc1124d506933aee5ff5fabf8e28f5ca70a56,2026-07-18T07:57:10,True,False,False,True,False,False,False
study_runs,PILOT_BAD_FILENAME_V100_P0_NANO_I05_R02,study_runs/PILOT_BAD_FILENAME_V100_P0_NANO_I05_R02/checkpoint/3c61634bc82443cbb27067abc87822a6_iteration2/generated/experiments/final/raw/MovieLens100K_MovieLens100K_seed5005_ItemKNN.json,MovieLens100K_MovieLens100K_seed5005_ItemKNN.json,.json,290,8978202fd6fae5ed68186f8b19ce4d865e2e89304c35b08e13613818ef11c589,2026-07-18T07:57:10,True,False,False,True,False,False,False
study_runs,PILOT_BAD_FILENAME_V100_P0_NANO_I05_R02,study_runs/PILOT_BAD_FILENAME_V100_P0_NANO_I05_R02/checkpoint/3c61634bc82443cbb27067abc87822a6_iteration2/generated/experiments/final/raw/MovieLens100K_MovieLens100K_seed5005_Pop.json,MovieLens100K_MovieLens100K_seed5005_Pop.json,.json,286,b23457f7c7c9cd0a1ca3e6e6303edc172d33e7b46b676e96e7a461f08a8dd3f0,2026-07-18T07:57:10,True,False,False,True,False,False,False
study_runs,PILOT_BAD_FILENAME_V100_P0_NANO_I05_R02,study_runs/PILOT_BAD_FILENAME_V100_P0_NANO_I05_R02/checkpoint/3c61634bc82443cbb27067abc87822a6_iteration2/generated/experiments/final/summary.json,summary.json,.json,414,cec99dd46922fbbb592ba66a9fb28098583d1461be4dff07da2607c6f24f0999,2026-07-18T07:57:12,True,False,False,False,False,False,False
study_runs,PILOT_BAD_FILENAME_V100_P0_NANO_I05_R02,study_runs/PILOT_BAD_FILENAME_V100_P0_NANO_I05_R02/checkpoint/3c61634bc82443cbb27067abc87822a6_iteration2/out.log,out.log,.log,2201,cd39fbdbf5258bb82c688894dc41a82728e85d2b782cdf821fa42e1826b67447,2026-07-18T07:57:12,True,False,False,False,False,False,False
study_runs,PILOT_BAD_FILENAME_V100_P0_NANO_I05_R02,study_runs/PILOT_BAD_FILENAME_V100_P0_NANO_I05_R02/checkpoint/3c61634bc82443cbb27067abc87822a6_seed/code.py,code.py,.py,3502,89fb3e72c404badc02a99966a6ecf853b1e164642604eb41b5b84985ad5b4847,2026-07-18T07:53:39,True,False,False,True,False,False,False
study_runs,PILOT_BAD_FILENAME_V100_P0_NANO_I05_R02,study_runs/PILOT_BAD_FILENAME_V100_P0_NANO_I05_R02/checkpoint/3c61634bc82443cbb27067abc87822a6_seed/out.log,out.log,.log,3061,3de78ad738ca1fecb0d8b4a2c26561dbbfba710ac27fdfa440f3e32eb65f13c6,2026-07-18T07:44:35,True,True,True,False,False,False,True
study_runs,PILOT_BAD_FILENAME_V100_P0_NANO_I05_R02,study_runs/PILOT_BAD_FILENAME_V100_P0_NANO_I05_R02/checkpoint/6e70678e1e2941428904dcc5520f6672/code.py,code.py,.py,3487,ccf90ff8b98d86e74142f44d106f41cfa8ab281390961c0fa7a6a832e0798bf8,2026-07-18T07:43:33,True,False,False,True,False,False,False
study_runs,PILOT_BAD_FILENAME_V100_P0_NANO_I05_R02,study_runs/PILOT_BAD_FILENAME_V100_P0_NANO_I05_R02/checkpoint/6e70678e1e2941428904dcc5520f6672/generated/checkpoints/err.log,err.log,.log,5975,c82c303c9ab0d729d313294053b2514230acc97ddc79eb833b90d24ba6e03c72,2026-07-18T07:36:05,True,False,False,False,False,False,False
study_runs,PILOT_BAD_FILENAME_V100_P0_NANO_I05_R02,study_runs/PILOT_BAD_FILENAME_V100_P0_NANO_I05_R02/checkpoint/6e70678e1e2941428904dcc5520f6672/generated/checkpoints/MovieLens100K-36ca8c6a/LensKit.ImplicitMFScorer-f0dd7ecb-0/predictions.json,predictions.json,.json,32934399,54bf655827deb11820d3aefc55253cd66fd20512cadcbd940c8d660c943d8bf5,2026-07-18T07:30:55,True,False,False,False,False,False,False
study_runs,PILOT_BAD_FILENAME_V100_P0_NANO_I05_R02,study_runs/PILOT_BAD_FILENAME_V100_P0_NANO_I05_R02/checkpoint/6e70678e1e2941428904dcc5520f6672/generated/checkpoints/MovieLens100K-36ca8c6a/LensKit.ImplicitMFScorer-f0dd7ecb-1/predictions.json,predictions.json,.json,32904002,3057b4a6210a10f394fee7e8931488a81196154337059816bcc48069635473c3,2026-07-18T07:32:07,True,False,False,False,False,False,False
study_runs,PILOT_BAD_FILENAME_V100_P0_NANO_I05_R02,study_runs/PILOT_BAD_FILENAME_V100_P0_NANO_I05_R02/checkpoint/6e70678e1e2941428904dcc5520f6672/generated/checkpoints/MovieLens100K-36ca8c6a/LensKit.ImplicitMFScorer-f0dd7ecb-2/predictions.json,predictions.json,.json,32937076,1848c5ab2fd01bf7b7251caee6dcf533841b91d63a5569f9d4e4b2dce805faee,2026-07-18T07:33:19,True,False,False,False,False,False,False
study_runs,PILOT_BAD_FILENAME_V100_P0_NANO_I05_R02,study_runs/PILOT_BAD_FILENAME_V100_P0_NANO_I05_R02/checkpoint/6e70678e1e2941428904dcc5520f6672/generated/checkpoints/MovieLens100K-36ca8c6a/LensKit.ImplicitMFScorer-f0dd7ecb-3/predictions.json,predictions.json,.json,32935366,e32c25b1c553e9090944a2426ff08e1d7f99c477efd500ae0eee0c798139e053,2026-07-18T07:34:41,True,False,False,False,False,False,False
study_runs,PILOT_BAD_FILENAME_V100_P0_NANO_I05_R02,study_runs/PILOT_BAD_FILENAME_V100_P0_NANO_I05_R02/checkpoint/6e70678e1e2941428904dcc5520f6672/generated/checkpoints/MovieLens100K-36ca8c6a/LensKit.ImplicitMFScorer-f0dd7ecb-4/predictions.json,predictions.json,.json,32896827,50e5f2ff269f08b2af5456b0ad6a86c3164fc347bc9270935729dcc0f99bbdb9,2026-07-18T07:35:53,True,False,False,False,False,False,False
study_runs,PILOT_BAD_FILENAME_V100_P0_NANO_I05_R02,study_runs/PILOT_BAD_FILENAME_V100_P0_NANO_I05_R02/checkpoint/6e70678e1e2941428904dcc5520f6672/generated/checkpoints/out.log,out.log,.log,0,e3b0c44298fc1c149afbf4c8996fb92427ae41e4649b934ca495991b7852b855,2026-07-18T07:31:05,True,False,False,False,False,False,False
study_runs,PILOT_BAD_FILENAME_V100_P0_NANO_I05_R02,study_runs/PILOT_BAD_FILENAME_V100_P0_NANO_I05_R02/checkpoint/6e70678e1e2941428904dcc5520f6672/generated/checkpoints/progress.json,progress.json,.json,890,2098f19de7db7f02f1b7df80c205275661e277ef91fd739bc6baca0b8ba11e4f,2026-07-18T07:36:04,True,False,False,False,False,False,False
study_runs,PILOT_BAD_FILENAME_V100_P0_NANO_I05_R02,study_runs/PILOT_BAD_FILENAME_V100_P0_NANO_I05_R02/checkpoint/6e70678e1e2941428904dcc5520f6672/generated/checkpoints/results.json,results.json,.json,660,344471b80c72a890cc1b6803cf02b22c30d339bd71e62a8ed2e120f7e0780927,2026-07-18T07:36:05,True,False,False,False,False,False,False
study_runs,PILOT_BAD_FILENAME_V100_P0_NANO_I05_R02,study_runs/PILOT_BAD_FILENAME_V100_P0_NANO_I05_R02/checkpoint/6e70678e1e2941428904dcc5520f6672/out.log,out.log,.log,7526,5b5c02cda2f8f581dfe82fcfbbc629cd2ab798ad1799d55d02702ec5a8473e9b,2026-07-18T07:36:05,True,False,False,True,False,False,True
study_runs,PILOT_BAD_FILENAME_V100_P0_NANO_I05_R02,study_runs/PILOT_BAD_FILENAME_V100_P0_NANO_I05_R02/checkpoint/99081e754efa4dbfa3cff1d2b478301d/code.py,code.py,.py,3453,59e8102661e9086c2c5941249ad817d1240d2e65dc90597eae757e563d637984,2026-07-18T07:48:16,True,False,False,True,False,False,False
study_runs,PILOT_BAD_FILENAME_V100_P0_NANO_I05_R02,study_runs/PILOT_BAD_FILENAME_V100_P0_NANO_I05_R02/checkpoint/99081e754efa4dbfa3cff1d2b478301d/out.log,out.log,.log,3061,5fc883c783d4e755d1036af5e6fec9d6c14f11edb5e6e1e9126c66725fc1e0fa,2026-07-18T07:39:51,True,True,True,False,False,False,True
study_runs,PILOT_BAD_FILENAME_V100_P0_NANO_I05_R02,study_runs/PILOT_BAD_FILENAME_V100_P0_NANO_I05_R02/checkpoint/ab5819ca523f4f3184982dd42ee3797e/code.py,code.py,.py,2,7eb70257593da06f682a3ddda54a9d260d4fc514f645237f5ca74b08f8da61a6,2026-07-18T07:38:54,True,False,False,False,False,False,False
study_runs,PILOT_BAD_FILENAME_V100_P0_NANO_I05_R02,study_runs/PILOT_BAD_FILENAME_V100_P0_NANO_I05_R02/checkpoint/ab5819ca523f4f3184982dd42ee3797e/out.log,out.log,.log,49,b999c05453cbce1dd7fa3d0ee70d14f3b54a511d7b134eda76c99d23181d0525,2026-07-18T07:26:05,True,False,False,False,False,False,False
study_runs,PILOT_BAD_FILENAME_V100_P0_NANO_I05_R02,study_runs/PILOT_BAD_FILENAME_V100_P0_NANO_I05_R02/checkpoint/c041136165c04c649e8aee5729792671/code.py,code.py,.py,2,7eb70257593da06f682a3ddda54a9d260d4fc514f645237f5ca74b08f8da61a6,2026-07-18T07:20:17,True,False,False,False,False,False,False
study_runs,PILOT_BAD_FILENAME_V100_P0_NANO_I05_R02,study_runs/PILOT_BAD_FILENAME_V100_P0_NANO_I05_R02/checkpoint/c041136165c04c649e8aee5729792671/out.log,out.log,.log,49,b999c05453cbce1dd7fa3d0ee70d14f3b54a511d7b134eda76c99d23181d0525,2026-07-18T07:10:21,True,False,False,False,False,False,False
study_runs,PILOT_BAD_FILENAME_V100_P0_NANO_I05_R02,study_runs/PILOT_BAD_FILENAME_V100_P0_NANO_I05_R02/code_requirements_final.json,code_requirements_final.json,.json,3266,fa6d2f7e8159870523347904eb95053070d0897717cb69f0c6cecf6671bfa11e,2026-07-18T07:44:29,True,False,False,False,False,False,False
study_runs,PILOT_BAD_FILENAME_V100_P0_NANO_I05_R02,study_runs/PILOT_BAD_FILENAME_V100_P0_NANO_I05_R02/code_requirements_prototype.json,code_requirements_prototype.json,.json,1127,212120b4480608e916bf477722ccdd7b489d6606eadbde1880bff5f4c2ed0486,2026-07-18T07:04:04,True,False,False,False,False,False,False
study_runs,PILOT_BAD_FILENAME_V100_P0_NANO_I05_R02,study_runs/PILOT_BAD_FILENAME_V100_P0_NANO_I05_R02/config.source.toml,config.source.toml,.toml,386,43ad328d9e971575946598bc6c906a320d878b57103e5825b7bc1b351074558f,2026-07-18T07:03:05,True,False,False,False,False,False,False
study_runs,PILOT_BAD_FILENAME_V100_P0_NANO_I05_R02,study_runs/PILOT_BAD_FILENAME_V100_P0_NANO_I05_R02/config.toml,config.toml,.toml,414,73959fbcf223f045f6e14558102cf48749781fdd31ec2e1ef78c0164f63c0599,2026-07-18T07:03:05,True,False,False,False,False,False,False
study_runs,PILOT_BAD_FILENAME_V100_P0_NANO_I05_R02,study_runs/PILOT_BAD_FILENAME_V100_P0_NANO_I05_R02/costs_log.csv,costs_log.csv,.csv,15593,673991f8cbde9d04804e582b448007bd0d61de74ddf7039ce3328e809f30f0f7,2026-07-18T08:03:10,True,False,False,False,False,False,False
study_runs,PILOT_BAD_FILENAME_V100_P0_NANO_I05_R02,study_runs/PILOT_BAD_FILENAME_V100_P0_NANO_I05_R02/debug.log,debug.log,.log,350865,4827f7a328ef9b10dafc2fc8d231119fdf69cf0af19c9042cefe6b536caff443,2026-07-18T08:03:14,True,True,True,True,True,True,True
study_runs,PILOT_BAD_FILENAME_V100_P0_NANO_I05_R02,study_runs/PILOT_BAD_FILENAME_V100_P0_NANO_I05_R02/entered_prompt.txt,entered_prompt.txt,.txt,946,dc790c0f84813ae9f582a14783c06db3ee59faaa98d800c6bf831f5ad0d041ab,2026-07-18T07:03:05,True,False,False,False,False,False,False
study_runs,PILOT_BAD_FILENAME_V100_P0_NANO_I05_R02,study_runs/PILOT_BAD_FILENAME_V100_P0_NANO_I05_R02/statistics/0_015193c407cd486e89fd464e8c07426d.txt,0_015193c407cd486e89fd464e8c07426d.txt,.txt,475,d1292440978275fd82c49da022ed8d71b46771fcdfe0bc8fa8d884d8fedf2fd2,2026-07-18T07:08:13,True,False,False,False,False,False,False
study_runs,PILOT_BAD_FILENAME_V100_P0_NANO_I05_R02,study_runs/PILOT_BAD_FILENAME_V100_P0_NANO_I05_R02/statistics/1_c041136165c04c649e8aee5729792671.txt,1_c041136165c04c649e8aee5729792671.txt,.txt,406,cff8b4b2736e44fc709861d14ed12032ba9264a991428c685666b8acdd7a5043,2026-07-18T07:14:23,True,False,False,False,False,False,False
study_runs,PILOT_BAD_FILENAME_V100_P0_NANO_I05_R02,study_runs/PILOT_BAD_FILENAME_V100_P0_NANO_I05_R02/statistics/2_3c61634bc82443cbb27067abc87822a6.txt,2_3c61634bc82443cbb27067abc87822a6.txt,.txt,472,576d568fae0374450179d6810f8546bf69c7a5ac44c20e76258aac20cce0b5a9,2026-07-18T07:20:17,True,False,False,False,False,False,False
study_runs,PILOT_BAD_FILENAME_V100_P0_NANO_I05_R02,study_runs/PILOT_BAD_FILENAME_V100_P0_NANO_I05_R02/statistics/3_2ae4e77c87e941deac46b019b0f198b7.txt,3_2ae4e77c87e941deac46b019b0f198b7.txt,.txt,499,28c1f747e171c7caf3b30ff945165c12e401bc949d12fe2e5ea747842f05c469,2026-07-18T07:25:28,True,False,False,False,False,False,False
study_runs,PILOT_BAD_FILENAME_V100_P0_NANO_I05_R02,study_runs/PILOT_BAD_FILENAME_V100_P0_NANO_I05_R02/statistics/4_ab5819ca523f4f3184982dd42ee3797e.txt,4_ab5819ca523f4f3184982dd42ee3797e.txt,.txt,408,ab7e3eed1d389d17a08973d61712a0e6f52e17455dc3421fe328c9db85dce151,2026-07-18T07:28:52,True,False,False,False,False,False,False
study_runs,PILOT_BAD_FILENAME_V100_P0_NANO_I05_R02,study_runs/PILOT_BAD_FILENAME_V100_P0_NANO_I05_R02/statistics/5_6e70678e1e2941428904dcc5520f6672.txt,5_6e70678e1e2941428904dcc5520f6672.txt,.txt,458,a7f9988bd90778d52e89e6c2685cc75196122bef7337257f635131084ccb92b8,2026-07-18T07:38:54,True,False,False,False,False,False,False
study_runs,PILOT_BAD_FILENAME_V100_P0_NANO_I05_R02,study_runs/PILOT_BAD_FILENAME_V100_P0_NANO_I05_R02/statistics/6_99081e754efa4dbfa3cff1d2b478301d.txt,6_99081e754efa4dbfa3cff1d2b478301d.txt,.txt,459,9c6b2d3b1d7b571a77f6243244f7ad217080aca64231c889a90386c471e9f1aa,2026-07-18T07:43:33,True,False,False,False,False,False,False
study_runs,PILOT_BAD_FILENAME_V100_P0_NANO_I05_R02,study_runs/PILOT_BAD_FILENAME_V100_P0_NANO_I05_R02/statistics/7_3c61634bc82443cbb27067abc87822a6_seed.txt,7_3c61634bc82443cbb27067abc87822a6_seed.txt,.txt,463,0704dad8284bc69cd5cf69d9795fc1e2439d66448d3173227870d15ceb9bc68a,2026-07-18T07:48:17,True,False,False,False,False,False,False
study_runs,PILOT_BAD_FILENAME_V100_P0_NANO_I05_R02,study_runs/PILOT_BAD_FILENAME_V100_P0_NANO_I05_R02/statistics/8_3c61634bc82443cbb27067abc87822a6_iteration1.txt,8_3c61634bc82443cbb27067abc87822a6_iteration1.txt,.txt,449,85737ce8146243e10749f738c909ec820f05e74b75ace3e493c77f444286061c,2026-07-18T07:53:39,True,False,False,False,False,False,False
study_runs,PILOT_BAD_FILENAME_V100_P0_NANO_I05_R02,study_runs/PILOT_BAD_FILENAME_V100_P0_NANO_I05_R02/statistics/9_3c61634bc82443cbb27067abc87822a6_iteration2.txt,9_3c61634bc82443cbb27067abc87822a6_iteration2.txt,.txt,515,5bfe3ba30090bc0f617c8b9dc008dedd5dd765cb8e185d14858745b644f27dbd,2026-07-18T08:02:42,True,False,False,False,False,False,False
study_runs,PILOT_BAD_FILENAME_V100_P0_NANO_I05_R02,study_runs/PILOT_BAD_FILENAME_V100_P0_NANO_I05_R02/statistics/summary_overall_nodes.txt,summary_overall_nodes.txt,.txt,488,2909ecb7e12f8f51db6de3bc501b68a5915efab74eceb191b6d61a05bfec8ca3,2026-07-18T08:03:10,True,False,False,False,False,False,False
study_runs,PILOT_BAD_FILENAME_V100_P0_NANO_I05_R02,study_runs/PILOT_BAD_FILENAME_V100_P0_NANO_I05_R02/summary.md,summary.md,.md,5706,20f41efa3d89c5db406eb4c0d16ddf1bf80674d14eb761921ad50efce84259d2,2026-07-18T08:03:10,True,False,False,True,True,False,False
study_runs,PILOT_BAD_FILENAME_V100_P0_NANO_I05_R02,study_runs/PILOT_BAD_FILENAME_V100_P0_NANO_I05_R02/tree_render/svg/combined_tree.svg,combined_tree.svg,.svg,10640,1e2a7e72742878a43bd903a551fa8d22ea4ef9ba47694da461ec296126a5d1b9,2026-07-18T07:43:40,True,False,False,False,False,False,False
study_runs,PILOT_BAD_FILENAME_V100_P0_NANO_I05_R02,study_runs/PILOT_BAD_FILENAME_V100_P0_NANO_I05_R02/tree_render/svg/tree_0.svg,tree_0.svg,.svg,6360,aabe04749799e64b4f7e1333bb55ebf5a15a3a7ac211cc9ddb2782073e6ce2f2,2026-07-18T07:43:35,True,False,False,False,False,False,False
study_runs,PILOT_BAD_FILENAME_V100_P0_NANO_I05_R02,study_runs/PILOT_BAD_FILENAME_V100_P0_NANO_I05_R02/tree_render/svg/tree_1.svg,tree_1.svg,.svg,4771,13ae6e01e6aa7c44864dfcf6a9fd0c48a1b1883a68721e8406619516bd35a7a6,2026-07-18T07:43:38,True,False,False,False,False,False,False
study_runs,PILOT_BAD_FILENAME_V100_P0_NANO_I05_R03,study_runs/PILOT_BAD_FILENAME_V100_P0_NANO_I05_R03/checkpoint/0774eb2af6124832aaea2b6811becb64/code.py,code.py,.py,3895,ec320edaf49162713fdb4dbe3d0e51bd30ff758c0c73830cd6cca96132f38047,2026-07-18T10:30:59,True,False,True,True,False,False,False
study_runs,PILOT_BAD_FILENAME_V100_P0_NANO_I05_R03,study_runs/PILOT_BAD_FILENAME_V100_P0_NANO_I05_R03/checkpoint/0774eb2af6124832aaea2b6811becb64/out.log,out.log,.log,3070,fba599174c2b36bece23ee8937ee92684a74fef32e536b33cb2983eda0525788,2026-07-18T10:22:34,True,True,True,False,False,False,True
study_runs,PILOT_BAD_FILENAME_V100_P0_NANO_I05_R03,study_runs/PILOT_BAD_FILENAME_V100_P0_NANO_I05_R03/checkpoint/3088b22eb493465a82ae75afba943cc3/code.py,code.py,.py,4776,95e57c3e54b8de4674c03a432dd8d04d9fc15ef1c4c6d613ff4ef4835d7811f9,2026-07-18T10:37:13,True,False,True,True,False,False,False
study_runs,PILOT_BAD_FILENAME_V100_P0_NANO_I05_R03,study_runs/PILOT_BAD_FILENAME_V100_P0_NANO_I05_R03/checkpoint/3088b22eb493465a82ae75afba943cc3/generated/prototype_precision_results.csv,prototype_precision_results.csv,.csv,249,d9348cac669aea5f0af76beda4f237f5d980ceae8312f3e4be81be4ccb7e83e5,2026-07-18T10:28:12,True,False,False,False,False,False,False
study_runs,PILOT_BAD_FILENAME_V100_P0_NANO_I05_R03,study_runs/PILOT_BAD_FILENAME_V100_P0_NANO_I05_R03/checkpoint/3088b22eb493465a82ae75afba943cc3/out.log,out.log,.log,7615,4ca6a4a932631add714dd93b5edf3655ced254a1eb40e4051c2466e48b838583,2026-07-18T10:28:13,True,False,False,False,False,False,True
study_runs,PILOT_BAD_FILENAME_V100_P0_NANO_I05_R03,study_runs/PILOT_BAD_FILENAME_V100_P0_NANO_I05_R03/checkpoint/471cd3e59f7e4ff38fc386479e829987/code.py,code.py,.py,5194,e5b73c63bfa5db96ce374ae3ee2fdaaff2b2c1b89ba3329bca3ba24d6ec70b8a,2026-07-18T10:20:28,True,False,True,True,False,True,False
study_runs,PILOT_BAD_FILENAME_V100_P0_NANO_I05_R03,study_runs/PILOT_BAD_FILENAME_V100_P0_NANO_I05_R03/checkpoint/471cd3e59f7e4ff38fc386479e829987/generated/prototype_precision_results.csv,prototype_precision_results.csv,.csv,271,c8f024f3fa1941ade3e5a4b46fb18c1c1a3d431bbdfe7c1ee185f7cd3b02277b,2026-07-18T10:10:50,True,False,False,False,False,False,False
study_runs,PILOT_BAD_FILENAME_V100_P0_NANO_I05_R03,study_runs/PILOT_BAD_FILENAME_V100_P0_NANO_I05_R03/checkpoint/471cd3e59f7e4ff38fc386479e829987/out.log,out.log,.log,1783,7a8c6c520f1e541f9f1b1f97352a988d0af4b5bcc5a97d070fe96bb9facff72b,2026-07-18T10:10:51,True,False,False,False,False,False,True
study_runs,PILOT_BAD_FILENAME_V100_P0_NANO_I05_R03,study_runs/PILOT_BAD_FILENAME_V100_P0_NANO_I05_R03/checkpoint/471cd3e59f7e4ff38fc386479e829987_iteration1/code.py,code.py,.py,101,ebfe7c9e4ecf7931956a18e4f975da5a1df6ad0fdd26d8c40dd1e16818d7bd2f,2026-07-18T10:55:04,True,False,False,False,False,False,False
study_runs,PILOT_BAD_FILENAME_V100_P0_NANO_I05_R03,study_runs/PILOT_BAD_FILENAME_V100_P0_NANO_I05_R03/checkpoint/471cd3e59f7e4ff38fc386479e829987_iteration1/out.log,out.log,.log,49,b999c05453cbce1dd7fa3d0ee70d14f3b54a511d7b134eda76c99d23181d0525,2026-07-18T10:45:15,True,False,False,False,False,False,False
study_runs,PILOT_BAD_FILENAME_V100_P0_NANO_I05_R03,study_runs/PILOT_BAD_FILENAME_V100_P0_NANO_I05_R03/checkpoint/471cd3e59f7e4ff38fc386479e829987_iteration2/code.py,code.py,.py,7589,393180ef5f1ead1a511174bf459fe5b926984164671f256f020cb29e9c57f791,2026-07-18T10:55:04,True,False,True,False,True,False,False
study_runs,PILOT_BAD_FILENAME_V100_P0_NANO_I05_R03,study_runs/PILOT_BAD_FILENAME_V100_P0_NANO_I05_R03/checkpoint/471cd3e59f7e4ff38fc386479e829987_iteration2/out.log,out.log,.log,148,fcebd510b2056a258996c9054791b6a5e588a64e8f4750df5df4984dae86f37c,2026-07-18T10:50:10,True,False,False,False,False,False,False
study_runs,PILOT_BAD_FILENAME_V100_P0_NANO_I05_R03,study_runs/PILOT_BAD_FILENAME_V100_P0_NANO_I05_R03/checkpoint/471cd3e59f7e4ff38fc386479e829987_seed/code.py,code.py,.py,5217,3570f6c84165f0ed6e597943f205b2f0bfbe92b6120e5bfa2a88273aee385573,2026-07-18T10:48:32,True,False,True,True,False,True,False
study_runs,PILOT_BAD_FILENAME_V100_P0_NANO_I05_R03,study_runs/PILOT_BAD_FILENAME_V100_P0_NANO_I05_R03/checkpoint/471cd3e59f7e4ff38fc386479e829987_seed/generated/checkpoints/err.log,err.log,.log,1195,4da430e9659bb61bd72765495936d07d95cfc1fd625a65a3cfd549baa46343ae,2026-07-18T10:40:46,True,False,False,False,False,False,False
study_runs,PILOT_BAD_FILENAME_V100_P0_NANO_I05_R03,study_runs/PILOT_BAD_FILENAME_V100_P0_NANO_I05_R03/checkpoint/471cd3e59f7e4ff38fc386479e829987_seed/generated/checkpoints/MovieLens100K-938abed0/LensKit.ImplicitMFScorer-f0dd7ecb-42/predictions.json,predictions.json,.json,39281907,8f71c072b1f722548146a1b402bfb5ad5e832b9b6cab61967942b0b0425d0efb,2026-07-18T10:40:37,True,False,False,False,False,False,False
study_runs,PILOT_BAD_FILENAME_V100_P0_NANO_I05_R03,study_runs/PILOT_BAD_FILENAME_V100_P0_NANO_I05_R03/checkpoint/471cd3e59f7e4ff38fc386479e829987_seed/generated/checkpoints/out.log,out.log,.log,0,e3b0c44298fc1c149afbf4c8996fb92427ae41e4649b934ca495991b7852b855,2026-07-18T10:40:46,True,False,False,False,False,False,False
study_runs,PILOT_BAD_FILENAME_V100_P0_NANO_I05_R03,study_runs/PILOT_BAD_FILENAME_V100_P0_NANO_I05_R03/checkpoint/471cd3e59f7e4ff38fc386479e829987_seed/generated/checkpoints/progress.json,progress.json,.json,199,da94bf102bdff54ecc40460e5a6f8c5164fe48f23181ee3b81062131ec0a6e2a,2026-07-18T10:40:43,True,False,False,False,False,False,False
study_runs,PILOT_BAD_FILENAME_V100_P0_NANO_I05_R03,study_runs/PILOT_BAD_FILENAME_V100_P0_NANO_I05_R03/checkpoint/471cd3e59f7e4ff38fc386479e829987_seed/generated/checkpoints/results.json,results.json,.json,2,44136fa355b3678a1146ad16f7e8649e94fb4fc21fe77e8310c060f61caaff8a,2026-07-18T10:40:46,True,False,False,False,False,False,False
study_runs,PILOT_BAD_FILENAME_V100_P0_NANO_I05_R03,study_runs/PILOT_BAD_FILENAME_V100_P0_NANO_I05_R03/checkpoint/471cd3e59f7e4ff38fc386479e829987_seed/generated/prototype_precision_results.csv,prototype_precision_results.csv,.csv,251,3643b8dc790a3c97341e9611eacfdeaf00536f820df40cd22262cdcf3449c581,2026-07-18T10:40:46,True,False,False,False,False,False,False
study_runs,PILOT_BAD_FILENAME_V100_P0_NANO_I05_R03,study_runs/PILOT_BAD_FILENAME_V100_P0_NANO_I05_R03/checkpoint/471cd3e59f7e4ff38fc386479e829987_seed/out.log,out.log,.log,3771,b824d68af1615a38761157cab00786e34f31afcc392c57123d2dcb04681ab744,2026-07-18T10:40:47,True,True,False,False,False,False,True
study_runs,PILOT_BAD_FILENAME_V100_P0_NANO_I05_R03,study_runs/PILOT_BAD_FILENAME_V100_P0_NANO_I05_R03/checkpoint/677d51929f6140c5baaf4c028d377259/code.py,code.py,.py,5823,5fe8c5a1e7f4f8e147a491c50a42b6d0a79e53aaf0a1ab8cd1ce3dcf9e18b137,2026-07-18T10:25:53,True,False,True,True,False,False,False
study_runs,PILOT_BAD_FILENAME_V100_P0_NANO_I05_R03,study_runs/PILOT_BAD_FILENAME_V100_P0_NANO_I05_R03/checkpoint/677d51929f6140c5baaf4c028d377259/out.log,out.log,.log,3090,642cbd21a5de8e796b5b1bb0a274b8dedda4d63aee7ffab560709674fd973bf7,2026-07-18T10:17:08,True,True,True,False,False,False,True
study_runs,PILOT_BAD_FILENAME_V100_P0_NANO_I05_R03,study_runs/PILOT_BAD_FILENAME_V100_P0_NANO_I05_R03/checkpoint/7c7aff516dc44e82bafcc25d1c7616c7/code.py,code.py,.py,3352,38d7aa846a56bc3b90ec027395a0b98c1cf75564564cfac213c5d637d5349212,2026-07-18T10:43:46,True,False,True,True,False,False,False
study_runs,PILOT_BAD_FILENAME_V100_P0_NANO_I05_R03,study_runs/PILOT_BAD_FILENAME_V100_P0_NANO_I05_R03/checkpoint/7c7aff516dc44e82bafcc25d1c7616c7/generated/checkpoints/err.log,err.log,.log,1195,4da430e9659bb61bd72765495936d07d95cfc1fd625a65a3cfd549baa46343ae,2026-07-18T10:34:12,True,False,False,False,False,False,False
study_runs,PILOT_BAD_FILENAME_V100_P0_NANO_I05_R03,study_runs/PILOT_BAD_FILENAME_V100_P0_NANO_I05_R03/checkpoint/7c7aff516dc44e82bafcc25d1c7616c7/generated/checkpoints/MovieLens100K-938abed0/LensKit.ImplicitMFScorer-f0dd7ecb-42/predictions.json,predictions.json,.json,39281950,310f2f8d7e0991272d03d5c08279e09a389fb30501c3aec5fe2f7515adfaa5dc,2026-07-18T10:34:01,True,False,False,False,False,False,False
study_runs,PILOT_BAD_FILENAME_V100_P0_NANO_I05_R03,study_runs/PILOT_BAD_FILENAME_V100_P0_NANO_I05_R03/checkpoint/7c7aff516dc44e82bafcc25d1c7616c7/generated/checkpoints/out.log,out.log,.log,0,e3b0c44298fc1c149afbf4c8996fb92427ae41e4649b934ca495991b7852b855,2026-07-18T10:34:12,True,False,False,False,False,False,False
study_runs,PILOT_BAD_FILENAME_V100_P0_NANO_I05_R03,study_runs/PILOT_BAD_FILENAME_V100_P0_NANO_I05_R03/checkpoint/7c7aff516dc44e82bafcc25d1c7616c7/generated/checkpoints/progress.json,progress.json,.json,199,726457e870200baf2a362024d1db12e74eeb7dc1d9e0605ef9ef7957e0f1d994,2026-07-18T10:34:47,True,False,False,False,False,False,False
study_runs,PILOT_BAD_FILENAME_V100_P0_NANO_I05_R03,study_runs/PILOT_BAD_FILENAME_V100_P0_NANO_I05_R03/checkpoint/7c7aff516dc44e82bafcc25d1c7616c7/generated/checkpoints/results.json,results.json,.json,156,30364c6acad2a142e434aa4982d6efd6840b3558bd27ebcd41549f18c44212e6,2026-07-18T10:34:47,True,False,False,False,False,False,False
study_runs,PILOT_BAD_FILENAME_V100_P0_NANO_I05_R03,study_runs/PILOT_BAD_FILENAME_V100_P0_NANO_I05_R03/checkpoint/7c7aff516dc44e82bafcc25d1c7616c7/generated/prototype_precision_results.csv,prototype_precision_results.csv,.csv,251,3643b8dc790a3c97341e9611eacfdeaf00536f820df40cd22262cdcf3449c581,2026-07-18T10:34:47,True,False,False,False,False,False,False
study_runs,PILOT_BAD_FILENAME_V100_P0_NANO_I05_R03,study_runs/PILOT_BAD_FILENAME_V100_P0_NANO_I05_R03/checkpoint/7c7aff516dc44e82bafcc25d1c7616c7/out.log,out.log,.log,16801,3620caa2ce18b95acb8e89057e1af6525ce646535b453d6f2df0440c6ad7b861,2026-07-18T10:34:48,True,False,False,False,False,False,True
study_runs,PILOT_BAD_FILENAME_V100_P0_NANO_I05_R03,study_runs/PILOT_BAD_FILENAME_V100_P0_NANO_I05_R03/checkpoint/89e32f37812c4864a78fdf64ce3f046b/code.py,code.py,.py,2,7eb70257593da06f682a3ddda54a9d260d4fc514f645237f5ca74b08f8da61a6,2026-07-18T10:08:24,True,False,False,False,False,False,False
study_runs,PILOT_BAD_FILENAME_V100_P0_NANO_I05_R03,study_runs/PILOT_BAD_FILENAME_V100_P0_NANO_I05_R03/checkpoint/89e32f37812c4864a78fdf64ce3f046b/out.log,out.log,.log,49,b999c05453cbce1dd7fa3d0ee70d14f3b54a511d7b134eda76c99d23181d0525,2026-07-18T09:59:27,True,False,False,False,False,False,False
study_runs,PILOT_BAD_FILENAME_V100_P0_NANO_I05_R03,study_runs/PILOT_BAD_FILENAME_V100_P0_NANO_I05_R03/checkpoint/a29c2aa2c1a74b6aa7d9d54465462198/code.py,code.py,.py,6757,cac77826f3ad6389657b82871d47f28f1fb81c01795f8ab06d23720c2fab083c,2026-07-18T10:14:29,True,False,True,True,False,False,False
study_runs,PILOT_BAD_FILENAME_V100_P0_NANO_I05_R03,study_runs/PILOT_BAD_FILENAME_V100_P0_NANO_I05_R03/checkpoint/a29c2aa2c1a74b6aa7d9d54465462198/out.log,out.log,.log,115,116da64870cf50adb069a96658f6be92a7754a8ab9c67da3ab85ae5dc91b565e,2026-07-18T10:05:45,True,False,False,False,False,False,False
study_runs,PILOT_BAD_FILENAME_V100_P0_NANO_I05_R03,study_runs/PILOT_BAD_FILENAME_V100_P0_NANO_I05_R03/code_requirements_final.json,code_requirements_final.json,.json,2370,13b52cbbb749b73be7477e349565324b5426f6b5571ce4ad8d2c69bbbf727a9a,2026-07-18T10:37:58,True,False,False,False,False,False,False
study_runs,PILOT_BAD_FILENAME_V100_P0_NANO_I05_R03,study_runs/PILOT_BAD_FILENAME_V100_P0_NANO_I05_R03/code_requirements_prototype.json,code_requirements_prototype.json,.json,947,7930384dd7c9d811dbd9ee4ca92213e23c3f206f29b9def7b1ecd993d293c080,2026-07-18T09:57:18,True,False,False,False,False,False,False
study_runs,PILOT_BAD_FILENAME_V100_P0_NANO_I05_R03,study_runs/PILOT_BAD_FILENAME_V100_P0_NANO_I05_R03/config.source.toml,config.source.toml,.toml,386,43ad328d9e971575946598bc6c906a320d878b57103e5825b7bc1b351074558f,2026-07-18T09:56:30,True,False,False,False,False,False,False
study_runs,PILOT_BAD_FILENAME_V100_P0_NANO_I05_R03,study_runs/PILOT_BAD_FILENAME_V100_P0_NANO_I05_R03/config.toml,config.toml,.toml,414,e9e88c445288497681d9e03470c173c77ccf3864de5775cf34f295cf4bf08486,2026-07-18T09:56:30,True,False,False,False,False,False,False
study_runs,PILOT_BAD_FILENAME_V100_P0_NANO_I05_R03,study_runs/PILOT_BAD_FILENAME_V100_P0_NANO_I05_R03/costs_log.csv,costs_log.csv,.csv,15691,2eedb2a8c35e7a177eacf5c0330634b6896b678e7d9bdebac06c997ed9d10d67,2026-07-18T10:55:21,True,False,False,False,False,False,False
study_runs,PILOT_BAD_FILENAME_V100_P0_NANO_I05_R03,study_runs/PILOT_BAD_FILENAME_V100_P0_NANO_I05_R03/debug.log,debug.log,.log,354892,7ba9d18862222ae3f840b54a4553b8d1dd811310acac56aad969e0b0bb142329,2026-07-18T10:55:25,True,True,True,False,True,False,True
study_runs,PILOT_BAD_FILENAME_V100_P0_NANO_I05_R03,study_runs/PILOT_BAD_FILENAME_V100_P0_NANO_I05_R03/entered_prompt.txt,entered_prompt.txt,.txt,946,dc790c0f84813ae9f582a14783c06db3ee59faaa98d800c6bf831f5ad0d041ab,2026-07-18T09:56:30,True,False,False,False,False,False,False
study_runs,PILOT_BAD_FILENAME_V100_P0_NANO_I05_R03,study_runs/PILOT_BAD_FILENAME_V100_P0_NANO_I05_R03/statistics/0_89e32f37812c4864a78fdf64ce3f046b.txt,0_89e32f37812c4864a78fdf64ce3f046b.txt,.txt,406,817461be98005bf0bd33d8cc466f8c79551412e33f5886a93ed26a34af811f9d,2026-07-18T10:03:13,True,False,False,False,False,False,False
study_runs,PILOT_BAD_FILENAME_V100_P0_NANO_I05_R03,study_runs/PILOT_BAD_FILENAME_V100_P0_NANO_I05_R03/statistics/1_a29c2aa2c1a74b6aa7d9d54465462198.txt,1_a29c2aa2c1a74b6aa7d9d54465462198.txt,.txt,498,0d229823e9206eb3be373feeb989ce58bad341660bca2cf3588197a7aca04963,2026-07-18T10:08:24,True,False,False,False,False,False,False
study_runs,PILOT_BAD_FILENAME_V100_P0_NANO_I05_R03,study_runs/PILOT_BAD_FILENAME_V100_P0_NANO_I05_R03/statistics/2_471cd3e59f7e4ff38fc386479e829987.txt,2_471cd3e59f7e4ff38fc386479e829987.txt,.txt,465,32aa8ead7fdd6c50479ec8cb52f277fffc94ac03306f30ac41e7e4cfc3297664,2026-07-18T10:14:29,True,False,False,False,False,False,False
study_runs,PILOT_BAD_FILENAME_V100_P0_NANO_I05_R03,study_runs/PILOT_BAD_FILENAME_V100_P0_NANO_I05_R03/statistics/3_677d51929f6140c5baaf4c028d377259.txt,3_677d51929f6140c5baaf4c028d377259.txt,.txt,481,fbb168c4ae13d4f51de4fbcce27f570c8fe953dc0ab3f0c5e5ea7d67e51c6170,2026-07-18T10:20:28,True,False,False,False,False,False,False
study_runs,PILOT_BAD_FILENAME_V100_P0_NANO_I05_R03,study_runs/PILOT_BAD_FILENAME_V100_P0_NANO_I05_R03/statistics/4_0774eb2af6124832aaea2b6811becb64.txt,4_0774eb2af6124832aaea2b6811becb64.txt,.txt,487,19c3b6beae09b9f4ae8cd79c7f175c3b6801a2177444f2ba01e6b355e44d6ba7,2026-07-18T10:25:53,True,False,False,False,False,False,False
study_runs,PILOT_BAD_FILENAME_V100_P0_NANO_I05_R03,study_runs/PILOT_BAD_FILENAME_V100_P0_NANO_I05_R03/statistics/5_3088b22eb493465a82ae75afba943cc3.txt,5_3088b22eb493465a82ae75afba943cc3.txt,.txt,479,47f0e1bec60a92c527a1634e87d0d5269b66d7e58243af36dcd4645f21661735,2026-07-18T10:30:59,True,False,False,False,False,False,False
study_runs,PILOT_BAD_FILENAME_V100_P0_NANO_I05_R03,study_runs/PILOT_BAD_FILENAME_V100_P0_NANO_I05_R03/statistics/6_7c7aff516dc44e82bafcc25d1c7616c7.txt,6_7c7aff516dc44e82bafcc25d1c7616c7.txt,.txt,483,a1afe62cdda5abbc8b5160d18df694c5c630853dc04ad6d2a3c79e1a4d9f808c,2026-07-18T10:37:13,True,False,False,False,False,False,False
study_runs,PILOT_BAD_FILENAME_V100_P0_NANO_I05_R03,study_runs/PILOT_BAD_FILENAME_V100_P0_NANO_I05_R03/statistics/7_471cd3e59f7e4ff38fc386479e829987_seed.txt,7_471cd3e59f7e4ff38fc386479e829987_seed.txt,.txt,488,1dcf84e45e2f31dd7077fb27cd1f523af1abcb53d592c7c5704a795c6492dcbf,2026-07-18T10:43:46,True,False,False,False,False,False,False
study_runs,PILOT_BAD_FILENAME_V100_P0_NANO_I05_R03,study_runs/PILOT_BAD_FILENAME_V100_P0_NANO_I05_R03/statistics/8_471cd3e59f7e4ff38fc386479e829987_iteration1.txt,8_471cd3e59f7e4ff38fc386479e829987_iteration1.txt,.txt,423,6b99fd3f949a18b751aedd9fe22e259e79a239479e99ce7209ade6cb9bf4589b,2026-07-18T10:48:32,True,False,False,False,False,False,False
study_runs,PILOT_BAD_FILENAME_V100_P0_NANO_I05_R03,study_runs/PILOT_BAD_FILENAME_V100_P0_NANO_I05_R03/statistics/9_471cd3e59f7e4ff38fc386479e829987_iteration2.txt,9_471cd3e59f7e4ff38fc386479e829987_iteration2.txt,.txt,476,261e9a1a72b1751b44f13f473ceb285d5109bd272895565721c2859a48f1e574,2026-07-18T10:55:04,True,False,False,False,False,False,False
study_runs,PILOT_BAD_FILENAME_V100_P0_NANO_I05_R03,study_runs/PILOT_BAD_FILENAME_V100_P0_NANO_I05_R03/statistics/summary_overall_nodes.txt,summary_overall_nodes.txt,.txt,489,b20ab00a509c7fd00301de5da5fc55b5b7e690e54755754519a6cb495eecf55b,2026-07-18T10:55:21,True,False,False,False,False,False,False
study_runs,PILOT_BAD_FILENAME_V100_P0_NANO_I05_R03,study_runs/PILOT_BAD_FILENAME_V100_P0_NANO_I05_R03/summary.md,summary.md,.md,4302,2b5b8636f22cd84fb8297dc3c09d115408e776f2bb62e6d6b0058ffa7078bb83,2026-07-18T10:55:21,True,False,False,False,False,False,False
study_runs,PILOT_BAD_FILENAME_V100_P0_NANO_I05_R03,study_runs/PILOT_BAD_FILENAME_V100_P0_NANO_I05_R03/tree_render/svg/combined_tree.svg,combined_tree.svg,.svg,10743,0085fb4b1862ddb99085c8441e54fdd628fdab83aeb4398a11b5dacd62ad1ebb,2026-07-18T10:37:20,True,False,False,False,False,False,False
study_runs,PILOT_BAD_FILENAME_V100_P0_NANO_I05_R03,study_runs/PILOT_BAD_FILENAME_V100_P0_NANO_I05_R03/tree_render/svg/tree_0.svg,tree_0.svg,.svg,1611,740ae7b843a7a8310c3d9e5cd89c58f1e5f8664cb7bfea662fde762ff98e967b,2026-07-18T10:37:15,True,False,False,False,False,False,False
study_runs,PILOT_BAD_FILENAME_V100_P0_NANO_I05_R03,study_runs/PILOT_BAD_FILENAME_V100_P0_NANO_I05_R03/tree_render/svg/tree_1.svg,tree_1.svg,.svg,9692,edf942036c17e74e955d4bbda138142f68942f4d3c2238f57de07ecbad848751,2026-07-18T10:37:17,True,False,False,False,False,False,False
study_runs,SMOKE_V100_P0_I01,study_runs/SMOKE_V100_P0_I01/checkpoint/2b04050768474782874f3d86300c385f/code.py,code.py,.py,3244,18d7f47641bd3c99a0b207b6f8380579b18764857b178d01a4d3d3412315acdf,2026-07-17T21:43:09,True,False,False,False,False,False,False
study_runs,SMOKE_V100_P0_I01,study_runs/SMOKE_V100_P0_I01/checkpoint/2b04050768474782874f3d86300c385f/generated/all_results.csv,all_results.csv,.csv,2194,e7ebfc27f9956ca5d5a86a569f65db2a7678cccf86cd9a597733d6b64707faae,2026-07-17T21:34:03,True,False,False,False,False,False,False
study_runs,SMOKE_V100_P0_I01,study_runs/SMOKE_V100_P0_I01/checkpoint/2b04050768474782874f3d86300c385f/generated/checkpoints/err.log,err.log,.log,5975,c82c303c9ab0d729d313294053b2514230acc97ddc79eb833b90d24ba6e03c72,2026-07-17T21:34:03,True,False,False,False,False,False,False
study_runs,SMOKE_V100_P0_I01,study_runs/SMOKE_V100_P0_I01/checkpoint/2b04050768474782874f3d86300c385f/generated/checkpoints/MovieLens100K-938abed0/LensKit.ImplicitMFScorer-ca533e7c-11/predictions.json,predictions.json,.json,39316301,5baeb7b61a3b6f2557bb48094108835cdc099e1f05f8dad9bdc6f541814d9bc5,2026-07-17T21:28:06,True,False,False,False,False,False,False
study_runs,SMOKE_V100_P0_I01,study_runs/SMOKE_V100_P0_I01/checkpoint/2b04050768474782874f3d86300c385f/generated/checkpoints/MovieLens100K-938abed0/LensKit.ImplicitMFScorer-ca533e7c-22/predictions.json,predictions.json,.json,39315654,ea282b51ec715b596453599ce510db4c4b2d35f44571180425306269b2fef40d,2026-07-17T21:29:40,True,False,False,False,False,False,False
study_runs,SMOKE_V100_P0_I01,study_runs/SMOKE_V100_P0_I01/checkpoint/2b04050768474782874f3d86300c385f/generated/checkpoints/MovieLens100K-938abed0/LensKit.ImplicitMFScorer-ca533e7c-33/predictions.json,predictions.json,.json,39318517,8b96bcb6ae86ead5744b18423d4ca8008c2f05539c92ef6e0715506f40257966,2026-07-17T21:31:07,True,False,False,False,False,False,False
study_runs,SMOKE_V100_P0_I01,study_runs/SMOKE_V100_P0_I01/checkpoint/2b04050768474782874f3d86300c385f/generated/checkpoints/MovieLens100K-938abed0/LensKit.ImplicitMFScorer-ca533e7c-44/predictions.json,predictions.json,.json,39350822,5c810540efade8bd324a7aed9668429697dfa538d7abf4bbbce4fda35775c8a6,2026-07-17T21:32:29,True,False,False,False,False,False,False
study_runs,SMOKE_V100_P0_I01,study_runs/SMOKE_V100_P0_I01/checkpoint/2b04050768474782874f3d86300c385f/generated/checkpoints/MovieLens100K-938abed0/LensKit.ImplicitMFScorer-ca533e7c-55/predictions.json,predictions.json,.json,39319229,27bfaea9a649f4cd12aedae55697f8e7ef8a051185253db361c83aa75746b8c2,2026-07-17T21:33:54,True,False,False,False,False,False,False
study_runs,SMOKE_V100_P0_I01,study_runs/SMOKE_V100_P0_I01/checkpoint/2b04050768474782874f3d86300c385f/generated/checkpoints/out.log,out.log,.log,0,e3b0c44298fc1c149afbf4c8996fb92427ae41e4649b934ca495991b7852b855,2026-07-17T21:28:18,True,False,False,False,False,False,False
study_runs,SMOKE_V100_P0_I01,study_runs/SMOKE_V100_P0_I01/checkpoint/2b04050768474782874f3d86300c385f/generated/checkpoints/progress.json,progress.json,.json,1655,77517e014423c3875201b476037a322190087ca8f657d634ee01a3c14f5c3ae0,2026-07-17T21:34:03,True,False,False,False,False,False,False
study_runs,SMOKE_V100_P0_I01,study_runs/SMOKE_V100_P0_I01/checkpoint/2b04050768474782874f3d86300c385f/generated/checkpoints/results.json,results.json,.json,1289,559732c62f9f24cc5453232b05a9dee5521c1f0f3e10d3d47bfe8fb82ab0ab32,2026-07-17T21:34:03,True,False,False,False,False,False,False
study_runs,SMOKE_V100_P0_I01,study_runs/SMOKE_V100_P0_I01/checkpoint/2b04050768474782874f3d86300c385f/generated/results_seed_11.csv,results_seed_11.csv,.csv,177,1b92e0a8d5e320ee663a06098e6b13afaced8710fb3c11a300be46a15eab6517,2026-07-17T21:28:18,True,False,False,False,False,False,False
study_runs,SMOKE_V100_P0_I01,study_runs/SMOKE_V100_P0_I01/checkpoint/2b04050768474782874f3d86300c385f/generated/results_seed_22.csv,results_seed_22.csv,.csv,322,33362b0cd419f09306d8b15f1720e0a16a5da50be7d16148a5fa2a987b5b18e0,2026-07-17T21:29:49,True,False,False,False,False,False,False
study_runs,SMOKE_V100_P0_I01,study_runs/SMOKE_V100_P0_I01/checkpoint/2b04050768474782874f3d86300c385f/generated/results_seed_33.csv,results_seed_33.csv,.csv,466,57d1e9c47b889eb04492b76e555f240ba4198c9a70f3bb84ea81813d5c773eb1,2026-07-17T21:31:14,True,False,False,False,False,False,False
study_runs,SMOKE_V100_P0_I01,study_runs/SMOKE_V100_P0_I01/checkpoint/2b04050768474782874f3d86300c385f/generated/results_seed_44.csv,results_seed_44.csv,.csv,610,4531a389d86ed6566131af982248c6014be43a996cf8de6d904c6020b9e88840,2026-07-17T21:32:39,True,False,False,False,False,False,False
study_runs,SMOKE_V100_P0_I01,study_runs/SMOKE_V100_P0_I01/checkpoint/2b04050768474782874f3d86300c385f/generated/results_seed_55.csv,results_seed_55.csv,.csv,755,e64757c6914aae578a9c5f32aa20209ed958f0d3263a7e3fd60d76e8d00352b6,2026-07-17T21:34:03,True,False,False,False,False,False,False
study_runs,SMOKE_V100_P0_I01,study_runs/SMOKE_V100_P0_I01/checkpoint/2b04050768474782874f3d86300c385f/generated/summary.csv,summary.csv,.csv,218,dfd63930fa8228e5a6d1e66d6141d685691ae5ffab21f664ac268e45880c75aa,2026-07-17T21:34:03,True,False,False,False,False,False,False
study_runs,SMOKE_V100_P0_I01,study_runs/SMOKE_V100_P0_I01/checkpoint/2b04050768474782874f3d86300c385f/out.log,out.log,.log,23918,ce4b187373fcebf105ac13a3464290d632a5245e0fe78a38d7985054726e7a0a,2026-07-17T21:34:07,True,False,False,False,False,False,True
study_runs,SMOKE_V100_P0_I01,study_runs/SMOKE_V100_P0_I01/checkpoint/2b04050768474782874f3d86300c385f_iteration1/code.py,code.py,.py,4917,a46c39d44ce7defc2534a9009a38cf8ba34805b41ba74a720290a1e44bfac0fa,2026-07-17T22:54:22,True,False,False,True,False,False,False
study_runs,SMOKE_V100_P0_I01,study_runs/SMOKE_V100_P0_I01/checkpoint/2b04050768474782874f3d86300c385f_iteration1/generated/checkpoints/Amazon2014VideoGames-32d2823b/LensKit.ImplicitMFScorer-f0dd7ecb-11/predictions.json,predictions.json,.json,6856050811,a061f5e8c6630420601be2050f65a48c321e8f92ccb0b523db142887bb75c95c,2026-07-17T22:07:20,True,False,False,False,False,False,False
study_runs,SMOKE_V100_P0_I01,study_runs/SMOKE_V100_P0_I01/checkpoint/2b04050768474782874f3d86300c385f_iteration1/generated/checkpoints/Amazon2014VideoGames-32d2823b/LensKit.ItemKNNScorer-c3d66610-11/predictions.json,predictions.json,.json,892725086,3d617fc3e9521aa6428974d4f6da932ab8b7022fea292687bcc05af1e526061f,2026-07-17T22:22:23,True,False,False,False,False,False,False
study_runs,SMOKE_V100_P0_I01,study_runs/SMOKE_V100_P0_I01/checkpoint/2b04050768474782874f3d86300c385f_iteration1/generated/checkpoints/Amazon2014VideoGames-32d2823b/LensKit.PopScorer-f4aa5539-11/predictions.json,predictions.json,.json,6665596786,6721b921f8e839ace82f20c3e02f774d0927e535bdcba42312ddfdc03665fc3c,2026-07-17T22:39:40,True,False,False,False,False,False,False
study_runs,SMOKE_V100_P0_I01,study_runs/SMOKE_V100_P0_I01/checkpoint/2b04050768474782874f3d86300c385f_iteration1/generated/checkpoints/err.log,err.log,.log,6682,03a13cbcf60ca5bab9130aa6af93917f63504db3556ec5aba7199d9c6fca43d8,2026-07-17T22:50:44,True,False,False,False,False,False,False
study_runs,SMOKE_V100_P0_I01,study_runs/SMOKE_V100_P0_I01/checkpoint/2b04050768474782874f3d86300c385f_iteration1/generated/checkpoints/MovieLens100K-938abed0/LensKit.ImplicitMFScorer-f0dd7ecb-11/predictions.json,predictions.json,.json,39315218,74a7ed44644f94e092bff107cea9849e3117753357ecc762fcc43612e24829da,2026-07-17T21:45:10,True,False,False,False,False,False,False
study_runs,SMOKE_V100_P0_I01,study_runs/SMOKE_V100_P0_I01/checkpoint/2b04050768474782874f3d86300c385f_iteration1/generated/checkpoints/MovieLens100K-938abed0/LensKit.ItemKNNScorer-c3d66610-11/predictions.json,predictions.json,.json,37583829,ce121a32b92419f122c86d8e6159da80dac2498530ce88af618d606dab17bda1,2026-07-17T21:46:05,True,False,False,False,False,False,False
study_runs,SMOKE_V100_P0_I01,study_runs/SMOKE_V100_P0_I01/checkpoint/2b04050768474782874f3d86300c385f_iteration1/generated/checkpoints/MovieLens100K-938abed0/LensKit.PopScorer-f4aa5539-11/predictions.json,predictions.json,.json,39089340,4612219caa0e1c7f45150c69dfeceeed6b54421c6e71c048531c6c5a6f8203a3,2026-07-17T21:47:19,True,False,False,False,False,False,False
study_runs,SMOKE_V100_P0_I01,study_runs/SMOKE_V100_P0_I01/checkpoint/2b04050768474782874f3d86300c385f_iteration1/generated/checkpoints/out.log,out.log,.log,0,e3b0c44298fc1c149afbf4c8996fb92427ae41e4649b934ca495991b7852b855,2026-07-17T21:45:21,True,False,False,False,False,False,False
study_runs,SMOKE_V100_P0_I01,study_runs/SMOKE_V100_P0_I01/checkpoint/2b04050768474782874f3d86300c385f_iteration1/generated/checkpoints/progress.json,progress.json,.json,1070,44bf5b5a22f5a3628a96975c68797e2275b4f15dcae81ebc875cf56ec6c1b05d,2026-07-17T22:40:36,True,False,False,False,False,False,False
study_runs,SMOKE_V100_P0_I01,study_runs/SMOKE_V100_P0_I01/checkpoint/2b04050768474782874f3d86300c385f_iteration1/generated/checkpoints/results.json,results.json,.json,3000,701486686463c80dc90698ddb94d273a79e1b5b78ef0441ce8e7b3af3c4f4356,2026-07-17T22:50:44,True,False,False,False,False,False,False
study_runs,SMOKE_V100_P0_I01,study_runs/SMOKE_V100_P0_I01/checkpoint/2b04050768474782874f3d86300c385f_iteration1/generated/results_MovieLens100K_seed_11.csv,results_MovieLens100K_seed_11.csv,.csv,1520,3bc7aae29b283746aaa5064dc8ee5c62f4e7340153a3556a803fc3a983a1a2c5,2026-07-17T21:47:28,True,False,False,False,False,False,False
study_runs,SMOKE_V100_P0_I01,study_runs/SMOKE_V100_P0_I01/checkpoint/2b04050768474782874f3d86300c385f_iteration1/out.log,out.log,.log,25737,0b162729fb0a6d257a07ccabccc7c3f32e436799759f994bcb15bf76128bd75e,2026-07-17T22:50:52,True,True,True,False,False,False,True
study_runs,SMOKE_V100_P0_I01,study_runs/SMOKE_V100_P0_I01/checkpoint/2b04050768474782874f3d86300c385f_iteration2/code.py,code.py,.py,5086,653f04670c5b986064cef239e56bd2b771b888556ab2ca649cabd5b415fa8f34,2026-07-17T22:54:22,True,False,False,True,False,False,False
study_runs,SMOKE_V100_P0_I01,study_runs/SMOKE_V100_P0_I01/checkpoint/2b04050768474782874f3d86300c385f_iteration2/out.log,out.log,.log,3334,27bb2cdb17a9f518adb2121b268b9b9f0b8e239e9b63c6f8550d8204c69a33ad,2026-07-17T22:53:47,True,True,True,False,False,False,True
study_runs,SMOKE_V100_P0_I01,study_runs/SMOKE_V100_P0_I01/checkpoint/2b04050768474782874f3d86300c385f_seed/code.py,code.py,.py,3244,18d7f47641bd3c99a0b207b6f8380579b18764857b178d01a4d3d3412315acdf,2026-07-17T22:51:51,True,False,False,False,False,False,False
study_runs,SMOKE_V100_P0_I01,study_runs/SMOKE_V100_P0_I01/checkpoint/2b04050768474782874f3d86300c385f_seed/generated/all_results.csv,all_results.csv,.csv,2201,87c434e190f3730b551a009c40558d178eb54226643d0d39910f43ddaebf7457,2026-07-17T21:42:31,True,False,False,False,False,False,False
study_runs,SMOKE_V100_P0_I01,study_runs/SMOKE_V100_P0_I01/checkpoint/2b04050768474782874f3d86300c385f_seed/generated/checkpoints/err.log,err.log,.log,5975,c82c303c9ab0d729d313294053b2514230acc97ddc79eb833b90d24ba6e03c72,2026-07-17T21:42:31,True,False,False,False,False,False,False
study_runs,SMOKE_V100_P0_I01,study_runs/SMOKE_V100_P0_I01/checkpoint/2b04050768474782874f3d86300c385f_seed/generated/checkpoints/MovieLens100K-938abed0/LensKit.ImplicitMFScorer-ca533e7c-11/predictions.json,predictions.json,.json,39318147,15bfdf7dbd60772f1eedd1f17266d9c140df59bd81cb5f6ee623ae1087a54bd8,2026-07-17T21:36:43,True,False,False,False,False,False,False
study_runs,SMOKE_V100_P0_I01,study_runs/SMOKE_V100_P0_I01/checkpoint/2b04050768474782874f3d86300c385f_seed/generated/checkpoints/MovieLens100K-938abed0/LensKit.ImplicitMFScorer-ca533e7c-22/predictions.json,predictions.json,.json,39314914,1fb1346adb357a1280ad95bc2056c3c5fd2e64f092a07ec244adf6e9baa3125f,2026-07-17T21:38:08,True,False,False,False,False,False,False
study_runs,SMOKE_V100_P0_I01,study_runs/SMOKE_V100_P0_I01/checkpoint/2b04050768474782874f3d86300c385f_seed/generated/checkpoints/MovieLens100K-938abed0/LensKit.ImplicitMFScorer-ca533e7c-33/predictions.json,predictions.json,.json,39315803,7b5fff259cd2ec270e85e64e669b1a8dbf7d9eac024fbee819b1d1998356cc5d,2026-07-17T21:39:33,True,False,False,False,False,False,False
study_runs,SMOKE_V100_P0_I01,study_runs/SMOKE_V100_P0_I01/checkpoint/2b04050768474782874f3d86300c385f_seed/generated/checkpoints/MovieLens100K-938abed0/LensKit.ImplicitMFScorer-ca533e7c-44/predictions.json,predictions.json,.json,39350257,7e215d65dc61ea7a6af3b6e741e959e3f4eb9ff3e551b94f9270b8f72f709d49,2026-07-17T21:41:01,True,False,False,False,False,False,False
study_runs,SMOKE_V100_P0_I01,study_runs/SMOKE_V100_P0_I01/checkpoint/2b04050768474782874f3d86300c385f_seed/generated/checkpoints/MovieLens100K-938abed0/LensKit.ImplicitMFScorer-ca533e7c-55/predictions.json,predictions.json,.json,39319375,f3aba54c10481c8ab6df116de1c672f2b54c5985c227536ff73b017ab0f34343,2026-07-17T21:42:20,True,False,False,False,False,False,False
study_runs,SMOKE_V100_P0_I01,study_runs/SMOKE_V100_P0_I01/checkpoint/2b04050768474782874f3d86300c385f_seed/generated/checkpoints/out.log,out.log,.log,0,e3b0c44298fc1c149afbf4c8996fb92427ae41e4649b934ca495991b7852b855,2026-07-17T21:36:53,True,False,False,False,False,False,False
study_runs,SMOKE_V100_P0_I01,study_runs/SMOKE_V100_P0_I01/checkpoint/2b04050768474782874f3d86300c385f_seed/generated/checkpoints/progress.json,progress.json,.json,1655,77517e014423c3875201b476037a322190087ca8f657d634ee01a3c14f5c3ae0,2026-07-17T21:42:31,True,False,False,False,False,False,False
study_runs,SMOKE_V100_P0_I01,study_runs/SMOKE_V100_P0_I01/checkpoint/2b04050768474782874f3d86300c385f_seed/generated/checkpoints/results.json,results.json,.json,1290,427bb36a693a7bd6b3cdf1a899a799fefe7563861e327984e016ac8245e5fe16,2026-07-17T21:42:31,True,False,False,False,False,False,False
study_runs,SMOKE_V100_P0_I01,study_runs/SMOKE_V100_P0_I01/checkpoint/2b04050768474782874f3d86300c385f_seed/generated/results_seed_11.csv,results_seed_11.csv,.csv,179,00a60cbe08dfd421de76694a571b401fdca55fd3df1fc93c0858ed8e855b364e,2026-07-17T21:36:53,True,False,False,False,False,False,False
study_runs,SMOKE_V100_P0_I01,study_runs/SMOKE_V100_P0_I01/checkpoint/2b04050768474782874f3d86300c385f_seed/generated/results_seed_22.csv,results_seed_22.csv,.csv,323,3c93eb5df5026f7d767c3a1388a047f4d424afec5c25f124677acb2ac2e4c984,2026-07-17T21:38:17,True,False,False,False,False,False,False
study_runs,SMOKE_V100_P0_I01,study_runs/SMOKE_V100_P0_I01/checkpoint/2b04050768474782874f3d86300c385f_seed/generated/results_seed_33.csv,results_seed_33.csv,.csv,467,c53fb7f45201eae2bcb88b1d78c4857bbd5fb77b8bd9bcd616f22d1c460e7358,2026-07-17T21:39:42,True,False,False,False,False,False,False
study_runs,SMOKE_V100_P0_I01,study_runs/SMOKE_V100_P0_I01/checkpoint/2b04050768474782874f3d86300c385f_seed/generated/results_seed_44.csv,results_seed_44.csv,.csv,612,697370fa7a38befa1cdf7de465c7003f7a6a0516b2e74d2116d2a482b9603ab9,2026-07-17T21:41:07,True,False,False,False,False,False,False
study_runs,SMOKE_V100_P0_I01,study_runs/SMOKE_V100_P0_I01/checkpoint/2b04050768474782874f3d86300c385f_seed/generated/results_seed_55.csv,results_seed_55.csv,.csv,756,99d3a874b093ae5aa4e4955bcb6b438ce78b1334e7e5568c63cd93bab2351544,2026-07-17T21:42:31,True,False,False,False,False,False,False
study_runs,SMOKE_V100_P0_I01,study_runs/SMOKE_V100_P0_I01/checkpoint/2b04050768474782874f3d86300c385f_seed/generated/summary.csv,summary.csv,.csv,220,75ec12375f56dc7642429ddae69fc6df014bd12481ea82896f5728537c81064a,2026-07-17T21:42:31,True,False,False,False,False,False,False
study_runs,SMOKE_V100_P0_I01,study_runs/SMOKE_V100_P0_I01/checkpoint/2b04050768474782874f3d86300c385f_seed/out.log,out.log,.log,23999,8632542b6e645b21b5bd413155e7e883b1614126fc32834c7e541cd81e2bedeb,2026-07-17T21:42:33,True,False,False,False,False,False,True
study_runs,SMOKE_V100_P0_I01,study_runs/SMOKE_V100_P0_I01/checkpoint/506a9fd3f66c4bec8dd85db15292903d/code.py,code.py,.py,3179,49a346958aa0b487da34d6b3efe94f551f4f71a729d1faef1a7264415d5c49b3,2026-07-17T20:14:20,True,False,True,False,False,False,False
study_runs,SMOKE_V100_P0_I01,study_runs/SMOKE_V100_P0_I01/checkpoint/506a9fd3f66c4bec8dd85db15292903d/out.log,out.log,.log,2943,0e850a16ad863247c2020cc5d0b071200c71cd3b4f2bcc9f7cc5de2213ff507d,2026-07-17T20:12:33,True,True,True,False,False,False,True
study_runs,SMOKE_V100_P0_I01,study_runs/SMOKE_V100_P0_I01/checkpoint/8ae5c9e5771d4ce2be8d8a2a7b4228f0/code.py,code.py,.py,2360,75ee9b37efa4577ab1a53999f7c74639ab8bb4e0ef131ea85c905e1fe32e4af5,2026-07-17T21:25:39,True,False,False,False,True,False,False
study_runs,SMOKE_V100_P0_I01,study_runs/SMOKE_V100_P0_I01/checkpoint/8ae5c9e5771d4ce2be8d8a2a7b4228f0/generated/checkpoints/err.log,err.log,.log,1195,4da430e9659bb61bd72765495936d07d95cfc1fd625a65a3cfd549baa46343ae,2026-07-17T21:23:30,True,False,False,False,False,False,False
study_runs,SMOKE_V100_P0_I01,study_runs/SMOKE_V100_P0_I01/checkpoint/8ae5c9e5771d4ce2be8d8a2a7b4228f0/generated/checkpoints/MovieLens100K-938abed0/LensKit.ImplicitMFScorer-f0dd7ecb-11/predictions.json,predictions.json,.json,39314740,48961d04db8d2a32e53d7c143a6f28e9a16cdd19940ab1a4d202484e52cb4ae4,2026-07-17T21:23:20,True,False,False,False,False,False,False
study_runs,SMOKE_V100_P0_I01,study_runs/SMOKE_V100_P0_I01/checkpoint/8ae5c9e5771d4ce2be8d8a2a7b4228f0/generated/checkpoints/out.log,out.log,.log,0,e3b0c44298fc1c149afbf4c8996fb92427ae41e4649b934ca495991b7852b855,2026-07-17T21:23:30,True,False,False,False,False,False,False
study_runs,SMOKE_V100_P0_I01,study_runs/SMOKE_V100_P0_I01/checkpoint/8ae5c9e5771d4ce2be8d8a2a7b4228f0/generated/checkpoints/progress.json,progress.json,.json,199,53cc16ee820ceba2f63d048fc8c818510250d19784ae0cfdfe8cb1631b4c7233,2026-07-17T21:23:29,True,False,False,False,False,False,False
study_runs,SMOKE_V100_P0_I01,study_runs/SMOKE_V100_P0_I01/checkpoint/8ae5c9e5771d4ce2be8d8a2a7b4228f0/generated/checkpoints/results.json,results.json,.json,273,d0707359109d092db4016e93a548e29ca68d5ff74c06505ae0e0e3dba9c05c8b,2026-07-17T21:23:30,True,False,False,False,False,False,False
study_runs,SMOKE_V100_P0_I01,study_runs/SMOKE_V100_P0_I01/checkpoint/8ae5c9e5771d4ce2be8d8a2a7b4228f0/out.log,out.log,.log,6607,ccade285cc791992e78bdef145b2bb354f1bd6ae6754bbb323e802bf5ba3469f,2026-07-17T21:23:30,True,True,True,False,False,False,True
study_runs,SMOKE_V100_P0_I01,study_runs/SMOKE_V100_P0_I01/checkpoint/adc486eedd784beebdf0ad860a0bf732/code.py,code.py,.py,2803,0c9969f18f4b327ef66d3dcab3ea7090e37988af8ab799233887570c679f892b,2026-07-17T21:34:43,True,False,False,False,False,False,False
study_runs,SMOKE_V100_P0_I01,study_runs/SMOKE_V100_P0_I01/checkpoint/adc486eedd784beebdf0ad860a0bf732/out.log,out.log,.log,3029,2a034959fd700864dadc32e0e8c0b701bda9ed76c6af502401419c7191afaa80,2026-07-17T21:25:11,True,True,True,False,False,False,True
study_runs,SMOKE_V100_P0_I01,study_runs/SMOKE_V100_P0_I01/checkpoint/b3f868150f1e48848df96473d4a5fb4e/code.py,code.py,.py,3148,e7effa12b8a1dc3c29c298c38f9fd409e83c94500c4d68487e349aae6982727d,2026-07-17T20:16:33,True,False,False,False,False,False,False
study_runs,SMOKE_V100_P0_I01,study_runs/SMOKE_V100_P0_I01/checkpoint/b3f868150f1e48848df96473d4a5fb4e/generated/checkpoints/err.log,err.log,.log,0,e3b0c44298fc1c149afbf4c8996fb92427ae41e4649b934ca495991b7852b855,2026-07-17T20:15:38,True,False,False,False,False,False,False
study_runs,SMOKE_V100_P0_I01,study_runs/SMOKE_V100_P0_I01/checkpoint/b3f868150f1e48848df96473d4a5fb4e/generated/checkpoints/out.log,out.log,.log,0,e3b0c44298fc1c149afbf4c8996fb92427ae41e4649b934ca495991b7852b855,2026-07-17T20:15:38,True,False,False,False,False,False,False
study_runs,SMOKE_V100_P0_I01,study_runs/SMOKE_V100_P0_I01/checkpoint/b3f868150f1e48848df96473d4a5fb4e/generated/checkpoints/progress.json,progress.json,.json,307,1c7b43fa178e0012d27acbd5fafe8cb7f9156a313e9a575a75ae825b0dc03ce1,2026-07-17T20:15:28,True,False,False,False,False,False,False
study_runs,SMOKE_V100_P0_I01,study_runs/SMOKE_V100_P0_I01/checkpoint/b3f868150f1e48848df96473d4a5fb4e/generated/checkpoints/results.json,results.json,.json,2,44136fa355b3678a1146ad16f7e8649e94fb4fc21fe77e8310c060f61caaff8a,2026-07-17T20:15:38,True,False,False,False,False,False,False
study_runs,SMOKE_V100_P0_I01,study_runs/SMOKE_V100_P0_I01/checkpoint/b3f868150f1e48848df96473d4a5fb4e/out.log,out.log,.log,6688,8e855eda3b4c711188e277cde7a66ea4d4d813b04a0ac01ea32f7b7877eeca4b,2026-07-17T20:15:39,True,True,True,False,False,False,True
study_runs,SMOKE_V100_P0_I01,study_runs/SMOKE_V100_P0_I01/checkpoint/f924856511e14a3c92631ccf384e439f/code.py,code.py,.py,2944,dedf8801ee18e2fe13c25b13fa7cc0de3db739279ba26ca156cb4160e275757e,2026-07-17T20:16:33,True,False,False,False,False,False,False
study_runs,SMOKE_V100_P0_I01,study_runs/SMOKE_V100_P0_I01/checkpoint/f924856511e14a3c92631ccf384e439f/out.log,out.log,.log,2934,4bcb10cd16fc766081e9af4b5c0185c622116a973225f892906db57675ae4d53,2026-07-17T20:13:54,True,True,True,False,False,False,True
study_runs,SMOKE_V100_P0_I01,study_runs/SMOKE_V100_P0_I01/code_requirements_final.json,code_requirements_final.json,.json,1545,5af14ab31f0cfded759e7c9eb07f5b1694e5eb3f49d72adbf429ab9b5ef49dda,2026-07-17T21:35:20,True,False,False,False,False,False,False
study_runs,SMOKE_V100_P0_I01,study_runs/SMOKE_V100_P0_I01/code_requirements_prototype.json,code_requirements_prototype.json,.json,800,7283ed47570e3504c03a4a565c821ae10538cefc7b8810fd2e5805b93aaebfa3,2026-07-17T21:20:43,True,False,False,False,False,False,False
study_runs,SMOKE_V100_P0_I01,study_runs/SMOKE_V100_P0_I01/config.source.toml,config.source.toml,.toml,386,43ad328d9e971575946598bc6c906a320d878b57103e5825b7bc1b351074558f,2026-07-17T21:20:05,True,False,False,False,False,False,False
study_runs,SMOKE_V100_P0_I01,study_runs/SMOKE_V100_P0_I01/config.toml,config.toml,.toml,413,f016223e8d4d869dab57e98267307fdb7d4097558802b65486d03255c5da628b,2026-07-17T21:20:05,True,False,False,False,False,False,False
study_runs,SMOKE_V100_P0_I01,study_runs/SMOKE_V100_P0_I01/costs_log.csv,costs_log.csv,.csv,8468,71686cb51e8d8aaf2d690cdab6367ecde807126d14d354c0c5e83919419bd5a2,2026-07-17T22:54:32,True,False,False,False,False,False,False
study_runs,SMOKE_V100_P0_I01,study_runs/SMOKE_V100_P0_I01/debug.log,debug.log,.log,295309,4d4fbba435bc097276db09231db67ef12414cd0b767558650f0e03a71bed23d7,2026-07-17T22:54:36,True,True,True,False,True,False,True
study_runs,SMOKE_V100_P0_I01,study_runs/SMOKE_V100_P0_I01/entered_prompt.txt,entered_prompt.txt,.txt,946,dc790c0f84813ae9f582a14783c06db3ee59faaa98d800c6bf831f5ad0d041ab,2026-07-17T21:20:05,True,False,False,False,False,False,False
study_runs,SMOKE_V100_P0_I01,study_runs/SMOKE_V100_P0_I01/statistics/0_506a9fd3f66c4bec8dd85db15292903d.txt,0_506a9fd3f66c4bec8dd85db15292903d.txt,.txt,470,201f7681565ae42bece922fb420a2bfa3dba819f46c1769d09a6e8d472358c1f,2026-07-17T20:13:07,True,False,False,False,False,False,False
study_runs,SMOKE_V100_P0_I01,study_runs/SMOKE_V100_P0_I01/statistics/0_8ae5c9e5771d4ce2be8d8a2a7b4228f0.txt,0_8ae5c9e5771d4ce2be8d8a2a7b4228f0.txt,.txt,467,74d08a578056f4ce7cc99417914b5aa791765e98fc2dfad4e8353cfad5d17e4f,2026-07-17T21:24:10,True,False,False,False,False,False,False
study_runs,SMOKE_V100_P0_I01,study_runs/SMOKE_V100_P0_I01/statistics/1_adc486eedd784beebdf0ad860a0bf732.txt,1_adc486eedd784beebdf0ad860a0bf732.txt,.txt,468,059648e920c6aeffe0d9316f2576288290b1a1bf6577d17a7fd128ac7d6bdd93,2026-07-17T21:25:40,True,False,False,False,False,False,False
study_runs,SMOKE_V100_P0_I01,study_runs/SMOKE_V100_P0_I01/statistics/1_f924856511e14a3c92631ccf384e439f.txt,1_f924856511e14a3c92631ccf384e439f.txt,.txt,480,037789e2f5762aa938ae9232b2433e44180c1504e6f793bb8b972ce807355c57,2026-07-17T20:14:20,True,False,False,False,False,False,False
study_runs,SMOKE_V100_P0_I01,study_runs/SMOKE_V100_P0_I01/statistics/2_2b04050768474782874f3d86300c385f.txt,2_2b04050768474782874f3d86300c385f.txt,.txt,454,71bde42a44d270d284ad57cf9b5221e4b4ddcd7c44755ca6eb1967e867ecb8b9,2026-07-17T21:34:43,True,False,False,False,False,False,False
study_runs,SMOKE_V100_P0_I01,study_runs/SMOKE_V100_P0_I01/statistics/2_b3f868150f1e48848df96473d4a5fb4e.txt,2_b3f868150f1e48848df96473d4a5fb4e.txt,.txt,461,f697f95fa82dfd7441f346d241cb0c112bb619e8927ae99253bd2447d884c81b,2026-07-17T20:16:33,True,False,False,False,False,False,False
study_runs,SMOKE_V100_P0_I01,study_runs/SMOKE_V100_P0_I01/statistics/3_2b04050768474782874f3d86300c385f_seed.txt,3_2b04050768474782874f3d86300c385f_seed.txt,.txt,456,5d859b930a2c98ecc61575ffe51b10a255852cdbfd4921ce0b451527a975e4e8,2026-07-17T21:43:09,True,False,False,False,False,False,False
study_runs,SMOKE_V100_P0_I01,study_runs/SMOKE_V100_P0_I01/statistics/4_2b04050768474782874f3d86300c385f_iteration1.txt,4_2b04050768474782874f3d86300c385f_iteration1.txt,.txt,503,d9c5f56dccd5ac0ab680b854ce50c0064d883ad696ec7353692aeb0c53992cb5,2026-07-17T22:51:51,True,False,False,False,False,False,False
study_runs,SMOKE_V100_P0_I01,study_runs/SMOKE_V100_P0_I01/statistics/5_2b04050768474782874f3d86300c385f_iteration2.txt,5_2b04050768474782874f3d86300c385f_iteration2.txt,.txt,500,269c25dcd357bad3e416f5b240cab11eabe3cfbdf5e7b98dc6460b5108dfd415,2026-07-17T22:54:22,True,False,False,False,False,False,False
study_runs,SMOKE_V100_P0_I01,study_runs/SMOKE_V100_P0_I01/statistics/summary_overall_nodes.txt,summary_overall_nodes.txt,.txt,611,44e6c7ec86d43f5dc405d19c325f2cf2ea1f91bdeb30eb7c5e389e54cc8733eb,2026-07-17T22:54:32,True,False,False,False,False,False,False
study_runs,SMOKE_V100_P0_I01,study_runs/SMOKE_V100_P0_I01/summary.md,summary.md,.md,4481,400b1fe8f368e6e96e59e67c0d498eb906b50e131013cfb480d6f96393ec4c07,2026-07-17T22:54:32,True,False,True,False,False,False,False
study_runs,SMOKE_V100_P0_I01,study_runs/SMOKE_V100_P0_I01/tree_render/svg/combined_tree.svg,combined_tree.svg,.svg,4197,4755ce080624dba12b00ee8cccf8595cf4ad6f1b759ad1a0f5adef04ffa6462d,2026-07-17T21:34:51,True,False,False,False,False,False,False
study_runs,SMOKE_V100_P0_I01,study_runs/SMOKE_V100_P0_I01/tree_render/svg/tree_0.svg,tree_0.svg,.svg,1611,79026e5bb50def75242c4c5b624736162cf7f33e2e8bfe745ff63e8f09ab7103,2026-07-17T21:34:46,True,False,False,False,False,False,False
study_runs,SMOKE_V100_P0_I01,study_runs/SMOKE_V100_P0_I01/tree_render/svg/tree_1.svg,tree_1.svg,.svg,3167,e6e81881c7a312a31d27aae9b3a94b5920146931a83b14d6bb1e3358b00d7279,2026-07-17T21:34:49,True,False,False,False,False,False,False
study_runs,V100_P0_GPT54_I05_R01,study_runs/V100_P0_GPT54_I05_R01/checkpoint/1a0e67a0ed0f49838458b10f36953597/code.py,code.py,.py,7253,377635048a3ea066394b0f1ae8e9215e41fc328304ffc09a8e170ac0095d7f89,2026-07-19T20:02:19,True,False,True,True,False,False,False
study_runs,V100_P0_GPT54_I05_R01,study_runs/V100_P0_GPT54_I05_R01/checkpoint/1a0e67a0ed0f49838458b10f36953597/generated/prototype_results.csv,prototype_results.csv,.csv,1283,9b4b277e49f7ff9cfd2be375444b91e7648d0541e9d5b7f5f774ea3822e6bd2f,2026-07-19T20:00:17,True,False,False,False,False,False,False
study_runs,V100_P0_GPT54_I05_R01,study_runs/V100_P0_GPT54_I05_R01/checkpoint/1a0e67a0ed0f49838458b10f36953597/generated/prototype_summary.csv,prototype_summary.csv,.csv,28,38a7905d4aa93a3be0e02e7d8ff28e68a282d507a8f0d833f4a00ea4659490f8,2026-07-19T20:00:17,True,False,False,False,False,False,False
study_runs,V100_P0_GPT54_I05_R01,study_runs/V100_P0_GPT54_I05_R01/checkpoint/1a0e67a0ed0f49838458b10f36953597/generated/seed_13/checkpoint_metric_scan.csv,checkpoint_metric_scan.csv,.csv,202,6f35ddf415950c5e507059b567c7a00a6a95e378cb097208925b4bb6c7253963,2026-07-19T19:56:37,True,False,False,False,False,False,False
study_runs,V100_P0_GPT54_I05_R01,study_runs/V100_P0_GPT54_I05_R01/checkpoint/1a0e67a0ed0f49838458b10f36953597/generated/seed_13/checkpoints/err.log,err.log,.log,951,6a254c2602b7566b8080dc9a3e249853376d2cb68109de34c64df5a7e9f73108,2026-07-19T19:56:37,True,False,False,False,False,False,False
study_runs,V100_P0_GPT54_I05_R01,study_runs/V100_P0_GPT54_I05_R01/checkpoint/1a0e67a0ed0f49838458b10f36953597/generated/seed_13/checkpoints/MovieLens100K-c0b4b14e/LensKit.PopScorer-f4aa5539-13/predictions.json,predictions.json,.json,38765629,1f30cbd239ae1cc04867259dbb8e6269ff83cb2f90c72b9bb87187bb1528074f,2026-07-19T19:56:29,True,False,False,False,False,False,False
study_runs,V100_P0_GPT54_I05_R01,study_runs/V100_P0_GPT54_I05_R01/checkpoint/1a0e67a0ed0f49838458b10f36953597/generated/seed_13/checkpoints/out.log,out.log,.log,0,e3b0c44298fc1c149afbf4c8996fb92427ae41e4649b934ca495991b7852b855,2026-07-19T19:56:37,True,False,False,False,False,False,False
study_runs,V100_P0_GPT54_I05_R01,study_runs/V100_P0_GPT54_I05_R01/checkpoint/1a0e67a0ed0f49838458b10f36953597/generated/seed_13/checkpoints/progress.json,progress.json,.json,192,4f6997bf13ef6ee4cd801aa1d128ec026bdbca778851baec2c93c96c670dc976,2026-07-19T19:56:36,True,False,False,False,False,False,False
study_runs,V100_P0_GPT54_I05_R01,study_runs/V100_P0_GPT54_I05_R01/checkpoint/1a0e67a0ed0f49838458b10f36953597/generated/seed_13/checkpoints/results.json,results.json,.json,145,88f9282215c63c3b622c8008b1698e07c1af7b07010bf9643638618729a41ef2,2026-07-19T19:56:37,True,False,False,False,False,False,False
study_runs,V100_P0_GPT54_I05_R01,study_runs/V100_P0_GPT54_I05_R01/checkpoint/1a0e67a0ed0f49838458b10f36953597/generated/seed_29/checkpoint_metric_scan.csv,checkpoint_metric_scan.csv,.csv,202,da5f066ea4fddf71c52b4cf3e01b1f3475ff58abdc1f3776f2576053e6b3469c,2026-07-19T19:57:50,True,False,False,False,False,False,False
study_runs,V100_P0_GPT54_I05_R01,study_runs/V100_P0_GPT54_I05_R01/checkpoint/1a0e67a0ed0f49838458b10f36953597/generated/seed_29/checkpoints/err.log,err.log,.log,951,6a254c2602b7566b8080dc9a3e249853376d2cb68109de34c64df5a7e9f73108,2026-07-19T19:57:50,True,False,False,False,False,False,False
study_runs,V100_P0_GPT54_I05_R01,study_runs/V100_P0_GPT54_I05_R01/checkpoint/1a0e67a0ed0f49838458b10f36953597/generated/seed_29/checkpoints/MovieLens100K-c0b4b14e/LensKit.PopScorer-f4aa5539-29/predictions.json,predictions.json,.json,38821813,278ef946c179700619e355ef5f3b99017cfff8275d8716530a013f382f87c97b,2026-07-19T19:57:42,True,False,False,False,False,False,False
study_runs,V100_P0_GPT54_I05_R01,study_runs/V100_P0_GPT54_I05_R01/checkpoint/1a0e67a0ed0f49838458b10f36953597/generated/seed_29/checkpoints/out.log,out.log,.log,0,e3b0c44298fc1c149afbf4c8996fb92427ae41e4649b934ca495991b7852b855,2026-07-19T19:57:50,True,False,False,False,False,False,False
study_runs,V100_P0_GPT54_I05_R01,study_runs/V100_P0_GPT54_I05_R01/checkpoint/1a0e67a0ed0f49838458b10f36953597/generated/seed_29/checkpoints/progress.json,progress.json,.json,192,5549e9c4265d99850aa353106b7e6f149fa119a45c746adabe79f1ee7e101364,2026-07-19T19:57:50,True,False,False,False,False,False,False
study_runs,V100_P0_GPT54_I05_R01,study_runs/V100_P0_GPT54_I05_R01/checkpoint/1a0e67a0ed0f49838458b10f36953597/generated/seed_29/checkpoints/results.json,results.json,.json,145,e9f9d68964dd02b92f9f7a37ebb3182d064fe5558b99229594aedd62832fb105,2026-07-19T19:57:50,True,False,False,False,False,False,False
study_runs,V100_P0_GPT54_I05_R01,study_runs/V100_P0_GPT54_I05_R01/checkpoint/1a0e67a0ed0f49838458b10f36953597/generated/seed_42/checkpoint_metric_scan.csv,checkpoint_metric_scan.csv,.csv,202,5eb814b1ccd633f7788f51823ecf9709f5beff052665ba7469a68bcba59b0177,2026-07-19T19:59:04,True,False,False,False,False,False,False
study_runs,V100_P0_GPT54_I05_R01,study_runs/V100_P0_GPT54_I05_R01/checkpoint/1a0e67a0ed0f49838458b10f36953597/generated/seed_42/checkpoints/err.log,err.log,.log,951,6a254c2602b7566b8080dc9a3e249853376d2cb68109de34c64df5a7e9f73108,2026-07-19T19:59:04,True,False,False,False,False,False,False
study_runs,V100_P0_GPT54_I05_R01,study_runs/V100_P0_GPT54_I05_R01/checkpoint/1a0e67a0ed0f49838458b10f36953597/generated/seed_42/checkpoints/MovieLens100K-c0b4b14e/LensKit.PopScorer-f4aa5539-42/predictions.json,predictions.json,.json,38800533,5d2b6667342667764827c1084999023e994173fb8cb2d82a8c9adcb6fff9f08f,2026-07-19T19:58:52,True,False,False,False,False,False,False
study_runs,V100_P0_GPT54_I05_R01,study_runs/V100_P0_GPT54_I05_R01/checkpoint/1a0e67a0ed0f49838458b10f36953597/generated/seed_42/checkpoints/out.log,out.log,.log,0,e3b0c44298fc1c149afbf4c8996fb92427ae41e4649b934ca495991b7852b855,2026-07-19T19:59:04,True,False,False,False,False,False,False
study_runs,V100_P0_GPT54_I05_R01,study_runs/V100_P0_GPT54_I05_R01/checkpoint/1a0e67a0ed0f49838458b10f36953597/generated/seed_42/checkpoints/progress.json,progress.json,.json,192,16829cd284059c711d75d78ff41a4cb3d5b60a54cc359d2ffa4cf5707c335ee0,2026-07-19T19:59:03,True,False,False,False,False,False,False
study_runs,V100_P0_GPT54_I05_R01,study_runs/V100_P0_GPT54_I05_R01/checkpoint/1a0e67a0ed0f49838458b10f36953597/generated/seed_42/checkpoints/results.json,results.json,.json,145,9cd49c1a49a665521af17eebbbc4ece4c3092e4310597893aba8c5199b4cff79,2026-07-19T19:59:04,True,False,False,False,False,False,False
study_runs,V100_P0_GPT54_I05_R01,study_runs/V100_P0_GPT54_I05_R01/checkpoint/1a0e67a0ed0f49838458b10f36953597/generated/seed_7/checkpoint_metric_scan.csv,checkpoint_metric_scan.csv,.csv,201,aa2a81959a10a9a0880c4a68584db955a00be9db22de382611eec6d12a0a71e1,2026-07-19T19:55:23,True,False,False,False,False,False,False
study_runs,V100_P0_GPT54_I05_R01,study_runs/V100_P0_GPT54_I05_R01/checkpoint/1a0e67a0ed0f49838458b10f36953597/generated/seed_7/checkpoints/err.log,err.log,.log,951,6a254c2602b7566b8080dc9a3e249853376d2cb68109de34c64df5a7e9f73108,2026-07-19T19:55:23,True,False,False,False,False,False,False
study_runs,V100_P0_GPT54_I05_R01,study_runs/V100_P0_GPT54_I05_R01/checkpoint/1a0e67a0ed0f49838458b10f36953597/generated/seed_7/checkpoints/MovieLens100K-c0b4b14e/LensKit.PopScorer-f4aa5539-7/predictions.json,predictions.json,.json,38808728,3c600a4e1a3001da38b9e9382c675a115840d725b520793a16d8f131ad14a0b8,2026-07-19T19:55:14,True,False,False,False,False,False,False
study_runs,V100_P0_GPT54_I05_R01,study_runs/V100_P0_GPT54_I05_R01/checkpoint/1a0e67a0ed0f49838458b10f36953597/generated/seed_7/checkpoints/out.log,out.log,.log,0,e3b0c44298fc1c149afbf4c8996fb92427ae41e4649b934ca495991b7852b855,2026-07-19T19:55:23,True,False,False,False,False,False,False
study_runs,V100_P0_GPT54_I05_R01,study_runs/V100_P0_GPT54_I05_R01/checkpoint/1a0e67a0ed0f49838458b10f36953597/generated/seed_7/checkpoints/progress.json,progress.json,.json,191,97708980ede2c1cf0e7829cf47b865163b2fb63741ed247b9bbbefe9d78c2113,2026-07-19T19:55:23,True,False,False,False,False,False,False
study_runs,V100_P0_GPT54_I05_R01,study_runs/V100_P0_GPT54_I05_R01/checkpoint/1a0e67a0ed0f49838458b10f36953597/generated/seed_7/checkpoints/results.json,results.json,.json,144,41fee03bbf8fc2c086e6ff1a8fcbf1310a58a6360effdae237533dc605494277,2026-07-19T19:55:23,True,False,False,False,False,False,False
study_runs,V100_P0_GPT54_I05_R01,study_runs/V100_P0_GPT54_I05_R01/checkpoint/1a0e67a0ed0f49838458b10f36953597/generated/seed_87/checkpoint_metric_scan.csv,checkpoint_metric_scan.csv,.csv,202,b20fecca0120c866630ac3fdf4816c112d570cb0c1c547231adece76ed5dc683,2026-07-19T20:00:17,True,False,False,False,False,False,False
study_runs,V100_P0_GPT54_I05_R01,study_runs/V100_P0_GPT54_I05_R01/checkpoint/1a0e67a0ed0f49838458b10f36953597/generated/seed_87/checkpoints/err.log,err.log,.log,951,6a254c2602b7566b8080dc9a3e249853376d2cb68109de34c64df5a7e9f73108,2026-07-19T20:00:17,True,False,False,False,False,False,False
study_runs,V100_P0_GPT54_I05_R01,study_runs/V100_P0_GPT54_I05_R01/checkpoint/1a0e67a0ed0f49838458b10f36953597/generated/seed_87/checkpoints/MovieLens100K-c0b4b14e/LensKit.PopScorer-f4aa5539-87/predictions.json,predictions.json,.json,38815900,2cdd44dff002cf9ade41645e3a5b1054c275452afbe6afccf551f1f9732cff18,2026-07-19T20:00:06,True,False,False,False,False,False,False
study_runs,V100_P0_GPT54_I05_R01,study_runs/V100_P0_GPT54_I05_R01/checkpoint/1a0e67a0ed0f49838458b10f36953597/generated/seed_87/checkpoints/out.log,out.log,.log,0,e3b0c44298fc1c149afbf4c8996fb92427ae41e4649b934ca495991b7852b855,2026-07-19T20:00:17,True,False,False,False,False,False,False
study_runs,V100_P0_GPT54_I05_R01,study_runs/V100_P0_GPT54_I05_R01/checkpoint/1a0e67a0ed0f49838458b10f36953597/generated/seed_87/checkpoints/progress.json,progress.json,.json,192,97fb9543c526f0d64b1f9caf07d239ca8a903ec5eb39638b5ec2a53f90a49bfa,2026-07-19T20:00:16,True,False,False,False,False,False,False
study_runs,V100_P0_GPT54_I05_R01,study_runs/V100_P0_GPT54_I05_R01/checkpoint/1a0e67a0ed0f49838458b10f36953597/generated/seed_87/checkpoints/results.json,results.json,.json,144,45c8e244cf0e730ac769455fd778d01d7199146475b918be796c3e46fb997761,2026-07-19T20:00:17,True,False,False,False,False,False,False
study_runs,V100_P0_GPT54_I05_R01,study_runs/V100_P0_GPT54_I05_R01/checkpoint/1a0e67a0ed0f49838458b10f36953597/out.log,out.log,.log,23181,839cda6793efee7bb595f947a42fc406593697056690d3df77e4cfb22c85b3dd,2026-07-19T20:00:18,True,False,False,True,False,False,True
study_runs,V100_P0_GPT54_I05_R01,study_runs/V100_P0_GPT54_I05_R01/checkpoint/4682b1c65bcd4677ad764487dbae36e4/code.py,code.py,.py,9488,244f746558c5196658012393c659c5ddda040a36649a1d0d2f5a145229a4011a,2026-07-19T20:20:41,True,False,True,True,False,False,True
study_runs,V100_P0_GPT54_I05_R01,study_runs/V100_P0_GPT54_I05_R01/checkpoint/4682b1c65bcd4677ad764487dbae36e4/out.log,out.log,.log,676,0c9a336d63a6b6432e42a56a082d9bac0e13e77b0cf2c3fad5ce150552cb15bb,2026-07-19T20:12:26,True,False,True,False,False,False,True
study_runs,V100_P0_GPT54_I05_R01,study_runs/V100_P0_GPT54_I05_R01/checkpoint/6f1efc17099f4438af33e637fade2d6a/code.py,code.py,.py,5649,ca267dfe6ccac24cdb902cebfd284af9e7b991fc91dd9140015546b493eda8b9,2026-07-19T20:09:22,True,False,False,True,False,False,False
study_runs,V100_P0_GPT54_I05_R01,study_runs/V100_P0_GPT54_I05_R01/checkpoint/6f1efc17099f4438af33e637fade2d6a/out.log,out.log,.log,5608,e7972bd49ea735e5199f2221bf682f94f482731456a9f174ccdbd7fb37564a7f,2026-07-19T20:01:36,True,True,True,False,False,False,True
study_runs,V100_P0_GPT54_I05_R01,study_runs/V100_P0_GPT54_I05_R01/checkpoint/7ef1994c0966483b8d54e4a616d85634/code.py,code.py,.py,2,7eb70257593da06f682a3ddda54a9d260d4fc514f645237f5ca74b08f8da61a6,2026-07-19T20:00:47,True,False,False,False,False,False,False
study_runs,V100_P0_GPT54_I05_R01,study_runs/V100_P0_GPT54_I05_R01/checkpoint/7ef1994c0966483b8d54e4a616d85634/out.log,out.log,.log,49,b999c05453cbce1dd7fa3d0ee70d14f3b54a511d7b134eda76c99d23181d0525,2026-07-19T19:52:56,True,False,False,False,False,False,False
study_runs,V100_P0_GPT54_I05_R01,study_runs/V100_P0_GPT54_I05_R01/checkpoint/93fc4b7d72734385b5c9ae72f2765d36/code.py,code.py,.py,6645,6554297e4a137b24087e2e19651f185cc27465ff0f11e685bd52349a6cc37fb3,2026-07-19T19:53:22,True,False,True,True,False,False,False
study_runs,V100_P0_GPT54_I05_R01,study_runs/V100_P0_GPT54_I05_R01/checkpoint/93fc4b7d72734385b5c9ae72f2765d36/out.log,out.log,.log,3553,13c79b48ddeb04a4ae438388d253cf9882983cc35fa122b28cc0e243f4bdda61,2026-07-19T19:51:17,True,True,True,False,False,False,True
study_runs,V100_P0_GPT54_I05_R01,study_runs/V100_P0_GPT54_I05_R01/checkpoint/b9321e8dcdb647988a09b4cb21c4e170/code.py,code.py,.py,8770,c2b0328250738c958715883ca31e52ff03ec0aedef9bb3e02c0d77b9881a1baf,2026-07-19T20:13:14,True,False,True,True,False,False,True
study_runs,V100_P0_GPT54_I05_R01,study_runs/V100_P0_GPT54_I05_R01/checkpoint/b9321e8dcdb647988a09b4cb21c4e170/out.log,out.log,.log,2065,9e254d24b1c5cda39bb399c73e31002fee0fdb1cefc19d0b0a5f18973239544d,2026-07-19T20:10:54,True,False,True,False,False,False,True
study_runs,V100_P0_GPT54_I05_R01,study_runs/V100_P0_GPT54_I05_R01/checkpoint/e7849e11813743659c7d53436c07af0d/code.py,code.py,.py,5936,88282802745d5f360fa0f38a56f7830033de86269fb93510ee56ffedb96e01a5,2026-07-19T20:11:29,True,False,True,True,False,False,False
study_runs,V100_P0_GPT54_I05_R01,study_runs/V100_P0_GPT54_I05_R01/checkpoint/e7849e11813743659c7d53436c07af0d/generated/prototype_results.csv,prototype_results.csv,.csv,762,de01b1861af0df160d2136171b40364ba1106d36a3bd35a5fab55731b9819605,2026-07-19T20:09:08,True,False,False,False,False,False,False
study_runs,V100_P0_GPT54_I05_R01,study_runs/V100_P0_GPT54_I05_R01/checkpoint/e7849e11813743659c7d53436c07af0d/generated/prototype_summary.csv,prototype_summary.csv,.csv,66,4cf8d5a5f0f6f8d9178b2bc9e1c3ab6f0a8bc015301432ffd31bf96744f2d190,2026-07-19T20:09:08,True,False,False,False,False,False,False
study_runs,V100_P0_GPT54_I05_R01,study_runs/V100_P0_GPT54_I05_R01/checkpoint/e7849e11813743659c7d53436c07af0d/generated/seed_13/checkpoints/err.log,err.log,.log,951,6a254c2602b7566b8080dc9a3e249853376d2cb68109de34c64df5a7e9f73108,2026-07-19T20:05:27,True,False,False,False,False,False,False
study_runs,V100_P0_GPT54_I05_R01,study_runs/V100_P0_GPT54_I05_R01/checkpoint/e7849e11813743659c7d53436c07af0d/generated/seed_13/checkpoints/MovieLens100K-c437b6f6/LensKit.PopScorer-f4aa5539-13/predictions.json,predictions.json,.json,38547550,bc21346977917d7b3fa5e17b37c97b560a5725166950041dcb3c487171b2758f,2026-07-19T20:05:17,True,False,False,False,False,False,False
study_runs,V100_P0_GPT54_I05_R01,study_runs/V100_P0_GPT54_I05_R01/checkpoint/e7849e11813743659c7d53436c07af0d/generated/seed_13/checkpoints/out.log,out.log,.log,0,e3b0c44298fc1c149afbf4c8996fb92427ae41e4649b934ca495991b7852b855,2026-07-19T20:05:27,True,False,False,False,False,False,False
study_runs,V100_P0_GPT54_I05_R01,study_runs/V100_P0_GPT54_I05_R01/checkpoint/e7849e11813743659c7d53436c07af0d/generated/seed_13/checkpoints/progress.json,progress.json,.json,192,8c01d4d9763aed914062057453140206f483cc566bc1ce5346b32dea84e8089f,2026-07-19T20:05:27,True,False,False,False,False,False,False
study_runs,V100_P0_GPT54_I05_R01,study_runs/V100_P0_GPT54_I05_R01/checkpoint/e7849e11813743659c7d53436c07af0d/generated/seed_13/checkpoints/results.json,results.json,.json,145,f61febc12ade33dfd488c0bd277148aeacd84b243be53d0e32b65437155045d2,2026-07-19T20:05:27,True,False,False,False,False,False,False
study_runs,V100_P0_GPT54_I05_R01,study_runs/V100_P0_GPT54_I05_R01/checkpoint/e7849e11813743659c7d53436c07af0d/generated/seed_13/evaluator_results.csv,evaluator_results.csv,.csv,123,62583119c31a1e475f1c021aaa87df258797675a9a3a9ec4a288683a6256a17f,2026-07-19T20:05:27,True,False,False,False,False,False,False
study_runs,V100_P0_GPT54_I05_R01,study_runs/V100_P0_GPT54_I05_R01/checkpoint/e7849e11813743659c7d53436c07af0d/generated/seed_13/evaluator_results.json,evaluator_results.json,.json,145,f61febc12ade33dfd488c0bd277148aeacd84b243be53d0e32b65437155045d2,2026-07-19T20:05:27,True,False,False,False,False,False,False
study_runs,V100_P0_GPT54_I05_R01,study_runs/V100_P0_GPT54_I05_R01/checkpoint/e7849e11813743659c7d53436c07af0d/generated/seed_29/checkpoints/err.log,err.log,.log,951,6a254c2602b7566b8080dc9a3e249853376d2cb68109de34c64df5a7e9f73108,2026-07-19T20:06:41,True,False,False,False,False,False,False
study_runs,V100_P0_GPT54_I05_R01,study_runs/V100_P0_GPT54_I05_R01/checkpoint/e7849e11813743659c7d53436c07af0d/generated/seed_29/checkpoints/MovieLens100K-c437b6f6/LensKit.PopScorer-f4aa5539-29/predictions.json,predictions.json,.json,38551698,c52c42b0c5a42ef8c6083bf26ec691d435b936ea972a6c07d6490338c70dd448,2026-07-19T20:06:30,True,False,False,False,False,False,False
study_runs,V100_P0_GPT54_I05_R01,study_runs/V100_P0_GPT54_I05_R01/checkpoint/e7849e11813743659c7d53436c07af0d/generated/seed_29/checkpoints/out.log,out.log,.log,0,e3b0c44298fc1c149afbf4c8996fb92427ae41e4649b934ca495991b7852b855,2026-07-19T20:06:41,True,False,False,False,False,False,False
study_runs,V100_P0_GPT54_I05_R01,study_runs/V100_P0_GPT54_I05_R01/checkpoint/e7849e11813743659c7d53436c07af0d/generated/seed_29/checkpoints/progress.json,progress.json,.json,192,0926327f62b575ad5911ae6dbe0c42c5d1b71ab97f895f77165171ba11cbaae1,2026-07-19T20:06:41,True,False,False,False,False,False,False
study_runs,V100_P0_GPT54_I05_R01,study_runs/V100_P0_GPT54_I05_R01/checkpoint/e7849e11813743659c7d53436c07af0d/generated/seed_29/checkpoints/results.json,results.json,.json,145,c916a1926f947304a1e4fede93c75dc2feed5f5bca04a92c1540612dbc480fb1,2026-07-19T20:06:41,True,False,False,False,False,False,False
study_runs,V100_P0_GPT54_I05_R01,study_runs/V100_P0_GPT54_I05_R01/checkpoint/e7849e11813743659c7d53436c07af0d/generated/seed_29/evaluator_results.csv,evaluator_results.csv,.csv,123,4682d0f8d0f4fcdcd50b95ace172566a6b1d92798e89a3ec4a000c877af23b6e,2026-07-19T20:06:41,True,False,False,False,False,False,False
study_runs,V100_P0_GPT54_I05_R01,study_runs/V100_P0_GPT54_I05_R01/checkpoint/e7849e11813743659c7d53436c07af0d/generated/seed_29/evaluator_results.json,evaluator_results.json,.json,145,c916a1926f947304a1e4fede93c75dc2feed5f5bca04a92c1540612dbc480fb1,2026-07-19T20:06:41,True,False,False,False,False,False,False
study_runs,V100_P0_GPT54_I05_R01,study_runs/V100_P0_GPT54_I05_R01/checkpoint/e7849e11813743659c7d53436c07af0d/generated/seed_42/checkpoints/err.log,err.log,.log,951,6a254c2602b7566b8080dc9a3e249853376d2cb68109de34c64df5a7e9f73108,2026-07-19T20:07:55,True,False,False,False,False,False,False
study_runs,V100_P0_GPT54_I05_R01,study_runs/V100_P0_GPT54_I05_R01/checkpoint/e7849e11813743659c7d53436c07af0d/generated/seed_42/checkpoints/MovieLens100K-c437b6f6/LensKit.PopScorer-f4aa5539-42/predictions.json,predictions.json,.json,38551544,1f9beb7bb0901ea4704f206a652466d1b047b05abbbf6b3c970417a3d2f97e86,2026-07-19T20:07:44,True,False,False,False,False,False,False
study_runs,V100_P0_GPT54_I05_R01,study_runs/V100_P0_GPT54_I05_R01/checkpoint/e7849e11813743659c7d53436c07af0d/generated/seed_42/checkpoints/out.log,out.log,.log,0,e3b0c44298fc1c149afbf4c8996fb92427ae41e4649b934ca495991b7852b855,2026-07-19T20:07:55,True,False,False,False,False,False,False
study_runs,V100_P0_GPT54_I05_R01,study_runs/V100_P0_GPT54_I05_R01/checkpoint/e7849e11813743659c7d53436c07af0d/generated/seed_42/checkpoints/progress.json,progress.json,.json,192,6edf6b393d122f7a4c8d61935f1c2b71bea20b109820ae2e98f432780f3d99da,2026-07-19T20:07:54,True,False,False,False,False,False,False
study_runs,V100_P0_GPT54_I05_R01,study_runs/V100_P0_GPT54_I05_R01/checkpoint/e7849e11813743659c7d53436c07af0d/generated/seed_42/checkpoints/results.json,results.json,.json,144,d1ec6940aea48d5ea5029f48c5b41454210703f87e2ccdaecdf21d9577ef483c,2026-07-19T20:07:55,True,False,False,False,False,False,False
study_runs,V100_P0_GPT54_I05_R01,study_runs/V100_P0_GPT54_I05_R01/checkpoint/e7849e11813743659c7d53436c07af0d/generated/seed_42/evaluator_results.csv,evaluator_results.csv,.csv,122,fd5fc981d10c1de18cb1eaf4ee091f42bd275c3f5cd0c82af0e9de7c560734fd,2026-07-19T20:07:55,True,False,False,False,False,False,False
study_runs,V100_P0_GPT54_I05_R01,study_runs/V100_P0_GPT54_I05_R01/checkpoint/e7849e11813743659c7d53436c07af0d/generated/seed_42/evaluator_results.json,evaluator_results.json,.json,144,d1ec6940aea48d5ea5029f48c5b41454210703f87e2ccdaecdf21d9577ef483c,2026-07-19T20:07:55,True,False,False,False,False,False,False
study_runs,V100_P0_GPT54_I05_R01,study_runs/V100_P0_GPT54_I05_R01/checkpoint/e7849e11813743659c7d53436c07af0d/generated/seed_7/checkpoints/err.log,err.log,.log,951,6a254c2602b7566b8080dc9a3e249853376d2cb68109de34c64df5a7e9f73108,2026-07-19T20:04:14,True,False,False,False,False,False,False
study_runs,V100_P0_GPT54_I05_R01,study_runs/V100_P0_GPT54_I05_R01/checkpoint/e7849e11813743659c7d53436c07af0d/generated/seed_7/checkpoints/MovieLens100K-c437b6f6/LensKit.PopScorer-f4aa5539-7/predictions.json,predictions.json,.json,38567824,19c28b2bbbcaf2544225ad1a40eb153b9c15fe3530cb16c129be08de754376ed,2026-07-19T20:04:05,True,False,False,False,False,False,False
study_runs,V100_P0_GPT54_I05_R01,study_runs/V100_P0_GPT54_I05_R01/checkpoint/e7849e11813743659c7d53436c07af0d/generated/seed_7/checkpoints/out.log,out.log,.log,0,e3b0c44298fc1c149afbf4c8996fb92427ae41e4649b934ca495991b7852b855,2026-07-19T20:04:14,True,False,False,False,False,False,False
study_runs,V100_P0_GPT54_I05_R01,study_runs/V100_P0_GPT54_I05_R01/checkpoint/e7849e11813743659c7d53436c07af0d/generated/seed_7/checkpoints/progress.json,progress.json,.json,191,0d84e99c0e95af70986f10c018e19132c0c6a725a17c7dd1fe52999aa49b4398,2026-07-19T20:04:14,True,False,False,False,False,False,False
study_runs,V100_P0_GPT54_I05_R01,study_runs/V100_P0_GPT54_I05_R01/checkpoint/e7849e11813743659c7d53436c07af0d/generated/seed_7/checkpoints/results.json,results.json,.json,143,885f9b24c2da1b10da00a2fa41be12c8660660af69806130bdc8cd34e0234c2d,2026-07-19T20:04:14,True,False,False,False,False,False,False
study_runs,V100_P0_GPT54_I05_R01,study_runs/V100_P0_GPT54_I05_R01/checkpoint/e7849e11813743659c7d53436c07af0d/generated/seed_7/evaluator_results.csv,evaluator_results.csv,.csv,121,ea2723f60c63937ff28b3cb3d24c1684cbcbe8ffb93f5f44b486f8711ea1281f,2026-07-19T20:04:14,True,False,False,False,False,False,False
study_runs,V100_P0_GPT54_I05_R01,study_runs/V100_P0_GPT54_I05_R01/checkpoint/e7849e11813743659c7d53436c07af0d/generated/seed_7/evaluator_results.json,evaluator_results.json,.json,143,885f9b24c2da1b10da00a2fa41be12c8660660af69806130bdc8cd34e0234c2d,2026-07-19T20:04:14,True,False,False,False,False,False,False
study_runs,V100_P0_GPT54_I05_R01,study_runs/V100_P0_GPT54_I05_R01/checkpoint/e7849e11813743659c7d53436c07af0d/generated/seed_87/checkpoints/err.log,err.log,.log,951,6a254c2602b7566b8080dc9a3e249853376d2cb68109de34c64df5a7e9f73108,2026-07-19T20:09:08,True,False,False,False,False,False,False
study_runs,V100_P0_GPT54_I05_R01,study_runs/V100_P0_GPT54_I05_R01/checkpoint/e7849e11813743659c7d53436c07af0d/generated/seed_87/checkpoints/MovieLens100K-c437b6f6/LensKit.PopScorer-f4aa5539-87/predictions.json,predictions.json,.json,38544002,f0c1407d2d2e84dbd1d2fbc752eec61acaeacc874a015665dfc4db9b148e57fd,2026-07-19T20:08:59,True,False,False,False,False,False,False
study_runs,V100_P0_GPT54_I05_R01,study_runs/V100_P0_GPT54_I05_R01/checkpoint/e7849e11813743659c7d53436c07af0d/generated/seed_87/checkpoints/out.log,out.log,.log,0,e3b0c44298fc1c149afbf4c8996fb92427ae41e4649b934ca495991b7852b855,2026-07-19T20:09:08,True,False,False,False,False,False,False
study_runs,V100_P0_GPT54_I05_R01,study_runs/V100_P0_GPT54_I05_R01/checkpoint/e7849e11813743659c7d53436c07af0d/generated/seed_87/checkpoints/progress.json,progress.json,.json,192,57f9fcaf06ade75c7f91b5a0626b342e9e2b7b6bb777d863fba19376543109d3,2026-07-19T20:09:07,True,False,False,False,False,False,False
study_runs,V100_P0_GPT54_I05_R01,study_runs/V100_P0_GPT54_I05_R01/checkpoint/e7849e11813743659c7d53436c07af0d/generated/seed_87/checkpoints/results.json,results.json,.json,145,769aaa00517b0e8d16c10bebbcfe01bb2d6f645bc0fd5e7c40136435cf5bd388,2026-07-19T20:09:08,True,False,False,False,False,False,False
study_runs,V100_P0_GPT54_I05_R01,study_runs/V100_P0_GPT54_I05_R01/checkpoint/e7849e11813743659c7d53436c07af0d/generated/seed_87/evaluator_results.csv,evaluator_results.csv,.csv,123,c127a8cd0c28cf223621b13866c01b2920428765b611d2e9888727b5c10d0a81,2026-07-19T20:09:08,True,False,False,False,False,False,False
study_runs,V100_P0_GPT54_I05_R01,study_runs/V100_P0_GPT54_I05_R01/checkpoint/e7849e11813743659c7d53436c07af0d/generated/seed_87/evaluator_results.json,evaluator_results.json,.json,145,769aaa00517b0e8d16c10bebbcfe01bb2d6f645bc0fd5e7c40136435cf5bd388,2026-07-19T20:09:08,True,False,False,False,False,False,False
study_runs,V100_P0_GPT54_I05_R01,study_runs/V100_P0_GPT54_I05_R01/checkpoint/e7849e11813743659c7d53436c07af0d/out.log,out.log,.log,23292,f11d67554966903949db79c5029dceeba6a198cb900f2f7dd84dc389e177b91a,2026-07-19T20:09:09,True,False,False,False,False,False,True
study_runs,V100_P0_GPT54_I05_R01,study_runs/V100_P0_GPT54_I05_R01/checkpoint/e7849e11813743659c7d53436c07af0d_iteration1/code.py,code.py,.py,15377,a73a84bd94d9b21a302da6300ed310d853c9a160b0be8e6d2098c1f086947307,2026-07-19T20:44:13,True,False,True,True,False,False,True
study_runs,V100_P0_GPT54_I05_R01,study_runs/V100_P0_GPT54_I05_R01/checkpoint/e7849e11813743659c7d53436c07af0d_iteration1/generated/MovieLens100K/seed_13/checkpoints/err.log,err.log,.log,3341,8064fa4046d33d51340bd64ca82b03a9305e319f14dc5b50ede1e6d904331d0e,2026-07-19T20:29:49,True,False,False,False,False,False,False
study_runs,V100_P0_GPT54_I05_R01,study_runs/V100_P0_GPT54_I05_R01/checkpoint/e7849e11813743659c7d53436c07af0d_iteration1/generated/MovieLens100K/seed_13/checkpoints/MovieLens100K-c437b6f6/LensKit.ImplicitMFScorer-f0dd7ecb-13/predictions.json,predictions.json,.json,38748456,4ecd6d03608e39d3b85e320fc3692234834f7841c606416f44ea14cf2e6714cd,2026-07-19T20:29:37,True,False,False,False,False,False,False
study_runs,V100_P0_GPT54_I05_R01,study_runs/V100_P0_GPT54_I05_R01/checkpoint/e7849e11813743659c7d53436c07af0d_iteration1/generated/MovieLens100K/seed_13/checkpoints/MovieLens100K-c437b6f6/LensKit.ItemKNNScorer-c3d66610-13/predictions.json,predictions.json,.json,36971746,f9fca29373953e519912afff2bd42975b718537d82b743e87650a66056ef0018,2026-07-19T20:28:15,True,False,False,False,False,False,False
study_runs,V100_P0_GPT54_I05_R01,study_runs/V100_P0_GPT54_I05_R01/checkpoint/e7849e11813743659c7d53436c07af0d_iteration1/generated/MovieLens100K/seed_13/checkpoints/MovieLens100K-c437b6f6/LensKit.PopScorer-f4aa5539-13/predictions.json,predictions.json,.json,38547550,bc21346977917d7b3fa5e17b37c97b560a5725166950041dcb3c487171b2758f,2026-07-19T20:27:22,True,False,False,False,False,False,False
study_runs,V100_P0_GPT54_I05_R01,study_runs/V100_P0_GPT54_I05_R01/checkpoint/e7849e11813743659c7d53436c07af0d_iteration1/generated/MovieLens100K/seed_13/checkpoints/out.log,out.log,.log,0,e3b0c44298fc1c149afbf4c8996fb92427ae41e4649b934ca495991b7852b855,2026-07-19T20:27:34,True,False,False,False,False,False,False
study_runs,V100_P0_GPT54_I05_R01,study_runs/V100_P0_GPT54_I05_R01/checkpoint/e7849e11813743659c7d53436c07af0d_iteration1/generated/MovieLens100K/seed_13/checkpoints/progress.json,progress.json,.json,537,15b9eb3d43660b5a2d808038ff24e06010b6da5fd89c45337d562b8600741fc7,2026-07-19T20:29:48,True,False,False,False,False,False,False
study_runs,V100_P0_GPT54_I05_R01,study_runs/V100_P0_GPT54_I05_R01/checkpoint/e7849e11813743659c7d53436c07af0d_iteration1/generated/MovieLens100K/seed_13/checkpoints/results.json,results.json,.json,2226,fadcdffb6b7360bdadf4abb878619870b59dea8245d7d0c766d78351aaaa30d7,2026-07-19T20:29:49,True,False,False,False,False,False,False
study_runs,V100_P0_GPT54_I05_R01,study_runs/V100_P0_GPT54_I05_R01/checkpoint/e7849e11813743659c7d53436c07af0d_iteration1/generated/MovieLens100K/seed_13/evaluator_results.csv,evaluator_results.csv,.csv,2182,7b2a0c5fa8ab874b9817206b9d14e572a142e54c99a9859d80a413f9854247ee,2026-07-19T20:29:49,True,False,False,False,False,False,False
study_runs,V100_P0_GPT54_I05_R01,study_runs/V100_P0_GPT54_I05_R01/checkpoint/e7849e11813743659c7d53436c07af0d_iteration1/generated/MovieLens100K/seed_13/evaluator_results.json,evaluator_results.json,.json,2226,fadcdffb6b7360bdadf4abb878619870b59dea8245d7d0c766d78351aaaa30d7,2026-07-19T20:29:49,True,False,False,False,False,False,False
study_runs,V100_P0_GPT54_I05_R01,study_runs/V100_P0_GPT54_I05_R01/checkpoint/e7849e11813743659c7d53436c07af0d_iteration1/generated/MovieLens100K/seed_13/metrics_wide.csv,metrics_wide.csv,.csv,671,1dfdf2554b5c708d2528d9b3bbefa8f9fed9135bdb94f31d4f4f64ad00414342,2026-07-19T20:29:49,True,False,False,False,False,False,False
study_runs,V100_P0_GPT54_I05_R01,study_runs/V100_P0_GPT54_I05_R01/checkpoint/e7849e11813743659c7d53436c07af0d_iteration1/generated/MovieLens100K/seed_29/checkpoints/err.log,err.log,.log,3341,8064fa4046d33d51340bd64ca82b03a9305e319f14dc5b50ede1e6d904331d0e,2026-07-19T20:33:17,True,False,False,False,False,False,False
study_runs,V100_P0_GPT54_I05_R01,study_runs/V100_P0_GPT54_I05_R01/checkpoint/e7849e11813743659c7d53436c07af0d_iteration1/generated/MovieLens100K/seed_29/checkpoints/MovieLens100K-c437b6f6/LensKit.ImplicitMFScorer-f0dd7ecb-29/predictions.json,predictions.json,.json,38751428,80d77d189d2cd73cf6423ea363e2f538a8225bfde2fd417180bbf389a0029656,2026-07-19T20:33:05,True,False,False,False,False,False,False
study_runs,V100_P0_GPT54_I05_R01,study_runs/V100_P0_GPT54_I05_R01/checkpoint/e7849e11813743659c7d53436c07af0d_iteration1/generated/MovieLens100K/seed_29/checkpoints/MovieLens100K-c437b6f6/LensKit.ItemKNNScorer-c3d66610-29/predictions.json,predictions.json,.json,36971788,5bf56132b6c92f0348ac95e1ff1a9abc983c52938a6d4d02a1782c84f7210ea5,2026-07-19T20:31:43,True,False,False,False,False,False,False
study_runs,V100_P0_GPT54_I05_R01,study_runs/V100_P0_GPT54_I05_R01/checkpoint/e7849e11813743659c7d53436c07af0d_iteration1/generated/MovieLens100K/seed_29/checkpoints/MovieLens100K-c437b6f6/LensKit.PopScorer-f4aa5539-29/predictions.json,predictions.json,.json,38551698,c52c42b0c5a42ef8c6083bf26ec691d435b936ea972a6c07d6490338c70dd448,2026-07-19T20:30:51,True,False,False,False,False,False,False
study_runs,V100_P0_GPT54_I05_R01,study_runs/V100_P0_GPT54_I05_R01/checkpoint/e7849e11813743659c7d53436c07af0d_iteration1/generated/MovieLens100K/seed_29/checkpoints/out.log,out.log,.log,0,e3b0c44298fc1c149afbf4c8996fb92427ae41e4649b934ca495991b7852b855,2026-07-19T20:31:03,True,False,False,False,False,False,False
study_runs,V100_P0_GPT54_I05_R01,study_runs/V100_P0_GPT54_I05_R01/checkpoint/e7849e11813743659c7d53436c07af0d_iteration1/generated/MovieLens100K/seed_29/checkpoints/progress.json,progress.json,.json,537,7805c8360341ae8bc6d7e691dc2ac5d40e831f8271670dc9f205c64f3f4d6dba,2026-07-19T20:33:17,True,False,False,False,False,False,False
study_runs,V100_P0_GPT54_I05_R01,study_runs/V100_P0_GPT54_I05_R01/checkpoint/e7849e11813743659c7d53436c07af0d_iteration1/generated/MovieLens100K/seed_29/checkpoints/results.json,results.json,.json,2222,ca90c391aede38a4b962279cbb7db8c1418b166d7e51cdee8b310a98bc679123,2026-07-19T20:33:17,True,False,False,False,False,False,False
study_runs,V100_P0_GPT54_I05_R01,study_runs/V100_P0_GPT54_I05_R01/checkpoint/e7849e11813743659c7d53436c07af0d_iteration1/generated/MovieLens100K/seed_29/evaluator_results.csv,evaluator_results.csv,.csv,2174,fc000b21a14162c952f1f4e76ecb78627ca510d62004c4ed6430f9accfcc49df,2026-07-19T20:33:18,True,False,False,False,False,False,False
study_runs,V100_P0_GPT54_I05_R01,study_runs/V100_P0_GPT54_I05_R01/checkpoint/e7849e11813743659c7d53436c07af0d_iteration1/generated/MovieLens100K/seed_29/evaluator_results.json,evaluator_results.json,.json,2222,ca90c391aede38a4b962279cbb7db8c1418b166d7e51cdee8b310a98bc679123,2026-07-19T20:33:18,True,False,False,False,False,False,False
study_runs,V100_P0_GPT54_I05_R01,study_runs/V100_P0_GPT54_I05_R01/checkpoint/e7849e11813743659c7d53436c07af0d_iteration1/generated/MovieLens100K/seed_29/metrics_wide.csv,metrics_wide.csv,.csv,667,cc597d3d2c04f7a1880c97974fc5f7e1bf15c987f0a0b1660fb59f3afbf1dfcd,2026-07-19T20:33:18,True,False,False,False,False,False,False
study_runs,V100_P0_GPT54_I05_R01,study_runs/V100_P0_GPT54_I05_R01/checkpoint/e7849e11813743659c7d53436c07af0d_iteration1/generated/MovieLens100K/seed_42/checkpoints/err.log,err.log,.log,3341,8064fa4046d33d51340bd64ca82b03a9305e319f14dc5b50ede1e6d904331d0e,2026-07-19T20:36:46,True,False,False,False,False,False,False
study_runs,V100_P0_GPT54_I05_R01,study_runs/V100_P0_GPT54_I05_R01/checkpoint/e7849e11813743659c7d53436c07af0d_iteration1/generated/MovieLens100K/seed_42/checkpoints/MovieLens100K-c437b6f6/LensKit.ImplicitMFScorer-f0dd7ecb-42/predictions.json,predictions.json,.json,38754880,e02ab6efe5ce602387a87e9fd330734945f504218eb5b53ad2bf531a65a558b7,2026-07-19T20:36:34,True,False,False,False,False,False,False
study_runs,V100_P0_GPT54_I05_R01,study_runs/V100_P0_GPT54_I05_R01/checkpoint/e7849e11813743659c7d53436c07af0d_iteration1/generated/MovieLens100K/seed_42/checkpoints/MovieLens100K-c437b6f6/LensKit.ItemKNNScorer-c3d66610-42/predictions.json,predictions.json,.json,36965491,e045463537263ea6e01ff5482b43fb06ceac1451a8c968f1a276af9fbb3a948d,2026-07-19T20:35:11,True,False,False,False,False,False,False
study_runs,V100_P0_GPT54_I05_R01,study_runs/V100_P0_GPT54_I05_R01/checkpoint/e7849e11813743659c7d53436c07af0d_iteration1/generated/MovieLens100K/seed_42/checkpoints/MovieLens100K-c437b6f6/LensKit.PopScorer-f4aa5539-42/predictions.json,predictions.json,.json,38551544,1f9beb7bb0901ea4704f206a652466d1b047b05abbbf6b3c970417a3d2f97e86,2026-07-19T20:34:19,True,False,False,False,False,False,False
study_runs,V100_P0_GPT54_I05_R01,study_runs/V100_P0_GPT54_I05_R01/checkpoint/e7849e11813743659c7d53436c07af0d_iteration1/generated/MovieLens100K/seed_42/checkpoints/out.log,out.log,.log,0,e3b0c44298fc1c149afbf4c8996fb92427ae41e4649b934ca495991b7852b855,2026-07-19T20:34:31,True,False,False,False,False,False,False
study_runs,V100_P0_GPT54_I05_R01,study_runs/V100_P0_GPT54_I05_R01/checkpoint/e7849e11813743659c7d53436c07af0d_iteration1/generated/MovieLens100K/seed_42/checkpoints/progress.json,progress.json,.json,537,ab9b4e54af573e4c468c56d24002f53937446f57f8286f2882778624778d5641,2026-07-19T20:36:45,True,False,False,False,False,False,False
study_runs,V100_P0_GPT54_I05_R01,study_runs/V100_P0_GPT54_I05_R01/checkpoint/e7849e11813743659c7d53436c07af0d_iteration1/generated/MovieLens100K/seed_42/checkpoints/results.json,results.json,.json,2223,091715c3f58f703a3f7bc7f2df2d5e3a65486c9cca7c5960c4d735bd8a56b835,2026-07-19T20:36:46,True,False,False,False,False,False,False
study_runs,V100_P0_GPT54_I05_R01,study_runs/V100_P0_GPT54_I05_R01/checkpoint/e7849e11813743659c7d53436c07af0d_iteration1/generated/MovieLens100K/seed_42/evaluator_results.csv,evaluator_results.csv,.csv,2176,c5a876e4f9bacfe8f8e17075e2cf4fd76b345d64c258d9071c6148334df26b04,2026-07-19T20:36:46,True,False,False,False,False,False,False
study_runs,V100_P0_GPT54_I05_R01,study_runs/V100_P0_GPT54_I05_R01/checkpoint/e7849e11813743659c7d53436c07af0d_iteration1/generated/MovieLens100K/seed_42/evaluator_results.json,evaluator_results.json,.json,2223,091715c3f58f703a3f7bc7f2df2d5e3a65486c9cca7c5960c4d735bd8a56b835,2026-07-19T20:36:46,True,False,False,False,False,False,False
study_runs,V100_P0_GPT54_I05_R01,study_runs/V100_P0_GPT54_I05_R01/checkpoint/e7849e11813743659c7d53436c07af0d_iteration1/generated/MovieLens100K/seed_42/metrics_wide.csv,metrics_wide.csv,.csv,668,b99fde9e100a759d372f3dd78c5df523cb79fe6726132086ab2227d8d11f8832,2026-07-19T20:36:46,True,False,False,False,False,False,False
study_runs,V100_P0_GPT54_I05_R01,study_runs/V100_P0_GPT54_I05_R01/checkpoint/e7849e11813743659c7d53436c07af0d_iteration1/generated/MovieLens100K/seed_7/checkpoints/err.log,err.log,.log,3341,8064fa4046d33d51340bd64ca82b03a9305e319f14dc5b50ede1e6d904331d0e,2026-07-19T20:26:20,True,False,False,False,False,False,False
study_runs,V100_P0_GPT54_I05_R01,study_runs/V100_P0_GPT54_I05_R01/checkpoint/e7849e11813743659c7d53436c07af0d_iteration1/generated/MovieLens100K/seed_7/checkpoints/MovieLens100K-c437b6f6/LensKit.ImplicitMFScorer-f0dd7ecb-7/predictions.json,predictions.json,.json,38753575,82834ddc844858eb63f0d9de4c76da9d696d53c53ac3e8dc8b17b8cc12b5c1a9,2026-07-19T20:26:10,True,False,False,False,False,False,False
study_runs,V100_P0_GPT54_I05_R01,study_runs/V100_P0_GPT54_I05_R01/checkpoint/e7849e11813743659c7d53436c07af0d_iteration1/generated/MovieLens100K/seed_7/checkpoints/MovieLens100K-c437b6f6/LensKit.ItemKNNScorer-c3d66610-7/predictions.json,predictions.json,.json,36971121,f6b042be6e667c636c5ebedf65d7973daadf41e286bc466a0a7996009ece0ace,2026-07-19T20:24:45,True,False,False,False,False,False,False
study_runs,V100_P0_GPT54_I05_R01,study_runs/V100_P0_GPT54_I05_R01/checkpoint/e7849e11813743659c7d53436c07af0d_iteration1/generated/MovieLens100K/seed_7/checkpoints/MovieLens100K-c437b6f6/LensKit.PopScorer-f4aa5539-7/predictions.json,predictions.json,.json,38567824,19c28b2bbbcaf2544225ad1a40eb153b9c15fe3530cb16c129be08de754376ed,2026-07-19T20:23:51,True,False,False,False,False,False,False
study_runs,V100_P0_GPT54_I05_R01,study_runs/V100_P0_GPT54_I05_R01/checkpoint/e7849e11813743659c7d53436c07af0d_iteration1/generated/MovieLens100K/seed_7/checkpoints/out.log,out.log,.log,0,e3b0c44298fc1c149afbf4c8996fb92427ae41e4649b934ca495991b7852b855,2026-07-19T20:24:04,True,False,False,False,False,False,False
study_runs,V100_P0_GPT54_I05_R01,study_runs/V100_P0_GPT54_I05_R01/checkpoint/e7849e11813743659c7d53436c07af0d_iteration1/generated/MovieLens100K/seed_7/checkpoints/progress.json,progress.json,.json,534,5e755d9e6e609f2041d189aa06ea3f7ffc91f2665f52324952ead28666864249,2026-07-19T20:26:19,True,False,False,False,False,False,False
study_runs,V100_P0_GPT54_I05_R01,study_runs/V100_P0_GPT54_I05_R01/checkpoint/e7849e11813743659c7d53436c07af0d_iteration1/generated/MovieLens100K/seed_7/checkpoints/results.json,results.json,.json,2207,0b70cdb53613f05233fcc1cc506e75d3e7c9cfb3963e6d551791d66869b682a2,2026-07-19T20:26:20,True,False,False,False,False,False,False
study_runs,V100_P0_GPT54_I05_R01,study_runs/V100_P0_GPT54_I05_R01/checkpoint/e7849e11813743659c7d53436c07af0d_iteration1/generated/MovieLens100K/seed_7/evaluator_results.csv,evaluator_results.csv,.csv,2162,86b8a178a8ea15a1ae1167e83ff58cae410045bd3410b4f53a735d1c34c4fcff,2026-07-19T20:26:20,True,False,False,False,False,False,False
study_runs,V100_P0_GPT54_I05_R01,study_runs/V100_P0_GPT54_I05_R01/checkpoint/e7849e11813743659c7d53436c07af0d_iteration1/generated/MovieLens100K/seed_7/evaluator_results.json,evaluator_results.json,.json,2207,0b70cdb53613f05233fcc1cc506e75d3e7c9cfb3963e6d551791d66869b682a2,2026-07-19T20:26:20,True,False,False,False,False,False,False
study_runs,V100_P0_GPT54_I05_R01,study_runs/V100_P0_GPT54_I05_R01/checkpoint/e7849e11813743659c7d53436c07af0d_iteration1/generated/MovieLens100K/seed_7/metrics_wide.csv,metrics_wide.csv,.csv,664,14f4445650f78cb753b043c41b9a04d4a39552c5b428a54f27040b96bbfb68fc,2026-07-19T20:26:20,True,False,False,False,False,False,False
study_runs,V100_P0_GPT54_I05_R01,study_runs/V100_P0_GPT54_I05_R01/checkpoint/e7849e11813743659c7d53436c07af0d_iteration1/generated/MovieLens100K/seed_87/checkpoints/err.log,err.log,.log,3341,8064fa4046d33d51340bd64ca82b03a9305e319f14dc5b50ede1e6d904331d0e,2026-07-19T20:40:14,True,False,False,False,False,False,False
study_runs,V100_P0_GPT54_I05_R01,study_runs/V100_P0_GPT54_I05_R01/checkpoint/e7849e11813743659c7d53436c07af0d_iteration1/generated/MovieLens100K/seed_87/checkpoints/MovieLens100K-c437b6f6/LensKit.ImplicitMFScorer-f0dd7ecb-87/predictions.json,predictions.json,.json,38753781,c6710da647461d337f71e31f666f399ec65289fddd1d86bcc3afabb9688d7892,2026-07-19T20:40:02,True,False,False,False,False,False,False
study_runs,V100_P0_GPT54_I05_R01,study_runs/V100_P0_GPT54_I05_R01/checkpoint/e7849e11813743659c7d53436c07af0d_iteration1/generated/MovieLens100K/seed_87/checkpoints/MovieLens100K-c437b6f6/LensKit.ItemKNNScorer-c3d66610-87/predictions.json,predictions.json,.json,36960748,410e240aec581aada41789ebe3e31f9905ac3d91cd496a124a3316cbf5305630,2026-07-19T20:38:40,True,False,False,False,False,False,False
study_runs,V100_P0_GPT54_I05_R01,study_runs/V100_P0_GPT54_I05_R01/checkpoint/e7849e11813743659c7d53436c07af0d_iteration1/generated/MovieLens100K/seed_87/checkpoints/MovieLens100K-c437b6f6/LensKit.PopScorer-f4aa5539-87/predictions.json,predictions.json,.json,38544002,f0c1407d2d2e84dbd1d2fbc752eec61acaeacc874a015665dfc4db9b148e57fd,2026-07-19T20:37:46,True,False,False,False,False,False,False
study_runs,V100_P0_GPT54_I05_R01,study_runs/V100_P0_GPT54_I05_R01/checkpoint/e7849e11813743659c7d53436c07af0d_iteration1/generated/MovieLens100K/seed_87/checkpoints/out.log,out.log,.log,0,e3b0c44298fc1c149afbf4c8996fb92427ae41e4649b934ca495991b7852b855,2026-07-19T20:38:00,True,False,False,False,False,False,False
study_runs,V100_P0_GPT54_I05_R01,study_runs/V100_P0_GPT54_I05_R01/checkpoint/e7849e11813743659c7d53436c07af0d_iteration1/generated/MovieLens100K/seed_87/checkpoints/progress.json,progress.json,.json,537,80a9c4b109c7d429026976f1e2b1186136c2950f3d9689cbb374ed1c8885d6a5,2026-07-19T20:40:13,True,False,False,False,False,False,False
study_runs,V100_P0_GPT54_I05_R01,study_runs/V100_P0_GPT54_I05_R01/checkpoint/e7849e11813743659c7d53436c07af0d_iteration1/generated/MovieLens100K/seed_87/checkpoints/results.json,results.json,.json,2224,f7ea8b5ee22405c9747d92e173edc31558c55ce58726907ee50eeb77632dc74c,2026-07-19T20:40:14,True,False,False,False,False,False,False
study_runs,V100_P0_GPT54_I05_R01,study_runs/V100_P0_GPT54_I05_R01/checkpoint/e7849e11813743659c7d53436c07af0d_iteration1/generated/MovieLens100K/seed_87/evaluator_results.csv,evaluator_results.csv,.csv,2178,102541f649477be7c3ad882511c383cdd2290741cd3a87bed0545701f8102354,2026-07-19T20:40:14,True,False,False,False,False,False,False
study_runs,V100_P0_GPT54_I05_R01,study_runs/V100_P0_GPT54_I05_R01/checkpoint/e7849e11813743659c7d53436c07af0d_iteration1/generated/MovieLens100K/seed_87/evaluator_results.json,evaluator_results.json,.json,2224,f7ea8b5ee22405c9747d92e173edc31558c55ce58726907ee50eeb77632dc74c,2026-07-19T20:40:14,True,False,False,False,False,False,False
study_runs,V100_P0_GPT54_I05_R01,study_runs/V100_P0_GPT54_I05_R01/checkpoint/e7849e11813743659c7d53436c07af0d_iteration1/generated/MovieLens100K/seed_87/metrics_wide.csv,metrics_wide.csv,.csv,669,9eb913c403a3b2180e0cf8a0e5a9bdddf3c35f5533feac0858b10d646e277cb5,2026-07-19T20:40:14,True,False,False,False,False,False,False
study_runs,V100_P0_GPT54_I05_R01,study_runs/V100_P0_GPT54_I05_R01/checkpoint/e7849e11813743659c7d53436c07af0d_iteration1/out.log,out.log,.log,40268,daecc02099b141d5fcc6321e87bc06b050efdc433e94bc03282fc47abb5ab2c6,2026-07-19T20:40:15,True,False,True,False,False,False,True
study_runs,V100_P0_GPT54_I05_R01,study_runs/V100_P0_GPT54_I05_R01/checkpoint/e7849e11813743659c7d53436c07af0d_iteration2/code.py,code.py,.py,14356,95699b3e92bd6aea35be8925bd23efa88423b6b815410374df2d75edcd56ec2c,2026-07-19T20:44:13,True,False,True,True,False,False,False
study_runs,V100_P0_GPT54_I05_R01,study_runs/V100_P0_GPT54_I05_R01/checkpoint/e7849e11813743659c7d53436c07af0d_iteration2/out.log,out.log,.log,4079,6c22a0f23950c446b87a4cae5e84754c1bac94b663e99f40a5084fcdec7992aa,2026-07-19T20:42:33,True,True,True,False,False,False,True
study_runs,V100_P0_GPT54_I05_R01,study_runs/V100_P0_GPT54_I05_R01/checkpoint/e7849e11813743659c7d53436c07af0d_seed/code.py,code.py,.py,5936,88282802745d5f360fa0f38a56f7830033de86269fb93510ee56ffedb96e01a5,2026-07-19T20:41:53,True,False,True,True,False,False,False
study_runs,V100_P0_GPT54_I05_R01,study_runs/V100_P0_GPT54_I05_R01/checkpoint/e7849e11813743659c7d53436c07af0d_seed/generated/prototype_results.csv,prototype_results.csv,.csv,762,de01b1861af0df160d2136171b40364ba1106d36a3bd35a5fab55731b9819605,2026-07-19T20:19:53,True,False,False,False,False,False,False
study_runs,V100_P0_GPT54_I05_R01,study_runs/V100_P0_GPT54_I05_R01/checkpoint/e7849e11813743659c7d53436c07af0d_seed/generated/prototype_summary.csv,prototype_summary.csv,.csv,66,4cf8d5a5f0f6f8d9178b2bc9e1c3ab6f0a8bc015301432ffd31bf96744f2d190,2026-07-19T20:19:53,True,False,False,False,False,False,False
study_runs,V100_P0_GPT54_I05_R01,study_runs/V100_P0_GPT54_I05_R01/checkpoint/e7849e11813743659c7d53436c07af0d_seed/generated/seed_13/checkpoints/err.log,err.log,.log,951,6a254c2602b7566b8080dc9a3e249853376d2cb68109de34c64df5a7e9f73108,2026-07-19T20:16:12,True,False,False,False,False,False,False
study_runs,V100_P0_GPT54_I05_R01,study_runs/V100_P0_GPT54_I05_R01/checkpoint/e7849e11813743659c7d53436c07af0d_seed/generated/seed_13/checkpoints/MovieLens100K-c437b6f6/LensKit.PopScorer-f4aa5539-13/predictions.json,predictions.json,.json,38547550,bc21346977917d7b3fa5e17b37c97b560a5725166950041dcb3c487171b2758f,2026-07-19T20:16:04,True,False,False,False,False,False,False
study_runs,V100_P0_GPT54_I05_R01,study_runs/V100_P0_GPT54_I05_R01/checkpoint/e7849e11813743659c7d53436c07af0d_seed/generated/seed_13/checkpoints/out.log,out.log,.log,0,e3b0c44298fc1c149afbf4c8996fb92427ae41e4649b934ca495991b7852b855,2026-07-19T20:16:12,True,False,False,False,False,False,False
study_runs,V100_P0_GPT54_I05_R01,study_runs/V100_P0_GPT54_I05_R01/checkpoint/e7849e11813743659c7d53436c07af0d_seed/generated/seed_13/checkpoints/progress.json,progress.json,.json,192,8c01d4d9763aed914062057453140206f483cc566bc1ce5346b32dea84e8089f,2026-07-19T20:16:12,True,False,False,False,False,False,False
study_runs,V100_P0_GPT54_I05_R01,study_runs/V100_P0_GPT54_I05_R01/checkpoint/e7849e11813743659c7d53436c07af0d_seed/generated/seed_13/checkpoints/results.json,results.json,.json,145,f61febc12ade33dfd488c0bd277148aeacd84b243be53d0e32b65437155045d2,2026-07-19T20:16:12,True,False,False,False,False,False,False
study_runs,V100_P0_GPT54_I05_R01,study_runs/V100_P0_GPT54_I05_R01/checkpoint/e7849e11813743659c7d53436c07af0d_seed/generated/seed_13/evaluator_results.csv,evaluator_results.csv,.csv,123,62583119c31a1e475f1c021aaa87df258797675a9a3a9ec4a288683a6256a17f,2026-07-19T20:16:12,True,False,False,False,False,False,False
study_runs,V100_P0_GPT54_I05_R01,study_runs/V100_P0_GPT54_I05_R01/checkpoint/e7849e11813743659c7d53436c07af0d_seed/generated/seed_13/evaluator_results.json,evaluator_results.json,.json,145,f61febc12ade33dfd488c0bd277148aeacd84b243be53d0e32b65437155045d2,2026-07-19T20:16:12,True,False,False,False,False,False,False
study_runs,V100_P0_GPT54_I05_R01,study_runs/V100_P0_GPT54_I05_R01/checkpoint/e7849e11813743659c7d53436c07af0d_seed/generated/seed_29/checkpoints/err.log,err.log,.log,951,6a254c2602b7566b8080dc9a3e249853376d2cb68109de34c64df5a7e9f73108,2026-07-19T20:17:27,True,False,False,False,False,False,False
study_runs,V100_P0_GPT54_I05_R01,study_runs/V100_P0_GPT54_I05_R01/checkpoint/e7849e11813743659c7d53436c07af0d_seed/generated/seed_29/checkpoints/MovieLens100K-c437b6f6/LensKit.PopScorer-f4aa5539-29/predictions.json,predictions.json,.json,38551698,c52c42b0c5a42ef8c6083bf26ec691d435b936ea972a6c07d6490338c70dd448,2026-07-19T20:17:15,True,False,False,False,False,False,False
study_runs,V100_P0_GPT54_I05_R01,study_runs/V100_P0_GPT54_I05_R01/checkpoint/e7849e11813743659c7d53436c07af0d_seed/generated/seed_29/checkpoints/out.log,out.log,.log,0,e3b0c44298fc1c149afbf4c8996fb92427ae41e4649b934ca495991b7852b855,2026-07-19T20:17:27,True,False,False,False,False,False,False
study_runs,V100_P0_GPT54_I05_R01,study_runs/V100_P0_GPT54_I05_R01/checkpoint/e7849e11813743659c7d53436c07af0d_seed/generated/seed_29/checkpoints/progress.json,progress.json,.json,192,0926327f62b575ad5911ae6dbe0c42c5d1b71ab97f895f77165171ba11cbaae1,2026-07-19T20:17:26,True,False,False,False,False,False,False
study_runs,V100_P0_GPT54_I05_R01,study_runs/V100_P0_GPT54_I05_R01/checkpoint/e7849e11813743659c7d53436c07af0d_seed/generated/seed_29/checkpoints/results.json,results.json,.json,145,c916a1926f947304a1e4fede93c75dc2feed5f5bca04a92c1540612dbc480fb1,2026-07-19T20:17:27,True,False,False,False,False,False,False
study_runs,V100_P0_GPT54_I05_R01,study_runs/V100_P0_GPT54_I05_R01/checkpoint/e7849e11813743659c7d53436c07af0d_seed/generated/seed_29/evaluator_results.csv,evaluator_results.csv,.csv,123,4682d0f8d0f4fcdcd50b95ace172566a6b1d92798e89a3ec4a000c877af23b6e,2026-07-19T20:17:27,True,False,False,False,False,False,False
study_runs,V100_P0_GPT54_I05_R01,study_runs/V100_P0_GPT54_I05_R01/checkpoint/e7849e11813743659c7d53436c07af0d_seed/generated/seed_29/evaluator_results.json,evaluator_results.json,.json,145,c916a1926f947304a1e4fede93c75dc2feed5f5bca04a92c1540612dbc480fb1,2026-07-19T20:17:27,True,False,False,False,False,False,False
study_runs,V100_P0_GPT54_I05_R01,study_runs/V100_P0_GPT54_I05_R01/checkpoint/e7849e11813743659c7d53436c07af0d_seed/generated/seed_42/checkpoints/err.log,err.log,.log,951,6a254c2602b7566b8080dc9a3e249853376d2cb68109de34c64df5a7e9f73108,2026-07-19T20:18:39,True,False,False,False,False,False,False
study_runs,V100_P0_GPT54_I05_R01,study_runs/V100_P0_GPT54_I05_R01/checkpoint/e7849e11813743659c7d53436c07af0d_seed/generated/seed_42/checkpoints/MovieLens100K-c437b6f6/LensKit.PopScorer-f4aa5539-42/predictions.json,predictions.json,.json,38551544,1f9beb7bb0901ea4704f206a652466d1b047b05abbbf6b3c970417a3d2f97e86,2026-07-19T20:18:30,True,False,False,False,False,False,False
study_runs,V100_P0_GPT54_I05_R01,study_runs/V100_P0_GPT54_I05_R01/checkpoint/e7849e11813743659c7d53436c07af0d_seed/generated/seed_42/checkpoints/out.log,out.log,.log,0,e3b0c44298fc1c149afbf4c8996fb92427ae41e4649b934ca495991b7852b855,2026-07-19T20:18:39,True,False,False,False,False,False,False
study_runs,V100_P0_GPT54_I05_R01,study_runs/V100_P0_GPT54_I05_R01/checkpoint/e7849e11813743659c7d53436c07af0d_seed/generated/seed_42/checkpoints/progress.json,progress.json,.json,192,6edf6b393d122f7a4c8d61935f1c2b71bea20b109820ae2e98f432780f3d99da,2026-07-19T20:18:39,True,False,False,False,False,False,False
study_runs,V100_P0_GPT54_I05_R01,study_runs/V100_P0_GPT54_I05_R01/checkpoint/e7849e11813743659c7d53436c07af0d_seed/generated/seed_42/checkpoints/results.json,results.json,.json,144,d1ec6940aea48d5ea5029f48c5b41454210703f87e2ccdaecdf21d9577ef483c,2026-07-19T20:18:39,True,False,False,False,False,False,False
study_runs,V100_P0_GPT54_I05_R01,study_runs/V100_P0_GPT54_I05_R01/checkpoint/e7849e11813743659c7d53436c07af0d_seed/generated/seed_42/evaluator_results.csv,evaluator_results.csv,.csv,122,fd5fc981d10c1de18cb1eaf4ee091f42bd275c3f5cd0c82af0e9de7c560734fd,2026-07-19T20:18:39,True,False,False,False,False,False,False
study_runs,V100_P0_GPT54_I05_R01,study_runs/V100_P0_GPT54_I05_R01/checkpoint/e7849e11813743659c7d53436c07af0d_seed/generated/seed_42/evaluator_results.json,evaluator_results.json,.json,144,d1ec6940aea48d5ea5029f48c5b41454210703f87e2ccdaecdf21d9577ef483c,2026-07-19T20:18:39,True,False,False,False,False,False,False
study_runs,V100_P0_GPT54_I05_R01,study_runs/V100_P0_GPT54_I05_R01/checkpoint/e7849e11813743659c7d53436c07af0d_seed/generated/seed_7/checkpoints/err.log,err.log,.log,951,6a254c2602b7566b8080dc9a3e249853376d2cb68109de34c64df5a7e9f73108,2026-07-19T20:14:59,True,False,False,False,False,False,False
study_runs,V100_P0_GPT54_I05_R01,study_runs/V100_P0_GPT54_I05_R01/checkpoint/e7849e11813743659c7d53436c07af0d_seed/generated/seed_7/checkpoints/MovieLens100K-c437b6f6/LensKit.PopScorer-f4aa5539-7/predictions.json,predictions.json,.json,38567824,19c28b2bbbcaf2544225ad1a40eb153b9c15fe3530cb16c129be08de754376ed,2026-07-19T20:14:50,True,False,False,False,False,False,False
study_runs,V100_P0_GPT54_I05_R01,study_runs/V100_P0_GPT54_I05_R01/checkpoint/e7849e11813743659c7d53436c07af0d_seed/generated/seed_7/checkpoints/out.log,out.log,.log,0,e3b0c44298fc1c149afbf4c8996fb92427ae41e4649b934ca495991b7852b855,2026-07-19T20:14:59,True,False,False,False,False,False,False
study_runs,V100_P0_GPT54_I05_R01,study_runs/V100_P0_GPT54_I05_R01/checkpoint/e7849e11813743659c7d53436c07af0d_seed/generated/seed_7/checkpoints/progress.json,progress.json,.json,191,0d84e99c0e95af70986f10c018e19132c0c6a725a17c7dd1fe52999aa49b4398,2026-07-19T20:14:59,True,False,False,False,False,False,False
study_runs,V100_P0_GPT54_I05_R01,study_runs/V100_P0_GPT54_I05_R01/checkpoint/e7849e11813743659c7d53436c07af0d_seed/generated/seed_7/checkpoints/results.json,results.json,.json,143,885f9b24c2da1b10da00a2fa41be12c8660660af69806130bdc8cd34e0234c2d,2026-07-19T20:14:59,True,False,False,False,False,False,False
study_runs,V100_P0_GPT54_I05_R01,study_runs/V100_P0_GPT54_I05_R01/checkpoint/e7849e11813743659c7d53436c07af0d_seed/generated/seed_7/evaluator_results.csv,evaluator_results.csv,.csv,121,ea2723f60c63937ff28b3cb3d24c1684cbcbe8ffb93f5f44b486f8711ea1281f,2026-07-19T20:14:59,True,False,False,False,False,False,False
study_runs,V100_P0_GPT54_I05_R01,study_runs/V100_P0_GPT54_I05_R01/checkpoint/e7849e11813743659c7d53436c07af0d_seed/generated/seed_7/evaluator_results.json,evaluator_results.json,.json,143,885f9b24c2da1b10da00a2fa41be12c8660660af69806130bdc8cd34e0234c2d,2026-07-19T20:14:59,True,False,False,False,False,False,False
study_runs,V100_P0_GPT54_I05_R01,study_runs/V100_P0_GPT54_I05_R01/checkpoint/e7849e11813743659c7d53436c07af0d_seed/generated/seed_87/checkpoints/err.log,err.log,.log,951,6a254c2602b7566b8080dc9a3e249853376d2cb68109de34c64df5a7e9f73108,2026-07-19T20:19:53,True,False,False,False,False,False,False
study_runs,V100_P0_GPT54_I05_R01,study_runs/V100_P0_GPT54_I05_R01/checkpoint/e7849e11813743659c7d53436c07af0d_seed/generated/seed_87/checkpoints/MovieLens100K-c437b6f6/LensKit.PopScorer-f4aa5539-87/predictions.json,predictions.json,.json,38544002,f0c1407d2d2e84dbd1d2fbc752eec61acaeacc874a015665dfc4db9b148e57fd,2026-07-19T20:19:42,True,False,False,False,False,False,False
study_runs,V100_P0_GPT54_I05_R01,study_runs/V100_P0_GPT54_I05_R01/checkpoint/e7849e11813743659c7d53436c07af0d_seed/generated/seed_87/checkpoints/out.log,out.log,.log,0,e3b0c44298fc1c149afbf4c8996fb92427ae41e4649b934ca495991b7852b855,2026-07-19T20:19:53,True,False,False,False,False,False,False
study_runs,V100_P0_GPT54_I05_R01,study_runs/V100_P0_GPT54_I05_R01/checkpoint/e7849e11813743659c7d53436c07af0d_seed/generated/seed_87/checkpoints/progress.json,progress.json,.json,192,57f9fcaf06ade75c7f91b5a0626b342e9e2b7b6bb777d863fba19376543109d3,2026-07-19T20:19:52,True,False,False,False,False,False,False
study_runs,V100_P0_GPT54_I05_R01,study_runs/V100_P0_GPT54_I05_R01/checkpoint/e7849e11813743659c7d53436c07af0d_seed/generated/seed_87/checkpoints/results.json,results.json,.json,145,769aaa00517b0e8d16c10bebbcfe01bb2d6f645bc0fd5e7c40136435cf5bd388,2026-07-19T20:19:53,True,False,False,False,False,False,False
study_runs,V100_P0_GPT54_I05_R01,study_runs/V100_P0_GPT54_I05_R01/checkpoint/e7849e11813743659c7d53436c07af0d_seed/generated/seed_87/evaluator_results.csv,evaluator_results.csv,.csv,123,c127a8cd0c28cf223621b13866c01b2920428765b611d2e9888727b5c10d0a81,2026-07-19T20:19:53,True,False,False,False,False,False,False
study_runs,V100_P0_GPT54_I05_R01,study_runs/V100_P0_GPT54_I05_R01/checkpoint/e7849e11813743659c7d53436c07af0d_seed/generated/seed_87/evaluator_results.json,evaluator_results.json,.json,145,769aaa00517b0e8d16c10bebbcfe01bb2d6f645bc0fd5e7c40136435cf5bd388,2026-07-19T20:19:53,True,False,False,False,False,False,False
study_runs,V100_P0_GPT54_I05_R01,study_runs/V100_P0_GPT54_I05_R01/checkpoint/e7849e11813743659c7d53436c07af0d_seed/out.log,out.log,.log,23292,d72004c52ca968c2ccf429782ce2ca53d134f6f4218b96173c13b7482086d342,2026-07-19T20:19:54,True,False,False,False,False,False,True
study_runs,V100_P0_GPT54_I05_R01,study_runs/V100_P0_GPT54_I05_R01/code_requirements_final.json,code_requirements_final.json,.json,1861,d9979e11e5012bf064c56c695c437822be5978c15b0276d1e920a23a580e20cf,2026-07-19T20:13:40,True,False,False,False,False,False,False
study_runs,V100_P0_GPT54_I05_R01,study_runs/V100_P0_GPT54_I05_R01/code_requirements_prototype.json,code_requirements_prototype.json,.json,699,a1ac3c3ccc294c3d94f243ec69debeb1dd2469882b3b613051d37baaf4f8709e,2026-07-19T19:50:20,True,False,False,False,False,False,False
study_runs,V100_P0_GPT54_I05_R01,study_runs/V100_P0_GPT54_I05_R01/config.source.toml,config.source.toml,.toml,386,43ad328d9e971575946598bc6c906a320d878b57103e5825b7bc1b351074558f,2026-07-19T19:49:45,True,False,False,False,False,False,False
study_runs,V100_P0_GPT54_I05_R01,study_runs/V100_P0_GPT54_I05_R01/config.toml,config.toml,.toml,412,328ae24cd933db4569aec9534cd544c1389bc9365a63d038b6a38bc47004f2c2,2026-07-19T19:49:45,True,False,False,False,False,False,False
study_runs,V100_P0_GPT54_I05_R01,study_runs/V100_P0_GPT54_I05_R01/costs_log.csv,costs_log.csv,.csv,11963,a0fcd0a4ac9f6563a072d907cb0d6501dd88936627dcec19c76d0698dac26c25,2026-07-19T20:44:28,True,False,False,False,False,False,False
study_runs,V100_P0_GPT54_I05_R01,study_runs/V100_P0_GPT54_I05_R01/debug.log,debug.log,.log,350635,9f35b0d8349ed4ee6f7ca6694f30f1fa427ee3e758d061daf4c9ba8a3eda4dc0,2026-07-19T20:44:32,True,True,True,True,True,False,True
study_runs,V100_P0_GPT54_I05_R01,study_runs/V100_P0_GPT54_I05_R01/entered_prompt.txt,entered_prompt.txt,.txt,946,dc790c0f84813ae9f582a14783c06db3ee59faaa98d800c6bf831f5ad0d041ab,2026-07-19T19:49:45,True,False,False,False,False,False,False
study_runs,V100_P0_GPT54_I05_R01,study_runs/V100_P0_GPT54_I05_R01/statistics/0_93fc4b7d72734385b5c9ae72f2765d36.txt,0_93fc4b7d72734385b5c9ae72f2765d36.txt,.txt,488,b5c0613bf110a52661c96aa1b04fc67004611673365f4932b9f99085de716f30,2026-07-19T19:52:06,True,False,False,False,False,False,False
study_runs,V100_P0_GPT54_I05_R01,study_runs/V100_P0_GPT54_I05_R01/statistics/1_7ef1994c0966483b8d54e4a616d85634.txt,1_7ef1994c0966483b8d54e4a616d85634.txt,.txt,409,98b6a9b0b3156b6d77b29ae2ed413aa6735c813f6f10c06c2c1c1b100d9976d7,2026-07-19T19:53:22,True,False,False,False,False,False,False
study_runs,V100_P0_GPT54_I05_R01,study_runs/V100_P0_GPT54_I05_R01/statistics/2_1a0e67a0ed0f49838458b10f36953597.txt,2_1a0e67a0ed0f49838458b10f36953597.txt,.txt,494,89ee9415df6d1ec491cc41a7d478b9b568ab505a8b9f4f0cc544492b05f3e7af,2026-07-19T20:00:47,True,False,False,False,False,False,False
study_runs,V100_P0_GPT54_I05_R01,study_runs/V100_P0_GPT54_I05_R01/statistics/3_6f1efc17099f4438af33e637fade2d6a.txt,3_6f1efc17099f4438af33e637fade2d6a.txt,.txt,477,fcd3aaa7f8303840652d292cb6cf3ab21aaaa39b74039cb4f7490bcc6c7bcd08,2026-07-19T20:02:19,True,False,False,False,False,False,False
study_runs,V100_P0_GPT54_I05_R01,study_runs/V100_P0_GPT54_I05_R01/statistics/4_e7849e11813743659c7d53436c07af0d.txt,4_e7849e11813743659c7d53436c07af0d.txt,.txt,478,f8056d569d414ee672add4c134a44fb64404ce8e16ac3be6ca1aec3e3ba2c24b,2026-07-19T20:09:22,True,False,False,False,False,False,False
study_runs,V100_P0_GPT54_I05_R01,study_runs/V100_P0_GPT54_I05_R01/statistics/5_b9321e8dcdb647988a09b4cb21c4e170.txt,5_b9321e8dcdb647988a09b4cb21c4e170.txt,.txt,490,a5b42a47271bbfe9a03a5f85c161e3d02fc11c24354170e9a4a67b2f52d087f6,2026-07-19T20:11:29,True,False,False,False,False,False,False
study_runs,V100_P0_GPT54_I05_R01,study_runs/V100_P0_GPT54_I05_R01/statistics/6_4682b1c65bcd4677ad764487dbae36e4.txt,6_4682b1c65bcd4677ad764487dbae36e4.txt,.txt,491,8f007cc7dcad0061a9aff699eb24f3598c7e8a71109c388e005d6791d96317bd,2026-07-19T20:13:14,True,False,False,False,False,False,False
study_runs,V100_P0_GPT54_I05_R01,study_runs/V100_P0_GPT54_I05_R01/statistics/7_e7849e11813743659c7d53436c07af0d_seed.txt,7_e7849e11813743659c7d53436c07af0d_seed.txt,.txt,485,11cfe975d194a25e3ee501fca0c7c0651da58ac820c511b57d4aa120dd92f176,2026-07-19T20:20:41,True,False,False,False,False,False,False
study_runs,V100_P0_GPT54_I05_R01,study_runs/V100_P0_GPT54_I05_R01/statistics/8_e7849e11813743659c7d53436c07af0d_iteration1.txt,8_e7849e11813743659c7d53436c07af0d_iteration1.txt,.txt,518,996ca2982aa090ea5f74833b5e31a7315a697fff8eb8be3e4b531bc8c89398a3,2026-07-19T20:41:53,True,False,False,False,False,False,False
study_runs,V100_P0_GPT54_I05_R01,study_runs/V100_P0_GPT54_I05_R01/statistics/9_e7849e11813743659c7d53436c07af0d_iteration2.txt,9_e7849e11813743659c7d53436c07af0d_iteration2.txt,.txt,504,5ed9d67955efc09b7e2b07f8e524efc62322ca6cbda043e6b824ec671c2134cd,2026-07-19T20:44:13,True,False,False,False,False,False,False
study_runs,V100_P0_GPT54_I05_R01,study_runs/V100_P0_GPT54_I05_R01/statistics/summary_overall_nodes.txt,summary_overall_nodes.txt,.txt,489,d17c5c2910a8520c907eac58eb693f9ed5998a0e6d5053e8debbffaff4126c6d,2026-07-19T20:44:28,True,False,False,False,False,False,False
study_runs,V100_P0_GPT54_I05_R01,study_runs/V100_P0_GPT54_I05_R01/summary.md,summary.md,.md,6379,eff7a37ae8bbf9b03bec9faaee721cff5a1afeb7934b900f1b2f8b5d13a613f0,2026-07-19T20:44:28,True,False,False,False,False,False,True
study_runs,V100_P0_GPT54_I05_R01,study_runs/V100_P0_GPT54_I05_R01/tree_render/svg/combined_tree.svg,combined_tree.svg,.svg,10589,f34069e327bbcf9fc9de2d50dcf55b97bd14c66d9a1b5b46b0bdfd7465f0e1c7,2026-07-19T20:13:21,True,False,False,False,False,False,False
study_runs,V100_P0_GPT54_I05_R01,study_runs/V100_P0_GPT54_I05_R01/tree_render/svg/tree_0.svg,tree_0.svg,.svg,9538,608580f44a8f367491545b30743ae73c7fb6c5ebe2259d9c5f74cf6d844cd430,2026-07-19T20:13:16,True,False,False,False,False,False,False
study_runs,V100_P0_GPT54_I05_R01,study_runs/V100_P0_GPT54_I05_R01/tree_render/svg/tree_1.svg,tree_1.svg,.svg,1611,61407e8606deb8ef8703b1ee1c4a61a4de6dd8099566116dc7671dacfcfc4ea2,2026-07-19T20:13:19,True,False,False,False,False,False,False
study_runs,V100_P0_GPT54_I05_R02,study_runs/V100_P0_GPT54_I05_R02/checkpoint/29c2088f69664298962d51e53dd2cc4d/code.py,code.py,.py,4662,23cb9ac27d600c7f35f5f70baa35e5067f5452cf62d5fb7b912959103b237112,2026-07-20T03:09:25,True,False,True,False,False,False,False
study_runs,V100_P0_GPT54_I05_R02,study_runs/V100_P0_GPT54_I05_R02/checkpoint/29c2088f69664298962d51e53dd2cc4d/out.log,out.log,.log,3206,526d04518f64ae4b8013c14e97354efc67753d3d254f3701a99af48e9f2f6942,2026-07-20T03:07:00,True,True,True,False,False,False,True
study_runs,V100_P0_GPT54_I05_R02,study_runs/V100_P0_GPT54_I05_R02/checkpoint/65996d4b431c4de09a2c94c1d0ba75f4/code.py,code.py,.py,7801,d4b80a818e527139795cd818317300462db3c4abadaf2f518d3fdc8071589c2b,2026-07-20T03:11:42,True,False,True,False,False,False,True
study_runs,V100_P0_GPT54_I05_R02,study_runs/V100_P0_GPT54_I05_R02/checkpoint/65996d4b431c4de09a2c94c1d0ba75f4/out.log,out.log,.log,928,9c60253d4fd1d99c2739f2540f2aab83d328c97b3ab9b6b627d04926a5e7dd4a,2026-07-20T03:08:47,True,False,True,False,False,False,True
study_runs,V100_P0_GPT54_I05_R02,study_runs/V100_P0_GPT54_I05_R02/checkpoint/cca8086dfc7d46ee9c4a48e24ac9544c/code.py,code.py,.py,5994,1c39a14d787b4e554b6c5716529435fee2481078caef4fe080f1718c551e1333,2026-07-20T03:19:34,True,False,True,False,False,False,True
study_runs,V100_P0_GPT54_I05_R02,study_runs/V100_P0_GPT54_I05_R02/checkpoint/cca8086dfc7d46ee9c4a48e24ac9544c/out.log,out.log,.log,489,582c6c40c96f50959186f01ea610041342ee83a29b2b3acbe46fa3051472e45d,2026-07-20T03:16:43,True,False,True,False,False,False,True
study_runs,V100_P0_GPT54_I05_R02,study_runs/V100_P0_GPT54_I05_R02/checkpoint/d782c63f1fd1409f9b600fcbeb814dbb/code.py,code.py,.py,8553,c75ffab23dd350d7c76f8cb5b6ae1f179b2297baf630a538be32df400ecfc7c3,2026-07-20T03:14:48,True,False,True,False,False,False,False
study_runs,V100_P0_GPT54_I05_R02,study_runs/V100_P0_GPT54_I05_R02/checkpoint/d782c63f1fd1409f9b600fcbeb814dbb/out.log,out.log,.log,3032,3c4dfea97b7733929214d553f44fc1c63866b0faad035979535f66e9b4c65ddf,2026-07-20T03:10:30,True,True,True,False,False,False,False
study_runs,V100_P0_GPT54_I05_R02,study_runs/V100_P0_GPT54_I05_R02/checkpoint/eee18c4177524121adf8c4e238bbea74/code.py,code.py,.py,9106,23d24f07251fc336af5f66e1c33e0398d7b9d8205fb30c5effa035f17c182ac1,2026-07-20T03:07:57,True,False,True,True,False,False,False
study_runs,V100_P0_GPT54_I05_R02,study_runs/V100_P0_GPT54_I05_R02/checkpoint/eee18c4177524121adf8c4e238bbea74/out.log,out.log,.log,3589,5321b1453fe40bac22b32a3d07984c8c30441783e325d6a5d1ee899e931e78b5,2026-07-20T03:04:47,True,True,True,False,False,False,True
study_runs,V100_P0_GPT54_I05_R02,study_runs/V100_P0_GPT54_I05_R02/checkpoint/ef50db923528453ab7281e09a7ab63ce/code.py,code.py,.py,7748,38f57542ad5f854884477247745871bc88f0297a8742e72f86542d53272694e4,2026-07-20T03:18:02,True,False,True,False,False,False,False
study_runs,V100_P0_GPT54_I05_R02,study_runs/V100_P0_GPT54_I05_R02/checkpoint/ef50db923528453ab7281e09a7ab63ce/generated/checkpoints/err.log,err.log,.log,951,6a254c2602b7566b8080dc9a3e249853376d2cb68109de34c64df5a7e9f73108,2026-07-20T03:13:36,True,False,False,False,False,False,False
study_runs,V100_P0_GPT54_I05_R02,study_runs/V100_P0_GPT54_I05_R02/checkpoint/ef50db923528453ab7281e09a7ab63ce/generated/checkpoints/LocalMovieLens100K-c0b4b14e/LensKit.PopScorer-f4aa5539-11/predictions.json,predictions.json,.json,38793746,e6d459ffabc0ddcf1df8a22659d433a2d1a0fe386c3e1a2aad586e690fe60c11,2026-07-20T03:13:24,True,False,False,False,False,False,False
study_runs,V100_P0_GPT54_I05_R02,study_runs/V100_P0_GPT54_I05_R02/checkpoint/ef50db923528453ab7281e09a7ab63ce/generated/checkpoints/out.log,out.log,.log,0,e3b0c44298fc1c149afbf4c8996fb92427ae41e4649b934ca495991b7852b855,2026-07-20T03:13:36,True,False,False,False,False,False,False
study_runs,V100_P0_GPT54_I05_R02,study_runs/V100_P0_GPT54_I05_R02/checkpoint/ef50db923528453ab7281e09a7ab63ce/generated/checkpoints/progress.json,progress.json,.json,197,1364a60733b157f84f3bb0c8b11a8762fb3f41d2488350357793eebe5a4a389e,2026-07-20T03:13:35,True,False,False,False,False,False,False
study_runs,V100_P0_GPT54_I05_R02,study_runs/V100_P0_GPT54_I05_R02/checkpoint/ef50db923528453ab7281e09a7ab63ce/generated/checkpoints/results.json,results.json,.json,150,5eb4cf96dc28efc1615a7465d414b9802493b5f86a6edb438824579c65f3f382,2026-07-20T03:13:36,True,False,False,False,False,False,False
study_runs,V100_P0_GPT54_I05_R02,study_runs/V100_P0_GPT54_I05_R02/checkpoint/ef50db923528453ab7281e09a7ab63ce/out.log,out.log,.log,4132,19ca4ce65789f4f139983c44ec12694ff6ba55fbeee3255d271971569d768081,2026-07-20T03:13:38,True,True,True,False,False,False,False
study_runs,V100_P0_GPT54_I05_R02,study_runs/V100_P0_GPT54_I05_R02/checkpoint/ef50db923528453ab7281e09a7ab63ce_iteration1/code.py,code.py,.py,17014,221bd941ee5252387422afd1c609f15df373a45081d7cec4fedf46720c1dd931,2026-07-20T03:26:58,True,False,True,False,False,False,False
study_runs,V100_P0_GPT54_I05_R02,study_runs/V100_P0_GPT54_I05_R02/checkpoint/ef50db923528453ab7281e09a7ab63ce_iteration1/out.log,out.log,.log,3194,cacc62322568975e68562bb7091f266fa129bed1100398f86427e03dcc862302,2026-07-20T03:23:25,True,True,True,False,False,False,False
study_runs,V100_P0_GPT54_I05_R02,study_runs/V100_P0_GPT54_I05_R02/checkpoint/ef50db923528453ab7281e09a7ab63ce_iteration2/code.py,code.py,.py,18005,f168f5401332c6bbe844acc07a09580f6c6f5748a352dbbbc1e4f610ceb4305d,2026-07-20T03:26:58,True,False,True,False,False,False,False
study_runs,V100_P0_GPT54_I05_R02,study_runs/V100_P0_GPT54_I05_R02/checkpoint/ef50db923528453ab7281e09a7ab63ce_iteration2/out.log,out.log,.log,3702,e2b592cecb5f70e14fd52a42cfa35819be39e34bf9682989c4cb33f06ea2704f,2026-07-20T03:25:57,True,True,True,False,False,False,False
study_runs,V100_P0_GPT54_I05_R02,study_runs/V100_P0_GPT54_I05_R02/checkpoint/ef50db923528453ab7281e09a7ab63ce_seed/code.py,code.py,.py,7748,38f57542ad5f854884477247745871bc88f0297a8742e72f86542d53272694e4,2026-07-20T03:24:33,True,False,True,False,False,False,False
study_runs,V100_P0_GPT54_I05_R02,study_runs/V100_P0_GPT54_I05_R02/checkpoint/ef50db923528453ab7281e09a7ab63ce_seed/generated/checkpoints/err.log,err.log,.log,951,6a254c2602b7566b8080dc9a3e249853376d2cb68109de34c64df5a7e9f73108,2026-07-20T03:21:24,True,False,False,False,False,False,False
study_runs,V100_P0_GPT54_I05_R02,study_runs/V100_P0_GPT54_I05_R02/checkpoint/ef50db923528453ab7281e09a7ab63ce_seed/generated/checkpoints/LocalMovieLens100K-c0b4b14e/LensKit.PopScorer-f4aa5539-11/predictions.json,predictions.json,.json,38793746,e6d459ffabc0ddcf1df8a22659d433a2d1a0fe386c3e1a2aad586e690fe60c11,2026-07-20T03:21:14,True,False,False,False,False,False,False
study_runs,V100_P0_GPT54_I05_R02,study_runs/V100_P0_GPT54_I05_R02/checkpoint/ef50db923528453ab7281e09a7ab63ce_seed/generated/checkpoints/out.log,out.log,.log,0,e3b0c44298fc1c149afbf4c8996fb92427ae41e4649b934ca495991b7852b855,2026-07-20T03:21:24,True,False,False,False,False,False,False
study_runs,V100_P0_GPT54_I05_R02,study_runs/V100_P0_GPT54_I05_R02/checkpoint/ef50db923528453ab7281e09a7ab63ce_seed/generated/checkpoints/progress.json,progress.json,.json,197,1364a60733b157f84f3bb0c8b11a8762fb3f41d2488350357793eebe5a4a389e,2026-07-20T03:21:23,True,False,False,False,False,False,False
study_runs,V100_P0_GPT54_I05_R02,study_runs/V100_P0_GPT54_I05_R02/checkpoint/ef50db923528453ab7281e09a7ab63ce_seed/generated/checkpoints/results.json,results.json,.json,150,5eb4cf96dc28efc1615a7465d414b9802493b5f86a6edb438824579c65f3f382,2026-07-20T03:21:24,True,False,False,False,False,False,False
study_runs,V100_P0_GPT54_I05_R02,study_runs/V100_P0_GPT54_I05_R02/checkpoint/ef50db923528453ab7281e09a7ab63ce_seed/out.log,out.log,.log,4132,bbe5d50352dde6029bd9b2553e9dc420e6c0596a90a505c715a2e6cea9f79986,2026-07-20T03:21:26,True,True,True,False,False,False,False
study_runs,V100_P0_GPT54_I05_R02,study_runs/V100_P0_GPT54_I05_R02/checkpoint/f2b2ca7867bc45dba3f20bfcb69d50e3/code.py,code.py,.py,6482,77ac73e994305c5d67247a6bcfc9d4e8fff631fc3466960efd695e5d145b440d,2026-07-20T03:22:26,True,False,False,False,False,False,False
study_runs,V100_P0_GPT54_I05_R02,study_runs/V100_P0_GPT54_I05_R02/checkpoint/f2b2ca7867bc45dba3f20bfcb69d50e3/out.log,out.log,.log,3032,efe1b1c392cff98c4de67640e704616426db6247266496231ca693c08d11ed5e,2026-07-20T03:18:32,True,True,True,False,False,False,False
study_runs,V100_P0_GPT54_I05_R02,study_runs/V100_P0_GPT54_I05_R02/code_requirements_final.json,code_requirements_final.json,.json,2018,3139367e8bcec1a56d472af3b4203378515f0321b86345ed37d1f7bd9684b43f,2026-07-20T03:20:04,True,False,False,False,False,False,False
study_runs,V100_P0_GPT54_I05_R02,study_runs/V100_P0_GPT54_I05_R02/code_requirements_prototype.json,code_requirements_prototype.json,.json,681,4f1aa8cce239773b73364aac7d0888547ec09e2583bc9cf00efa53475fec9561,2026-07-20T03:03:49,True,False,False,False,False,False,False
study_runs,V100_P0_GPT54_I05_R02,study_runs/V100_P0_GPT54_I05_R02/config.source.toml,config.source.toml,.toml,386,43ad328d9e971575946598bc6c906a320d878b57103e5825b7bc1b351074558f,2026-07-20T03:03:11,True,False,False,False,False,False,False
study_runs,V100_P0_GPT54_I05_R02,study_runs/V100_P0_GPT54_I05_R02/config.toml,config.toml,.toml,412,252dd6fbde0fed7b18dde1e216eb3a82913c6e520b59b7e86f7d7874debf32ba,2026-07-20T03:03:11,True,False,False,False,False,False,False
study_runs,V100_P0_GPT54_I05_R02,study_runs/V100_P0_GPT54_I05_R02/costs_log.csv,costs_log.csv,.csv,13813,56a0e5b4f90f0d505fe2c7752b45342b2eb21443455195c6ef6fb69336729f93,2026-07-20T03:27:06,True,False,False,False,False,False,False
study_runs,V100_P0_GPT54_I05_R02,study_runs/V100_P0_GPT54_I05_R02/debug.log,debug.log,.log,253445,05c4f97da0b522213c21262b4a9b067bcee6611c0776ee6b09e388c5ceca4679,2026-07-20T03:27:10,True,True,True,False,True,False,True
study_runs,V100_P0_GPT54_I05_R02,study_runs/V100_P0_GPT54_I05_R02/entered_prompt.txt,entered_prompt.txt,.txt,946,dc790c0f84813ae9f582a14783c06db3ee59faaa98d800c6bf831f5ad0d041ab,2026-07-20T03:03:11,True,False,False,False,False,False,False
study_runs,V100_P0_GPT54_I05_R02,study_runs/V100_P0_GPT54_I05_R02/statistics/0_eee18c4177524121adf8c4e238bbea74.txt,0_eee18c4177524121adf8c4e238bbea74.txt,.txt,512,b850bd48cf8d49df02be68eb8171ecd6236f1cbf006c9c42f6f9fa13b5e1c9f2,2026-07-20T03:05:52,True,False,False,False,False,False,False
study_runs,V100_P0_GPT54_I05_R02,study_runs/V100_P0_GPT54_I05_R02/statistics/1_29c2088f69664298962d51e53dd2cc4d.txt,1_29c2088f69664298962d51e53dd2cc4d.txt,.txt,458,a94751690be9e22d1f5aa97a947d6d83d6f108312c963830c5a20a6ed3ff2c4f,2026-07-20T03:07:57,True,False,False,False,False,False,False
study_runs,V100_P0_GPT54_I05_R02,study_runs/V100_P0_GPT54_I05_R02/statistics/2_65996d4b431c4de09a2c94c1d0ba75f4.txt,2_65996d4b431c4de09a2c94c1d0ba75f4.txt,.txt,489,f6e076e2299fef2e550831b123b88a19f464e8293acb19a5f5c5342f5d905063,2026-07-20T03:09:25,True,False,False,False,False,False,False
study_runs,V100_P0_GPT54_I05_R02,study_runs/V100_P0_GPT54_I05_R02/statistics/3_d782c63f1fd1409f9b600fcbeb814dbb.txt,3_d782c63f1fd1409f9b600fcbeb814dbb.txt,.txt,478,9ac6d6502a6edbb911e5126730bd76af2aecd2bc817008789ebda1afad80fcea,2026-07-20T03:11:42,True,False,False,False,False,False,False
study_runs,V100_P0_GPT54_I05_R02,study_runs/V100_P0_GPT54_I05_R02/statistics/4_ef50db923528453ab7281e09a7ab63ce.txt,4_ef50db923528453ab7281e09a7ab63ce.txt,.txt,478,0bf9b406bdfa096cd9acf5fdeb5819167aa92d3a8fce1b2eb232f29a670ad1fb,2026-07-20T03:14:48,True,False,False,False,False,False,False
study_runs,V100_P0_GPT54_I05_R02,study_runs/V100_P0_GPT54_I05_R02/statistics/5_cca8086dfc7d46ee9c4a48e24ac9544c.txt,5_cca8086dfc7d46ee9c4a48e24ac9544c.txt,.txt,480,50d4e7bdc2cdc7b7961645d0ed1b0bb49eceef31b721aadb8e8740499afdef24,2026-07-20T03:18:02,True,False,False,False,False,False,False
study_runs,V100_P0_GPT54_I05_R02,study_runs/V100_P0_GPT54_I05_R02/statistics/6_f2b2ca7867bc45dba3f20bfcb69d50e3.txt,6_f2b2ca7867bc45dba3f20bfcb69d50e3.txt,.txt,489,bd19a311850fb4fa7c9b83f0251a7b4df4cf4790932b9184929ee732a3a667a7,2026-07-20T03:19:34,True,False,False,False,False,False,False
study_runs,V100_P0_GPT54_I05_R02,study_runs/V100_P0_GPT54_I05_R02/statistics/7_ef50db923528453ab7281e09a7ab63ce_seed.txt,7_ef50db923528453ab7281e09a7ab63ce_seed.txt,.txt,499,0da77b233eca1b6c3d4df82dd2632e6ff33836230f9415561cc5254248ac800e,2026-07-20T03:22:26,True,False,False,False,False,False,False
study_runs,V100_P0_GPT54_I05_R02,study_runs/V100_P0_GPT54_I05_R02/statistics/8_ef50db923528453ab7281e09a7ab63ce_iteration1.txt,8_ef50db923528453ab7281e09a7ab63ce_iteration1.txt,.txt,515,d54d1530118d09b8c56ff677bbbd75a7c7bb0c45550f370b7d4e64b8944d108b,2026-07-20T03:24:33,True,False,False,False,False,False,False
study_runs,V100_P0_GPT54_I05_R02,study_runs/V100_P0_GPT54_I05_R02/statistics/9_ef50db923528453ab7281e09a7ab63ce_iteration2.txt,9_ef50db923528453ab7281e09a7ab63ce_iteration2.txt,.txt,534,6a3cd12a8a643ceb88a0b81f2f09c65da4db1b73e9eba837f322c3055e0dbf31,2026-07-20T03:26:59,True,False,False,False,False,False,False
study_runs,V100_P0_GPT54_I05_R02,study_runs/V100_P0_GPT54_I05_R02/statistics/summary_overall_nodes.txt,summary_overall_nodes.txt,.txt,489,88efdbed6cc39a602b0abf512ecaaea10bd09cc391ed0e82bc1aae087846ca30,2026-07-20T03:27:06,True,False,False,False,False,False,False
study_runs,V100_P0_GPT54_I05_R02,study_runs/V100_P0_GPT54_I05_R02/summary.md,summary.md,.md,3708,229e13f7eb1356ef8e9ded0a6d58ab113d975c1500209149526dd9d5f2ab1b05,2026-07-20T03:27:06,True,False,False,False,False,False,False
study_runs,V100_P0_GPT54_I05_R02,study_runs/V100_P0_GPT54_I05_R02/tree_render/svg/combined_tree.svg,combined_tree.svg,.svg,10599,011e16e5b9149e844d0aedfe089738cad7f1c326f237aec15aa9b957ac2f3d80,2026-07-20T03:19:41,True,False,False,False,False,False,False
study_runs,V100_P0_GPT54_I05_R02,study_runs/V100_P0_GPT54_I05_R02/tree_render/svg/tree_0.svg,tree_0.svg,.svg,7923,d3dcad109cfd00f49610f6b8cf68ced886d4fc8d081aa1ac6c727cb8ada4114e,2026-07-20T03:19:37,True,False,False,False,False,False,False
study_runs,V100_P0_GPT54_I05_R02,study_runs/V100_P0_GPT54_I05_R02/tree_render/svg/tree_1.svg,tree_1.svg,.svg,3176,7b2d2c5aef83184961093c773fd50a5b8ff74340393af5d7d50edc8931859b34,2026-07-20T03:19:39,True,False,False,False,False,False,False
study_runs,V100_P0_GPT54_I05_R03,study_runs/V100_P0_GPT54_I05_R03/config.source.toml,config.source.toml,.toml,386,43ad328d9e971575946598bc6c906a320d878b57103e5825b7bc1b351074558f,2026-07-20T09:37:32,True,False,False,False,False,False,False
study_runs,V100_P0_GPT54_I05_R03,study_runs/V100_P0_GPT54_I05_R03/config.toml,config.toml,.toml,412,e84335a16c2c5299732aab209b21df60537d8d76644835bb7ac5fd33df6c6c12,2026-07-20T09:37:32,True,False,False,False,False,False,False
study_runs,V100_P0_GPT54_I05_R03,study_runs/V100_P0_GPT54_I05_R03/costs_log.csv,costs_log.csv,.csv,107,28d1763da4a7e995cd31bedd7b86f557fc2ab6bff7751d4882d3f6d513b89a8e,2026-07-20T09:37:32,True,False,False,False,False,False,False
study_runs,V100_P0_GPT54_I05_R03,study_runs/V100_P0_GPT54_I05_R03/debug.log,debug.log,.log,1311,f16ea098d0475f2b57573ba3bda4b5684c6cfa79f0785ff16baa5066d3c75710,2026-07-20T09:37:32,True,False,False,False,False,False,False
study_runs,V100_P0_GPT54_I05_R03,study_runs/V100_P0_GPT54_I05_R03/entered_prompt.txt,entered_prompt.txt,.txt,946,dc790c0f84813ae9f582a14783c06db3ee59faaa98d800c6bf831f5ad0d041ab,2026-07-20T09:37:32,True,False,False,False,False,False,False
study_runs,V100_P0_MINI_I05_R01,study_runs/V100_P0_MINI_I05_R01/checkpoint/23846b1d0deb4aa0b5161992cadc5f52/code.py,code.py,.py,2931,28e3151f4b8b84ed2f2300c3dca3fac369736648f92363638568f0ddc4051a58,2026-07-19T15:08:12,True,False,False,False,False,False,False
study_runs,V100_P0_MINI_I05_R01,study_runs/V100_P0_MINI_I05_R01/checkpoint/23846b1d0deb4aa0b5161992cadc5f52/out.log,out.log,.log,1944,d4ce376a6714f68349515210788a709bb3ddce68b54fbc076108c185f1a1d3f4,2026-07-19T15:04:09,True,True,True,False,False,False,True
study_runs,V100_P0_MINI_I05_R01,study_runs/V100_P0_MINI_I05_R01/checkpoint/7296f7528a22457384d50f4e3c7c94a4/code.py,code.py,.py,2672,0d2239083bd446aa14b620187aaa9f0ed5035eb5a31e809e98bb90afb871f728,2026-07-19T14:56:23,True,False,False,False,False,False,False
study_runs,V100_P0_MINI_I05_R01,study_runs/V100_P0_MINI_I05_R01/checkpoint/7296f7528a22457384d50f4e3c7c94a4/generated/checkpoints/MovieLens100K-938abed0/LensKit.ImplicitMFScorer-f0dd7ecb-11/predictions.json,predictions.json,.json,39318298,9e43162fc421f4cd1c267922424747157ae7f6882b0f5481d95f140e05b70154,2026-07-19T14:53:18,True,False,False,False,False,False,False
study_runs,V100_P0_MINI_I05_R01,study_runs/V100_P0_MINI_I05_R01/checkpoint/7296f7528a22457384d50f4e3c7c94a4/generated/checkpoints/progress.json,progress.json,.json,199,53cc16ee820ceba2f63d048fc8c818510250d19784ae0cfdfe8cb1631b4c7233,2026-07-19T14:53:34,True,False,False,False,False,False,False
study_runs,V100_P0_MINI_I05_R01,study_runs/V100_P0_MINI_I05_R01/checkpoint/7296f7528a22457384d50f4e3c7c94a4/out.log,out.log,.log,6260,d4e8ca0b9f34998e44648216fcb3c2e4c387b64363800acce80b1b17408f4a22,2026-07-19T14:53:35,True,True,True,False,False,False,True
study_runs,V100_P0_MINI_I05_R01,study_runs/V100_P0_MINI_I05_R01/checkpoint/977d7ec4949847409c030b314e2dd362/code.py,code.py,.py,3504,9a5691b192ec16864d93b2322d588aafb9d46d664ef3b8ba54eb5d9b1d8fdef3,2026-07-19T15:11:30,True,False,True,False,False,False,False
study_runs,V100_P0_MINI_I05_R01,study_runs/V100_P0_MINI_I05_R01/checkpoint/977d7ec4949847409c030b314e2dd362/generated/checkpoints/err.log,err.log,.log,1195,4da430e9659bb61bd72765495936d07d95cfc1fd625a65a3cfd549baa46343ae,2026-07-19T15:07:50,True,False,False,False,False,False,False
study_runs,V100_P0_MINI_I05_R01,study_runs/V100_P0_MINI_I05_R01/checkpoint/977d7ec4949847409c030b314e2dd362/generated/checkpoints/MovieLens100K-938abed0/LensKit.ItemKNNScorer-c3d66610-42/predictions.json,predictions.json,.json,37520574,44d5fee5bbdf2636836b56525f4a848f966d65e06e2337910bdc52b4c237dbe7,2026-07-19T15:07:40,True,False,False,False,False,False,False
study_runs,V100_P0_MINI_I05_R01,study_runs/V100_P0_MINI_I05_R01/checkpoint/977d7ec4949847409c030b314e2dd362/generated/checkpoints/out.log,out.log,.log,0,e3b0c44298fc1c149afbf4c8996fb92427ae41e4649b934ca495991b7852b855,2026-07-19T15:07:50,True,False,False,False,False,False,False
study_runs,V100_P0_MINI_I05_R01,study_runs/V100_P0_MINI_I05_R01/checkpoint/977d7ec4949847409c030b314e2dd362/generated/checkpoints/progress.json,progress.json,.json,196,bb61ed940598d7742487eca3a0216274ad7f12a83c85a4ff843e223a8cf50f8a,2026-07-19T15:07:49,True,False,False,False,False,False,False
study_runs,V100_P0_MINI_I05_R01,study_runs/V100_P0_MINI_I05_R01/checkpoint/977d7ec4949847409c030b314e2dd362/generated/checkpoints/results.json,results.json,.json,274,aa062c8a2d3aadab9470705dce1b2ac31217bac90bb38c73ae1370586eb5664e,2026-07-19T15:07:50,True,False,False,False,False,False,False
study_runs,V100_P0_MINI_I05_R01,study_runs/V100_P0_MINI_I05_R01/checkpoint/977d7ec4949847409c030b314e2dd362/out.log,out.log,.log,4518,93a13358c93a5d5a67e14e88dde713da399a237fc2e31bf6f2edf4dca8ac72e0,2026-07-19T15:07:51,True,False,False,True,False,False,True
study_runs,V100_P0_MINI_I05_R01,study_runs/V100_P0_MINI_I05_R01/checkpoint/9ab94e9cbc3046f4930499a3c4865337/code.py,code.py,.py,4658,82efc10e52ba6f36db6ef957f16f6f2c178e4ea23f5f75d45dc3eb59fceffea6,2026-07-19T14:59:27,True,False,True,False,False,False,False
study_runs,V100_P0_MINI_I05_R01,study_runs/V100_P0_MINI_I05_R01/checkpoint/9ab94e9cbc3046f4930499a3c4865337/out.log,out.log,.log,3105,a963e5f72a8d9ea1c4e350276aefcc73647c33e1f4504de054200a03da4d1495,2026-07-19T14:55:29,True,True,True,False,False,False,True
study_runs,V100_P0_MINI_I05_R01,study_runs/V100_P0_MINI_I05_R01/checkpoint/aac562b51b2148e2b73a824edba0b9b3/code.py,code.py,.py,2487,09b6baf80cc41af4470654caadef20077727f955c3aa0482742a70c3210446de,2026-07-19T15:01:54,True,False,False,False,False,False,False
study_runs,V100_P0_MINI_I05_R01,study_runs/V100_P0_MINI_I05_R01/checkpoint/aac562b51b2148e2b73a824edba0b9b3/generated/checkpoints/err.log,err.log,.log,1195,4da430e9659bb61bd72765495936d07d95cfc1fd625a65a3cfd549baa46343ae,2026-07-19T14:58:53,True,False,False,False,False,False,False
study_runs,V100_P0_MINI_I05_R01,study_runs/V100_P0_MINI_I05_R01/checkpoint/aac562b51b2148e2b73a824edba0b9b3/generated/checkpoints/MovieLens100K-938abed0/LensKit.ImplicitMFScorer-f0dd7ecb-42/predictions.json,predictions.json,.json,39284008,bb42d1ac7e4529d1146432bdd2ddd2d214fdfe1dd5ec4a9388e8cc69a2180f08,2026-07-19T14:58:41,True,False,False,False,False,False,False
study_runs,V100_P0_MINI_I05_R01,study_runs/V100_P0_MINI_I05_R01/checkpoint/aac562b51b2148e2b73a824edba0b9b3/generated/checkpoints/out.log,out.log,.log,0,e3b0c44298fc1c149afbf4c8996fb92427ae41e4649b934ca495991b7852b855,2026-07-19T14:58:53,True,False,False,False,False,False,False
study_runs,V100_P0_MINI_I05_R01,study_runs/V100_P0_MINI_I05_R01/checkpoint/aac562b51b2148e2b73a824edba0b9b3/generated/checkpoints/progress.json,progress.json,.json,199,726457e870200baf2a362024d1db12e74eeb7dc1d9e0605ef9ef7957e0f1d994,2026-07-19T14:58:52,True,False,False,False,False,False,False
study_runs,V100_P0_MINI_I05_R01,study_runs/V100_P0_MINI_I05_R01/checkpoint/aac562b51b2148e2b73a824edba0b9b3/generated/checkpoints/results.json,results.json,.json,280,ce4003a9337e1386e115df77da5c62538ba86c729791d299ea32730b8025cb0b,2026-07-19T14:58:53,True,False,False,False,False,False,False
study_runs,V100_P0_MINI_I05_R01,study_runs/V100_P0_MINI_I05_R01/checkpoint/aac562b51b2148e2b73a824edba0b9b3/out.log,out.log,.log,4573,3b60fca1e8731df88857c886575be5a65c166e184ee6cade2e60faecc3441e86,2026-07-19T14:58:54,True,False,False,True,False,False,True
study_runs,V100_P0_MINI_I05_R01,study_runs/V100_P0_MINI_I05_R01/checkpoint/aad89bc2901c4869b5cdd0898ac24828/code.py,code.py,.py,2927,867883d7bd27089c111e5ba82209b52715c320e3ddbc57fd813fc5c7a9e08c95,2026-07-19T15:05:47,True,False,False,False,False,False,False
study_runs,V100_P0_MINI_I05_R01,study_runs/V100_P0_MINI_I05_R01/checkpoint/aad89bc2901c4869b5cdd0898ac24828/out.log,out.log,.log,3069,0cd9f1af702d21fb893419c928dac61b143d316803a4a86cbf8f4bda3740b215,2026-07-19T15:02:32,True,True,True,False,False,False,True
study_runs,V100_P0_MINI_I05_R01,study_runs/V100_P0_MINI_I05_R01/checkpoint/b6c02039931c42fcb8d6e8ec9185ebc2/code.py,code.py,.py,3157,3506997559dddc4f0273b968078e28bbc378e6e2357bc4dbf8c4b105f5cb40f7,2026-07-19T15:03:16,True,False,False,False,False,False,False
study_runs,V100_P0_MINI_I05_R01,study_runs/V100_P0_MINI_I05_R01/checkpoint/b6c02039931c42fcb8d6e8ec9185ebc2/generated/checkpoints/err.log,err.log,.log,1195,4da430e9659bb61bd72765495936d07d95cfc1fd625a65a3cfd549baa46343ae,2026-07-19T15:01:22,True,False,False,False,False,False,False
study_runs,V100_P0_MINI_I05_R01,study_runs/V100_P0_MINI_I05_R01/checkpoint/b6c02039931c42fcb8d6e8ec9185ebc2/generated/checkpoints/MovieLens100K-c0b4b14e/LensKit.ItemKNNScorer-c3d66610-42/predictions.json,predictions.json,.json,37268491,bdfa82a0f91758a8d3f2bdecdbdda1c90a763d3b50d6da64a6270a6cfc6f7fb1,2026-07-19T15:01:13,True,False,False,False,False,False,False
study_runs,V100_P0_MINI_I05_R01,study_runs/V100_P0_MINI_I05_R01/checkpoint/b6c02039931c42fcb8d6e8ec9185ebc2/generated/checkpoints/out.log,out.log,.log,0,e3b0c44298fc1c149afbf4c8996fb92427ae41e4649b934ca495991b7852b855,2026-07-19T15:01:22,True,False,False,False,False,False,False
study_runs,V100_P0_MINI_I05_R01,study_runs/V100_P0_MINI_I05_R01/checkpoint/b6c02039931c42fcb8d6e8ec9185ebc2/generated/checkpoints/progress.json,progress.json,.json,196,67adffde1196fe6892c9c08d9079932e9cced9bfb7c4869c9ad21b26bdd1c920,2026-07-19T15:01:21,True,False,False,False,False,False,False
study_runs,V100_P0_MINI_I05_R01,study_runs/V100_P0_MINI_I05_R01/checkpoint/b6c02039931c42fcb8d6e8ec9185ebc2/generated/checkpoints/results.json,results.json,.json,275,7bf284a3c840e0568c09bee3466e49614fcfe39ca398b58336b3e8a7f3c7d624,2026-07-19T15:01:22,True,False,False,False,False,False,False
study_runs,V100_P0_MINI_I05_R01,study_runs/V100_P0_MINI_I05_R01/checkpoint/b6c02039931c42fcb8d6e8ec9185ebc2/out.log,out.log,.log,4525,bd7d70041d74958b10ce4a99748bb375d6f592c83b9e1925b0ad859bf488d309,2026-07-19T15:01:23,True,False,False,True,False,False,True
study_runs,V100_P0_MINI_I05_R01,study_runs/V100_P0_MINI_I05_R01/checkpoint/b6c02039931c42fcb8d6e8ec9185ebc2_iteration1/code.py,code.py,.py,7441,b7d25de87ed41b319cf329132afe823606ab14cee430704c9784dab59b3c0bad,2026-07-19T15:19:12,True,False,True,False,False,False,True
study_runs,V100_P0_MINI_I05_R01,study_runs/V100_P0_MINI_I05_R01/checkpoint/b6c02039931c42fcb8d6e8ec9185ebc2_iteration1/generated/checkpoints/err.log,err.log,.log,3341,886cfe0165eb1324b0fb957166b243f15f998347fa90189ff16eb7b10ef110eb,2026-07-19T15:15:58,True,False,False,False,False,False,False
study_runs,V100_P0_MINI_I05_R01,study_runs/V100_P0_MINI_I05_R01/checkpoint/b6c02039931c42fcb8d6e8ec9185ebc2_iteration1/generated/checkpoints/MovieLens100KLocal-938abed0/LensKit.ImplicitMFScorer-f0dd7ecb-11/predictions.json,predictions.json,.json,39315813,0de71d0611b69702fd64e18c44aea7d46cfe4edf0aa37e4d35b1667726faa413,2026-07-19T15:13:33,True,False,False,False,False,False,False
study_runs,V100_P0_MINI_I05_R01,study_runs/V100_P0_MINI_I05_R01/checkpoint/b6c02039931c42fcb8d6e8ec9185ebc2_iteration1/generated/checkpoints/MovieLens100KLocal-938abed0/LensKit.ItemKNNScorer-c3d66610-11/predictions.json,predictions.json,.json,37583829,ce121a32b92419f122c86d8e6159da80dac2498530ce88af618d606dab17bda1,2026-07-19T15:14:34,True,False,False,False,False,False,False
study_runs,V100_P0_MINI_I05_R01,study_runs/V100_P0_MINI_I05_R01/checkpoint/b6c02039931c42fcb8d6e8ec9185ebc2_iteration1/generated/checkpoints/MovieLens100KLocal-938abed0/LensKit.PopScorer-f4aa5539-11/predictions.json,predictions.json,.json,39089340,4612219caa0e1c7f45150c69dfeceeed6b54421c6e71c048531c6c5a6f8203a3,2026-07-19T15:15:49,True,False,False,False,False,False,False
study_runs,V100_P0_MINI_I05_R01,study_runs/V100_P0_MINI_I05_R01/checkpoint/b6c02039931c42fcb8d6e8ec9185ebc2_iteration1/generated/checkpoints/out.log,out.log,.log,0,e3b0c44298fc1c149afbf4c8996fb92427ae41e4649b934ca495991b7852b855,2026-07-19T15:13:40,True,False,False,False,False,False,False
study_runs,V100_P0_MINI_I05_R01,study_runs/V100_P0_MINI_I05_R01/checkpoint/b6c02039931c42fcb8d6e8ec9185ebc2_iteration1/generated/checkpoints/progress.json,progress.json,.json,552,e286cd976c2e8ef6387942a37705710e93acd5dd7f7f7021b2e3b113ebb55e7c,2026-07-19T15:15:57,True,False,False,False,False,False,False
study_runs,V100_P0_MINI_I05_R01,study_runs/V100_P0_MINI_I05_R01/checkpoint/b6c02039931c42fcb8d6e8ec9185ebc2_iteration1/generated/checkpoints/results.json,results.json,.json,2231,b87547546e8ddc3766f9c7a324f0d9d284ed7c3ddf44524e39b77c1a2c4e7d2f,2026-07-19T15:15:58,True,False,False,False,False,False,False
study_runs,V100_P0_MINI_I05_R01,study_runs/V100_P0_MINI_I05_R01/checkpoint/b6c02039931c42fcb8d6e8ec9185ebc2_iteration1/out.log,out.log,.log,10987,06f8f375a88b6566f0d646aa6e0e09ae2593f808646374c96e34c3c6b36ad269,2026-07-19T15:16:01,True,True,True,False,False,False,True
study_runs,V100_P0_MINI_I05_R01,study_runs/V100_P0_MINI_I05_R01/checkpoint/b6c02039931c42fcb8d6e8ec9185ebc2_iteration2/code.py,code.py,.py,4265,2edc69c5caa67ed079bd2ab17fc33fa791d69ed22a4a4b16a76ef2e553cdc769,2026-07-19T15:19:12,True,False,False,False,False,False,False
study_runs,V100_P0_MINI_I05_R01,study_runs/V100_P0_MINI_I05_R01/checkpoint/b6c02039931c42fcb8d6e8ec9185ebc2_iteration2/out.log,out.log,.log,2186,bf8a969c5e20f3b07faf08d70d0e784d74f55bd67f14cbe892a6c16aaadfd874,2026-07-19T15:17:57,True,True,True,False,False,False,True
study_runs,V100_P0_MINI_I05_R01,study_runs/V100_P0_MINI_I05_R01/checkpoint/b6c02039931c42fcb8d6e8ec9185ebc2_seed/code.py,code.py,.py,3157,3506997559dddc4f0273b968078e28bbc378e6e2357bc4dbf8c4b105f5cb40f7,2026-07-19T15:16:55,True,False,False,False,False,False,False
study_runs,V100_P0_MINI_I05_R01,study_runs/V100_P0_MINI_I05_R01/checkpoint/b6c02039931c42fcb8d6e8ec9185ebc2_seed/generated/checkpoints/err.log,err.log,.log,1195,4da430e9659bb61bd72765495936d07d95cfc1fd625a65a3cfd549baa46343ae,2026-07-19T15:10:07,True,False,False,False,False,False,False
study_runs,V100_P0_MINI_I05_R01,study_runs/V100_P0_MINI_I05_R01/checkpoint/b6c02039931c42fcb8d6e8ec9185ebc2_seed/generated/checkpoints/MovieLens100K-c0b4b14e/LensKit.ItemKNNScorer-c3d66610-42/predictions.json,predictions.json,.json,37268491,bdfa82a0f91758a8d3f2bdecdbdda1c90a763d3b50d6da64a6270a6cfc6f7fb1,2026-07-19T15:09:57,True,False,False,False,False,False,False
study_runs,V100_P0_MINI_I05_R01,study_runs/V100_P0_MINI_I05_R01/checkpoint/b6c02039931c42fcb8d6e8ec9185ebc2_seed/generated/checkpoints/out.log,out.log,.log,0,e3b0c44298fc1c149afbf4c8996fb92427ae41e4649b934ca495991b7852b855,2026-07-19T15:10:07,True,False,False,False,False,False,False
study_runs,V100_P0_MINI_I05_R01,study_runs/V100_P0_MINI_I05_R01/checkpoint/b6c02039931c42fcb8d6e8ec9185ebc2_seed/generated/checkpoints/progress.json,progress.json,.json,196,67adffde1196fe6892c9c08d9079932e9cced9bfb7c4869c9ad21b26bdd1c920,2026-07-19T15:10:06,True,False,False,False,False,False,False
study_runs,V100_P0_MINI_I05_R01,study_runs/V100_P0_MINI_I05_R01/checkpoint/b6c02039931c42fcb8d6e8ec9185ebc2_seed/generated/checkpoints/results.json,results.json,.json,275,7bf284a3c840e0568c09bee3466e49614fcfe39ca398b58336b3e8a7f3c7d624,2026-07-19T15:10:07,True,False,False,False,False,False,False
study_runs,V100_P0_MINI_I05_R01,study_runs/V100_P0_MINI_I05_R01/checkpoint/b6c02039931c42fcb8d6e8ec9185ebc2_seed/out.log,out.log,.log,4444,2e7d892ae2567ad899b5bcd0b696e4c0fe0663c969eab43256480f5d002520b2,2026-07-19T15:10:08,True,False,False,True,False,False,True
study_runs,V100_P0_MINI_I05_R01,study_runs/V100_P0_MINI_I05_R01/code_requirements_final.json,code_requirements_final.json,.json,1973,0e0f2bb1c23d333103fafd7cd93b8c9fd1b59804700a0b4e45d187ba68cabfdf,2026-07-19T15:08:53,True,False,False,False,False,False,False
study_runs,V100_P0_MINI_I05_R01,study_runs/V100_P0_MINI_I05_R01/code_requirements_prototype.json,code_requirements_prototype.json,.json,853,5cf710ce99188675be98d548ced1f2d1c7fb513a3cde4fec6acca34da56e6b96,2026-07-19T14:51:03,True,False,False,False,False,False,False
study_runs,V100_P0_MINI_I05_R01,study_runs/V100_P0_MINI_I05_R01/config.source.toml,config.source.toml,.toml,386,43ad328d9e971575946598bc6c906a320d878b57103e5825b7bc1b351074558f,2026-07-19T14:50:09,True,False,False,False,False,False,False
study_runs,V100_P0_MINI_I05_R01,study_runs/V100_P0_MINI_I05_R01/config.toml,config.toml,.toml,416,4ca258323f7da13e5ef0d306ddced32ff92f3d9055a3bf7a1e4eaaf907fa55ce,2026-07-19T14:50:09,True,False,False,False,False,False,False
study_runs,V100_P0_MINI_I05_R01,study_runs/V100_P0_MINI_I05_R01/costs_log.csv,costs_log.csv,.csv,14382,82245aa983dccca7ec37a804c4e04f12b312bee2cb3ee0065ae8c94a462801da,2026-07-19T15:19:18,True,False,False,False,False,False,False
study_runs,V100_P0_MINI_I05_R01,study_runs/V100_P0_MINI_I05_R01/debug.log,debug.log,.log,268993,487e30ced9b7b041ffd4d49acfeb14e4317eb663dac48f147ae7b2439aa48915,2026-07-19T15:19:22,True,True,True,True,False,False,True
study_runs,V100_P0_MINI_I05_R01,study_runs/V100_P0_MINI_I05_R01/entered_prompt.txt,entered_prompt.txt,.txt,946,dc790c0f84813ae9f582a14783c06db3ee59faaa98d800c6bf831f5ad0d041ab,2026-07-19T14:50:09,True,False,False,False,False,False,False
study_runs,V100_P0_MINI_I05_R01,study_runs/V100_P0_MINI_I05_R01/statistics/0_7296f7528a22457384d50f4e3c7c94a4.txt,0_7296f7528a22457384d50f4e3c7c94a4.txt,.txt,478,a17d6b9975450b64e7674870d79fc800356b3f17e51745142af9ef4061d67d51,2026-07-19T14:54:45,True,False,False,False,False,False,False
study_runs,V100_P0_MINI_I05_R01,study_runs/V100_P0_MINI_I05_R01/statistics/1_9ab94e9cbc3046f4930499a3c4865337.txt,1_9ab94e9cbc3046f4930499a3c4865337.txt,.txt,509,2d58f112d1ad36afe47fb62653c77e4b33b706c3276322acdd800e1ea82b1eb4,2026-07-19T14:56:23,True,False,False,False,False,False,False
study_runs,V100_P0_MINI_I05_R01,study_runs/V100_P0_MINI_I05_R01/statistics/2_aac562b51b2148e2b73a824edba0b9b3.txt,2_aac562b51b2148e2b73a824edba0b9b3.txt,.txt,470,436f9a73883fea2b21fdd3ea3a3550e8f2ab19752ce6d7a547e64803241ffecb,2026-07-19T14:59:27,True,False,False,False,False,False,False
study_runs,V100_P0_MINI_I05_R01,study_runs/V100_P0_MINI_I05_R01/statistics/3_b6c02039931c42fcb8d6e8ec9185ebc2.txt,3_b6c02039931c42fcb8d6e8ec9185ebc2.txt,.txt,469,20bfd952ae3da34e2a22c56b8fac865e467702e016107a6883616b4bb9a077fa,2026-07-19T15:01:54,True,False,False,False,False,False,False
study_runs,V100_P0_MINI_I05_R01,study_runs/V100_P0_MINI_I05_R01/statistics/4_aad89bc2901c4869b5cdd0898ac24828.txt,4_aad89bc2901c4869b5cdd0898ac24828.txt,.txt,470,c86394e9fc613c694c4e9965a38dd4ffbb1821baf7afa01c82fbab3cdbe255d6,2026-07-19T15:03:17,True,False,False,False,False,False,False
study_runs,V100_P0_MINI_I05_R01,study_runs/V100_P0_MINI_I05_R01/statistics/5_23846b1d0deb4aa0b5161992cadc5f52.txt,5_23846b1d0deb4aa0b5161992cadc5f52.txt,.txt,468,bd4d09c0ccbdc4c12c933528d6195aa5d835b5af2e4ed7d4edc324df09a00644,2026-07-19T15:05:47,True,False,False,False,False,False,False
study_runs,V100_P0_MINI_I05_R01,study_runs/V100_P0_MINI_I05_R01/statistics/6_977d7ec4949847409c030b314e2dd362.txt,6_977d7ec4949847409c030b314e2dd362.txt,.txt,471,b290a8c12d82ace291b32bdd2f528f1546a594b5c9614f38a5b5554f744d6c27,2026-07-19T15:08:12,True,False,False,False,False,False,False
study_runs,V100_P0_MINI_I05_R01,study_runs/V100_P0_MINI_I05_R01/statistics/7_b6c02039931c42fcb8d6e8ec9185ebc2_seed.txt,7_b6c02039931c42fcb8d6e8ec9185ebc2_seed.txt,.txt,477,c106eceaf99036c98b24d40cca69c88869bd1fe42f380c45d2bcc33a9367f69a,2026-07-19T15:11:30,True,False,False,False,False,False,False
study_runs,V100_P0_MINI_I05_R01,study_runs/V100_P0_MINI_I05_R01/statistics/8_b6c02039931c42fcb8d6e8ec9185ebc2_iteration1.txt,8_b6c02039931c42fcb8d6e8ec9185ebc2_iteration1.txt,.txt,496,e8c7bdd6a62b57715190efce889d7035e1d4af1a44f581849131049a79074e30,2026-07-19T15:16:55,True,False,False,False,False,False,False
study_runs,V100_P0_MINI_I05_R01,study_runs/V100_P0_MINI_I05_R01/statistics/9_b6c02039931c42fcb8d6e8ec9185ebc2_iteration2.txt,9_b6c02039931c42fcb8d6e8ec9185ebc2_iteration2.txt,.txt,481,f02ace2a0f548685ceebd0eacb849e703f8711f7e949c2004000446d58ce8791,2026-07-19T15:19:12,True,False,False,False,False,False,False
study_runs,V100_P0_MINI_I05_R01,study_runs/V100_P0_MINI_I05_R01/statistics/summary_overall_nodes.txt,summary_overall_nodes.txt,.txt,487,5a7e279152545b64380e14ba7f028deac647051b1e2bcf3f585df04dd7106e21,2026-07-19T15:19:18,True,False,False,False,False,False,False
study_runs,V100_P0_MINI_I05_R01,study_runs/V100_P0_MINI_I05_R01/summary.md,summary.md,.md,3123,b2ec18e768f0ba345e2b4f7877492211bd5036c276b489bab844195a9d1118e9,2026-07-19T15:19:18,True,False,False,True,False,False,False
study_runs,V100_P0_MINI_I05_R01,study_runs/V100_P0_MINI_I05_R01/tree_render/svg/combined_tree.svg,combined_tree.svg,.svg,10641,300add1214a94450923a13234ebe701e6d419b8e2206a66cd06bf8a6f290454f,2026-07-19T15:08:20,True,False,False,False,False,False,False
study_runs,V100_P0_MINI_I05_R01,study_runs/V100_P0_MINI_I05_R01/tree_render/svg/tree_0.svg,tree_0.svg,.svg,9590,90aba702ba0afd47839fbae17e805f024f88c8c497c351ac516ce4a829d523dd,2026-07-19T15:08:15,True,False,False,False,False,False,False
study_runs,V100_P0_MINI_I05_R01,study_runs/V100_P0_MINI_I05_R01/tree_render/svg/tree_1.svg,tree_1.svg,.svg,1611,f1b55f5508ed9fc37e63b57de3a6937dfddfa1e369809289ec006d8a556889b0,2026-07-19T15:08:17,True,False,False,False,False,False,False
study_runs,V100_P0_MINI_I05_R02,study_runs/V100_P0_MINI_I05_R02/checkpoint/042e93d175e94b8bac8df8e1cd39aaa4/code.py,code.py,.py,3180,c02f98339b410ba8a9a872dc5008b556f5655383ac9f3f997a2d1c8cf9d6b091,2026-07-19T15:49:59,True,False,False,False,False,False,False
study_runs,V100_P0_MINI_I05_R02,study_runs/V100_P0_MINI_I05_R02/checkpoint/042e93d175e94b8bac8df8e1cd39aaa4/out.log,out.log,.log,3246,c258eb772fe0fdcd28cd2392f3f34a288556b0e3786f9329505aa64bf555c0c0,2026-07-19T15:47:03,True,True,True,False,False,False,True
study_runs,V100_P0_MINI_I05_R02,study_runs/V100_P0_MINI_I05_R02/checkpoint/06fe3a757a8f4a78a7e88be8ee026ef1/code.py,code.py,.py,2932,71b7fed50b2691c2d3c562b2a891c7a04b8ecb88cab32d135dd4529991b59835,2026-07-19T15:58:01,True,False,False,False,False,False,False
study_runs,V100_P0_MINI_I05_R02,study_runs/V100_P0_MINI_I05_R02/checkpoint/06fe3a757a8f4a78a7e88be8ee026ef1/out.log,out.log,.log,3248,24b2b1974cee317a67c4d3e585aa01e7ff4250cda6ca4dce4f9319b1a54de622,2026-07-19T15:54:18,True,True,True,False,False,False,True
study_runs,V100_P0_MINI_I05_R02,study_runs/V100_P0_MINI_I05_R02/checkpoint/8b4ad2ac4960487da7beea3df7b51b4e/code.py,code.py,.py,2848,3dec87a543b8d59f69fae6f33d113965f66ca31d55b07821681985d862e2af0d,2026-07-19T15:51:20,True,False,False,False,False,False,False
study_runs,V100_P0_MINI_I05_R02,study_runs/V100_P0_MINI_I05_R02/checkpoint/8b4ad2ac4960487da7beea3df7b51b4e/generated/checkpoints/err.log,err.log,.log,1195,4da430e9659bb61bd72765495936d07d95cfc1fd625a65a3cfd549baa46343ae,2026-07-19T15:49:30,True,False,False,False,False,False,False
study_runs,V100_P0_MINI_I05_R02,study_runs/V100_P0_MINI_I05_R02/checkpoint/8b4ad2ac4960487da7beea3df7b51b4e/generated/checkpoints/MovieLens100K-c0b4b14e/LensKit.ItemKNNScorer-c3d66610-42/predictions.json,predictions.json,.json,37268491,bdfa82a0f91758a8d3f2bdecdbdda1c90a763d3b50d6da64a6270a6cfc6f7fb1,2026-07-19T15:49:22,True,False,False,False,False,False,False
study_runs,V100_P0_MINI_I05_R02,study_runs/V100_P0_MINI_I05_R02/checkpoint/8b4ad2ac4960487da7beea3df7b51b4e/generated/checkpoints/out.log,out.log,.log,0,e3b0c44298fc1c149afbf4c8996fb92427ae41e4649b934ca495991b7852b855,2026-07-19T15:49:30,True,False,False,False,False,False,False
study_runs,V100_P0_MINI_I05_R02,study_runs/V100_P0_MINI_I05_R02/checkpoint/8b4ad2ac4960487da7beea3df7b51b4e/generated/checkpoints/progress.json,progress.json,.json,196,67adffde1196fe6892c9c08d9079932e9cced9bfb7c4869c9ad21b26bdd1c920,2026-07-19T15:49:29,True,False,False,False,False,False,False
study_runs,V100_P0_MINI_I05_R02,study_runs/V100_P0_MINI_I05_R02/checkpoint/8b4ad2ac4960487da7beea3df7b51b4e/generated/checkpoints/results.json,results.json,.json,275,7bf284a3c840e0568c09bee3466e49614fcfe39ca398b58336b3e8a7f3c7d624,2026-07-19T15:49:30,True,False,False,False,False,False,False
study_runs,V100_P0_MINI_I05_R02,study_runs/V100_P0_MINI_I05_R02/checkpoint/8b4ad2ac4960487da7beea3df7b51b4e/generated/prototype_results_movielens_itemknn.csv,prototype_results_movielens_itemknn.csv,.csv,173,807a32ec7cc9f83ef15e901388dc89c65f25f2152a8e37277057006e0630a71a,2026-07-19T15:49:30,True,False,False,False,False,False,False
study_runs,V100_P0_MINI_I05_R02,study_runs/V100_P0_MINI_I05_R02/checkpoint/8b4ad2ac4960487da7beea3df7b51b4e/out.log,out.log,.log,4613,f1de9328b5c4a96093fdf35b57cef339b7c902ae5811387cf356de66bb921a46,2026-07-19T15:49:31,True,False,False,False,False,False,True
study_runs,V100_P0_MINI_I05_R02,study_runs/V100_P0_MINI_I05_R02/checkpoint/8b4ad2ac4960487da7beea3df7b51b4e_iteration1/code.py,code.py,.py,5470,fb677ca8544842630071176808ab8ea865d8c24cb2f1e63c447b86b63a5d06c5,2026-07-19T16:19:20,True,False,False,False,False,False,False
study_runs,V100_P0_MINI_I05_R02,study_runs/V100_P0_MINI_I05_R02/checkpoint/8b4ad2ac4960487da7beea3df7b51b4e_iteration1/out.log,out.log,.log,3277,86ed4186a532adecdb706637700916e0e10ea5c2563edf1b9d2149e171d2221f,2026-07-19T15:58:41,True,True,True,False,False,False,True
study_runs,V100_P0_MINI_I05_R02,study_runs/V100_P0_MINI_I05_R02/checkpoint/8b4ad2ac4960487da7beea3df7b51b4e_iteration2/code.py,code.py,.py,5206,dbc38e31f2c34ada8e9e668027a6df47a731afe5aa426e8a15a126bbae9d58f0,2026-07-19T16:19:20,True,False,False,False,False,False,False
study_runs,V100_P0_MINI_I05_R02,study_runs/V100_P0_MINI_I05_R02/checkpoint/8b4ad2ac4960487da7beea3df7b51b4e_iteration2/generated/checkpoints/err.log,err.log,.log,16705,681cf2f75ea275aec55970e5eea41f2463fa5fb10a93ac6a91bf43f776093314,2026-07-19T16:18:52,True,False,False,False,False,False,False
study_runs,V100_P0_MINI_I05_R02,study_runs/V100_P0_MINI_I05_R02/checkpoint/8b4ad2ac4960487da7beea3df7b51b4e_iteration2/generated/checkpoints/MovieLens100K-d6f3ec58/LensKit.ImplicitMFScorer-f0dd7ecb-11/predictions.json,predictions.json,.json,38735515,0018256596fb65d2534e8b0c7c31fb55495f6193d7c7a64cf59d77f7e2e387a4,2026-07-19T16:01:38,True,False,False,False,False,False,False
study_runs,V100_P0_MINI_I05_R02,study_runs/V100_P0_MINI_I05_R02/checkpoint/8b4ad2ac4960487da7beea3df7b51b4e_iteration2/generated/checkpoints/MovieLens100K-d6f3ec58/LensKit.ImplicitMFScorer-f0dd7ecb-22/predictions.json,predictions.json,.json,38735297,53dc6b1bfa058c50f4f77e4176f6ca99f79d58744d0e9a7b6aac0766b6dad5fc,2026-07-19T16:05:20,True,False,False,False,False,False,False
study_runs,V100_P0_MINI_I05_R02,study_runs/V100_P0_MINI_I05_R02/checkpoint/8b4ad2ac4960487da7beea3df7b51b4e_iteration2/generated/checkpoints/MovieLens100K-d6f3ec58/LensKit.ImplicitMFScorer-f0dd7ecb-33/predictions.json,predictions.json,.json,38736811,1b0a7ce117cb521381568cca1e6b76bb1cd442d843d807a06bd813b555a33d04,2026-07-19T16:09:02,True,False,False,False,False,False,False
study_runs,V100_P0_MINI_I05_R02,study_runs/V100_P0_MINI_I05_R02/checkpoint/8b4ad2ac4960487da7beea3df7b51b4e_iteration2/generated/checkpoints/MovieLens100K-d6f3ec58/LensKit.ImplicitMFScorer-f0dd7ecb-44/predictions.json,predictions.json,.json,38733374,5ee15b66eccf9b8a28e771a3625a5ad79fcf2cc6a0c7ac91fb03636172dc5a05,2026-07-19T16:12:45,True,False,False,False,False,False,False
study_runs,V100_P0_MINI_I05_R02,study_runs/V100_P0_MINI_I05_R02/checkpoint/8b4ad2ac4960487da7beea3df7b51b4e_iteration2/generated/checkpoints/MovieLens100K-d6f3ec58/LensKit.ImplicitMFScorer-f0dd7ecb-55/predictions.json,predictions.json,.json,38736813,7ea38702282caad7dcc0bb91194dd0952e5d85af5b8dece5a934ccd5e2e50b45,2026-07-19T16:16:28,True,False,False,False,False,False,False
study_runs,V100_P0_MINI_I05_R02,study_runs/V100_P0_MINI_I05_R02/checkpoint/8b4ad2ac4960487da7beea3df7b51b4e_iteration2/generated/checkpoints/MovieLens100K-d6f3ec58/LensKit.ItemKNNScorer-c3d66610-11/predictions.json,predictions.json,.json,36957246,64748dea42958bb64502ebfebcc17dbc31859d1d485d495ca92922901a46e9dc,2026-07-19T16:02:41,True,False,False,False,False,False,False
study_runs,V100_P0_MINI_I05_R02,study_runs/V100_P0_MINI_I05_R02/checkpoint/8b4ad2ac4960487da7beea3df7b51b4e_iteration2/generated/checkpoints/MovieLens100K-d6f3ec58/LensKit.ItemKNNScorer-c3d66610-22/predictions.json,predictions.json,.json,36949426,614f8fbda1faa3d7a34cf01920ba8e3eda722e1313ca7a03abcef59c41ee8e5a,2026-07-19T16:06:23,True,False,False,False,False,False,False
study_runs,V100_P0_MINI_I05_R02,study_runs/V100_P0_MINI_I05_R02/checkpoint/8b4ad2ac4960487da7beea3df7b51b4e_iteration2/generated/checkpoints/MovieLens100K-d6f3ec58/LensKit.ItemKNNScorer-c3d66610-33/predictions.json,predictions.json,.json,36950980,6784a37d7daeada53add8b76520bcece85365b0aac95d208f8767691f08fc416,2026-07-19T16:10:05,True,False,False,False,False,False,False
study_runs,V100_P0_MINI_I05_R02,study_runs/V100_P0_MINI_I05_R02/checkpoint/8b4ad2ac4960487da7beea3df7b51b4e_iteration2/generated/checkpoints/MovieLens100K-d6f3ec58/LensKit.ItemKNNScorer-c3d66610-44/predictions.json,predictions.json,.json,36950086,b82e766a0cff28a31be81a7f23f3854895507e5d007420f5c6375454659978e9,2026-07-19T16:13:48,True,False,False,False,False,False,False
study_runs,V100_P0_MINI_I05_R02,study_runs/V100_P0_MINI_I05_R02/checkpoint/8b4ad2ac4960487da7beea3df7b51b4e_iteration2/generated/checkpoints/MovieLens100K-d6f3ec58/LensKit.ItemKNNScorer-c3d66610-55/predictions.json,predictions.json,.json,36938384,a5770ec77d4de2420ae53bd33b842c555d38e53424cdf457e7c8d1d03b66fd23,2026-07-19T16:17:28,True,False,False,False,False,False,False
study_runs,V100_P0_MINI_I05_R02,study_runs/V100_P0_MINI_I05_R02/checkpoint/8b4ad2ac4960487da7beea3df7b51b4e_iteration2/generated/checkpoints/MovieLens100K-d6f3ec58/LensKit.PopScorer-f4aa5539-11/predictions.json,predictions.json,.json,38507601,b89235000814f91c0d02d777f5fb95293c0abd725d58eaa3f7023ad3f9b203b3,2026-07-19T16:03:55,True,False,False,False,False,False,False
study_runs,V100_P0_MINI_I05_R02,study_runs/V100_P0_MINI_I05_R02/checkpoint/8b4ad2ac4960487da7beea3df7b51b4e_iteration2/generated/checkpoints/MovieLens100K-d6f3ec58/LensKit.PopScorer-f4aa5539-22/predictions.json,predictions.json,.json,38544525,b1cd696f13cc39fd470a86515a706a223b5c3bf267ddd0061cacb7cb5a85a624,2026-07-19T16:07:36,True,False,False,False,False,False,False
study_runs,V100_P0_MINI_I05_R02,study_runs/V100_P0_MINI_I05_R02/checkpoint/8b4ad2ac4960487da7beea3df7b51b4e_iteration2/generated/checkpoints/MovieLens100K-d6f3ec58/LensKit.PopScorer-f4aa5539-33/predictions.json,predictions.json,.json,38545857,f1e4715784fdfe56b4d5f184a56ecb396be5a091c67bacf2becdd7fec7bfaba0,2026-07-19T16:11:20,True,False,False,False,False,False,False
study_runs,V100_P0_MINI_I05_R02,study_runs/V100_P0_MINI_I05_R02/checkpoint/8b4ad2ac4960487da7beea3df7b51b4e_iteration2/generated/checkpoints/MovieLens100K-d6f3ec58/LensKit.PopScorer-f4aa5539-44/predictions.json,predictions.json,.json,38550264,4a81a2084cb3e897c7762078c99f003a6a66a718a3485c8747c2b514d19f18d6,2026-07-19T16:15:01,True,False,False,False,False,False,False
study_runs,V100_P0_MINI_I05_R02,study_runs/V100_P0_MINI_I05_R02/checkpoint/8b4ad2ac4960487da7beea3df7b51b4e_iteration2/generated/checkpoints/MovieLens100K-d6f3ec58/LensKit.PopScorer-f4aa5539-55/predictions.json,predictions.json,.json,38549023,8745881e42b1132dca501c95b47b6135c3e7e491c44469167d7eb108ff997e34,2026-07-19T16:18:42,True,False,False,False,False,False,False
study_runs,V100_P0_MINI_I05_R02,study_runs/V100_P0_MINI_I05_R02/checkpoint/8b4ad2ac4960487da7beea3df7b51b4e_iteration2/generated/checkpoints/out.log,out.log,.log,0,e3b0c44298fc1c149afbf4c8996fb92427ae41e4649b934ca495991b7852b855,2026-07-19T16:01:48,True,False,False,False,False,False,False
study_runs,V100_P0_MINI_I05_R02,study_runs/V100_P0_MINI_I05_R02/checkpoint/8b4ad2ac4960487da7beea3df7b51b4e_iteration2/generated/checkpoints/progress.json,progress.json,.json,2585,a381a5656425c899ae8bfdf79dc350dd7dfc841ee10b6d89a6292207f034d41c,2026-07-19T16:18:52,True,False,False,False,False,False,False
study_runs,V100_P0_MINI_I05_R02,study_runs/V100_P0_MINI_I05_R02/checkpoint/8b4ad2ac4960487da7beea3df7b51b4e_iteration2/generated/checkpoints/results.json,results.json,.json,11022,9d37cf3094db060399c5e06303944eacb794ea982903497d6f43b6d23f16b07a,2026-07-19T16:18:52,True,False,False,False,False,False,False
study_runs,V100_P0_MINI_I05_R02,study_runs/V100_P0_MINI_I05_R02/checkpoint/8b4ad2ac4960487da7beea3df7b51b4e_iteration2/out.log,out.log,.log,37548,3fca7d446eaa5d9aa9b36a87b6bfb0268bcf5fb2413b20eeda76b4c9fbd848bb,2026-07-19T16:18:53,True,False,True,False,False,False,True
study_runs,V100_P0_MINI_I05_R02,study_runs/V100_P0_MINI_I05_R02/checkpoint/8b4ad2ac4960487da7beea3df7b51b4e_seed/code.py,code.py,.py,2848,3dec87a543b8d59f69fae6f33d113965f66ca31d55b07821681985d862e2af0d,2026-07-19T15:59:55,True,False,False,False,False,False,False
study_runs,V100_P0_MINI_I05_R02,study_runs/V100_P0_MINI_I05_R02/checkpoint/8b4ad2ac4960487da7beea3df7b51b4e_seed/generated/checkpoints/err.log,err.log,.log,1195,4da430e9659bb61bd72765495936d07d95cfc1fd625a65a3cfd549baa46343ae,2026-07-19T15:56:58,True,False,False,False,False,False,False
study_runs,V100_P0_MINI_I05_R02,study_runs/V100_P0_MINI_I05_R02/checkpoint/8b4ad2ac4960487da7beea3df7b51b4e_seed/generated/checkpoints/MovieLens100K-c0b4b14e/LensKit.ItemKNNScorer-c3d66610-42/predictions.json,predictions.json,.json,37268491,bdfa82a0f91758a8d3f2bdecdbdda1c90a763d3b50d6da64a6270a6cfc6f7fb1,2026-07-19T15:56:49,True,False,False,False,False,False,False
study_runs,V100_P0_MINI_I05_R02,study_runs/V100_P0_MINI_I05_R02/checkpoint/8b4ad2ac4960487da7beea3df7b51b4e_seed/generated/checkpoints/out.log,out.log,.log,0,e3b0c44298fc1c149afbf4c8996fb92427ae41e4649b934ca495991b7852b855,2026-07-19T15:56:58,True,False,False,False,False,False,False
study_runs,V100_P0_MINI_I05_R02,study_runs/V100_P0_MINI_I05_R02/checkpoint/8b4ad2ac4960487da7beea3df7b51b4e_seed/generated/checkpoints/progress.json,progress.json,.json,196,67adffde1196fe6892c9c08d9079932e9cced9bfb7c4869c9ad21b26bdd1c920,2026-07-19T15:56:57,True,False,False,False,False,False,False
study_runs,V100_P0_MINI_I05_R02,study_runs/V100_P0_MINI_I05_R02/checkpoint/8b4ad2ac4960487da7beea3df7b51b4e_seed/generated/checkpoints/results.json,results.json,.json,275,7bf284a3c840e0568c09bee3466e49614fcfe39ca398b58336b3e8a7f3c7d624,2026-07-19T15:56:58,True,False,False,False,False,False,False
study_runs,V100_P0_MINI_I05_R02,study_runs/V100_P0_MINI_I05_R02/checkpoint/8b4ad2ac4960487da7beea3df7b51b4e_seed/generated/prototype_results_movielens_itemknn.csv,prototype_results_movielens_itemknn.csv,.csv,173,807a32ec7cc9f83ef15e901388dc89c65f25f2152a8e37277057006e0630a71a,2026-07-19T15:56:58,True,False,False,False,False,False,False
study_runs,V100_P0_MINI_I05_R02,study_runs/V100_P0_MINI_I05_R02/checkpoint/8b4ad2ac4960487da7beea3df7b51b4e_seed/out.log,out.log,.log,4613,87e15b67100cec6b47c822309c4119e171c2ad23383cf8b018120487f06d5243,2026-07-19T15:56:59,True,False,False,False,False,False,True
study_runs,V100_P0_MINI_I05_R02,study_runs/V100_P0_MINI_I05_R02/checkpoint/97475fff7a0d4393872f1e96ef9a0908/code.py,code.py,.py,3222,4db2b2c0566f9e3d2168d11476deabc2ceb4df7f417ac16231b4a6a7c18e7035,2026-07-19T15:54:57,True,False,False,False,False,False,False
study_runs,V100_P0_MINI_I05_R02,study_runs/V100_P0_MINI_I05_R02/checkpoint/97475fff7a0d4393872f1e96ef9a0908/out.log,out.log,.log,3258,8944ff434f6f7805826c04d6e8284a7187686532e765791a1fbe87757219cf2a,2026-07-19T15:53:15,True,True,True,False,False,False,True
study_runs,V100_P0_MINI_I05_R02,study_runs/V100_P0_MINI_I05_R02/checkpoint/b8edfc10aa494f6c80e9b589eefd6d98/code.py,code.py,.py,2863,a50e2170a0ebbb4bc1cbd95a3a9cf75c992f61856c642ae43c6de3540b8b0749,2026-07-19T15:53:52,True,False,False,False,False,False,False
study_runs,V100_P0_MINI_I05_R02,study_runs/V100_P0_MINI_I05_R02/checkpoint/b8edfc10aa494f6c80e9b589eefd6d98/out.log,out.log,.log,3266,fb056a03ca3fb1a4b6b9f96af7b8ca31e3b78288f7628768fd4aa11351512606,2026-07-19T15:51:56,True,True,True,False,False,False,True
study_runs,V100_P0_MINI_I05_R02,study_runs/V100_P0_MINI_I05_R02/checkpoint/e57e1159faca46f9a9d3ff50d55f79ea/code.py,code.py,.py,2763,bb513aab245820189f2e0b7de5f379693088dad204070d0d34999e04a147fad3,2026-07-19T15:52:38,True,False,False,False,False,False,False
study_runs,V100_P0_MINI_I05_R02,study_runs/V100_P0_MINI_I05_R02/checkpoint/e57e1159faca46f9a9d3ff50d55f79ea/out.log,out.log,.log,3248,fa8f66137b2bde6896d5fb18652eabd3535fab1b7b592bcc3b2e2b3baffef126,2026-07-19T15:50:38,True,True,True,False,False,False,True
study_runs,V100_P0_MINI_I05_R02,study_runs/V100_P0_MINI_I05_R02/checkpoint/f10f771f2c3b4b168286e73743819435/code.py,code.py,.py,4066,b47e6551868cb7229bd07a52213bb8d464a7b19a5d6d7dd17b5653ae44bc0f85,2026-07-19T15:47:42,True,False,True,False,False,False,False
study_runs,V100_P0_MINI_I05_R02,study_runs/V100_P0_MINI_I05_R02/checkpoint/f10f771f2c3b4b168286e73743819435/out.log,out.log,.log,3094,ce5579af0f89555be13a65faec62444113fd79d524f0d4d6e620b7b724d81951,2026-07-19T15:45:17,True,True,True,False,False,False,True
study_runs,V100_P0_MINI_I05_R02,study_runs/V100_P0_MINI_I05_R02/code_requirements_final.json,code_requirements_final.json,.json,1372,6c9c572b32af0e2b6508edcf764aafc79dfaa05bb901f6ffd04eaed5c4caade7,2026-07-19T15:55:46,True,False,False,False,False,False,False
study_runs,V100_P0_MINI_I05_R02,study_runs/V100_P0_MINI_I05_R02/code_requirements_prototype.json,code_requirements_prototype.json,.json,697,7e389b6880c82f121a7c1ff3fdb6daa73501c227c589f6b78449f298efce3485,2026-07-19T15:43:22,True,False,False,False,False,False,False
study_runs,V100_P0_MINI_I05_R02,study_runs/V100_P0_MINI_I05_R02/config.source.toml,config.source.toml,.toml,386,43ad328d9e971575946598bc6c906a320d878b57103e5825b7bc1b351074558f,2026-07-19T15:42:43,True,False,False,False,False,False,False
study_runs,V100_P0_MINI_I05_R02,study_runs/V100_P0_MINI_I05_R02/config.toml,config.toml,.toml,416,9a0c548319f5ae9b3d237b3b863a4d7a9b5ddb65e7adf193317ccf1658657959,2026-07-19T15:42:43,True,False,False,False,False,False,False
study_runs,V100_P0_MINI_I05_R02,study_runs/V100_P0_MINI_I05_R02/costs_log.csv,costs_log.csv,.csv,11836,65dcd92b0414486a2b3dae6476056b68e17e8cf1286e0342b0adf94bb7289890,2026-07-19T16:19:26,True,False,False,False,False,False,False
study_runs,V100_P0_MINI_I05_R02,study_runs/V100_P0_MINI_I05_R02/debug.log,debug.log,.log,270440,6aa34c131bdeb6a864b52c9cbff147b9912c321584d39030edb771891f7d4ff3,2026-07-19T16:19:30,True,True,True,False,False,False,True
study_runs,V100_P0_MINI_I05_R02,study_runs/V100_P0_MINI_I05_R02/entered_prompt.txt,entered_prompt.txt,.txt,946,dc790c0f84813ae9f582a14783c06db3ee59faaa98d800c6bf831f5ad0d041ab,2026-07-19T15:42:43,True,False,False,False,False,False,False
study_runs,V100_P0_MINI_I05_R02,study_runs/V100_P0_MINI_I05_R02/statistics/0_f10f771f2c3b4b168286e73743819435.txt,0_f10f771f2c3b4b168286e73743819435.txt,.txt,467,722d9a1c2421436d38a2617353319a07009871041689ca5d25458d72ac81f8fb,2026-07-19T15:45:54,True,False,False,False,False,False,False
study_runs,V100_P0_MINI_I05_R02,study_runs/V100_P0_MINI_I05_R02/statistics/1_042e93d175e94b8bac8df8e1cd39aaa4.txt,1_042e93d175e94b8bac8df8e1cd39aaa4.txt,.txt,453,011dd1b9444f2bca2dc0edac106fa6b8da0e3654ce2e531ee4350acee3f6f352,2026-07-19T15:47:42,True,False,False,False,False,False,False
study_runs,V100_P0_MINI_I05_R02,study_runs/V100_P0_MINI_I05_R02/statistics/2_8b4ad2ac4960487da7beea3df7b51b4e.txt,2_8b4ad2ac4960487da7beea3df7b51b4e.txt,.txt,447,d418b97f507e9cddae0572f35883f22d1c6eaae62f7efcf70560846a1d983da6,2026-07-19T15:49:59,True,False,False,False,False,False,False
study_runs,V100_P0_MINI_I05_R02,study_runs/V100_P0_MINI_I05_R02/statistics/3_e57e1159faca46f9a9d3ff50d55f79ea.txt,3_e57e1159faca46f9a9d3ff50d55f79ea.txt,.txt,448,137c490209694c9081d637a7a41ece321b25aa750dce4e32794d58e4a8cd9cd9,2026-07-19T15:51:20,True,False,False,False,False,False,False
study_runs,V100_P0_MINI_I05_R02,study_runs/V100_P0_MINI_I05_R02/statistics/4_b8edfc10aa494f6c80e9b589eefd6d98.txt,4_b8edfc10aa494f6c80e9b589eefd6d98.txt,.txt,446,31f0cd7383bc1058287f2cb7bf8294d56d6dcee3b9f9589475018a034839f8a1,2026-07-19T15:52:38,True,False,False,False,False,False,False
study_runs,V100_P0_MINI_I05_R02,study_runs/V100_P0_MINI_I05_R02/statistics/5_97475fff7a0d4393872f1e96ef9a0908.txt,5_97475fff7a0d4393872f1e96ef9a0908.txt,.txt,448,73549f01aa99fdbe60573d8d2a176c4dcc28e1d7b3c92eade9f2d6062c62d7ba,2026-07-19T15:53:52,True,False,False,False,False,False,False
study_runs,V100_P0_MINI_I05_R02,study_runs/V100_P0_MINI_I05_R02/statistics/6_06fe3a757a8f4a78a7e88be8ee026ef1.txt,6_06fe3a757a8f4a78a7e88be8ee026ef1.txt,.txt,449,83a924d37d1d46b3355d13920b4ba723d2ee880a69eb752bf01821c22edaa2e3,2026-07-19T15:54:58,True,False,False,False,False,False,False
study_runs,V100_P0_MINI_I05_R02,study_runs/V100_P0_MINI_I05_R02/statistics/7_8b4ad2ac4960487da7beea3df7b51b4e_seed.txt,7_8b4ad2ac4960487da7beea3df7b51b4e_seed.txt,.txt,466,9b5cf8bcac463d2903aac8a0a945a8517849ed14322b61e45abbefdd815aeb1b,2026-07-19T15:58:01,True,False,False,False,False,False,False
study_runs,V100_P0_MINI_I05_R02,study_runs/V100_P0_MINI_I05_R02/statistics/8_8b4ad2ac4960487da7beea3df7b51b4e_iteration1.txt,8_8b4ad2ac4960487da7beea3df7b51b4e_iteration1.txt,.txt,490,6dd8ea68e301bb86c682aa518ca613aef72e8f41a31ccbb603f6f82697471bd3,2026-07-19T15:59:55,True,False,False,False,False,False,False
study_runs,V100_P0_MINI_I05_R02,study_runs/V100_P0_MINI_I05_R02/statistics/9_8b4ad2ac4960487da7beea3df7b51b4e_iteration2.txt,9_8b4ad2ac4960487da7beea3df7b51b4e_iteration2.txt,.txt,473,5e969ff6f389d2f3f7c6e35b348b62935f1c072f2c88deff9a699bbedd83b068,2026-07-19T16:19:20,True,False,False,False,False,False,False
study_runs,V100_P0_MINI_I05_R02,study_runs/V100_P0_MINI_I05_R02/statistics/summary_overall_nodes.txt,summary_overall_nodes.txt,.txt,486,1a4c61b3968bcf02e6eaef2908faac97e6f65bd7f33ff78e8137b450f910e27d,2026-07-19T16:19:26,True,False,False,False,False,False,False
study_runs,V100_P0_MINI_I05_R02,study_runs/V100_P0_MINI_I05_R02/summary.md,summary.md,.md,3554,5c850b76b48b839e68463c64ed8bdc026183ae445d6f51cb7f0717eaf6380f08,2026-07-19T16:19:26,True,False,False,False,False,False,True
study_runs,V100_P0_MINI_I05_R02,study_runs/V100_P0_MINI_I05_R02/tree_render/svg/combined_tree.svg,combined_tree.svg,.svg,10514,ee930e883d99581a839dc8705f85d145db66ad6b69851fd281575ee1cfcbf25e,2026-07-19T15:55:05,True,False,False,False,False,False,False
study_runs,V100_P0_MINI_I05_R02,study_runs/V100_P0_MINI_I05_R02/tree_render/svg/tree_0.svg,tree_0.svg,.svg,1611,287981cd84aadc604e38ae18176983f84f2192547a5915a7114a576f0b74f3bc,2026-07-19T15:55:00,True,False,False,False,False,False,False
study_runs,V100_P0_MINI_I05_R02,study_runs/V100_P0_MINI_I05_R02/tree_render/svg/tree_1.svg,tree_1.svg,.svg,9469,756ade5ac9221a23bbcd0da51dfaea2d6cdbb17559359fe39ae2c52b404f684a,2026-07-19T15:55:02,True,False,False,False,False,False,False
study_runs,V100_P0_MINI_I05_R03,study_runs/V100_P0_MINI_I05_R03/checkpoint/2ca5630c0a7741de889f82bc7f2e2ff0/code.py,code.py,.py,2881,f0e11b0b16dedf7697c54039d150e38fcb92d198b98be9cab846fd5e6fe470ba,2026-07-19T16:00:18,True,False,False,False,False,False,False
study_runs,V100_P0_MINI_I05_R03,study_runs/V100_P0_MINI_I05_R03/checkpoint/2ca5630c0a7741de889f82bc7f2e2ff0/out.log,out.log,.log,3270,3197e8e8bb1b57d2d9660e2b0db1b52c00c6ca3ebbbb52f8f95787da63603b15,2026-07-19T15:51:40,True,True,True,False,False,False,True
study_runs,V100_P0_MINI_I05_R03,study_runs/V100_P0_MINI_I05_R03/checkpoint/4bae3cfa9f6b4a4bb4b360ee0c788768/code.py,code.py,.py,2854,8e88ce7e76479ca378322f266269d55df4e6c3ee61b7974e8197bd15700274f4,2026-07-19T16:08:35,True,False,False,False,False,False,False
study_runs,V100_P0_MINI_I05_R03,study_runs/V100_P0_MINI_I05_R03/checkpoint/4bae3cfa9f6b4a4bb4b360ee0c788768/generated/checkpoints/err.log,err.log,.log,5975,c82c303c9ab0d729d313294053b2514230acc97ddc79eb833b90d24ba6e03c72,2026-07-19T15:59:49,True,False,False,False,False,False,False
study_runs,V100_P0_MINI_I05_R03,study_runs/V100_P0_MINI_I05_R03/checkpoint/4bae3cfa9f6b4a4bb4b360ee0c788768/generated/checkpoints/MovieLens100K-938abed0/LensKit.ImplicitMFScorer-f0dd7ecb-1/predictions.json,predictions.json,.json,39281414,d4381314a7a0171da723c9d65ba3031c0969ac647c890d24a5eacf2aac89f77c,2026-07-19T15:54:05,True,False,False,False,False,False,False
study_runs,V100_P0_MINI_I05_R03,study_runs/V100_P0_MINI_I05_R03/checkpoint/4bae3cfa9f6b4a4bb4b360ee0c788768/generated/checkpoints/MovieLens100K-938abed0/LensKit.ImplicitMFScorer-f0dd7ecb-2/predictions.json,predictions.json,.json,39322161,a949646fdb05cb5af46f1d89bbb92c74cb682160b0197a90ddbfaaa45aa19ec4,2026-07-19T15:55:28,True,False,False,False,False,False,False
study_runs,V100_P0_MINI_I05_R03,study_runs/V100_P0_MINI_I05_R03/checkpoint/4bae3cfa9f6b4a4bb4b360ee0c788768/generated/checkpoints/MovieLens100K-938abed0/LensKit.ImplicitMFScorer-f0dd7ecb-3/predictions.json,predictions.json,.json,39317548,174590343309acb1ca4195cf2e53ce666ad7e0058588304e656db8ec3ad96dad,2026-07-19T15:56:56,True,False,False,False,False,False,False
study_runs,V100_P0_MINI_I05_R03,study_runs/V100_P0_MINI_I05_R03/checkpoint/4bae3cfa9f6b4a4bb4b360ee0c788768/generated/checkpoints/MovieLens100K-938abed0/LensKit.ImplicitMFScorer-f0dd7ecb-4/predictions.json,predictions.json,.json,39357813,6b1fae08e262df9ae34db6e1f90557b96f05a43b55398aa764276e787104cd40,2026-07-19T15:58:17,True,False,False,False,False,False,False
study_runs,V100_P0_MINI_I05_R03,study_runs/V100_P0_MINI_I05_R03/checkpoint/4bae3cfa9f6b4a4bb4b360ee0c788768/generated/checkpoints/MovieLens100K-938abed0/LensKit.ImplicitMFScorer-f0dd7ecb-5/predictions.json,predictions.json,.json,39281352,c05057423df97bf96e7129916f618fb4417e3d0207d53a82f8bffbed76a95350,2026-07-19T15:59:39,True,False,False,False,False,False,False
study_runs,V100_P0_MINI_I05_R03,study_runs/V100_P0_MINI_I05_R03/checkpoint/4bae3cfa9f6b4a4bb4b360ee0c788768/generated/checkpoints/out.log,out.log,.log,0,e3b0c44298fc1c149afbf4c8996fb92427ae41e4649b934ca495991b7852b855,2026-07-19T15:54:13,True,False,False,False,False,False,False
study_runs,V100_P0_MINI_I05_R03,study_runs/V100_P0_MINI_I05_R03/checkpoint/4bae3cfa9f6b4a4bb4b360ee0c788768/generated/checkpoints/progress.json,progress.json,.json,890,518fba572f280db4b5d7aba9b90e23ca3def986038d73f93f4f458b42f83fd97,2026-07-19T15:59:48,True,False,False,False,False,False,False
study_runs,V100_P0_MINI_I05_R03,study_runs/V100_P0_MINI_I05_R03/checkpoint/4bae3cfa9f6b4a4bb4b360ee0c788768/generated/checkpoints/results.json,results.json,.json,642,125853159afba84b76e62213ac82bd0cb4c5c06c05359e912bdeed2ff984713e,2026-07-19T15:59:49,True,False,False,False,False,False,False
study_runs,V100_P0_MINI_I05_R03,study_runs/V100_P0_MINI_I05_R03/checkpoint/4bae3cfa9f6b4a4bb4b360ee0c788768/generated/prototype_runs.csv,prototype_runs.csv,.csv,1249,9aa8cffdce0e48d91fe6117e963cadc4e2d47f487f19ecc4e78cf9ce99400df1,2026-07-19T15:59:49,True,False,False,False,False,False,False
study_runs,V100_P0_MINI_I05_R03,study_runs/V100_P0_MINI_I05_R03/checkpoint/4bae3cfa9f6b4a4bb4b360ee0c788768/out.log,out.log,.log,20553,5207fd5ceb65fe09cc9eeef48601d6ec998033cab4855ec92dc503cc5c8c3a34,2026-07-19T15:59:50,True,False,False,False,False,False,True
study_runs,V100_P0_MINI_I05_R03,study_runs/V100_P0_MINI_I05_R03/checkpoint/64f1c4aae39d4cc68f747732d8232c0e/code.py,code.py,.py,2748,5227f084ee57795c44debaf9bfd2ce9ccbbebbcf236337ca4d45451e003bcc9e,2026-07-19T16:16:44,True,False,False,False,True,False,False
study_runs,V100_P0_MINI_I05_R03,study_runs/V100_P0_MINI_I05_R03/checkpoint/64f1c4aae39d4cc68f747732d8232c0e/generated/checkpoints/err.log,err.log,.log,5975,c82c303c9ab0d729d313294053b2514230acc97ddc79eb833b90d24ba6e03c72,2026-07-19T16:08:04,True,False,False,False,False,False,False
study_runs,V100_P0_MINI_I05_R03,study_runs/V100_P0_MINI_I05_R03/checkpoint/64f1c4aae39d4cc68f747732d8232c0e/generated/checkpoints/MovieLens100K-938abed0/LensKit.ImplicitMFScorer-f0dd7ecb-1/predictions.json,predictions.json,.json,39280409,7ae15d6a1168a19fdc7c469eaf8de74125b439ae9c95a6d71c8dcbe9817b5f3f,2026-07-19T16:02:12,True,False,False,False,False,False,False
study_runs,V100_P0_MINI_I05_R03,study_runs/V100_P0_MINI_I05_R03/checkpoint/64f1c4aae39d4cc68f747732d8232c0e/generated/checkpoints/MovieLens100K-938abed0/LensKit.ImplicitMFScorer-f0dd7ecb-2/predictions.json,predictions.json,.json,39320152,33661e7414a9733185c145c4d7cf3d45ed64a55c5a096c7ebb30e69ed3a59129,2026-07-19T16:03:38,True,False,False,False,False,False,False
study_runs,V100_P0_MINI_I05_R03,study_runs/V100_P0_MINI_I05_R03/checkpoint/64f1c4aae39d4cc68f747732d8232c0e/generated/checkpoints/MovieLens100K-938abed0/LensKit.ImplicitMFScorer-f0dd7ecb-3/predictions.json,predictions.json,.json,39319317,da462489d996b705ae8c34255e886ab8fbcd82ddf85e997d5504a72cc04e2b57,2026-07-19T16:05:03,True,False,False,False,False,False,False
study_runs,V100_P0_MINI_I05_R03,study_runs/V100_P0_MINI_I05_R03/checkpoint/64f1c4aae39d4cc68f747732d8232c0e/generated/checkpoints/MovieLens100K-938abed0/LensKit.ImplicitMFScorer-f0dd7ecb-4/predictions.json,predictions.json,.json,39357220,c20a0e19e230825a5fc4128e904c2d533ef97b55311c5a024fb1cdbccf4c0d4c,2026-07-19T16:06:31,True,False,False,False,False,False,False
study_runs,V100_P0_MINI_I05_R03,study_runs/V100_P0_MINI_I05_R03/checkpoint/64f1c4aae39d4cc68f747732d8232c0e/generated/checkpoints/MovieLens100K-938abed0/LensKit.ImplicitMFScorer-f0dd7ecb-5/predictions.json,predictions.json,.json,39281447,dd478bf77520886c90ddd9ad03121621777b77b5262edff7ba3057e6937d4f3e,2026-07-19T16:07:54,True,False,False,False,False,False,False
study_runs,V100_P0_MINI_I05_R03,study_runs/V100_P0_MINI_I05_R03/checkpoint/64f1c4aae39d4cc68f747732d8232c0e/generated/checkpoints/out.log,out.log,.log,0,e3b0c44298fc1c149afbf4c8996fb92427ae41e4649b934ca495991b7852b855,2026-07-19T16:02:22,True,False,False,False,False,False,False
study_runs,V100_P0_MINI_I05_R03,study_runs/V100_P0_MINI_I05_R03/checkpoint/64f1c4aae39d4cc68f747732d8232c0e/generated/checkpoints/progress.json,progress.json,.json,890,518fba572f280db4b5d7aba9b90e23ca3def986038d73f93f4f458b42f83fd97,2026-07-19T16:08:03,True,False,False,False,False,False,False
study_runs,V100_P0_MINI_I05_R03,study_runs/V100_P0_MINI_I05_R03/checkpoint/64f1c4aae39d4cc68f747732d8232c0e/generated/checkpoints/results.json,results.json,.json,1265,94eeffa4836252ffc5eb893f7d6d5a97c5f1b7b6bdc51e42425a4935e93f049b,2026-07-19T16:08:04,True,False,False,False,False,False,False
study_runs,V100_P0_MINI_I05_R03,study_runs/V100_P0_MINI_I05_R03/checkpoint/64f1c4aae39d4cc68f747732d8232c0e/generated/prototype_runs.csv,prototype_runs.csv,.csv,256,704558893c17525b716ec9cbaea55616bf64eff344e8d67b505efc763606a2e6,2026-07-19T16:08:04,True,False,False,False,False,False,False
study_runs,V100_P0_MINI_I05_R03,study_runs/V100_P0_MINI_I05_R03/checkpoint/64f1c4aae39d4cc68f747732d8232c0e/out.log,out.log,.log,21031,7674035fb833196915b36d0aba3c2150d07c3b4eab913541b0146294326e37af,2026-07-19T16:08:05,True,False,False,False,False,False,True
study_runs,V100_P0_MINI_I05_R03,study_runs/V100_P0_MINI_I05_R03/checkpoint/a9663d9dfecc44c6998034c55e22bfe0/code.py,code.py,.py,2636,3e8a37d682929b54711b73b608dfb1bc2cc5beccace86c10af79e54086d13429,2026-07-19T15:52:10,True,False,False,False,True,False,False
study_runs,V100_P0_MINI_I05_R03,study_runs/V100_P0_MINI_I05_R03/checkpoint/a9663d9dfecc44c6998034c55e22bfe0/generated/checkpoints/err.log,err.log,.log,5975,c82c303c9ab0d729d313294053b2514230acc97ddc79eb833b90d24ba6e03c72,2026-07-19T15:50:29,True,False,False,False,False,False,False
study_runs,V100_P0_MINI_I05_R03,study_runs/V100_P0_MINI_I05_R03/checkpoint/a9663d9dfecc44c6998034c55e22bfe0/generated/checkpoints/MovieLens100K-938abed0/LensKit.ItemKNNScorer-c3d66610-1/predictions.json,predictions.json,.json,37538282,5cf4ca7eab1363eae5905b353bab6cd6753d623924431872496b485f0c70343d,2026-07-19T15:46:11,True,False,False,False,False,False,False
study_runs,V100_P0_MINI_I05_R03,study_runs/V100_P0_MINI_I05_R03/checkpoint/a9663d9dfecc44c6998034c55e22bfe0/generated/checkpoints/MovieLens100K-938abed0/LensKit.ItemKNNScorer-c3d66610-2/predictions.json,predictions.json,.json,37570479,d49428d2c6b03dacf5942c2d16ddd722c934ae19028b1adf603d20dbceefc19b,2026-07-19T15:47:14,True,False,False,False,False,False,False
study_runs,V100_P0_MINI_I05_R03,study_runs/V100_P0_MINI_I05_R03/checkpoint/a9663d9dfecc44c6998034c55e22bfe0/generated/checkpoints/MovieLens100K-938abed0/LensKit.ItemKNNScorer-c3d66610-3/predictions.json,predictions.json,.json,37576771,e5bd2a74f9bc48dd8b522bc99611192fad9372ed0d92694fa40ebddb2aa4be4a,2026-07-19T15:48:09,True,False,False,False,False,False,False
study_runs,V100_P0_MINI_I05_R03,study_runs/V100_P0_MINI_I05_R03/checkpoint/a9663d9dfecc44c6998034c55e22bfe0/generated/checkpoints/MovieLens100K-938abed0/LensKit.ItemKNNScorer-c3d66610-4/predictions.json,predictions.json,.json,37595531,fffa4eda0077681b7af8db63212b88a20e0944624cc13da4ddfa384d68d5c839,2026-07-19T15:49:17,True,False,False,False,False,False,False
study_runs,V100_P0_MINI_I05_R03,study_runs/V100_P0_MINI_I05_R03/checkpoint/a9663d9dfecc44c6998034c55e22bfe0/generated/checkpoints/MovieLens100K-938abed0/LensKit.ItemKNNScorer-c3d66610-5/predictions.json,predictions.json,.json,37536795,a95fd12ddee63c7c776927030dae59363356e7ef2bd7671e4336916181bdd2af,2026-07-19T15:50:19,True,False,False,False,False,False,False
study_runs,V100_P0_MINI_I05_R03,study_runs/V100_P0_MINI_I05_R03/checkpoint/a9663d9dfecc44c6998034c55e22bfe0/generated/checkpoints/out.log,out.log,.log,0,e3b0c44298fc1c149afbf4c8996fb92427ae41e4649b934ca495991b7852b855,2026-07-19T15:46:21,True,False,False,False,False,False,False
study_runs,V100_P0_MINI_I05_R03,study_runs/V100_P0_MINI_I05_R03/checkpoint/a9663d9dfecc44c6998034c55e22bfe0/generated/checkpoints/progress.json,progress.json,.json,875,2570e2314c4e052e5562f9a46bf448002f86eeab2f7be504581a71244d33d16d,2026-07-19T15:50:29,True,False,False,False,False,False,False
study_runs,V100_P0_MINI_I05_R03,study_runs/V100_P0_MINI_I05_R03/checkpoint/a9663d9dfecc44c6998034c55e22bfe0/generated/checkpoints/results.json,results.json,.json,1231,1eb041ab5cfef9be7c8913cfb0bc4ba950d0920f93306bf79f48dee87bdffe1d,2026-07-19T15:50:29,True,False,False,False,False,False,False
study_runs,V100_P0_MINI_I05_R03,study_runs/V100_P0_MINI_I05_R03/checkpoint/a9663d9dfecc44c6998034c55e22bfe0/generated/prototype_runs.csv,prototype_runs.csv,.csv,219,d7a60fddd36f57ccfa06f3a4c72d85f3968a9adad34b6fb0b056d01c5cf6dcf8,2026-07-19T15:50:29,True,False,False,False,False,False,False
study_runs,V100_P0_MINI_I05_R03,study_runs/V100_P0_MINI_I05_R03/checkpoint/a9663d9dfecc44c6998034c55e22bfe0/out.log,out.log,.log,20282,12f94851458baa821067f6f7da3354789edf4ac56f9cc8dfd29b79904c0dc584,2026-07-19T15:50:30,True,False,False,False,False,False,True
study_runs,V100_P0_MINI_I05_R03,study_runs/V100_P0_MINI_I05_R03/checkpoint/a9663d9dfecc44c6998034c55e22bfe0_seed/code.py,code.py,.py,2636,3e8a37d682929b54711b73b608dfb1bc2cc5beccace86c10af79e54086d13429,2026-07-19T16:33:33,True,False,False,False,True,False,False
study_runs,V100_P0_MINI_I05_R03,study_runs/V100_P0_MINI_I05_R03/checkpoint/a9663d9dfecc44c6998034c55e22bfe0_seed/generated/checkpoints/err.log,err.log,.log,5975,c82c303c9ab0d729d313294053b2514230acc97ddc79eb833b90d24ba6e03c72,2026-07-19T16:32:42,True,False,False,False,False,False,False
study_runs,V100_P0_MINI_I05_R03,study_runs/V100_P0_MINI_I05_R03/checkpoint/a9663d9dfecc44c6998034c55e22bfe0_seed/generated/checkpoints/MovieLens100K-938abed0/LensKit.ItemKNNScorer-c3d66610-1/predictions.json,predictions.json,.json,37538282,5cf4ca7eab1363eae5905b353bab6cd6753d623924431872496b485f0c70343d,2026-07-19T16:28:54,True,False,False,False,False,False,False
study_runs,V100_P0_MINI_I05_R03,study_runs/V100_P0_MINI_I05_R03/checkpoint/a9663d9dfecc44c6998034c55e22bfe0_seed/generated/checkpoints/MovieLens100K-938abed0/LensKit.ItemKNNScorer-c3d66610-2/predictions.json,predictions.json,.json,37570479,d49428d2c6b03dacf5942c2d16ddd722c934ae19028b1adf603d20dbceefc19b,2026-07-19T16:29:48,True,False,False,False,False,False,False
study_runs,V100_P0_MINI_I05_R03,study_runs/V100_P0_MINI_I05_R03/checkpoint/a9663d9dfecc44c6998034c55e22bfe0_seed/generated/checkpoints/MovieLens100K-938abed0/LensKit.ItemKNNScorer-c3d66610-3/predictions.json,predictions.json,.json,37576771,e5bd2a74f9bc48dd8b522bc99611192fad9372ed0d92694fa40ebddb2aa4be4a,2026-07-19T16:30:42,True,False,False,False,False,False,False
study_runs,V100_P0_MINI_I05_R03,study_runs/V100_P0_MINI_I05_R03/checkpoint/a9663d9dfecc44c6998034c55e22bfe0_seed/generated/checkpoints/MovieLens100K-938abed0/LensKit.ItemKNNScorer-c3d66610-4/predictions.json,predictions.json,.json,37595531,fffa4eda0077681b7af8db63212b88a20e0944624cc13da4ddfa384d68d5c839,2026-07-19T16:31:37,True,False,False,False,False,False,False
study_runs,V100_P0_MINI_I05_R03,study_runs/V100_P0_MINI_I05_R03/checkpoint/a9663d9dfecc44c6998034c55e22bfe0_seed/generated/checkpoints/MovieLens100K-938abed0/LensKit.ItemKNNScorer-c3d66610-5/predictions.json,predictions.json,.json,37536795,a95fd12ddee63c7c776927030dae59363356e7ef2bd7671e4336916181bdd2af,2026-07-19T16:32:31,True,False,False,False,False,False,False
study_runs,V100_P0_MINI_I05_R03,study_runs/V100_P0_MINI_I05_R03/checkpoint/a9663d9dfecc44c6998034c55e22bfe0_seed/generated/checkpoints/out.log,out.log,.log,0,e3b0c44298fc1c149afbf4c8996fb92427ae41e4649b934ca495991b7852b855,2026-07-19T16:29:06,True,False,False,False,False,False,False
study_runs,V100_P0_MINI_I05_R03,study_runs/V100_P0_MINI_I05_R03/checkpoint/a9663d9dfecc44c6998034c55e22bfe0_seed/generated/checkpoints/progress.json,progress.json,.json,875,2570e2314c4e052e5562f9a46bf448002f86eeab2f7be504581a71244d33d16d,2026-07-19T16:32:42,True,False,False,False,False,False,False
study_runs,V100_P0_MINI_I05_R03,study_runs/V100_P0_MINI_I05_R03/checkpoint/a9663d9dfecc44c6998034c55e22bfe0_seed/generated/checkpoints/results.json,results.json,.json,1231,1eb041ab5cfef9be7c8913cfb0bc4ba950d0920f93306bf79f48dee87bdffe1d,2026-07-19T16:32:42,True,False,False,False,False,False,False
study_runs,V100_P0_MINI_I05_R03,study_runs/V100_P0_MINI_I05_R03/checkpoint/a9663d9dfecc44c6998034c55e22bfe0_seed/generated/prototype_runs.csv,prototype_runs.csv,.csv,219,d7a60fddd36f57ccfa06f3a4c72d85f3968a9adad34b6fb0b056d01c5cf6dcf8,2026-07-19T16:32:42,True,False,False,False,False,False,False
study_runs,V100_P0_MINI_I05_R03,study_runs/V100_P0_MINI_I05_R03/checkpoint/a9663d9dfecc44c6998034c55e22bfe0_seed/out.log,out.log,.log,20282,32fecae58f8b86712a0222bcd610b4d342e473635f3c02d5acbc0666f8ee1d88,2026-07-19T16:32:43,True,False,False,False,False,False,True
study_runs,V100_P0_MINI_I05_R03,study_runs/V100_P0_MINI_I05_R03/checkpoint/ae5c302c20744599a5005e342e748a23/code.py,code.py,.py,3003,0388dd58d05b9bd606a42da9f13227cf77ce13858f4868da1f12ac93307fdfd2,2026-07-19T16:33:33,True,False,False,False,False,False,False
study_runs,V100_P0_MINI_I05_R03,study_runs/V100_P0_MINI_I05_R03/checkpoint/ae5c302c20744599a5005e342e748a23/generated/checkpoints/err.log,err.log,.log,1195,4da430e9659bb61bd72765495936d07d95cfc1fd625a65a3cfd549baa46343ae,2026-07-19T16:26:59,True,False,False,False,False,False,False
study_runs,V100_P0_MINI_I05_R03,study_runs/V100_P0_MINI_I05_R03/checkpoint/ae5c302c20744599a5005e342e748a23/generated/checkpoints/MovieLens100K-938abed0/LensKit.ImplicitMFScorer-f0dd7ecb-1/predictions.json,predictions.json,.json,39283247,a6543fc6f154da61a72ca9dd03215c7fb2291bb6acb0669e87fb91b44b19e265,2026-07-19T16:26:48,True,False,False,False,False,False,False
study_runs,V100_P0_MINI_I05_R03,study_runs/V100_P0_MINI_I05_R03/checkpoint/ae5c302c20744599a5005e342e748a23/generated/checkpoints/out.log,out.log,.log,0,e3b0c44298fc1c149afbf4c8996fb92427ae41e4649b934ca495991b7852b855,2026-07-19T16:26:59,True,False,False,False,False,False,False
study_runs,V100_P0_MINI_I05_R03,study_runs/V100_P0_MINI_I05_R03/checkpoint/ae5c302c20744599a5005e342e748a23/generated/checkpoints/progress.json,progress.json,.json,198,95321ba79bd5627976185fd8022dc9b35785011aae523cacb670f05c50eed4c3,2026-07-19T16:26:58,True,False,False,False,False,False,False
study_runs,V100_P0_MINI_I05_R03,study_runs/V100_P0_MINI_I05_R03/checkpoint/ae5c302c20744599a5005e342e748a23/generated/checkpoints/results.json,results.json,.json,151,d0884503cc69a9805cf1cffc0e4be082053abaa38b4c0f809c1e01afaccd6a24,2026-07-19T16:26:59,True,False,False,False,False,False,False
study_runs,V100_P0_MINI_I05_R03,study_runs/V100_P0_MINI_I05_R03/checkpoint/ae5c302c20744599a5005e342e748a23/out.log,out.log,.log,4271,3177eb5e67c22a4bee6c7c7c30edc24f9dfb4e4de594741d4001020766998757,2026-07-19T16:26:59,True,True,True,False,False,False,True
study_runs,V100_P0_MINI_I05_R03,study_runs/V100_P0_MINI_I05_R03/checkpoint/b3e9be9f1f4d407d9c70764b3ade04ac/code.py,code.py,.py,3166,f57d2494a61f189e01351b9cfe811d2323f0575ef33258f33b4832f3437060d9,2026-07-19T16:24:41,True,False,False,False,False,False,False
study_runs,V100_P0_MINI_I05_R03,study_runs/V100_P0_MINI_I05_R03/checkpoint/b3e9be9f1f4d407d9c70764b3ade04ac/generated/checkpoints/err.log,err.log,.log,5975,c82c303c9ab0d729d313294053b2514230acc97ddc79eb833b90d24ba6e03c72,2026-07-19T16:16:14,True,False,False,False,False,False,False
study_runs,V100_P0_MINI_I05_R03,study_runs/V100_P0_MINI_I05_R03/checkpoint/b3e9be9f1f4d407d9c70764b3ade04ac/generated/checkpoints/MovieLens100K-938abed0/LensKit.ImplicitMFScorer-f0dd7ecb-1/predictions.json,predictions.json,.json,39282422,fac26f9a403cc77636f73f9ac20f67013bd36b5900bc9fbf00a38b24238e42b4,2026-07-19T16:10:30,True,False,False,False,False,False,False
study_runs,V100_P0_MINI_I05_R03,study_runs/V100_P0_MINI_I05_R03/checkpoint/b3e9be9f1f4d407d9c70764b3ade04ac/generated/checkpoints/MovieLens100K-938abed0/LensKit.ImplicitMFScorer-f0dd7ecb-2/predictions.json,predictions.json,.json,39320610,1f6bb95fb74f955c826bdfeb39aaa39a3e1947823336d8d48ae1d48b9bbc6673,2026-07-19T16:11:53,True,False,False,False,False,False,False
study_runs,V100_P0_MINI_I05_R03,study_runs/V100_P0_MINI_I05_R03/checkpoint/b3e9be9f1f4d407d9c70764b3ade04ac/generated/checkpoints/MovieLens100K-938abed0/LensKit.ImplicitMFScorer-f0dd7ecb-3/predictions.json,predictions.json,.json,39318143,d3975a22abb5cff02d4a9af4fcbb1165e3aa979674c6503b8c890af31e2ffcb7,2026-07-19T16:13:17,True,False,False,False,False,False,False
study_runs,V100_P0_MINI_I05_R03,study_runs/V100_P0_MINI_I05_R03/checkpoint/b3e9be9f1f4d407d9c70764b3ade04ac/generated/checkpoints/MovieLens100K-938abed0/LensKit.ImplicitMFScorer-f0dd7ecb-4/predictions.json,predictions.json,.json,39355901,fb46ad4e665f652c4b0109f748bea24e03be45339513b048b37cde391c951532,2026-07-19T16:14:40,True,False,False,False,False,False,False
study_runs,V100_P0_MINI_I05_R03,study_runs/V100_P0_MINI_I05_R03/checkpoint/b3e9be9f1f4d407d9c70764b3ade04ac/generated/checkpoints/MovieLens100K-938abed0/LensKit.ImplicitMFScorer-f0dd7ecb-5/predictions.json,predictions.json,.json,39283379,517f862781212e01eaedece0f68145db6fc4851a018a3c17bd06910319a2cb77,2026-07-19T16:16:06,True,False,False,False,False,False,False
study_runs,V100_P0_MINI_I05_R03,study_runs/V100_P0_MINI_I05_R03/checkpoint/b3e9be9f1f4d407d9c70764b3ade04ac/generated/checkpoints/out.log,out.log,.log,0,e3b0c44298fc1c149afbf4c8996fb92427ae41e4649b934ca495991b7852b855,2026-07-19T16:10:37,True,False,False,False,False,False,False
study_runs,V100_P0_MINI_I05_R03,study_runs/V100_P0_MINI_I05_R03/checkpoint/b3e9be9f1f4d407d9c70764b3ade04ac/generated/checkpoints/progress.json,progress.json,.json,890,518fba572f280db4b5d7aba9b90e23ca3def986038d73f93f4f458b42f83fd97,2026-07-19T16:16:13,True,False,False,False,False,False,False
study_runs,V100_P0_MINI_I05_R03,study_runs/V100_P0_MINI_I05_R03/checkpoint/b3e9be9f1f4d407d9c70764b3ade04ac/generated/checkpoints/results.json,results.json,.json,643,4e7b4e8c1ee642475460c571e3aa74d3ff558f1e2117b22c5926905365200c8f,2026-07-19T16:16:14,True,False,False,False,False,False,False
study_runs,V100_P0_MINI_I05_R03,study_runs/V100_P0_MINI_I05_R03/checkpoint/b3e9be9f1f4d407d9c70764b3ade04ac/generated/prototype_runs.csv,prototype_runs.csv,.csv,464,3e8c8220dce5db726f0061b40ff14df7dd9c7c10746999e93ca35d11e528797f,2026-07-19T16:16:14,True,False,False,False,False,False,False
study_runs,V100_P0_MINI_I05_R03,study_runs/V100_P0_MINI_I05_R03/checkpoint/b3e9be9f1f4d407d9c70764b3ade04ac/out.log,out.log,.log,20445,eb1028658afc9db7212fe527e5ff0f5dc4b580ddfee1f3413f4800cc184c8a4d,2026-07-19T16:16:15,True,False,False,False,False,False,True
study_runs,V100_P0_MINI_I05_R03,study_runs/V100_P0_MINI_I05_R03/checkpoint/b643b16303794cfcbfd8ec1958ea27d3/code.py,code.py,.py,2799,4b45a6ee6c277b53b6a025e329d2fd2ffbc9165d9b2d828604463adc259b3d8c,2026-07-19T16:27:29,True,False,False,False,False,False,False
study_runs,V100_P0_MINI_I05_R03,study_runs/V100_P0_MINI_I05_R03/checkpoint/b643b16303794cfcbfd8ec1958ea27d3/generated/checkpoints/err.log,err.log,.log,5975,c82c303c9ab0d729d313294053b2514230acc97ddc79eb833b90d24ba6e03c72,2026-07-19T16:24:21,True,False,False,False,False,False,False
study_runs,V100_P0_MINI_I05_R03,study_runs/V100_P0_MINI_I05_R03/checkpoint/b643b16303794cfcbfd8ec1958ea27d3/generated/checkpoints/MovieLens100K-938abed0/LensKit.ImplicitMFScorer-db8d01ec-11/predictions.json,predictions.json,.json,39314100,8aeefff6a87ac29d74fdb9f7f1348e9b447f489e5956af236891d96e7e632ca3,2026-07-19T16:18:39,True,False,False,False,False,False,False
study_runs,V100_P0_MINI_I05_R03,study_runs/V100_P0_MINI_I05_R03/checkpoint/b643b16303794cfcbfd8ec1958ea27d3/generated/checkpoints/MovieLens100K-938abed0/LensKit.ImplicitMFScorer-db8d01ec-22/predictions.json,predictions.json,.json,39315896,765c48bfda5df0e3e58b502de6406937a54b8bd2c6cdd95755792c71a68033a3,2026-07-19T16:20:01,True,False,False,False,False,False,False
study_runs,V100_P0_MINI_I05_R03,study_runs/V100_P0_MINI_I05_R03/checkpoint/b643b16303794cfcbfd8ec1958ea27d3/generated/checkpoints/MovieLens100K-938abed0/LensKit.ImplicitMFScorer-db8d01ec-33/predictions.json,predictions.json,.json,39318539,8d031d186766fc647ec88dd6c1e709c3ebcc3e0d3b2b7d5d303826477bb910e1,2026-07-19T16:21:25,True,False,False,False,False,False,False
study_runs,V100_P0_MINI_I05_R03,study_runs/V100_P0_MINI_I05_R03/checkpoint/b643b16303794cfcbfd8ec1958ea27d3/generated/checkpoints/MovieLens100K-938abed0/LensKit.ImplicitMFScorer-db8d01ec-44/predictions.json,predictions.json,.json,39349505,ce143c409478eccfde1104912bc8bb241ebde428a9725fd51bcc0774035823f2,2026-07-19T16:22:47,True,False,False,False,False,False,False
study_runs,V100_P0_MINI_I05_R03,study_runs/V100_P0_MINI_I05_R03/checkpoint/b643b16303794cfcbfd8ec1958ea27d3/generated/checkpoints/MovieLens100K-938abed0/LensKit.ImplicitMFScorer-db8d01ec-55/predictions.json,predictions.json,.json,39320855,167df152185aa0ad4017f05019a1be1e31b21848e29a7a6510934fab06d5615c,2026-07-19T16:24:10,True,False,False,False,False,False,False
study_runs,V100_P0_MINI_I05_R03,study_runs/V100_P0_MINI_I05_R03/checkpoint/b643b16303794cfcbfd8ec1958ea27d3/generated/checkpoints/out.log,out.log,.log,0,e3b0c44298fc1c149afbf4c8996fb92427ae41e4649b934ca495991b7852b855,2026-07-19T16:18:47,True,False,False,False,False,False,False
study_runs,V100_P0_MINI_I05_R03,study_runs/V100_P0_MINI_I05_R03/checkpoint/b643b16303794cfcbfd8ec1958ea27d3/generated/checkpoints/progress.json,progress.json,.json,1165,76c0bf6cfdbddb9678d1a550e98aa41ab6c3da108a520d3df324df149bc3ef0b,2026-07-19T16:24:20,True,False,False,False,False,False,False
study_runs,V100_P0_MINI_I05_R03,study_runs/V100_P0_MINI_I05_R03/checkpoint/b643b16303794cfcbfd8ec1958ea27d3/generated/checkpoints/results.json,results.json,.json,647,318d461933b89f37f79412d980be0a2e1c5def0294d5e9971e155cb8cc2db95a,2026-07-19T16:24:21,True,False,False,False,False,False,False
study_runs,V100_P0_MINI_I05_R03,study_runs/V100_P0_MINI_I05_R03/checkpoint/b643b16303794cfcbfd8ec1958ea27d3/generated/prototype_seed_summary.csv,prototype_seed_summary.csv,.csv,1301,458636efd23b155e4705ea78017060d6bf01767dfc4b2c102fd55bbbe515cfaf,2026-07-19T16:24:21,True,False,False,False,False,False,False
study_runs,V100_P0_MINI_I05_R03,study_runs/V100_P0_MINI_I05_R03/checkpoint/b643b16303794cfcbfd8ec1958ea27d3/out.log,out.log,.log,20758,f0efce076cf1f15982a58fa327d3358cf8c4b5d513ced34daec31dea53245964,2026-07-19T16:24:22,True,False,False,True,False,False,True
study_runs,V100_P0_MINI_I05_R03,study_runs/V100_P0_MINI_I05_R03/code_requirements_final.json,code_requirements_final.json,.json,1600,173a23413a773a6e1b40bccf9a9003f2a879ca315b16c2df190f3aa6b311cbc8,2026-07-19T16:28:05,True,False,False,False,False,False,False
study_runs,V100_P0_MINI_I05_R03,study_runs/V100_P0_MINI_I05_R03/code_requirements_prototype.json,code_requirements_prototype.json,.json,689,439f166c3c04068f099d9d5b4272f52542c47c19a584b2ab7b934f4f1bc971cb,2026-07-19T15:43:57,True,False,False,False,False,False,False
study_runs,V100_P0_MINI_I05_R03,study_runs/V100_P0_MINI_I05_R03/config.source.toml,config.source.toml,.toml,386,43ad328d9e971575946598bc6c906a320d878b57103e5825b7bc1b351074558f,2026-07-19T15:43:19,True,False,False,False,False,False,False
study_runs,V100_P0_MINI_I05_R03,study_runs/V100_P0_MINI_I05_R03/config.toml,config.toml,.toml,416,0f8511d2942c365a3eaa8644f5c39567b1c8d4d39540419cdeef7cdc41fdad56,2026-07-19T15:43:19,True,False,False,False,False,False,False
study_runs,V100_P0_MINI_I05_R03,study_runs/V100_P0_MINI_I05_R03/costs_log.csv,costs_log.csv,.csv,9167,f7197c27db210d8a960f21357d0344cd1ab87e9dc2dd13292a12cc9720120dea,2026-07-19T16:34:20,True,False,False,False,False,False,False
study_runs,V100_P0_MINI_I05_R03,study_runs/V100_P0_MINI_I05_R03/debug.log,debug.log,.log,293070,a621974b93cba01cf61a552947fa299fe833a6196f965a7ccf92b60a825bc2d5,2026-07-19T16:34:21,True,True,True,True,True,False,True
study_runs,V100_P0_MINI_I05_R03,study_runs/V100_P0_MINI_I05_R03/entered_prompt.txt,entered_prompt.txt,.txt,946,dc790c0f84813ae9f582a14783c06db3ee59faaa98d800c6bf831f5ad0d041ab,2026-07-19T15:43:19,True,False,False,False,False,False,False
study_runs,V100_P0_MINI_I05_R03,study_runs/V100_P0_MINI_I05_R03/statistics/0_a9663d9dfecc44c6998034c55e22bfe0.txt,0_a9663d9dfecc44c6998034c55e22bfe0.txt,.txt,487,71aa4add6ac2364d9507e6f7d740c10a9d97a14073baa9d78266afc01330041d,2026-07-19T15:50:48,True,False,False,False,False,False,False
study_runs,V100_P0_MINI_I05_R03,study_runs/V100_P0_MINI_I05_R03/statistics/1_2ca5630c0a7741de889f82bc7f2e2ff0.txt,1_2ca5630c0a7741de889f82bc7f2e2ff0.txt,.txt,468,01b39c8e0e5857fdb613adbc9019d129d09214d021c04edee588383ef64bda63,2026-07-19T15:52:10,True,False,False,False,False,False,False
study_runs,V100_P0_MINI_I05_R03,study_runs/V100_P0_MINI_I05_R03/statistics/2_4bae3cfa9f6b4a4bb4b360ee0c788768.txt,2_4bae3cfa9f6b4a4bb4b360ee0c788768.txt,.txt,483,0d5f890a064d51f909f24830ffb8b8ba90bac1b5ea14502c001572455ce8cadb,2026-07-19T16:00:18,True,False,False,False,False,False,False
study_runs,V100_P0_MINI_I05_R03,study_runs/V100_P0_MINI_I05_R03/statistics/3_64f1c4aae39d4cc68f747732d8232c0e.txt,3_64f1c4aae39d4cc68f747732d8232c0e.txt,.txt,470,b473b9d066b0218c813d7ecaef0dda8d093c7997cef83add320dcdd2e3eb62a6,2026-07-19T16:08:35,True,False,False,False,False,False,False
study_runs,V100_P0_MINI_I05_R03,study_runs/V100_P0_MINI_I05_R03/statistics/4_b3e9be9f1f4d407d9c70764b3ade04ac.txt,4_b3e9be9f1f4d407d9c70764b3ade04ac.txt,.txt,482,d9a31a55a9e108508018c41d9db87926ef247d0ff645ce97459e38a7ab6cf496,2026-07-19T16:16:45,True,False,False,False,False,False,False
study_runs,V100_P0_MINI_I05_R03,study_runs/V100_P0_MINI_I05_R03/statistics/5_b643b16303794cfcbfd8ec1958ea27d3.txt,5_b643b16303794cfcbfd8ec1958ea27d3.txt,.txt,461,276a0815efa393b6f9efaf413b1699f688b6eac9bb4db528637aef4ebd97a6f5,2026-07-19T16:24:41,True,False,False,False,False,False,False
study_runs,V100_P0_MINI_I05_R03,study_runs/V100_P0_MINI_I05_R03/statistics/6_ae5c302c20744599a5005e342e748a23.txt,6_ae5c302c20744599a5005e342e748a23.txt,.txt,490,a898da4d319f26a40563466b69867bc18bf178099b802e3629ca6c7669f0c70d,2026-07-19T16:27:29,True,False,False,False,False,False,False
study_runs,V100_P0_MINI_I05_R03,study_runs/V100_P0_MINI_I05_R03/statistics/7_a9663d9dfecc44c6998034c55e22bfe0_seed.txt,7_a9663d9dfecc44c6998034c55e22bfe0_seed.txt,.txt,495,7822800e78891e1e516df05182e856db94ed3773edacf377c4bcac2bb6145274,2026-07-19T16:33:33,True,False,False,False,False,False,False
study_runs,V100_P0_MINI_I05_R03,study_runs/V100_P0_MINI_I05_R03/tree_render/svg/combined_tree.svg,combined_tree.svg,.svg,10591,3431903e3e700b61c92825703d42a140b2481c68594376c1b1381c2c06518005,2026-07-19T16:27:36,True,False,False,False,False,False,False
study_runs,V100_P0_MINI_I05_R03,study_runs/V100_P0_MINI_I05_R03/tree_render/svg/tree_0.svg,tree_0.svg,.svg,7936,0ca894ea6568a8800e2f7b20f9569e8f79c4dc76d2ee9a3c2888a84d4b51d8c7,2026-07-19T16:27:32,True,False,False,False,False,False,False
study_runs,V100_P0_MINI_I05_R03,study_runs/V100_P0_MINI_I05_R03/tree_render/svg/tree_1.svg,tree_1.svg,.svg,3176,4c56be95660dd83675b3a9fbaf6197ac9cbfcdb81fd87832d6bc80f50129690f,2026-07-19T16:27:34,True,False,False,False,False,False,False
study_runs,V100_P0_MINI_I05_R03,study_runs/V100_P0_MINI_I05_R03/workspace/checkpoints/Amazon2014VideoGames-32d2823b/LensKit.ImplicitMFScorer-f0dd7ecb-1/predictions.json,predictions.json,.json,6854305701,f7015ebe51bfd9cddf72d076a70aa36f451402fb817b94935ed0e6b443fd80b4,2026-07-19T17:09:08,True,False,False,False,False,False,False
study_runs,V100_P0_MINI_I05_R03,study_runs/V100_P0_MINI_I05_R03/workspace/checkpoints/Amazon2014VideoGames-32d2823b/LensKit.ImplicitMFScorer-f0dd7ecb-2/predictions.json,predictions.json,.json,6860419612,91c4f9f4896b3d9e22ab3dcd82a3980a28dc81a8c1afeee638f208f7e93fc8ea,2026-07-19T18:17:37,True,False,False,False,False,False,False
study_runs,V100_P0_MINI_I05_R03,study_runs/V100_P0_MINI_I05_R03/workspace/checkpoints/Amazon2014VideoGames-32d2823b/LensKit.ItemKNNScorer-c3d66610-1/predictions.json,predictions.json,.json,894863783,4de6de83520a7167a1896f78e9a34783f554cc294269f4f4cd2eedeced2442d5,2026-07-19T17:28:26,True,False,False,False,False,False,False
study_runs,V100_P0_MINI_I05_R03,study_runs/V100_P0_MINI_I05_R03/workspace/checkpoints/Amazon2014VideoGames-32d2823b/LensKit.ItemKNNScorer-c3d66610-2/predictions.json,predictions.json,.json,887921550,16c5e00b902137adb055255ffb9dc6e7c62b7c00615cb3a039bf2b5d7e9ed9ae,2026-07-19T18:38:17,True,False,False,False,False,False,False
study_runs,V100_P0_MINI_I05_R03,study_runs/V100_P0_MINI_I05_R03/workspace/checkpoints/Amazon2014VideoGames-32d2823b/LensKit.PopScorer-f4aa5539-1/predictions.json,predictions.json,.json,6664024249,5fd060ea8d4e993cb2aab269adc5c2c60c2f1a2fab4bab9cd1c244009d51faa1,2026-07-19T17:45:00,True,False,False,False,False,False,False
study_runs,V100_P0_MINI_I05_R03,study_runs/V100_P0_MINI_I05_R03/workspace/checkpoints/Amazon2014VideoGames-32d2823b/LensKit.PopScorer-f4aa5539-2/predictions.json,predictions.json,.json,6669824987,5d7e5073d3a6eaee9a8d947ef2181bf3b0fab3ecc12543b691ee29cf771b8b59,2026-07-19T18:55:46,True,False,False,False,False,False,False
study_runs,V100_P0_MINI_I05_R03,study_runs/V100_P0_MINI_I05_R03/workspace/checkpoints/err.log,err.log,.log,22436,4e27d3e61f680ebb3fd888794196facda7f6ce9db5095bb0f21e48389f4dba38,2026-07-19T18:40:07,True,False,False,False,False,False,False
study_runs,V100_P0_MINI_I05_R03,study_runs/V100_P0_MINI_I05_R03/workspace/checkpoints/MovieLens100K-938abed0/LensKit.ImplicitMFScorer-f0dd7ecb-1/predictions.json,predictions.json,.json,39281938,aeb7ef05445c661147cb7f5684d8d47cd0861ae2e6736b88198fa8d2fba50e1e,2026-07-19T16:35:39,True,False,False,False,False,False,False
study_runs,V100_P0_MINI_I05_R03,study_runs/V100_P0_MINI_I05_R03/workspace/checkpoints/MovieLens100K-938abed0/LensKit.ImplicitMFScorer-f0dd7ecb-2/predictions.json,predictions.json,.json,39319390,88f30410e614f45757bb87279c71fb47c2608b826f23fcd2683e6733c4c16224,2026-07-19T16:39:10,True,False,False,False,False,False,False
study_runs,V100_P0_MINI_I05_R03,study_runs/V100_P0_MINI_I05_R03/workspace/checkpoints/MovieLens100K-938abed0/LensKit.ImplicitMFScorer-f0dd7ecb-3/predictions.json,predictions.json,.json,39318788,f1587b1501b67b8e1c4ec58eb83916001eccb1f359ed4d147350270cdb24ccbb,2026-07-19T16:42:39,True,False,False,False,False,False,False
study_runs,V100_P0_MINI_I05_R03,study_runs/V100_P0_MINI_I05_R03/workspace/checkpoints/MovieLens100K-938abed0/LensKit.ImplicitMFScorer-f0dd7ecb-4/predictions.json,predictions.json,.json,39356334,bb9235e9fe5affc7423cd8de6d7e8c4ff0cc728895095419f5bdd6f54839ff8a,2026-07-19T16:46:10,True,False,False,False,False,False,False
study_runs,V100_P0_MINI_I05_R03,study_runs/V100_P0_MINI_I05_R03/workspace/checkpoints/MovieLens100K-938abed0/LensKit.ImplicitMFScorer-f0dd7ecb-5/predictions.json,predictions.json,.json,39280869,e129e253e9b6c6001d265acb52c540d758c31d00971876dc37fda516e4e2963b,2026-07-19T16:49:39,True,False,False,False,False,False,False
study_runs,V100_P0_MINI_I05_R03,study_runs/V100_P0_MINI_I05_R03/workspace/checkpoints/MovieLens100K-938abed0/LensKit.ItemKNNScorer-c3d66610-1/predictions.json,predictions.json,.json,37538282,5cf4ca7eab1363eae5905b353bab6cd6753d623924431872496b485f0c70343d,2026-07-19T16:36:32,True,False,False,False,False,False,False
study_runs,V100_P0_MINI_I05_R03,study_runs/V100_P0_MINI_I05_R03/workspace/checkpoints/MovieLens100K-938abed0/LensKit.ItemKNNScorer-c3d66610-2/predictions.json,predictions.json,.json,37570479,d49428d2c6b03dacf5942c2d16ddd722c934ae19028b1adf603d20dbceefc19b,2026-07-19T16:40:02,True,False,False,False,False,False,False
study_runs,V100_P0_MINI_I05_R03,study_runs/V100_P0_MINI_I05_R03/workspace/checkpoints/MovieLens100K-938abed0/LensKit.ItemKNNScorer-c3d66610-3/predictions.json,predictions.json,.json,37576771,e5bd2a74f9bc48dd8b522bc99611192fad9372ed0d92694fa40ebddb2aa4be4a,2026-07-19T16:43:32,True,False,False,False,False,False,False
study_runs,V100_P0_MINI_I05_R03,study_runs/V100_P0_MINI_I05_R03/workspace/checkpoints/MovieLens100K-938abed0/LensKit.ItemKNNScorer-c3d66610-4/predictions.json,predictions.json,.json,37595531,fffa4eda0077681b7af8db63212b88a20e0944624cc13da4ddfa384d68d5c839,2026-07-19T16:47:02,True,False,False,False,False,False,False
study_runs,V100_P0_MINI_I05_R03,study_runs/V100_P0_MINI_I05_R03/workspace/checkpoints/MovieLens100K-938abed0/LensKit.ItemKNNScorer-c3d66610-5/predictions.json,predictions.json,.json,37536795,a95fd12ddee63c7c776927030dae59363356e7ef2bd7671e4336916181bdd2af,2026-07-19T16:50:31,True,False,False,False,False,False,False
study_runs,V100_P0_MINI_I05_R03,study_runs/V100_P0_MINI_I05_R03/workspace/checkpoints/MovieLens100K-938abed0/LensKit.PopScorer-f4aa5539-1/predictions.json,predictions.json,.json,39051417,f4f6e60cfc8e351eb7c9d075fbbce818bee4950c64ad7fd6f6e534fe09672bff,2026-07-19T16:37:44,True,False,False,False,False,False,False
study_runs,V100_P0_MINI_I05_R03,study_runs/V100_P0_MINI_I05_R03/workspace/checkpoints/MovieLens100K-938abed0/LensKit.PopScorer-f4aa5539-2/predictions.json,predictions.json,.json,39104324,184b257617162fa673f47f5cd5f99f992a24450ecfa0bbdb091a40a3da1d1327,2026-07-19T16:41:16,True,False,False,False,False,False,False
study_runs,V100_P0_MINI_I05_R03,study_runs/V100_P0_MINI_I05_R03/workspace/checkpoints/MovieLens100K-938abed0/LensKit.PopScorer-f4aa5539-3/predictions.json,predictions.json,.json,39094055,a7ae3d4f9680a33cd748be51700d1e644032ab90606291dae3f5d7bb3fbc8f90,2026-07-19T16:44:44,True,False,False,False,False,False,False
study_runs,V100_P0_MINI_I05_R03,study_runs/V100_P0_MINI_I05_R03/workspace/checkpoints/MovieLens100K-938abed0/LensKit.PopScorer-f4aa5539-4/predictions.json,predictions.json,.json,39121282,9de0dde11df8c9853c5f08a8137a5b366aaa9c48d68d74384987869d7b60a5d9,2026-07-19T16:48:14,True,False,False,False,False,False,False
study_runs,V100_P0_MINI_I05_R03,study_runs/V100_P0_MINI_I05_R03/workspace/checkpoints/MovieLens100K-938abed0/LensKit.PopScorer-f4aa5539-5/predictions.json,predictions.json,.json,39010039,6d8ff9a7f902d9447764d93a6729c9c8de98c3848c239bcf7b11eef3dfecca34,2026-07-19T16:51:45,True,False,False,False,False,False,False
study_runs,V100_P0_MINI_I05_R03,study_runs/V100_P0_MINI_I05_R03/workspace/checkpoints/out.log,out.log,.log,0,e3b0c44298fc1c149afbf4c8996fb92427ae41e4649b934ca495991b7852b855,2026-07-19T16:35:51,True,False,False,False,False,False,False
study_runs,V100_P0_MINI_I05_R03,study_runs/V100_P0_MINI_I05_R03/workspace/checkpoints/progress.json,progress.json,.json,3630,a16feacb5e67452c17443eb0889defea7e36d3735a25b25be1579ede88fe842c,2026-07-19T19:13:09,True,False,False,False,False,False,False
study_runs,V100_P0_MINI_I05_R03,study_runs/V100_P0_MINI_I05_R03/workspace/checkpoints/results.json,results.json,.json,13000,4f31895b7117b36b90954719eb03cd076c935c7cbeb5995386dc3981ddb5e6c8,2026-07-19T18:01:17,True,False,False,False,False,False,False
study_runs,V100_P0_MINI_I05_R03,study_runs/V100_P0_MINI_I05_R03/workspace/runfile.py,runfile.py,.py,6061,47776d83a0c7b387e800535050ac70fad4bb9f8a0af9f9fb6351fd4800b4f653,2026-07-19T16:34:21,True,False,False,True,False,False,False
study_runs,V100_P0_MINI_I05_R04,study_runs/V100_P0_MINI_I05_R04/checkpoint/0ddf2f48ecfe411c968dfd5ac55fc592/code.py,code.py,.py,3453,9f7496952b84fec7ed65fc21825b3c09ffcf4aaa8833fa7cc6a80b3e6d2968b4,2026-07-19T20:19:04,True,False,False,False,False,False,False
study_runs,V100_P0_MINI_I05_R04,study_runs/V100_P0_MINI_I05_R04/checkpoint/0ddf2f48ecfe411c968dfd5ac55fc592/generated/checkpoints/err.log,err.log,.log,5975,c82c303c9ab0d729d313294053b2514230acc97ddc79eb833b90d24ba6e03c72,2026-07-19T20:12:24,True,False,False,False,False,False,False
study_runs,V100_P0_MINI_I05_R04,study_runs/V100_P0_MINI_I05_R04/checkpoint/0ddf2f48ecfe411c968dfd5ac55fc592/generated/checkpoints/MovieLens100K-938abed0/LensKit.ItemKNNScorer-c3d66610-13/predictions.json,predictions.json,.json,37593524,ccbd0ed6508112415cc30eaaafc5dd066c2ff81d17fe77a49c4c86a1a20a5648,2026-07-19T20:09:28,True,False,False,False,False,False,False
study_runs,V100_P0_MINI_I05_R04,study_runs/V100_P0_MINI_I05_R04/checkpoint/0ddf2f48ecfe411c968dfd5ac55fc592/generated/checkpoints/MovieLens100K-938abed0/LensKit.ItemKNNScorer-c3d66610-21/predictions.json,predictions.json,.json,37596917,cddbb139678f7301c51c80e0bab04f3598408e157ce3842857f1ab1cfc5d4dd6,2026-07-19T20:10:22,True,False,False,False,False,False,False
study_runs,V100_P0_MINI_I05_R04,study_runs/V100_P0_MINI_I05_R04/checkpoint/0ddf2f48ecfe411c968dfd5ac55fc592/generated/checkpoints/MovieLens100K-938abed0/LensKit.ItemKNNScorer-c3d66610-42/predictions.json,predictions.json,.json,37520574,44d5fee5bbdf2636836b56525f4a848f966d65e06e2337910bdc52b4c237dbe7,2026-07-19T20:11:17,True,False,False,False,False,False,False
study_runs,V100_P0_MINI_I05_R04,study_runs/V100_P0_MINI_I05_R04/checkpoint/0ddf2f48ecfe411c968dfd5ac55fc592/generated/checkpoints/MovieLens100K-938abed0/LensKit.ItemKNNScorer-c3d66610-7/predictions.json,predictions.json,.json,37611411,f99779c179fd61bb81d5ef564e77472084e5ef131155e434169bc585c3934da4,2026-07-19T20:08:34,True,False,False,False,False,False,False
study_runs,V100_P0_MINI_I05_R04,study_runs/V100_P0_MINI_I05_R04/checkpoint/0ddf2f48ecfe411c968dfd5ac55fc592/generated/checkpoints/MovieLens100K-938abed0/LensKit.ItemKNNScorer-c3d66610-87/predictions.json,predictions.json,.json,37560539,1af2a1a71009a5d363275d607c731e782f1566040eec047d3b057c9c44eca68b,2026-07-19T20:12:12,True,False,False,False,False,False,False
study_runs,V100_P0_MINI_I05_R04,study_runs/V100_P0_MINI_I05_R04/checkpoint/0ddf2f48ecfe411c968dfd5ac55fc592/generated/checkpoints/out.log,out.log,.log,0,e3b0c44298fc1c149afbf4c8996fb92427ae41e4649b934ca495991b7852b855,2026-07-19T20:08:45,True,False,False,False,False,False,False
study_runs,V100_P0_MINI_I05_R04,study_runs/V100_P0_MINI_I05_R04/checkpoint/0ddf2f48ecfe411c968dfd5ac55fc592/generated/checkpoints/progress.json,progress.json,.json,879,51ff6da08f42d5459b2ca89957d80075c5feb3760891f4ce55d4abeac41d2eeb,2026-07-19T20:12:23,True,False,False,False,False,False,False
study_runs,V100_P0_MINI_I05_R04,study_runs/V100_P0_MINI_I05_R04/checkpoint/0ddf2f48ecfe411c968dfd5ac55fc592/generated/checkpoints/results.json,results.json,.json,1258,318d179b86c4427b6a097e5ceab61c6a920fa539bc61904dc8ead825d353b800,2026-07-19T20:12:24,True,False,False,False,False,False,False
study_runs,V100_P0_MINI_I05_R04,study_runs/V100_P0_MINI_I05_R04/checkpoint/0ddf2f48ecfe411c968dfd5ac55fc592/generated/prototype_seed_results.csv,prototype_seed_results.csv,.csv,2798,e009beadcce8cbc375e73681faeb3315464d8e402c6f21a72ca5970cd690d927,2026-07-19T20:12:24,True,False,False,False,False,False,False
study_runs,V100_P0_MINI_I05_R04,study_runs/V100_P0_MINI_I05_R04/checkpoint/0ddf2f48ecfe411c968dfd5ac55fc592/generated/prototype_seed_summary.csv,prototype_seed_summary.csv,.csv,210,3a23073c424298cc17a3d3d3f9b7a958eb505aa4b15994066a8c4a18f516bafa,2026-07-19T20:12:24,True,False,False,False,False,False,False
study_runs,V100_P0_MINI_I05_R04,study_runs/V100_P0_MINI_I05_R04/checkpoint/0ddf2f48ecfe411c968dfd5ac55fc592/generated/prototype_seed_table.csv,prototype_seed_table.csv,.csv,358,12b8a61014f043e816456408a4bde0a7ee2dd2814ef45d3adf1b096c65b533c2,2026-07-19T20:12:24,True,False,False,False,False,False,False
study_runs,V100_P0_MINI_I05_R04,study_runs/V100_P0_MINI_I05_R04/checkpoint/0ddf2f48ecfe411c968dfd5ac55fc592/out.log,out.log,.log,23570,693b83a171d168edaf12e21a69853a139db8b634e943db1c60d7ebb143ab342b,2026-07-19T20:12:25,True,False,False,False,False,False,True
study_runs,V100_P0_MINI_I05_R04,study_runs/V100_P0_MINI_I05_R04/checkpoint/0ddf2f48ecfe411c968dfd5ac55fc592_iteration1/code.py,code.py,.py,7538,fae21e600af4d8b4b164c23fb8cb7cb441c1f9c261f5c48ab1c2a9fa7c607adf,2026-07-19T20:28:44,True,False,True,False,False,False,True
study_runs,V100_P0_MINI_I05_R04,study_runs/V100_P0_MINI_I05_R04/checkpoint/0ddf2f48ecfe411c968dfd5ac55fc592_iteration1/out.log,out.log,.log,707,ef641a92d1be342ab1e99f1b805a8c97f631d8ff17cb94af12236e095c448286,2026-07-19T20:25:29,True,False,True,False,False,False,True
study_runs,V100_P0_MINI_I05_R04,study_runs/V100_P0_MINI_I05_R04/checkpoint/0ddf2f48ecfe411c968dfd5ac55fc592_iteration2/code.py,code.py,.py,6619,430d4f528c3f8b4b14488b7813755248e605621a474e2f250f26842d6106d575,2026-07-19T20:28:44,True,False,False,False,False,False,False
study_runs,V100_P0_MINI_I05_R04,study_runs/V100_P0_MINI_I05_R04/checkpoint/0ddf2f48ecfe411c968dfd5ac55fc592_iteration2/out.log,out.log,.log,343,c811e0c703005390ca697c3aa598e4604d53455833c2db2cf977408954a46f6a,2026-07-19T20:27:45,True,True,True,False,False,False,False
study_runs,V100_P0_MINI_I05_R04,study_runs/V100_P0_MINI_I05_R04/checkpoint/0ddf2f48ecfe411c968dfd5ac55fc592_seed/code.py,code.py,.py,3453,9f7496952b84fec7ed65fc21825b3c09ffcf4aaa8833fa7cc6a80b3e6d2968b4,2026-07-19T20:26:15,True,False,False,False,False,False,False
study_runs,V100_P0_MINI_I05_R04,study_runs/V100_P0_MINI_I05_R04/checkpoint/0ddf2f48ecfe411c968dfd5ac55fc592_seed/generated/checkpoints/err.log,err.log,.log,5975,c82c303c9ab0d729d313294053b2514230acc97ddc79eb833b90d24ba6e03c72,2026-07-19T20:24:16,True,False,False,False,False,False,False
study_runs,V100_P0_MINI_I05_R04,study_runs/V100_P0_MINI_I05_R04/checkpoint/0ddf2f48ecfe411c968dfd5ac55fc592_seed/generated/checkpoints/MovieLens100K-938abed0/LensKit.ItemKNNScorer-c3d66610-13/predictions.json,predictions.json,.json,37593524,ccbd0ed6508112415cc30eaaafc5dd066c2ff81d17fe77a49c4c86a1a20a5648,2026-07-19T20:21:22,True,False,False,False,False,False,False
study_runs,V100_P0_MINI_I05_R04,study_runs/V100_P0_MINI_I05_R04/checkpoint/0ddf2f48ecfe411c968dfd5ac55fc592_seed/generated/checkpoints/MovieLens100K-938abed0/LensKit.ItemKNNScorer-c3d66610-21/predictions.json,predictions.json,.json,37596917,cddbb139678f7301c51c80e0bab04f3598408e157ce3842857f1ab1cfc5d4dd6,2026-07-19T20:22:17,True,False,False,False,False,False,False
study_runs,V100_P0_MINI_I05_R04,study_runs/V100_P0_MINI_I05_R04/checkpoint/0ddf2f48ecfe411c968dfd5ac55fc592_seed/generated/checkpoints/MovieLens100K-938abed0/LensKit.ItemKNNScorer-c3d66610-42/predictions.json,predictions.json,.json,37520574,44d5fee5bbdf2636836b56525f4a848f966d65e06e2337910bdc52b4c237dbe7,2026-07-19T20:23:11,True,False,False,False,False,False,False
study_runs,V100_P0_MINI_I05_R04,study_runs/V100_P0_MINI_I05_R04/checkpoint/0ddf2f48ecfe411c968dfd5ac55fc592_seed/generated/checkpoints/MovieLens100K-938abed0/LensKit.ItemKNNScorer-c3d66610-7/predictions.json,predictions.json,.json,37611411,f99779c179fd61bb81d5ef564e77472084e5ef131155e434169bc585c3934da4,2026-07-19T20:20:27,True,False,False,False,False,False,False
study_runs,V100_P0_MINI_I05_R04,study_runs/V100_P0_MINI_I05_R04/checkpoint/0ddf2f48ecfe411c968dfd5ac55fc592_seed/generated/checkpoints/MovieLens100K-938abed0/LensKit.ItemKNNScorer-c3d66610-87/predictions.json,predictions.json,.json,37560539,1af2a1a71009a5d363275d607c731e782f1566040eec047d3b057c9c44eca68b,2026-07-19T20:24:05,True,False,False,False,False,False,False
study_runs,V100_P0_MINI_I05_R04,study_runs/V100_P0_MINI_I05_R04/checkpoint/0ddf2f48ecfe411c968dfd5ac55fc592_seed/generated/checkpoints/out.log,out.log,.log,0,e3b0c44298fc1c149afbf4c8996fb92427ae41e4649b934ca495991b7852b855,2026-07-19T20:20:39,True,False,False,False,False,False,False
study_runs,V100_P0_MINI_I05_R04,study_runs/V100_P0_MINI_I05_R04/checkpoint/0ddf2f48ecfe411c968dfd5ac55fc592_seed/generated/checkpoints/progress.json,progress.json,.json,879,51ff6da08f42d5459b2ca89957d80075c5feb3760891f4ce55d4abeac41d2eeb,2026-07-19T20:24:16,True,False,False,False,False,False,False
study_runs,V100_P0_MINI_I05_R04,study_runs/V100_P0_MINI_I05_R04/checkpoint/0ddf2f48ecfe411c968dfd5ac55fc592_seed/generated/checkpoints/results.json,results.json,.json,1258,318d179b86c4427b6a097e5ceab61c6a920fa539bc61904dc8ead825d353b800,2026-07-19T20:24:16,True,False,False,False,False,False,False
study_runs,V100_P0_MINI_I05_R04,study_runs/V100_P0_MINI_I05_R04/checkpoint/0ddf2f48ecfe411c968dfd5ac55fc592_seed/generated/prototype_seed_results.csv,prototype_seed_results.csv,.csv,2798,e009beadcce8cbc375e73681faeb3315464d8e402c6f21a72ca5970cd690d927,2026-07-19T20:24:16,True,False,False,False,False,False,False
study_runs,V100_P0_MINI_I05_R04,study_runs/V100_P0_MINI_I05_R04/checkpoint/0ddf2f48ecfe411c968dfd5ac55fc592_seed/generated/prototype_seed_summary.csv,prototype_seed_summary.csv,.csv,210,3a23073c424298cc17a3d3d3f9b7a958eb505aa4b15994066a8c4a18f516bafa,2026-07-19T20:24:16,True,False,False,False,False,False,False
study_runs,V100_P0_MINI_I05_R04,study_runs/V100_P0_MINI_I05_R04/checkpoint/0ddf2f48ecfe411c968dfd5ac55fc592_seed/generated/prototype_seed_table.csv,prototype_seed_table.csv,.csv,358,12b8a61014f043e816456408a4bde0a7ee2dd2814ef45d3adf1b096c65b533c2,2026-07-19T20:24:16,True,False,False,False,False,False,False
study_runs,V100_P0_MINI_I05_R04,study_runs/V100_P0_MINI_I05_R04/checkpoint/0ddf2f48ecfe411c968dfd5ac55fc592_seed/out.log,out.log,.log,23651,a70b508d09f9b73122e3fab38022eac2e0c63f61a690bd6c98b3f47ca1f95634,2026-07-19T20:24:17,True,False,False,False,False,False,True
study_runs,V100_P0_MINI_I05_R04,study_runs/V100_P0_MINI_I05_R04/checkpoint/429968f4a2d5464781e553f6868ecfb7/code.py,code.py,.py,2501,4bf499ada8e10c421f2532297f2aedc33846503f9755b5e0c91ee3286203870d,2026-07-19T19:57:54,True,False,False,True,False,False,False
study_runs,V100_P0_MINI_I05_R04,study_runs/V100_P0_MINI_I05_R04/checkpoint/429968f4a2d5464781e553f6868ecfb7/generated/checkpoints/err.log,err.log,.log,1195,4da430e9659bb61bd72765495936d07d95cfc1fd625a65a3cfd549baa46343ae,2026-07-19T19:51:17,True,False,False,False,False,False,False
study_runs,V100_P0_MINI_I05_R04,study_runs/V100_P0_MINI_I05_R04/checkpoint/429968f4a2d5464781e553f6868ecfb7/generated/checkpoints/MovieLens100K-51d35041/LensKit.ImplicitMFScorer-f0dd7ecb-11/predictions.json,predictions.json,.json,39192715,b7f1ae7c3a9688655d6174129b965f6bed6b0246da0a0d926409ac07ecf84fec,2026-07-19T19:51:08,True,False,False,False,False,False,False
study_runs,V100_P0_MINI_I05_R04,study_runs/V100_P0_MINI_I05_R04/checkpoint/429968f4a2d5464781e553f6868ecfb7/generated/checkpoints/out.log,out.log,.log,0,e3b0c44298fc1c149afbf4c8996fb92427ae41e4649b934ca495991b7852b855,2026-07-19T19:51:17,True,False,False,False,False,False,False
study_runs,V100_P0_MINI_I05_R04,study_runs/V100_P0_MINI_I05_R04/checkpoint/429968f4a2d5464781e553f6868ecfb7/generated/checkpoints/progress.json,progress.json,.json,199,e8473236abf2ab9e16b6ef754163754103d3e9731465456c1b924d6ce0ba70e0,2026-07-19T19:51:16,True,False,False,False,False,False,False
study_runs,V100_P0_MINI_I05_R04,study_runs/V100_P0_MINI_I05_R04/checkpoint/429968f4a2d5464781e553f6868ecfb7/generated/checkpoints/results.json,results.json,.json,152,f99a28729bb64ca2902be3aa68b1e73380d4fc5d7b0478161b07f0b38e2bd349,2026-07-19T19:51:17,True,False,False,False,False,False,False
study_runs,V100_P0_MINI_I05_R04,study_runs/V100_P0_MINI_I05_R04/checkpoint/429968f4a2d5464781e553f6868ecfb7/out.log,out.log,.log,6405,56c121b7d5e34e88b4ffc7e973e9a06319092c9d28ec17839e3971ad4ce700ea,2026-07-19T19:51:17,True,True,True,False,False,False,True
study_runs,V100_P0_MINI_I05_R04,study_runs/V100_P0_MINI_I05_R04/checkpoint/598bf8a4666a4d18a6e1a66d70d7dd17/code.py,code.py,.py,3471,4b22ed86c04ac2dd7fdd41fcbc7937660cf5a179b07b65acead9df78b9549dfe,2026-07-19T20:05:29,True,False,False,False,False,False,False
study_runs,V100_P0_MINI_I05_R04,study_runs/V100_P0_MINI_I05_R04/checkpoint/598bf8a4666a4d18a6e1a66d70d7dd17/out.log,out.log,.log,3275,95c8714ebc4e657718e0859b4323a1bfb77707dd9d7ed19bd3cf5f6113b178cd,2026-07-19T19:58:45,True,True,True,False,False,False,True
study_runs,V100_P0_MINI_I05_R04,study_runs/V100_P0_MINI_I05_R04/checkpoint/6624255987bf439f9714e8560c0cd3b5/code.py,code.py,.py,3592,db1c9d099090ea11f81484d3bf6693e7d3cf871382390b6633577069351a1778,2026-07-19T20:24:48,True,False,False,False,False,False,False
study_runs,V100_P0_MINI_I05_R04,study_runs/V100_P0_MINI_I05_R04/checkpoint/6624255987bf439f9714e8560c0cd3b5/generated/checkpoints/err.log,err.log,.log,5975,c82c303c9ab0d729d313294053b2514230acc97ddc79eb833b90d24ba6e03c72,2026-07-19T20:18:34,True,False,False,False,False,False,False
study_runs,V100_P0_MINI_I05_R04,study_runs/V100_P0_MINI_I05_R04/checkpoint/6624255987bf439f9714e8560c0cd3b5/generated/checkpoints/MovieLens100K-938abed0/LensKit.ItemKNNScorer-5f816cf5-13/predictions.json,predictions.json,.json,37593524,ccbd0ed6508112415cc30eaaafc5dd066c2ff81d17fe77a49c4c86a1a20a5648,2026-07-19T20:15:29,True,False,False,False,False,False,False
study_runs,V100_P0_MINI_I05_R04,study_runs/V100_P0_MINI_I05_R04/checkpoint/6624255987bf439f9714e8560c0cd3b5/generated/checkpoints/MovieLens100K-938abed0/LensKit.ItemKNNScorer-5f816cf5-21/predictions.json,predictions.json,.json,37596917,cddbb139678f7301c51c80e0bab04f3598408e157ce3842857f1ab1cfc5d4dd6,2026-07-19T20:16:34,True,False,False,False,False,False,False
study_runs,V100_P0_MINI_I05_R04,study_runs/V100_P0_MINI_I05_R04/checkpoint/6624255987bf439f9714e8560c0cd3b5/generated/checkpoints/MovieLens100K-938abed0/LensKit.ItemKNNScorer-5f816cf5-42/predictions.json,predictions.json,.json,37520574,44d5fee5bbdf2636836b56525f4a848f966d65e06e2337910bdc52b4c237dbe7,2026-07-19T20:17:28,True,False,False,False,False,False,False
study_runs,V100_P0_MINI_I05_R04,study_runs/V100_P0_MINI_I05_R04/checkpoint/6624255987bf439f9714e8560c0cd3b5/generated/checkpoints/MovieLens100K-938abed0/LensKit.ItemKNNScorer-5f816cf5-7/predictions.json,predictions.json,.json,37611411,f99779c179fd61bb81d5ef564e77472084e5ef131155e434169bc585c3934da4,2026-07-19T20:14:34,True,False,False,False,False,False,False
study_runs,V100_P0_MINI_I05_R04,study_runs/V100_P0_MINI_I05_R04/checkpoint/6624255987bf439f9714e8560c0cd3b5/generated/checkpoints/MovieLens100K-938abed0/LensKit.ItemKNNScorer-5f816cf5-87/predictions.json,predictions.json,.json,37560539,1af2a1a71009a5d363275d607c731e782f1566040eec047d3b057c9c44eca68b,2026-07-19T20:18:22,True,False,False,False,False,False,False
study_runs,V100_P0_MINI_I05_R04,study_runs/V100_P0_MINI_I05_R04/checkpoint/6624255987bf439f9714e8560c0cd3b5/generated/checkpoints/out.log,out.log,.log,0,e3b0c44298fc1c149afbf4c8996fb92427ae41e4649b934ca495991b7852b855,2026-07-19T20:14:46,True,False,False,False,False,False,False
study_runs,V100_P0_MINI_I05_R04,study_runs/V100_P0_MINI_I05_R04/checkpoint/6624255987bf439f9714e8560c0cd3b5/generated/checkpoints/progress.json,progress.json,.json,1149,a2af1613aa8157f8711802234519e2607767cfe58fe68af3df07a26da55aaf03,2026-07-19T20:18:33,True,False,False,False,False,False,False
study_runs,V100_P0_MINI_I05_R04,study_runs/V100_P0_MINI_I05_R04/checkpoint/6624255987bf439f9714e8560c0cd3b5/generated/checkpoints/results.json,results.json,.json,1258,1685b9d72b9bbb8898558b88ea219508a95796459a4e770a3273a17d4626b328,2026-07-19T20:18:34,True,False,False,False,False,False,False
study_runs,V100_P0_MINI_I05_R04,study_runs/V100_P0_MINI_I05_R04/checkpoint/6624255987bf439f9714e8560c0cd3b5/generated/prototype_seed_results.csv,prototype_seed_results.csv,.csv,2798,a016a2e6b553f864ac84643903de05e2d176fab86d7c09b822fb9b281d71d9a3,2026-07-19T20:18:34,True,False,False,False,False,False,False
study_runs,V100_P0_MINI_I05_R04,study_runs/V100_P0_MINI_I05_R04/checkpoint/6624255987bf439f9714e8560c0cd3b5/generated/prototype_seed_summary.csv,prototype_seed_summary.csv,.csv,1113,6c1709025731869311ffd521fe11a9709a12bacf841620538364b8b7ff627424,2026-07-19T20:18:34,True,False,False,False,False,False,False
study_runs,V100_P0_MINI_I05_R04,study_runs/V100_P0_MINI_I05_R04/checkpoint/6624255987bf439f9714e8560c0cd3b5/generated/prototype_seed_table.csv,prototype_seed_table.csv,.csv,2062,4575ae5196edbebe4a4744dd716fa0997625df82064833cf8ea5c8b56e7021f9,2026-07-19T20:18:34,True,False,False,False,False,False,False
study_runs,V100_P0_MINI_I05_R04,study_runs/V100_P0_MINI_I05_R04/checkpoint/6624255987bf439f9714e8560c0cd3b5/out.log,out.log,.log,26211,abe1db1c25c7885053873bf707bf244fb4dd2ed821ee3c5d7f896bbfae7955f8,2026-07-19T20:18:35,True,False,False,True,False,False,True
study_runs,V100_P0_MINI_I05_R04,study_runs/V100_P0_MINI_I05_R04/checkpoint/72e46d355e0a49fc85af38961d5e11ef/code.py,code.py,.py,3385,790b6b0e7f5eea8928f1032454e10819d109925e43f1a9e2cf324d92d5cea488,2026-07-19T20:13:03,True,False,False,False,False,False,False
study_runs,V100_P0_MINI_I05_R04,study_runs/V100_P0_MINI_I05_R04/checkpoint/72e46d355e0a49fc85af38961d5e11ef/out.log,out.log,.log,3283,cba61d11959c4aa5ac82b9f519d24bda7bebc60e7170f760c453f1cf1ae2ee95,2026-07-19T20:06:27,True,True,True,False,False,False,True
study_runs,V100_P0_MINI_I05_R04,study_runs/V100_P0_MINI_I05_R04/checkpoint/81f0cfbf8c764fd2916c0548137ef91b/code.py,code.py,.py,3341,6033a61e9c1214d60a39f3d04a4c795cd41fd77eaea7ee5c1666bfee06b8ef6b,2026-07-19T20:07:04,True,False,False,False,False,False,False
study_runs,V100_P0_MINI_I05_R04,study_runs/V100_P0_MINI_I05_R04/checkpoint/81f0cfbf8c764fd2916c0548137ef91b/generated/checkpoints/err.log,err.log,.log,5975,c82c303c9ab0d729d313294053b2514230acc97ddc79eb833b90d24ba6e03c72,2026-07-19T20:04:53,True,False,False,False,False,False,False
study_runs,V100_P0_MINI_I05_R04,study_runs/V100_P0_MINI_I05_R04/checkpoint/81f0cfbf8c764fd2916c0548137ef91b/generated/checkpoints/MovieLens100K-938abed0/LensKit.ItemKNNScorer-c3d66610-13/predictions.json,predictions.json,.json,37593524,ccbd0ed6508112415cc30eaaafc5dd066c2ff81d17fe77a49c4c86a1a20a5648,2026-07-19T20:01:59,True,False,False,False,False,False,False
study_runs,V100_P0_MINI_I05_R04,study_runs/V100_P0_MINI_I05_R04/checkpoint/81f0cfbf8c764fd2916c0548137ef91b/generated/checkpoints/MovieLens100K-938abed0/LensKit.ItemKNNScorer-c3d66610-21/predictions.json,predictions.json,.json,37596917,cddbb139678f7301c51c80e0bab04f3598408e157ce3842857f1ab1cfc5d4dd6,2026-07-19T20:02:52,True,False,False,False,False,False,False
study_runs,V100_P0_MINI_I05_R04,study_runs/V100_P0_MINI_I05_R04/checkpoint/81f0cfbf8c764fd2916c0548137ef91b/generated/checkpoints/MovieLens100K-938abed0/LensKit.ItemKNNScorer-c3d66610-42/predictions.json,predictions.json,.json,37520574,44d5fee5bbdf2636836b56525f4a848f966d65e06e2337910bdc52b4c237dbe7,2026-07-19T20:03:47,True,False,False,False,False,False,False
study_runs,V100_P0_MINI_I05_R04,study_runs/V100_P0_MINI_I05_R04/checkpoint/81f0cfbf8c764fd2916c0548137ef91b/generated/checkpoints/MovieLens100K-938abed0/LensKit.ItemKNNScorer-c3d66610-7/predictions.json,predictions.json,.json,37611411,f99779c179fd61bb81d5ef564e77472084e5ef131155e434169bc585c3934da4,2026-07-19T20:01:07,True,False,False,False,False,False,False
study_runs,V100_P0_MINI_I05_R04,study_runs/V100_P0_MINI_I05_R04/checkpoint/81f0cfbf8c764fd2916c0548137ef91b/generated/checkpoints/MovieLens100K-938abed0/LensKit.ItemKNNScorer-c3d66610-87/predictions.json,predictions.json,.json,37560539,1af2a1a71009a5d363275d607c731e782f1566040eec047d3b057c9c44eca68b,2026-07-19T20:04:42,True,False,False,False,False,False,False
study_runs,V100_P0_MINI_I05_R04,study_runs/V100_P0_MINI_I05_R04/checkpoint/81f0cfbf8c764fd2916c0548137ef91b/generated/checkpoints/out.log,out.log,.log,0,e3b0c44298fc1c149afbf4c8996fb92427ae41e4649b934ca495991b7852b855,2026-07-19T20:01:17,True,False,False,False,False,False,False
study_runs,V100_P0_MINI_I05_R04,study_runs/V100_P0_MINI_I05_R04/checkpoint/81f0cfbf8c764fd2916c0548137ef91b/generated/checkpoints/progress.json,progress.json,.json,879,51ff6da08f42d5459b2ca89957d80075c5feb3760891f4ce55d4abeac41d2eeb,2026-07-19T20:04:53,True,False,False,False,False,False,False
study_runs,V100_P0_MINI_I05_R04,study_runs/V100_P0_MINI_I05_R04/checkpoint/81f0cfbf8c764fd2916c0548137ef91b/generated/checkpoints/results.json,results.json,.json,1241,91c1028ecba0ebf10880ab2da668df29c5e769a4be910743eea5d2fdd863c8fe,2026-07-19T20:04:53,True,False,False,False,False,False,False
study_runs,V100_P0_MINI_I05_R04,study_runs/V100_P0_MINI_I05_R04/checkpoint/81f0cfbf8c764fd2916c0548137ef91b/generated/prototype_seed_results.csv,prototype_seed_results.csv,.csv,2748,d6d5732bf50860e21735baf1c8840016d8d4d7d84ea9c2563c11a1b4200815d0,2026-07-19T20:04:53,True,False,False,False,False,False,False
study_runs,V100_P0_MINI_I05_R04,study_runs/V100_P0_MINI_I05_R04/checkpoint/81f0cfbf8c764fd2916c0548137ef91b/generated/prototype_seed_summary.csv,prototype_seed_summary.csv,.csv,1092,f3d3c4201cbb81c27d6826d2802925bd8b6bea05ffcee157fc4918e5710e326b,2026-07-19T20:04:53,True,False,False,False,False,False,False
study_runs,V100_P0_MINI_I05_R04,study_runs/V100_P0_MINI_I05_R04/checkpoint/81f0cfbf8c764fd2916c0548137ef91b/out.log,out.log,.log,25991,55c8b6a51d355391dac5ca5000edc3f2d5f25175d1e28e7ccf9a5894b4caef78,2026-07-19T20:04:54,True,False,False,True,False,False,True
study_runs,V100_P0_MINI_I05_R04,study_runs/V100_P0_MINI_I05_R04/checkpoint/e543f9f743a340479000d7640c0720a3/code.py,code.py,.py,3643,6b64c702611c62beb4583bd7e5a4812af8673bbc6062bd80889d6c49bc6ee4c8,2026-07-19T19:59:32,True,False,False,False,False,False,False
study_runs,V100_P0_MINI_I05_R04,study_runs/V100_P0_MINI_I05_R04/checkpoint/e543f9f743a340479000d7640c0720a3/generated/checkpoints/err.log,err.log,.log,5975,c82c303c9ab0d729d313294053b2514230acc97ddc79eb833b90d24ba6e03c72,2026-07-19T19:57:33,True,False,False,False,False,False,False
study_runs,V100_P0_MINI_I05_R04,study_runs/V100_P0_MINI_I05_R04/checkpoint/e543f9f743a340479000d7640c0720a3/generated/checkpoints/MovieLens100K-938abed0/LensKit.ItemKNNScorer-c3d66610-13/predictions.json,predictions.json,.json,37593524,ccbd0ed6508112415cc30eaaafc5dd066c2ff81d17fe77a49c4c86a1a20a5648,2026-07-19T19:54:28,True,False,False,False,False,False,False
study_runs,V100_P0_MINI_I05_R04,study_runs/V100_P0_MINI_I05_R04/checkpoint/e543f9f743a340479000d7640c0720a3/generated/checkpoints/MovieLens100K-938abed0/LensKit.ItemKNNScorer-c3d66610-21/predictions.json,predictions.json,.json,37596917,cddbb139678f7301c51c80e0bab04f3598408e157ce3842857f1ab1cfc5d4dd6,2026-07-19T19:55:23,True,False,False,False,False,False,False
study_runs,V100_P0_MINI_I05_R04,study_runs/V100_P0_MINI_I05_R04/checkpoint/e543f9f743a340479000d7640c0720a3/generated/checkpoints/MovieLens100K-938abed0/LensKit.ItemKNNScorer-c3d66610-42/predictions.json,predictions.json,.json,37520574,44d5fee5bbdf2636836b56525f4a848f966d65e06e2337910bdc52b4c237dbe7,2026-07-19T19:56:28,True,False,False,False,False,False,False
study_runs,V100_P0_MINI_I05_R04,study_runs/V100_P0_MINI_I05_R04/checkpoint/e543f9f743a340479000d7640c0720a3/generated/checkpoints/MovieLens100K-938abed0/LensKit.ItemKNNScorer-c3d66610-7/predictions.json,predictions.json,.json,37611411,f99779c179fd61bb81d5ef564e77472084e5ef131155e434169bc585c3934da4,2026-07-19T19:53:34,True,False,False,False,False,False,False
study_runs,V100_P0_MINI_I05_R04,study_runs/V100_P0_MINI_I05_R04/checkpoint/e543f9f743a340479000d7640c0720a3/generated/checkpoints/MovieLens100K-938abed0/LensKit.ItemKNNScorer-c3d66610-87/predictions.json,predictions.json,.json,37560539,1af2a1a71009a5d363275d607c731e782f1566040eec047d3b057c9c44eca68b,2026-07-19T19:57:24,True,False,False,False,False,False,False
study_runs,V100_P0_MINI_I05_R04,study_runs/V100_P0_MINI_I05_R04/checkpoint/e543f9f743a340479000d7640c0720a3/generated/checkpoints/out.log,out.log,.log,0,e3b0c44298fc1c149afbf4c8996fb92427ae41e4649b934ca495991b7852b855,2026-07-19T19:53:45,True,False,False,False,False,False,False
study_runs,V100_P0_MINI_I05_R04,study_runs/V100_P0_MINI_I05_R04/checkpoint/e543f9f743a340479000d7640c0720a3/generated/checkpoints/progress.json,progress.json,.json,879,51ff6da08f42d5459b2ca89957d80075c5feb3760891f4ce55d4abeac41d2eeb,2026-07-19T19:57:33,True,False,False,False,False,False,False
study_runs,V100_P0_MINI_I05_R04,study_runs/V100_P0_MINI_I05_R04/checkpoint/e543f9f743a340479000d7640c0720a3/generated/checkpoints/results.json,results.json,.json,1241,91c1028ecba0ebf10880ab2da668df29c5e769a4be910743eea5d2fdd863c8fe,2026-07-19T19:57:33,True,False,False,False,False,False,False
study_runs,V100_P0_MINI_I05_R04,study_runs/V100_P0_MINI_I05_R04/checkpoint/e543f9f743a340479000d7640c0720a3/generated/prototype_seed_results.csv,prototype_seed_results.csv,.csv,2748,d6d5732bf50860e21735baf1c8840016d8d4d7d84ea9c2563c11a1b4200815d0,2026-07-19T19:57:33,True,False,False,False,False,False,False
study_runs,V100_P0_MINI_I05_R04,study_runs/V100_P0_MINI_I05_R04/checkpoint/e543f9f743a340479000d7640c0720a3/generated/prototype_seed_summary.csv,prototype_seed_summary.csv,.csv,206,3b3532d1ef7d1e979dd5b74f437d7316cfa2a4e25ab141a1022aedd2adff5645,2026-07-19T19:57:34,True,False,False,False,False,False,False
study_runs,V100_P0_MINI_I05_R04,study_runs/V100_P0_MINI_I05_R04/checkpoint/e543f9f743a340479000d7640c0720a3/out.log,out.log,.log,23522,555c76c1906087f6d69390e7cf0d9c3899f5504fa1397e3be01f1a37a3812cba,2026-07-19T19:57:36,True,False,False,False,False,False,True
study_runs,V100_P0_MINI_I05_R04,study_runs/V100_P0_MINI_I05_R04/code_requirements_final.json,code_requirements_final.json,.json,1449,104f895ed324e5c8bc339714bd69d4d7d067940e06a4f9437a1b797f5f7df241,2026-07-19T20:19:39,True,False,False,False,False,False,False
study_runs,V100_P0_MINI_I05_R04,study_runs/V100_P0_MINI_I05_R04/code_requirements_prototype.json,code_requirements_prototype.json,.json,732,bbc64e7032791fa5a910377ec32e9633406f13730504cd044dd80523e56fd8e0,2026-07-19T19:48:43,True,False,False,False,False,False,False
study_runs,V100_P0_MINI_I05_R04,study_runs/V100_P0_MINI_I05_R04/config.source.toml,config.source.toml,.toml,386,43ad328d9e971575946598bc6c906a320d878b57103e5825b7bc1b351074558f,2026-07-19T19:48:03,True,False,False,False,False,False,False
study_runs,V100_P0_MINI_I05_R04,study_runs/V100_P0_MINI_I05_R04/config.toml,config.toml,.toml,416,c9a4c0a29314dcb98c83769673fb4fdb4c0c6245600f139702776ef3b25c3605,2026-07-19T19:48:03,True,False,False,False,False,False,False
study_runs,V100_P0_MINI_I05_R04,study_runs/V100_P0_MINI_I05_R04/costs_log.csv,costs_log.csv,.csv,13221,6a8347ff8ce2cb092166b6835f88cdbd5ac29b0150a4ffde999ae22b4ad629c5,2026-07-19T20:28:49,True,False,False,False,False,False,False
study_runs,V100_P0_MINI_I05_R04,study_runs/V100_P0_MINI_I05_R04/debug.log,debug.log,.log,356438,493ba16f3286f1a60f959c7fa5820853c709904c664100eb5ec4c53cbea021ab,2026-07-19T20:28:53,True,True,True,True,True,False,True
study_runs,V100_P0_MINI_I05_R04,study_runs/V100_P0_MINI_I05_R04/entered_prompt.txt,entered_prompt.txt,.txt,946,dc790c0f84813ae9f582a14783c06db3ee59faaa98d800c6bf831f5ad0d041ab,2026-07-19T19:48:03,True,False,False,False,False,False,False
study_runs,V100_P0_MINI_I05_R04,study_runs/V100_P0_MINI_I05_R04/statistics/0_429968f4a2d5464781e553f6868ecfb7.txt,0_429968f4a2d5464781e553f6868ecfb7.txt,.txt,475,9a5f3144dc15d3c9f87d25b72a81465b089395c71d45adb981dfb46a74123d7c,2026-07-19T19:51:58,True,False,False,False,False,False,False
study_runs,V100_P0_MINI_I05_R04,study_runs/V100_P0_MINI_I05_R04/statistics/1_e543f9f743a340479000d7640c0720a3.txt,1_e543f9f743a340479000d7640c0720a3.txt,.txt,478,e3b69d9faf1e8cb6bc16d7667677789309dd3dc48d09e0754c0290eb22232ba9,2026-07-19T19:57:54,True,False,False,False,False,False,False
study_runs,V100_P0_MINI_I05_R04,study_runs/V100_P0_MINI_I05_R04/statistics/2_598bf8a4666a4d18a6e1a66d70d7dd17.txt,2_598bf8a4666a4d18a6e1a66d70d7dd17.txt,.txt,472,432f1315d40a84e47822d4b46ab5ccc9dbbf93c096579f6c0a7acf2a69c02192,2026-07-19T19:59:32,True,False,False,False,False,False,False
study_runs,V100_P0_MINI_I05_R04,study_runs/V100_P0_MINI_I05_R04/statistics/3_81f0cfbf8c764fd2916c0548137ef91b.txt,3_81f0cfbf8c764fd2916c0548137ef91b.txt,.txt,472,59b970570d006364587248512c50f969babe50d7388181a4908d69aceadd98c0,2026-07-19T20:05:30,True,False,False,False,False,False,False
study_runs,V100_P0_MINI_I05_R04,study_runs/V100_P0_MINI_I05_R04/statistics/4_72e46d355e0a49fc85af38961d5e11ef.txt,4_72e46d355e0a49fc85af38961d5e11ef.txt,.txt,468,b243f58ae4f18a42142af7ee824bde829e4f6a013e79a0121db4331ce104dca6,2026-07-19T20:07:04,True,False,False,False,False,False,False
study_runs,V100_P0_MINI_I05_R04,study_runs/V100_P0_MINI_I05_R04/statistics/5_0ddf2f48ecfe411c968dfd5ac55fc592.txt,5_0ddf2f48ecfe411c968dfd5ac55fc592.txt,.txt,474,e0cad6e3bd4116d5cc932a74896a479be42f57c646e8bb7c26b5b3bde00cf017,2026-07-19T20:13:03,True,False,False,False,False,False,False
study_runs,V100_P0_MINI_I05_R04,study_runs/V100_P0_MINI_I05_R04/statistics/6_6624255987bf439f9714e8560c0cd3b5.txt,6_6624255987bf439f9714e8560c0cd3b5.txt,.txt,472,28951083db9d07fff62888618b6dfce9a2a2dda46b37666c892cc049cef5e4de,2026-07-19T20:19:04,True,False,False,False,False,False,False
study_runs,V100_P0_MINI_I05_R04,study_runs/V100_P0_MINI_I05_R04/statistics/7_0ddf2f48ecfe411c968dfd5ac55fc592_seed.txt,7_0ddf2f48ecfe411c968dfd5ac55fc592_seed.txt,.txt,461,59c53bde5bb97081da2756cb2f14da132b939471db7e9f868f0f2df58ed4c835,2026-07-19T20:24:48,True,False,False,False,False,False,False
study_runs,V100_P0_MINI_I05_R04,study_runs/V100_P0_MINI_I05_R04/statistics/8_0ddf2f48ecfe411c968dfd5ac55fc592_iteration1.txt,8_0ddf2f48ecfe411c968dfd5ac55fc592_iteration1.txt,.txt,499,1bcb40bceb132ae96358409db31cabdf6085264398515a0b7ced085594119531,2026-07-19T20:26:15,True,False,False,False,False,False,False
study_runs,V100_P0_MINI_I05_R04,study_runs/V100_P0_MINI_I05_R04/statistics/9_0ddf2f48ecfe411c968dfd5ac55fc592_iteration2.txt,9_0ddf2f48ecfe411c968dfd5ac55fc592_iteration2.txt,.txt,483,2e13ae6f0755f584c8c0b7434dea635bd32f76ff8712d4b4323df8ab5f3e0a62,2026-07-19T20:28:44,True,False,False,False,False,False,False
study_runs,V100_P0_MINI_I05_R04,study_runs/V100_P0_MINI_I05_R04/statistics/summary_overall_nodes.txt,summary_overall_nodes.txt,.txt,489,5d56722ba77a9da630073c1f2e10e9d69d4526beb3e34f242724a71ff18b7ab0,2026-07-19T20:28:49,True,False,False,False,False,False,False
study_runs,V100_P0_MINI_I05_R04,study_runs/V100_P0_MINI_I05_R04/summary.md,summary.md,.md,2808,6a5c6bea10bd81936b7a449bc3e28a1ff07bffbc641ae65fc2ea321bec863d30,2026-07-19T20:28:49,True,False,False,False,False,False,False
study_runs,V100_P0_MINI_I05_R04,study_runs/V100_P0_MINI_I05_R04/tree_render/svg/combined_tree.svg,combined_tree.svg,.svg,10650,5a0b7c1d9c54a853a403fbfbfaa7335d219be721d29b018bdafbc3f7d16e06fc,2026-07-19T20:19:11,True,False,False,False,False,False,False
study_runs,V100_P0_MINI_I05_R04,study_runs/V100_P0_MINI_I05_R04/tree_render/svg/tree_0.svg,tree_0.svg,.svg,1611,bdac2dd85ff58b981a7a9dab5d47a2128344854b8e152857474762887c75b449,2026-07-19T20:19:07,True,False,False,False,False,False,False
study_runs,V100_P0_MINI_I05_R04,study_runs/V100_P0_MINI_I05_R04/tree_render/svg/tree_1.svg,tree_1.svg,.svg,9599,d05fd7b49a4dca7e20c43cec4434dbf7ef5aa8a2922ba8953144352b442b81ce,2026-07-19T20:19:09,True,False,False,False,False,False,False
study_runs,V100_P0_MINI_I05_R05,study_runs/V100_P0_MINI_I05_R05/checkpoint/33efaaf355e04edbb0aaacba40eb5402/code.py,code.py,.py,2584,846d3973f88860a71eeafb5143ec1ef2f6135fc8ae66d99679a6ece9773b3f21,2026-07-20T03:14:20,True,False,False,False,False,False,False
study_runs,V100_P0_MINI_I05_R05,study_runs/V100_P0_MINI_I05_R05/checkpoint/33efaaf355e04edbb0aaacba40eb5402/out.log,out.log,.log,3081,4563bf9d646e61a67ab134f2a747dc559e5014cea0979b54acbb5a59ad89d0fb,2026-07-20T03:11:25,True,True,True,False,False,False,True
study_runs,V100_P0_MINI_I05_R05,study_runs/V100_P0_MINI_I05_R05/checkpoint/45bbaea5347142a089ee75b7dab25565/code.py,code.py,.py,2723,11593ad1f12066ab20fe674e94666b7add305d0a6953bc0009550bfbff6af1ab,2026-07-20T03:08:48,True,False,False,False,False,False,False
study_runs,V100_P0_MINI_I05_R05,study_runs/V100_P0_MINI_I05_R05/checkpoint/45bbaea5347142a089ee75b7dab25565/out.log,out.log,.log,3077,7a57f298c4add691a921817bdda74c6abbdb98c036f0b640293f63016bdf35d5,2026-07-20T03:04:58,True,True,True,False,False,False,True
study_runs,V100_P0_MINI_I05_R05,study_runs/V100_P0_MINI_I05_R05/checkpoint/5f85c771837f46e69ed3548da85ed85f/code.py,code.py,.py,3621,af1f34df27369b27ce0bc0a7bbdc5938338bb2467cc6eb4c2b8d465cc27b304c,2026-07-20T03:10:54,True,False,False,False,False,False,False
study_runs,V100_P0_MINI_I05_R05,study_runs/V100_P0_MINI_I05_R05/checkpoint/5f85c771837f46e69ed3548da85ed85f/generated/checkpoints/err.log,err.log,.log,951,6a254c2602b7566b8080dc9a3e249853376d2cb68109de34c64df5a7e9f73108,2026-07-20T03:08:10,True,False,False,False,False,False,False
study_runs,V100_P0_MINI_I05_R05,study_runs/V100_P0_MINI_I05_R05/checkpoint/5f85c771837f46e69ed3548da85ed85f/generated/checkpoints/MovieLens100K-938abed0/LensKit.PopScorer-f4aa5539-11/predictions.json,predictions.json,.json,39089340,4612219caa0e1c7f45150c69dfeceeed6b54421c6e71c048531c6c5a6f8203a3,2026-07-20T03:07:57,True,False,False,False,False,False,False
study_runs,V100_P0_MINI_I05_R05,study_runs/V100_P0_MINI_I05_R05/checkpoint/5f85c771837f46e69ed3548da85ed85f/generated/checkpoints/out.log,out.log,.log,0,e3b0c44298fc1c149afbf4c8996fb92427ae41e4649b934ca495991b7852b855,2026-07-20T03:08:10,True,False,False,False,False,False,False
study_runs,V100_P0_MINI_I05_R05,study_runs/V100_P0_MINI_I05_R05/checkpoint/5f85c771837f46e69ed3548da85ed85f/generated/checkpoints/progress.json,progress.json,.json,192,35df4ddf3b6c2d71b6ffb5b23f7b26e9d4b34855ed17bea52b422fd709b23f2f,2026-07-20T03:08:09,True,False,False,False,False,False,False
study_runs,V100_P0_MINI_I05_R05,study_runs/V100_P0_MINI_I05_R05/checkpoint/5f85c771837f46e69ed3548da85ed85f/generated/checkpoints/results.json,results.json,.json,262,88cfd5d9aa667cd711f6d6f29633401a387fc336473c671ef9d067417cc31e9f,2026-07-20T03:08:10,True,False,False,False,False,False,False
study_runs,V100_P0_MINI_I05_R05,study_runs/V100_P0_MINI_I05_R05/checkpoint/5f85c771837f46e69ed3548da85ed85f/out.log,out.log,.log,6324,0f435e46b4c8a4318e2ce571c0ae6ab209f35745008e706376863d7adbd08c8a,2026-07-20T03:08:10,True,True,True,False,False,False,True
study_runs,V100_P0_MINI_I05_R05,study_runs/V100_P0_MINI_I05_R05/checkpoint/868275c3d05d4004ab2e433980557401/code.py,code.py,.py,4387,153a26e9b39747e6cdd7dc70c55db210075855e8cdb5ca9c0650ff2cb54a3704,2026-07-20T03:20:46,True,False,True,False,False,False,False
study_runs,V100_P0_MINI_I05_R05,study_runs/V100_P0_MINI_I05_R05/checkpoint/868275c3d05d4004ab2e433980557401/out.log,out.log,.log,3338,0a9df3c01e71512696b8f3f6629ef03a90d2b8e7623dba85e4adaf95da715039,2026-07-20T03:17:39,True,True,True,False,False,False,True
study_runs,V100_P0_MINI_I05_R05,study_runs/V100_P0_MINI_I05_R05/checkpoint/a60f1446dae34e6c85594e6ccf365727/code.py,code.py,.py,2824,7a8bbb81fa5bd132b80952b5c01fe63032064dfad8c1da25b929af01e0ad1652,2026-07-20T03:16:48,True,False,False,False,False,False,False
study_runs,V100_P0_MINI_I05_R05,study_runs/V100_P0_MINI_I05_R05/checkpoint/a60f1446dae34e6c85594e6ccf365727/generated/checkpoints/err.log,err.log,.log,951,6a254c2602b7566b8080dc9a3e249853376d2cb68109de34c64df5a7e9f73108,2026-07-20T03:13:48,True,False,False,False,False,False,False
study_runs,V100_P0_MINI_I05_R05,study_runs/V100_P0_MINI_I05_R05/checkpoint/a60f1446dae34e6c85594e6ccf365727/generated/checkpoints/MovieLens100K-43a5f96f/LensKit.PopScorer-f4aa5539-11/predictions.json,predictions.json,.json,38692019,9728f474041aed62e064781f6d900bf536ad56030b5028accbb1c0f8637c3b29,2026-07-20T03:13:35,True,False,False,False,False,False,False
study_runs,V100_P0_MINI_I05_R05,study_runs/V100_P0_MINI_I05_R05/checkpoint/a60f1446dae34e6c85594e6ccf365727/generated/checkpoints/out.log,out.log,.log,0,e3b0c44298fc1c149afbf4c8996fb92427ae41e4649b934ca495991b7852b855,2026-07-20T03:13:48,True,False,False,False,False,False,False
study_runs,V100_P0_MINI_I05_R05,study_runs/V100_P0_MINI_I05_R05/checkpoint/a60f1446dae34e6c85594e6ccf365727/generated/checkpoints/progress.json,progress.json,.json,192,909ec8bde61eaeee225a1c3a5be53bcef9b1d44e9d35eb348434a0677b14bf83,2026-07-20T03:13:47,True,False,False,False,False,False,False
study_runs,V100_P0_MINI_I05_R05,study_runs/V100_P0_MINI_I05_R05/checkpoint/a60f1446dae34e6c85594e6ccf365727/generated/checkpoints/results.json,results.json,.json,267,221deb95231fb8dda0b6b3a55f76d91ce059ab94ca107f0a9089f4bc14269cf7,2026-07-20T03:13:48,True,False,False,False,False,False,False
study_runs,V100_P0_MINI_I05_R05,study_runs/V100_P0_MINI_I05_R05/checkpoint/a60f1446dae34e6c85594e6ccf365727/out.log,out.log,.log,6481,91c9243e39f9c7f9702c9a897471e9a525a6302f9084fc67dae6d012868628c8,2026-07-20T03:13:48,True,True,True,False,False,False,True
study_runs,V100_P0_MINI_I05_R05,study_runs/V100_P0_MINI_I05_R05/checkpoint/b961f343d9f8405a8f194c65eb67b0cf/code.py,code.py,.py,2583,a96f2b86d665f0328bc84b64e4004b84f7820fd05ac93e29060c39edd45dc4e0,2026-07-20T03:12:03,True,False,False,False,False,False,False
study_runs,V100_P0_MINI_I05_R05,study_runs/V100_P0_MINI_I05_R05/checkpoint/b961f343d9f8405a8f194c65eb67b0cf/generated/checkpoints/err.log,err.log,.log,951,6a254c2602b7566b8080dc9a3e249853376d2cb68109de34c64df5a7e9f73108,2026-07-20T03:10:21,True,False,False,False,False,False,False
study_runs,V100_P0_MINI_I05_R05,study_runs/V100_P0_MINI_I05_R05/checkpoint/b961f343d9f8405a8f194c65eb67b0cf/generated/checkpoints/MovieLens100K-938abed0/LensKit.PopScorer-f4aa5539-11/predictions.json,predictions.json,.json,39089340,4612219caa0e1c7f45150c69dfeceeed6b54421c6e71c048531c6c5a6f8203a3,2026-07-20T03:10:09,True,False,False,False,False,False,False
study_runs,V100_P0_MINI_I05_R05,study_runs/V100_P0_MINI_I05_R05/checkpoint/b961f343d9f8405a8f194c65eb67b0cf/generated/checkpoints/out.log,out.log,.log,0,e3b0c44298fc1c149afbf4c8996fb92427ae41e4649b934ca495991b7852b855,2026-07-20T03:10:21,True,False,False,False,False,False,False
study_runs,V100_P0_MINI_I05_R05,study_runs/V100_P0_MINI_I05_R05/checkpoint/b961f343d9f8405a8f194c65eb67b0cf/generated/checkpoints/progress.json,progress.json,.json,192,35df4ddf3b6c2d71b6ffb5b23f7b26e9d4b34855ed17bea52b422fd709b23f2f,2026-07-20T03:10:21,True,False,False,False,False,False,False
study_runs,V100_P0_MINI_I05_R05,study_runs/V100_P0_MINI_I05_R05/checkpoint/b961f343d9f8405a8f194c65eb67b0cf/generated/checkpoints/results.json,results.json,.json,266,b5a1c1fed13f3d7630f410cb46c79c0f6fde3a835085757cc31ff2481f727126,2026-07-20T03:10:21,True,False,False,False,False,False,False
study_runs,V100_P0_MINI_I05_R05,study_runs/V100_P0_MINI_I05_R05/checkpoint/b961f343d9f8405a8f194c65eb67b0cf/out.log,out.log,.log,6469,b314b1278a38fe82dcb95b3a4f8af3f4ac493d512c82d343c456ab1f3e86f0fe,2026-07-20T03:10:22,True,True,True,False,False,False,True
study_runs,V100_P0_MINI_I05_R05,study_runs/V100_P0_MINI_I05_R05/checkpoint/c1cab3cf57c346019ca9d1992dcac3ef/code.py,code.py,.py,3124,7f615719e1592de7a1482516e778c0a942e14e55b5626cf57deeb0d8e1fa8206,2026-07-20T03:18:01,True,False,True,False,False,False,False
study_runs,V100_P0_MINI_I05_R05,study_runs/V100_P0_MINI_I05_R05/checkpoint/c1cab3cf57c346019ca9d1992dcac3ef/generated/checkpoints/err.log,err.log,.log,951,6a254c2602b7566b8080dc9a3e249853376d2cb68109de34c64df5a7e9f73108,2026-07-20T03:16:28,True,False,False,False,False,False,False
study_runs,V100_P0_MINI_I05_R05,study_runs/V100_P0_MINI_I05_R05/checkpoint/c1cab3cf57c346019ca9d1992dcac3ef/generated/checkpoints/MovieLens100K-938abed0/LensKit.PopScorer-f4aa5539-42/predictions.json,predictions.json,.json,39030742,e873db521daa6ad7479bf6310994379dd44559a4417c6875b0f21d1840f00564,2026-07-20T03:16:17,True,False,False,False,False,False,False
study_runs,V100_P0_MINI_I05_R05,study_runs/V100_P0_MINI_I05_R05/checkpoint/c1cab3cf57c346019ca9d1992dcac3ef/generated/checkpoints/out.log,out.log,.log,0,e3b0c44298fc1c149afbf4c8996fb92427ae41e4649b934ca495991b7852b855,2026-07-20T03:16:28,True,False,False,False,False,False,False
study_runs,V100_P0_MINI_I05_R05,study_runs/V100_P0_MINI_I05_R05/checkpoint/c1cab3cf57c346019ca9d1992dcac3ef/generated/checkpoints/progress.json,progress.json,.json,192,fb62e009e9c58f38c45eeedf07bb504bc47c0dbc06e9aa247eb16c6f21aa6e9c,2026-07-20T03:16:27,True,False,False,False,False,False,False
study_runs,V100_P0_MINI_I05_R05,study_runs/V100_P0_MINI_I05_R05/checkpoint/c1cab3cf57c346019ca9d1992dcac3ef/generated/checkpoints/results.json,results.json,.json,266,92e4a08d1674e2d57711f83628907b155058800a24ffdb738a7d3b5cb64e75c3,2026-07-20T03:16:28,True,False,False,False,False,False,False
study_runs,V100_P0_MINI_I05_R05,study_runs/V100_P0_MINI_I05_R05/checkpoint/c1cab3cf57c346019ca9d1992dcac3ef/out.log,out.log,.log,4177,86e1938bd58070e6a8e00a900e00e4cba3909518b22d0a6fea7d173ed520c05f,2026-07-20T03:16:29,True,False,False,True,False,False,True
study_runs,V100_P0_MINI_I05_R05,study_runs/V100_P0_MINI_I05_R05/checkpoint/c1cab3cf57c346019ca9d1992dcac3ef_iteration1/code.py,code.py,.py,6178,a89e6a6c441eb566acb7629311567525d07b0a711e778f88761a41a71dd29cd9,2026-07-20T03:24:46,True,False,True,False,False,False,False
study_runs,V100_P0_MINI_I05_R05,study_runs/V100_P0_MINI_I05_R05/checkpoint/c1cab3cf57c346019ca9d1992dcac3ef_iteration1/generated/checkpoints/err.log,err.log,.log,0,e3b0c44298fc1c149afbf4c8996fb92427ae41e4649b934ca495991b7852b855,2026-07-20T03:21:28,True,False,False,False,False,False,False
study_runs,V100_P0_MINI_I05_R05,study_runs/V100_P0_MINI_I05_R05/checkpoint/c1cab3cf57c346019ca9d1992dcac3ef_iteration1/generated/checkpoints/out.log,out.log,.log,0,e3b0c44298fc1c149afbf4c8996fb92427ae41e4649b934ca495991b7852b855,2026-07-20T03:21:28,True,False,False,False,False,False,False
study_runs,V100_P0_MINI_I05_R05,study_runs/V100_P0_MINI_I05_R05/checkpoint/c1cab3cf57c346019ca9d1992dcac3ef_iteration1/generated/checkpoints/progress.json,progress.json,.json,199,d05321e741da4f4f8cb79f581f778c0eca84d691dae2b6f850c7341696963010,2026-07-20T03:21:28,True,False,False,False,False,False,False
study_runs,V100_P0_MINI_I05_R05,study_runs/V100_P0_MINI_I05_R05/checkpoint/c1cab3cf57c346019ca9d1992dcac3ef_iteration1/out.log,out.log,.log,2490,1a55b7f4ff380fe10ef805fac04307c58071b90cdb043a91558b5223b5b83ecf,2026-07-20T03:21:29,True,False,True,False,False,False,True
study_runs,V100_P0_MINI_I05_R05,study_runs/V100_P0_MINI_I05_R05/checkpoint/c1cab3cf57c346019ca9d1992dcac3ef_iteration2/code.py,code.py,.py,5757,72e594c41bdc9952197a144cd5a7d2cbe72e0b75508cad5e2a66bc77ee1cacc0,2026-07-20T03:24:46,True,False,True,False,False,False,False
study_runs,V100_P0_MINI_I05_R05,study_runs/V100_P0_MINI_I05_R05/checkpoint/c1cab3cf57c346019ca9d1992dcac3ef_iteration2/out.log,out.log,.log,707,60526767c1e7dca6e9de749511b636942796dc8d1f727aac4124da731b6fd6d4,2026-07-20T03:22:58,True,False,True,False,False,False,False
study_runs,V100_P0_MINI_I05_R05,study_runs/V100_P0_MINI_I05_R05/checkpoint/c1cab3cf57c346019ca9d1992dcac3ef_seed/code.py,code.py,.py,3124,7f615719e1592de7a1482516e778c0a942e14e55b5626cf57deeb0d8e1fa8206,2026-07-20T03:22:26,True,False,True,False,False,False,False
study_runs,V100_P0_MINI_I05_R05,study_runs/V100_P0_MINI_I05_R05/checkpoint/c1cab3cf57c346019ca9d1992dcac3ef_seed/generated/checkpoints/err.log,err.log,.log,951,6a254c2602b7566b8080dc9a3e249853376d2cb68109de34c64df5a7e9f73108,2026-07-20T03:20:00,True,False,False,False,False,False,False
study_runs,V100_P0_MINI_I05_R05,study_runs/V100_P0_MINI_I05_R05/checkpoint/c1cab3cf57c346019ca9d1992dcac3ef_seed/generated/checkpoints/MovieLens100K-938abed0/LensKit.PopScorer-f4aa5539-42/predictions.json,predictions.json,.json,39030742,e873db521daa6ad7479bf6310994379dd44559a4417c6875b0f21d1840f00564,2026-07-20T03:19:48,True,False,False,False,False,False,False
study_runs,V100_P0_MINI_I05_R05,study_runs/V100_P0_MINI_I05_R05/checkpoint/c1cab3cf57c346019ca9d1992dcac3ef_seed/generated/checkpoints/out.log,out.log,.log,0,e3b0c44298fc1c149afbf4c8996fb92427ae41e4649b934ca495991b7852b855,2026-07-20T03:20:00,True,False,False,False,False,False,False
study_runs,V100_P0_MINI_I05_R05,study_runs/V100_P0_MINI_I05_R05/checkpoint/c1cab3cf57c346019ca9d1992dcac3ef_seed/generated/checkpoints/progress.json,progress.json,.json,192,fb62e009e9c58f38c45eeedf07bb504bc47c0dbc06e9aa247eb16c6f21aa6e9c,2026-07-20T03:20:00,True,False,False,False,False,False,False
study_runs,V100_P0_MINI_I05_R05,study_runs/V100_P0_MINI_I05_R05/checkpoint/c1cab3cf57c346019ca9d1992dcac3ef_seed/generated/checkpoints/results.json,results.json,.json,266,92e4a08d1674e2d57711f83628907b155058800a24ffdb738a7d3b5cb64e75c3,2026-07-20T03:20:00,True,False,False,False,False,False,False
study_runs,V100_P0_MINI_I05_R05,study_runs/V100_P0_MINI_I05_R05/checkpoint/c1cab3cf57c346019ca9d1992dcac3ef_seed/out.log,out.log,.log,4177,97efadfc3014e728596e13118a6749f346fd0a3de6882fb64f1a1cb1afb53076,2026-07-20T03:20:01,True,False,False,True,False,False,True
study_runs,V100_P0_MINI_I05_R05,study_runs/V100_P0_MINI_I05_R05/code_requirements_final.json,code_requirements_final.json,.json,2156,b7ee73d1b11699f2547feda44ff65108e7c0663407182f4c7d667b0f520e30af,2026-07-20T03:18:40,True,False,False,False,False,False,False
study_runs,V100_P0_MINI_I05_R05,study_runs/V100_P0_MINI_I05_R05/code_requirements_prototype.json,code_requirements_prototype.json,.json,801,60cfd51f7c11521d21da78ba0aca4c57d05a75d488f6b6bfefdab9b8708d1321,2026-07-20T03:04:05,True,False,False,False,False,False,False
study_runs,V100_P0_MINI_I05_R05,study_runs/V100_P0_MINI_I05_R05/config.source.toml,config.source.toml,.toml,386,43ad328d9e971575946598bc6c906a320d878b57103e5825b7bc1b351074558f,2026-07-20T03:03:30,True,False,False,False,False,False,False
study_runs,V100_P0_MINI_I05_R05,study_runs/V100_P0_MINI_I05_R05/config.toml,config.toml,.toml,416,641980381cdd1ee700c9e649cbbd22efbf7b21c93e0d51cb4c42b02fec6e9b8d,2026-07-20T03:03:30,True,False,False,False,False,False,False
study_runs,V100_P0_MINI_I05_R05,study_runs/V100_P0_MINI_I05_R05/costs_log.csv,costs_log.csv,.csv,12198,329663e2869ab9f6a3ff0f999079546d0ce4a24a3f1ab7ba3d79dbb3fe543950,2026-07-20T03:24:53,True,False,False,False,False,False,False
study_runs,V100_P0_MINI_I05_R05,study_runs/V100_P0_MINI_I05_R05/debug.log,debug.log,.log,247329,4c5f11157f05f7a3c4249f235ef164a8f0d537dd3d532661f90c658c70dd2728,2026-07-20T03:24:56,True,True,True,True,False,False,True
study_runs,V100_P0_MINI_I05_R05,study_runs/V100_P0_MINI_I05_R05/entered_prompt.txt,entered_prompt.txt,.txt,946,dc790c0f84813ae9f582a14783c06db3ee59faaa98d800c6bf831f5ad0d041ab,2026-07-20T03:03:30,True,False,False,False,False,False,False
study_runs,V100_P0_MINI_I05_R05,study_runs/V100_P0_MINI_I05_R05/statistics/0_45bbaea5347142a089ee75b7dab25565.txt,0_45bbaea5347142a089ee75b7dab25565.txt,.txt,455,2b3adb1cfcbce3827f8a0cc2ee6238e969f427367df0cd3709decf647c0af2fc,2026-07-20T03:05:35,True,False,False,False,False,False,False
study_runs,V100_P0_MINI_I05_R05,study_runs/V100_P0_MINI_I05_R05/statistics/1_5f85c771837f46e69ed3548da85ed85f.txt,1_5f85c771837f46e69ed3548da85ed85f.txt,.txt,464,29fb610ac1643a57eb14e652ee9510cfc4e1575ff3c7b1f021061f5658457b9c,2026-07-20T03:08:48,True,False,False,False,False,False,False
study_runs,V100_P0_MINI_I05_R05,study_runs/V100_P0_MINI_I05_R05/statistics/2_b961f343d9f8405a8f194c65eb67b0cf.txt,2_b961f343d9f8405a8f194c65eb67b0cf.txt,.txt,455,c7c02e3e969edae588825260206ee2fc091b52fdabee9e4e744ef3bcde9dede5,2026-07-20T03:10:54,True,False,False,False,False,False,False
study_runs,V100_P0_MINI_I05_R05,study_runs/V100_P0_MINI_I05_R05/statistics/3_33efaaf355e04edbb0aaacba40eb5402.txt,3_33efaaf355e04edbb0aaacba40eb5402.txt,.txt,456,2b6c62fb5cb341069394e5d931e079ad851476ee8ceb1f8538b41788b6db5658,2026-07-20T03:12:03,True,False,False,False,False,False,False
study_runs,V100_P0_MINI_I05_R05,study_runs/V100_P0_MINI_I05_R05/statistics/4_a60f1446dae34e6c85594e6ccf365727.txt,4_a60f1446dae34e6c85594e6ccf365727.txt,.txt,457,6435ccccf152fb9e15af92b60b8c5729d8633dc638d786a057b084fceaec2895,2026-07-20T03:14:20,True,False,False,False,False,False,False
study_runs,V100_P0_MINI_I05_R05,study_runs/V100_P0_MINI_I05_R05/statistics/5_c1cab3cf57c346019ca9d1992dcac3ef.txt,5_c1cab3cf57c346019ca9d1992dcac3ef.txt,.txt,458,857876cfc3295febaeb7e2d82e58c3c275e50375cd80b10e5de4a3142a1622f5,2026-07-20T03:16:48,True,False,False,False,False,False,False
study_runs,V100_P0_MINI_I05_R05,study_runs/V100_P0_MINI_I05_R05/statistics/6_868275c3d05d4004ab2e433980557401.txt,6_868275c3d05d4004ab2e433980557401.txt,.txt,458,746d5df7da1960c2fab28d4743e54cd1d6e7ed76c304228b195d083ff3e5fa47,2026-07-20T03:18:01,True,False,False,False,False,False,False
study_runs,V100_P0_MINI_I05_R05,study_runs/V100_P0_MINI_I05_R05/statistics/7_c1cab3cf57c346019ca9d1992dcac3ef_seed.txt,7_c1cab3cf57c346019ca9d1992dcac3ef_seed.txt,.txt,460,f52d51a799e523f8d7447bf27e517c08af3e70181112129a18675c125b0cf1a2,2026-07-20T03:20:46,True,False,False,False,False,False,False
study_runs,V100_P0_MINI_I05_R05,study_runs/V100_P0_MINI_I05_R05/statistics/8_c1cab3cf57c346019ca9d1992dcac3ef_iteration1.txt,8_c1cab3cf57c346019ca9d1992dcac3ef_iteration1.txt,.txt,493,f3384c906f12766ea8322541987dc3300242737afaf5628613eb98f1bc081155,2026-07-20T03:22:26,True,False,False,False,False,False,False
study_runs,V100_P0_MINI_I05_R05,study_runs/V100_P0_MINI_I05_R05/statistics/9_c1cab3cf57c346019ca9d1992dcac3ef_iteration2.txt,9_c1cab3cf57c346019ca9d1992dcac3ef_iteration2.txt,.txt,477,34be771730a2b1710888382b4f6f8e0a67c88e750a8f7316ef5e5f83d8aeb664,2026-07-20T03:24:46,True,False,False,False,False,False,False
study_runs,V100_P0_MINI_I05_R05,study_runs/V100_P0_MINI_I05_R05/statistics/summary_overall_nodes.txt,summary_overall_nodes.txt,.txt,476,1d0f74c71ee2813e76679de781a28ceedb2c054142c56185337cb99ef6e24c74,2026-07-20T03:24:53,True,False,False,False,False,False,False
study_runs,V100_P0_MINI_I05_R05,study_runs/V100_P0_MINI_I05_R05/summary.md,summary.md,.md,3140,0c09f20421d614a9dc2bab9d70d988a5077625581a2feb622d2e2228dbc29785,2026-07-20T03:24:53,True,False,False,False,False,False,False
study_runs,V100_P0_MINI_I05_R05,study_runs/V100_P0_MINI_I05_R05/tree_render/svg/combined_tree.svg,combined_tree.svg,.svg,10650,5675d3fe81491d6ee278402f4a8c9a8edad13742971a9820bdbd4bc0ddc4b76c,2026-07-20T03:18:08,True,False,False,False,False,False,False
study_runs,V100_P0_MINI_I05_R05,study_runs/V100_P0_MINI_I05_R05/tree_render/svg/tree_0.svg,tree_0.svg,.svg,9599,11b52c9d260b41ee7c1efa316a307e5a37dc245399f7e52fc65646b94737a96d,2026-07-20T03:18:03,True,False,False,False,False,False,False
study_runs,V100_P0_MINI_I05_R05,study_runs/V100_P0_MINI_I05_R05/tree_render/svg/tree_1.svg,tree_1.svg,.svg,1611,478beb2605b61b27859b155f979ba7098b1ff86d8f87dfdc234299d7e7ed5d50,2026-07-20T03:18:06,True,False,False,False,False,False,False
study_runs,V100_P0_NANO_I05_R01,study_runs/V100_P0_NANO_I05_R01/checkpoint/1390f6c0be5743b8927162dbbe425e75/code.py,code.py,.py,2758,8958a3fa619dfb740059eab776fa8fbe33c71b393389e6c2dc796afca8648005,2026-07-18T11:57:42,True,False,True,False,False,False,False
study_runs,V100_P0_NANO_I05_R01,study_runs/V100_P0_NANO_I05_R01/checkpoint/1390f6c0be5743b8927162dbbe425e75/generated/checkpoints/err.log,err.log,.log,1195,4da430e9659bb61bd72765495936d07d95cfc1fd625a65a3cfd549baa46343ae,2026-07-18T11:49:11,True,False,False,False,False,False,False
study_runs,V100_P0_NANO_I05_R01,study_runs/V100_P0_NANO_I05_R01/checkpoint/1390f6c0be5743b8927162dbbe425e75/generated/checkpoints/MovieLens100K-36ca8c6a/LensKit.ImplicitMFScorer-f0dd7ecb-42/predictions.json,predictions.json,.json,32903304,1955a83f249d9f145420a03638a2baf2ae7e7a9108ca099f82a347e515883433,2026-07-18T11:49:00,True,False,False,False,False,False,False
study_runs,V100_P0_NANO_I05_R01,study_runs/V100_P0_NANO_I05_R01/checkpoint/1390f6c0be5743b8927162dbbe425e75/generated/checkpoints/out.log,out.log,.log,0,e3b0c44298fc1c149afbf4c8996fb92427ae41e4649b934ca495991b7852b855,2026-07-18T11:49:11,True,False,False,False,False,False,False
study_runs,V100_P0_NANO_I05_R01,study_runs/V100_P0_NANO_I05_R01/checkpoint/1390f6c0be5743b8927162dbbe425e75/generated/checkpoints/progress.json,progress.json,.json,199,5951c79fd825ff6f29e49b51234527b245c3f17fbde367b3e8a4effe5d2b6205,2026-07-18T11:49:45,True,False,False,False,False,False,False
study_runs,V100_P0_NANO_I05_R01,study_runs/V100_P0_NANO_I05_R01/checkpoint/1390f6c0be5743b8927162dbbe425e75/generated/checkpoints/results.json,results.json,.json,155,de67b75a156437221f6bdfdb7eda45e48596c1d03ea6145323ffce919f7dc731,2026-07-18T11:49:46,True,False,False,False,False,False,False
study_runs,V100_P0_NANO_I05_R01,study_runs/V100_P0_NANO_I05_R01/checkpoint/1390f6c0be5743b8927162dbbe425e75/out.log,out.log,.log,16804,bd47857ddfa2b2ba22f3e7d48b7bc70e62067e395f5fa3c2f6de0dfc51ffdeeb,2026-07-18T11:49:46,True,False,False,False,False,False,True
study_runs,V100_P0_NANO_I05_R01,study_runs/V100_P0_NANO_I05_R01/checkpoint/1390f6c0be5743b8927162dbbe425e75_iteration1/code.py,code.py,.py,7174,dcc058a71e9e6b45732eecd753eacdcfff17415952507bc3e6a1eb848581539e,2026-07-18T12:22:01,True,False,True,False,True,False,False
study_runs,V100_P0_NANO_I05_R01,study_runs/V100_P0_NANO_I05_R01/checkpoint/1390f6c0be5743b8927162dbbe425e75_iteration1/generated/repro/seeds.json,seeds.json,.json,43,4a4e2af26fe11229a6eb877f9571b07e9eb8dfeff3661b4c48e864fcaee4016c,2026-07-18T12:06:18,True,False,False,False,False,False,False
study_runs,V100_P0_NANO_I05_R01,study_runs/V100_P0_NANO_I05_R01/checkpoint/1390f6c0be5743b8927162dbbe425e75_iteration1/out.log,out.log,.log,3060,707e2bb6949acb73e9c4d974af6d8ead3dc812fb292b114fb72b149636328ccb,2026-07-18T12:06:18,True,True,True,False,False,False,True
study_runs,V100_P0_NANO_I05_R01,study_runs/V100_P0_NANO_I05_R01/checkpoint/1390f6c0be5743b8927162dbbe425e75_iteration2/code.py,code.py,.py,7844,b0d33407234977d4f4f54fdb8c2b918ff4d8b8301727ff6225b2325211916362,2026-07-18T12:22:01,True,False,True,False,False,False,False
study_runs,V100_P0_NANO_I05_R01,study_runs/V100_P0_NANO_I05_R01/checkpoint/1390f6c0be5743b8927162dbbe425e75_iteration2/generated/checkpoints/err.log,err.log,.log,3341,886cfe0165eb1324b0fb957166b243f15f998347fa90189ff16eb7b10ef110eb,2026-07-18T12:16:45,True,False,False,False,False,False,False
study_runs,V100_P0_NANO_I05_R01,study_runs/V100_P0_NANO_I05_R01/checkpoint/1390f6c0be5743b8927162dbbe425e75_iteration2/generated/checkpoints/MovieLens100K-fa2ae422/LensKit.ImplicitMFScorer-f0dd7ecb-42/predictions.json,predictions.json,.json,43734880,35888c06c79ceff1404d17af00e7923cea0b4fcf2198b5c8560cc44d2c74c55f,2026-07-18T12:14:26,True,False,False,False,False,False,False
study_runs,V100_P0_NANO_I05_R01,study_runs/V100_P0_NANO_I05_R01/checkpoint/1390f6c0be5743b8927162dbbe425e75_iteration2/generated/checkpoints/MovieLens100K-fa2ae422/LensKit.ItemKNNScorer-c3d66610-42/predictions.json,predictions.json,.json,41650029,0d29802cf45fa3c489340921c20d8c9ab356e1020d69d205b47cb053d4a48028,2026-07-18T12:15:19,True,False,False,False,False,False,False
study_runs,V100_P0_NANO_I05_R01,study_runs/V100_P0_NANO_I05_R01/checkpoint/1390f6c0be5743b8927162dbbe425e75_iteration2/generated/checkpoints/MovieLens100K-fa2ae422/LensKit.PopScorer-f4aa5539-42/predictions.json,predictions.json,.json,43575241,b57843747349d21fbe9decfa5e3bdde1e3a19cb79d237cd10dc6b56902180850,2026-07-18T12:16:32,True,False,False,False,False,False,False
study_runs,V100_P0_NANO_I05_R01,study_runs/V100_P0_NANO_I05_R01/checkpoint/1390f6c0be5743b8927162dbbe425e75_iteration2/generated/checkpoints/out.log,out.log,.log,0,e3b0c44298fc1c149afbf4c8996fb92427ae41e4649b934ca495991b7852b855,2026-07-18T12:14:38,True,False,False,False,False,False,False
study_runs,V100_P0_NANO_I05_R01,study_runs/V100_P0_NANO_I05_R01/checkpoint/1390f6c0be5743b8927162dbbe425e75_iteration2/generated/checkpoints/progress.json,progress.json,.json,537,794438c10e6d0496231374eeee09e71b3d0f3640fe0290e74f7c66b1115b8a13,2026-07-18T12:18:18,True,False,False,False,False,False,False
study_runs,V100_P0_NANO_I05_R01,study_runs/V100_P0_NANO_I05_R01/checkpoint/1390f6c0be5743b8927162dbbe425e75_iteration2/generated/checkpoints/results.json,results.json,.json,2227,0d5dd263966fb95567ae34dfa9f18d3a242c9a3ad01d64dc2626f698b850815c,2026-07-18T12:18:18,True,False,False,False,False,False,False
study_runs,V100_P0_NANO_I05_R01,study_runs/V100_P0_NANO_I05_R01/checkpoint/1390f6c0be5743b8927162dbbe425e75_iteration2/generated/repro/seeds.json,seeds.json,.json,43,4a4e2af26fe11229a6eb877f9571b07e9eb8dfeff3661b4c48e864fcaee4016c,2026-07-18T12:13:13,True,False,False,False,False,False,False
study_runs,V100_P0_NANO_I05_R01,study_runs/V100_P0_NANO_I05_R01/checkpoint/1390f6c0be5743b8927162dbbe425e75_iteration2/generated/results/MovieLens100K_summary.csv,MovieLens100K_summary.csv,.csv,590,b097ec497fb695b6fa56139a6ec4efde2e01a24fd6c869635356d1fdc824c803,2026-07-18T12:18:18,True,False,False,False,False,False,False
study_runs,V100_P0_NANO_I05_R01,study_runs/V100_P0_NANO_I05_R01/checkpoint/1390f6c0be5743b8927162dbbe425e75_iteration2/out.log,out.log,.log,43749,5093be940a3f2fdd5046f88f0f205401d833d1bd4aeb7b88e9c1859f031c21f5,2026-07-18T12:18:23,True,True,True,False,False,False,True
study_runs,V100_P0_NANO_I05_R01,study_runs/V100_P0_NANO_I05_R01/checkpoint/1390f6c0be5743b8927162dbbe425e75_seed/code.py,code.py,.py,2758,8958a3fa619dfb740059eab776fa8fbe33c71b393389e6c2dc796afca8648005,2026-07-18T12:10:37,True,False,True,False,False,False,False
study_runs,V100_P0_NANO_I05_R01,study_runs/V100_P0_NANO_I05_R01/checkpoint/1390f6c0be5743b8927162dbbe425e75_seed/generated/checkpoints/err.log,err.log,.log,1195,4da430e9659bb61bd72765495936d07d95cfc1fd625a65a3cfd549baa46343ae,2026-07-18T11:59:51,True,False,False,False,False,False,False
study_runs,V100_P0_NANO_I05_R01,study_runs/V100_P0_NANO_I05_R01/checkpoint/1390f6c0be5743b8927162dbbe425e75_seed/generated/checkpoints/MovieLens100K-36ca8c6a/LensKit.ImplicitMFScorer-f0dd7ecb-42/predictions.json,predictions.json,.json,32902229,ecb602d5d5bb50a6de6a6826f0abecb286b8d2dae4918a77973079a05dda521a,2026-07-18T11:59:40,True,False,False,False,False,False,False
study_runs,V100_P0_NANO_I05_R01,study_runs/V100_P0_NANO_I05_R01/checkpoint/1390f6c0be5743b8927162dbbe425e75_seed/generated/checkpoints/out.log,out.log,.log,0,e3b0c44298fc1c149afbf4c8996fb92427ae41e4649b934ca495991b7852b855,2026-07-18T11:59:51,True,False,False,False,False,False,False
study_runs,V100_P0_NANO_I05_R01,study_runs/V100_P0_NANO_I05_R01/checkpoint/1390f6c0be5743b8927162dbbe425e75_seed/generated/checkpoints/progress.json,progress.json,.json,199,5951c79fd825ff6f29e49b51234527b245c3f17fbde367b3e8a4effe5d2b6205,2026-07-18T12:00:25,True,False,False,False,False,False,False
study_runs,V100_P0_NANO_I05_R01,study_runs/V100_P0_NANO_I05_R01/checkpoint/1390f6c0be5743b8927162dbbe425e75_seed/generated/checkpoints/results.json,results.json,.json,156,3b63a19496dce2a961b8f275c919aadb9c518e6418f89b56cc826810e9369022,2026-07-18T12:00:25,True,False,False,False,False,False,False
study_runs,V100_P0_NANO_I05_R01,study_runs/V100_P0_NANO_I05_R01/checkpoint/1390f6c0be5743b8927162dbbe425e75_seed/out.log,out.log,.log,16864,2c0066acdb595e270e3ae54aa8e134b5945285d4966b01ca69015afe0890103e,2026-07-18T12:00:26,True,False,False,False,False,False,True
study_runs,V100_P0_NANO_I05_R01,study_runs/V100_P0_NANO_I05_R01/checkpoint/30515235274c4e9f810042ff01ad146d/code.py,code.py,.py,3483,caa087b626d7a95c606a8eff7ffccd56cd37ed1d2546cafc16069d9d77b56071,2026-07-18T11:52:52,True,False,True,False,False,False,False
study_runs,V100_P0_NANO_I05_R01,study_runs/V100_P0_NANO_I05_R01/checkpoint/30515235274c4e9f810042ff01ad146d/out.log,out.log,.log,3059,2be72fca3b45cd927c9b2d5da84d34ed0db4cb9b178a6ccdcb3d1abfa74fa7b6,2026-07-18T11:43:45,True,True,True,False,False,False,True
study_runs,V100_P0_NANO_I05_R01,study_runs/V100_P0_NANO_I05_R01/checkpoint/68cabbbc75664b5896083f4b1803231a/code.py,code.py,.py,2787,7cecf5d710e1b505e1f6f9e761e41b18c8bba83b3dc54823f08f95f8f9c42380,2026-07-18T11:29:53,True,False,True,False,False,False,False
study_runs,V100_P0_NANO_I05_R01,study_runs/V100_P0_NANO_I05_R01/checkpoint/68cabbbc75664b5896083f4b1803231a/out.log,out.log,.log,3059,c9fa7e8471d3b36b4f46cadda71004eb96c77340a95fce9ec8f5c9a1d3bbf957,2026-07-18T11:18:38,True,True,True,False,False,False,True
study_runs,V100_P0_NANO_I05_R01,study_runs/V100_P0_NANO_I05_R01/checkpoint/904094bc4dec46988262a1fe8b9d35f6/code.py,code.py,.py,2192,0f524c0d4808e65d7c69fe7783bde9213281dbc1f5ae3c547f8afa6c1abd9f55,2026-07-18T11:42:21,True,False,False,False,True,False,False
study_runs,V100_P0_NANO_I05_R01,study_runs/V100_P0_NANO_I05_R01/checkpoint/904094bc4dec46988262a1fe8b9d35f6/generated/checkpoints/err.log,err.log,.log,1413,b3c5674e1401c21f8e413a5477d8ecf68071b268a0b524f4844ea93aa784187b,2026-07-18T11:33:07,True,False,False,False,False,False,False
study_runs,V100_P0_NANO_I05_R01,study_runs/V100_P0_NANO_I05_R01/checkpoint/904094bc4dec46988262a1fe8b9d35f6/generated/checkpoints/MovieLens100K-08d57673/LensKit.ItemKNNScorer-3415f984-42/predictions.json,predictions.json,.json,36589063,a74a42c20f322d474f117646a12d279ae3793d02f9963c8ed5aac1ae65ce6466,2026-07-18T11:32:55,True,False,False,False,False,False,False
study_runs,V100_P0_NANO_I05_R01,study_runs/V100_P0_NANO_I05_R01/checkpoint/904094bc4dec46988262a1fe8b9d35f6/generated/checkpoints/out.log,out.log,.log,0,e3b0c44298fc1c149afbf4c8996fb92427ae41e4649b934ca495991b7852b855,2026-07-18T11:33:07,True,False,False,False,False,False,False
study_runs,V100_P0_NANO_I05_R01,study_runs/V100_P0_NANO_I05_R01/checkpoint/904094bc4dec46988262a1fe8b9d35f6/generated/checkpoints/progress.json,progress.json,.json,315,2ebf9267dabea4c23333a559007ace74d229e97507b9d621b467690323b3d1d1,2026-07-18T11:33:06,True,False,False,False,False,False,False
study_runs,V100_P0_NANO_I05_R01,study_runs/V100_P0_NANO_I05_R01/checkpoint/904094bc4dec46988262a1fe8b9d35f6/generated/checkpoints/results.json,results.json,.json,271,0ae6f1a0e091ccd0b32877eca1fea31f383949ce08eabe82600404bef66db5b8,2026-07-18T11:33:07,True,False,False,False,False,False,False
study_runs,V100_P0_NANO_I05_R01,study_runs/V100_P0_NANO_I05_R01/checkpoint/904094bc4dec46988262a1fe8b9d35f6/out.log,out.log,.log,3783,859a4ae39ac64c693a58f34fef18482cfd860c30e72dc744f2ab10574ffc8c84,2026-07-18T11:33:07,True,False,False,False,False,False,True
study_runs,V100_P0_NANO_I05_R01,study_runs/V100_P0_NANO_I05_R01/checkpoint/bb55ca0ddab64ee888dc16a97f278052/code.py,code.py,.py,2,7eb70257593da06f682a3ddda54a9d260d4fc514f645237f5ca74b08f8da61a6,2026-07-18T12:03:34,True,False,False,False,False,False,False
study_runs,V100_P0_NANO_I05_R01,study_runs/V100_P0_NANO_I05_R01/checkpoint/bb55ca0ddab64ee888dc16a97f278052/out.log,out.log,.log,49,b999c05453cbce1dd7fa3d0ee70d14f3b54a511d7b134eda76c99d23181d0525,2026-07-18T11:54:04,True,False,False,False,False,False,False
study_runs,V100_P0_NANO_I05_R01,study_runs/V100_P0_NANO_I05_R01/checkpoint/d685542335b541bda6180c4aa38c51d2/code.py,code.py,.py,3279,682d96695a5c5e9a3c06320532d261f477c091d516abc3a6d51e0527f51e627e,2026-07-18T11:47:02,True,False,True,False,True,False,False
study_runs,V100_P0_NANO_I05_R01,study_runs/V100_P0_NANO_I05_R01/checkpoint/d685542335b541bda6180c4aa38c51d2/out.log,out.log,.log,2858,0cf1931dd0bd0a74bf75587b97eb743a37d844b6ff25e26456db3083f373be9e,2026-07-18T11:38:51,True,True,True,False,False,False,True
study_runs,V100_P0_NANO_I05_R01,study_runs/V100_P0_NANO_I05_R01/checkpoint/fb056bbc8ea4465b8bd57be4a1f3d081/code.py,code.py,.py,2,7eb70257593da06f682a3ddda54a9d260d4fc514f645237f5ca74b08f8da61a6,2026-07-18T11:36:55,True,False,False,False,False,False,False
study_runs,V100_P0_NANO_I05_R01,study_runs/V100_P0_NANO_I05_R01/checkpoint/fb056bbc8ea4465b8bd57be4a1f3d081/out.log,out.log,.log,49,b999c05453cbce1dd7fa3d0ee70d14f3b54a511d7b134eda76c99d23181d0525,2026-07-18T11:25:23,True,False,False,False,False,False,False
study_runs,V100_P0_NANO_I05_R01,study_runs/V100_P0_NANO_I05_R01/code_requirements_final.json,code_requirements_final.json,.json,2389,c5469c50e821dc4b2d2198d7630f7249c92e3a28d261594ca910904d234f3604,2026-07-18T11:58:33,True,False,False,False,False,False,False
study_runs,V100_P0_NANO_I05_R01,study_runs/V100_P0_NANO_I05_R01/code_requirements_prototype.json,code_requirements_prototype.json,.json,1145,276e8a2ce4eda24d8af9108e92163e73e9ee6e6cfd0815b78f01225c5a694898,2026-07-18T11:16:24,True,False,False,False,False,False,False
study_runs,V100_P0_NANO_I05_R01,study_runs/V100_P0_NANO_I05_R01/config.source.toml,config.source.toml,.toml,386,43ad328d9e971575946598bc6c906a320d878b57103e5825b7bc1b351074558f,2026-07-18T11:15:28,True,False,False,False,False,False,False
study_runs,V100_P0_NANO_I05_R01,study_runs/V100_P0_NANO_I05_R01/config.toml,config.toml,.toml,414,c898a876fd18cdf61a8edcd085b637587d640fd282c758dab0bfb79dee2b5cc7,2026-07-18T11:15:28,True,False,False,False,False,False,False
study_runs,V100_P0_NANO_I05_R01,study_runs/V100_P0_NANO_I05_R01/costs_log.csv,costs_log.csv,.csv,16244,2db9afd8f7b29cfb543fc91697bdda322f192ed8f6bd8f462cf7d33f93d99d2d,2026-07-18T12:22:49,True,False,False,False,False,False,False
study_runs,V100_P0_NANO_I05_R01,study_runs/V100_P0_NANO_I05_R01/debug.log,debug.log,.log,412579,2bff9db0657ec8068befcf3d5c3af0a0bb12130ecd4178cb318edee41907f02b,2026-07-18T12:22:53,True,True,True,False,True,False,True
study_runs,V100_P0_NANO_I05_R01,study_runs/V100_P0_NANO_I05_R01/entered_prompt.txt,entered_prompt.txt,.txt,946,dc790c0f84813ae9f582a14783c06db3ee59faaa98d800c6bf831f5ad0d041ab,2026-07-18T11:15:28,True,False,False,False,False,False,False
study_runs,V100_P0_NANO_I05_R01,study_runs/V100_P0_NANO_I05_R01/statistics/0_68cabbbc75664b5896083f4b1803231a.txt,0_68cabbbc75664b5896083f4b1803231a.txt,.txt,452,d34803c42ff935ec0698df55e9a493cfce3c4c5df7fd78e61b7fe155c708192e,2026-07-18T11:22:05,True,False,False,False,False,False,False
study_runs,V100_P0_NANO_I05_R01,study_runs/V100_P0_NANO_I05_R01/statistics/1_fb056bbc8ea4465b8bd57be4a1f3d081.txt,1_fb056bbc8ea4465b8bd57be4a1f3d081.txt,.txt,408,5fe6d50835d3ffe59aaaac256c2f5d55f64f9545643bbd94a14b591ed66daa64,2026-07-18T11:29:53,True,False,False,False,False,False,False
study_runs,V100_P0_NANO_I05_R01,study_runs/V100_P0_NANO_I05_R01/statistics/2_904094bc4dec46988262a1fe8b9d35f6.txt,2_904094bc4dec46988262a1fe8b9d35f6.txt,.txt,453,89a8c9c6989410cf3496fd974c1ebf50bc2056aa561cb5e7dc97f12f5f9c99ee,2026-07-18T11:36:55,True,False,False,False,False,False,False
study_runs,V100_P0_NANO_I05_R01,study_runs/V100_P0_NANO_I05_R01/statistics/3_d685542335b541bda6180c4aa38c51d2.txt,3_d685542335b541bda6180c4aa38c51d2.txt,.txt,477,f58f165c788161d8ad3aa80bf1a61eb76891d38d4ea8162eecdb2bfea580fdfa,2026-07-18T11:42:21,True,False,False,False,False,False,False
study_runs,V100_P0_NANO_I05_R01,study_runs/V100_P0_NANO_I05_R01/statistics/4_30515235274c4e9f810042ff01ad146d.txt,4_30515235274c4e9f810042ff01ad146d.txt,.txt,462,f83c44b8fb9b7090841f4cba00e7b54bf6035db5d920461a303c525c651e9218,2026-07-18T11:47:02,True,False,False,False,False,False,False
study_runs,V100_P0_NANO_I05_R01,study_runs/V100_P0_NANO_I05_R01/statistics/5_1390f6c0be5743b8927162dbbe425e75.txt,5_1390f6c0be5743b8927162dbbe425e75.txt,.txt,446,debab4a36ae29c7f30239911e7008303f53ab8f50e5b75dd4ab03f9b235ef000,2026-07-18T11:52:52,True,False,False,False,False,False,False
study_runs,V100_P0_NANO_I05_R01,study_runs/V100_P0_NANO_I05_R01/statistics/6_bb55ca0ddab64ee888dc16a97f278052.txt,6_bb55ca0ddab64ee888dc16a97f278052.txt,.txt,407,0b98eb47e0766c563b1a23247759c042df9bd1cd975d34e429856fb409cfc837,2026-07-18T11:57:42,True,False,False,False,False,False,False
study_runs,V100_P0_NANO_I05_R01,study_runs/V100_P0_NANO_I05_R01/statistics/7_1390f6c0be5743b8927162dbbe425e75_seed.txt,7_1390f6c0be5743b8927162dbbe425e75_seed.txt,.txt,449,55be6e38124149cdb3d9643a45b7f146df8559649c070e7bc2e9ef38afbf5fe1,2026-07-18T12:03:35,True,False,False,False,False,False,False
study_runs,V100_P0_NANO_I05_R01,study_runs/V100_P0_NANO_I05_R01/statistics/8_1390f6c0be5743b8927162dbbe425e75_iteration1.txt,8_1390f6c0be5743b8927162dbbe425e75_iteration1.txt,.txt,491,3407fab507984629af5ec62bb8450d4856a73d31b18c985deccf7607f293392f,2026-07-18T12:10:37,True,False,False,False,False,False,False
study_runs,V100_P0_NANO_I05_R01,study_runs/V100_P0_NANO_I05_R01/statistics/9_1390f6c0be5743b8927162dbbe425e75_iteration2.txt,9_1390f6c0be5743b8927162dbbe425e75_iteration2.txt,.txt,475,38e20e4042b61b85915cac99d022fdb67da4ef137b504b7dd47710864e81c938,2026-07-18T12:22:01,True,False,False,False,False,False,False
study_runs,V100_P0_NANO_I05_R01,study_runs/V100_P0_NANO_I05_R01/statistics/summary_overall_nodes.txt,summary_overall_nodes.txt,.txt,472,1cbba18c1b696a77de4868737ffde6d0618b62b86a8c31ac6fcf4e955aa8f4fc,2026-07-18T12:22:49,True,False,False,False,False,False,False
study_runs,V100_P0_NANO_I05_R01,study_runs/V100_P0_NANO_I05_R01/summary.md,summary.md,.md,7290,ddc2902c91adf92616752f610becc1026351a7ae4f5bdbc7135a5e78dc52cf16,2026-07-18T12:22:49,True,False,False,False,False,False,False
study_runs,V100_P0_NANO_I05_R01,study_runs/V100_P0_NANO_I05_R01/tree_render/svg/combined_tree.svg,combined_tree.svg,.svg,10640,12f796b4a0cbbdd81c4cca205e88c672ef296b718d568835ef225a48a730b7cc,2026-07-18T11:57:49,True,False,False,False,False,False,False
study_runs,V100_P0_NANO_I05_R01,study_runs/V100_P0_NANO_I05_R01/tree_render/svg/tree_0.svg,tree_0.svg,.svg,6360,10f20649ac29592ff4d309807a583832f79d5136fd310a02cbe80b0b914144e8,2026-07-18T11:57:45,True,False,False,False,False,False,False
study_runs,V100_P0_NANO_I05_R01,study_runs/V100_P0_NANO_I05_R01/tree_render/svg/tree_1.svg,tree_1.svg,.svg,4771,1a6722d467b279073bf776030224c0afd18d5ce3c882f5e18cf1c24336918789,2026-07-18T11:57:47,True,False,False,False,False,False,False
study_runs,V100_P0_NANO_I05_R02,study_runs/V100_P0_NANO_I05_R02/checkpoint/18b7f6bec8674f31bade4bbe0b7b00d1/code.py,code.py,.py,2,7eb70257593da06f682a3ddda54a9d260d4fc514f645237f5ca74b08f8da61a6,2026-07-18T13:09:28,True,False,False,False,False,False,False
study_runs,V100_P0_NANO_I05_R02,study_runs/V100_P0_NANO_I05_R02/checkpoint/18b7f6bec8674f31bade4bbe0b7b00d1/out.log,out.log,.log,49,b999c05453cbce1dd7fa3d0ee70d14f3b54a511d7b134eda76c99d23181d0525,2026-07-18T13:01:30,True,False,False,False,False,False,False
study_runs,V100_P0_NANO_I05_R02,study_runs/V100_P0_NANO_I05_R02/checkpoint/6a0cf4c7c8ae4eb38239a2d32552fcef/code.py,code.py,.py,8323,63ab1350d501ff4237fce96c58ae0f5765f89efa48412413f35eaf787d0c18fb,2026-07-18T12:59:17,True,False,True,True,False,False,False
study_runs,V100_P0_NANO_I05_R02,study_runs/V100_P0_NANO_I05_R02/checkpoint/6a0cf4c7c8ae4eb38239a2d32552fcef/generated/seeds_ndcg5_results.csv,seeds_ndcg5_results.csv,.csv,43,2dde2fbef5e033e6907cdcef9f70d6282660bbd345cc96e545743b2bed7914a6,2026-07-18T12:50:35,True,False,False,False,False,False,False
study_runs,V100_P0_NANO_I05_R02,study_runs/V100_P0_NANO_I05_R02/checkpoint/6a0cf4c7c8ae4eb38239a2d32552fcef/out.log,out.log,.log,971,cec2706ea0ec85b6a90d93c138ceac69d1b81f9194dcd429b8882d6fa72882e8,2026-07-18T12:50:36,True,False,False,False,False,False,True
study_runs,V100_P0_NANO_I05_R02,study_runs/V100_P0_NANO_I05_R02/checkpoint/7f8daae4290c42b58639fe8324dbb6f1/code.py,code.py,.py,6533,872522694a0c46b2ee590019b6c300d8f5341cfb94780535834e768f3e30ecca,2026-07-18T12:49:26,True,False,True,True,True,False,False
study_runs,V100_P0_NANO_I05_R02,study_runs/V100_P0_NANO_I05_R02/checkpoint/7f8daae4290c42b58639fe8324dbb6f1/out.log,out.log,.log,351,23b482379953ae87fce084c9d83f0065fc85cd85da3567f16f89b5fa025cce0a,2026-07-18T12:43:19,True,False,False,False,False,False,False
study_runs,V100_P0_NANO_I05_R02,study_runs/V100_P0_NANO_I05_R02/checkpoint/9f50d12e74004c45b69f3ea3046d01a1/code.py,code.py,.py,2,7eb70257593da06f682a3ddda54a9d260d4fc514f645237f5ca74b08f8da61a6,2026-07-18T12:45:12,True,False,False,False,False,False,False
study_runs,V100_P0_NANO_I05_R02,study_runs/V100_P0_NANO_I05_R02/checkpoint/9f50d12e74004c45b69f3ea3046d01a1/out.log,out.log,.log,49,b999c05453cbce1dd7fa3d0ee70d14f3b54a511d7b134eda76c99d23181d0525,2026-07-18T12:35:30,True,False,False,False,False,False,False
study_runs,V100_P0_NANO_I05_R02,study_runs/V100_P0_NANO_I05_R02/checkpoint/a995542cfc4648cd844976c6d425c697/code.py,code.py,.py,403,0f829ff87427a284760e01353a23ca8ce523062b9f6c3b60d6ecff244907a224,2026-07-18T13:15:50,True,False,False,False,True,False,False
study_runs,V100_P0_NANO_I05_R02,study_runs/V100_P0_NANO_I05_R02/checkpoint/a995542cfc4648cd844976c6d425c697/out.log,out.log,.log,49,b999c05453cbce1dd7fa3d0ee70d14f3b54a511d7b134eda76c99d23181d0525,2026-07-18T13:06:56,True,False,False,False,False,False,False
study_runs,V100_P0_NANO_I05_R02,study_runs/V100_P0_NANO_I05_R02/checkpoint/a995542cfc4648cd844976c6d425c697_iteration1/code.py,code.py,.py,2,7eb70257593da06f682a3ddda54a9d260d4fc514f645237f5ca74b08f8da61a6,2026-07-18T13:29:17,True,False,False,False,False,False,False
study_runs,V100_P0_NANO_I05_R02,study_runs/V100_P0_NANO_I05_R02/checkpoint/a995542cfc4648cd844976c6d425c697_iteration1/out.log,out.log,.log,49,b999c05453cbce1dd7fa3d0ee70d14f3b54a511d7b134eda76c99d23181d0525,2026-07-18T13:18:25,True,False,False,False,False,False,False
study_runs,V100_P0_NANO_I05_R02,study_runs/V100_P0_NANO_I05_R02/checkpoint/a995542cfc4648cd844976c6d425c697_iteration2/code.py,code.py,.py,5,5a89d628db34315050e0c77d6d3dd343493b05f2fbbf4a1c40f2e6c9360f9a0b,2026-07-18T13:29:17,True,False,False,False,False,False,False
study_runs,V100_P0_NANO_I05_R02,study_runs/V100_P0_NANO_I05_R02/checkpoint/a995542cfc4648cd844976c6d425c697_iteration2/out.log,out.log,.log,49,b999c05453cbce1dd7fa3d0ee70d14f3b54a511d7b134eda76c99d23181d0525,2026-07-18T13:24:34,True,False,False,False,False,False,False
study_runs,V100_P0_NANO_I05_R02,study_runs/V100_P0_NANO_I05_R02/checkpoint/a995542cfc4648cd844976c6d425c697_seed/code.py,code.py,.py,403,0f829ff87427a284760e01353a23ca8ce523062b9f6c3b60d6ecff244907a224,2026-07-18T13:23:11,True,False,False,False,True,False,False
study_runs,V100_P0_NANO_I05_R02,study_runs/V100_P0_NANO_I05_R02/checkpoint/a995542cfc4648cd844976c6d425c697_seed/out.log,out.log,.log,49,b999c05453cbce1dd7fa3d0ee70d14f3b54a511d7b134eda76c99d23181d0525,2026-07-18T13:10:16,True,False,False,False,False,False,False
study_runs,V100_P0_NANO_I05_R02,study_runs/V100_P0_NANO_I05_R02/checkpoint/e0bea02a06514b2fa4d67a287ac91970/code.py,code.py,.py,2,7eb70257593da06f682a3ddda54a9d260d4fc514f645237f5ca74b08f8da61a6,2026-07-18T12:53:07,True,False,False,False,False,False,False
study_runs,V100_P0_NANO_I05_R02,study_runs/V100_P0_NANO_I05_R02/checkpoint/e0bea02a06514b2fa4d67a287ac91970/out.log,out.log,.log,49,b999c05453cbce1dd7fa3d0ee70d14f3b54a511d7b134eda76c99d23181d0525,2026-07-18T12:46:14,True,False,False,False,False,False,False
study_runs,V100_P0_NANO_I05_R02,study_runs/V100_P0_NANO_I05_R02/checkpoint/fec54f7d5aaa42149ff920b41b1df308/code.py,code.py,.py,6053,479844b292328567f3121c84ac812a9b58e2d58d6d6bb23326d2c846f76166ea,2026-07-18T13:05:25,True,False,True,True,False,False,False
study_runs,V100_P0_NANO_I05_R02,study_runs/V100_P0_NANO_I05_R02/checkpoint/fec54f7d5aaa42149ff920b41b1df308/out.log,out.log,.log,1063,a4c2669de68bdcc5335d31e8325afb7eb96d482b02952f5bbc2b0260ffaa32c3,2026-07-18T12:56:15,True,True,True,False,False,False,True
study_runs,V100_P0_NANO_I05_R02,study_runs/V100_P0_NANO_I05_R02/code_requirements_final.json,code_requirements_final.json,.json,2331,8b0e9d131ed1847c7a0696cb1c417b018e320178728b2d3028593bdb2d67aaaf,2026-07-18T13:10:16,True,False,False,False,False,False,False
study_runs,V100_P0_NANO_I05_R02,study_runs/V100_P0_NANO_I05_R02/code_requirements_prototype.json,code_requirements_prototype.json,.json,965,759ec5ec646995e8f3723b04656fd03b54bbb645840baa27c464e193a601b544,2026-07-18T12:33:28,True,False,False,False,False,False,False
study_runs,V100_P0_NANO_I05_R02,study_runs/V100_P0_NANO_I05_R02/config.source.toml,config.source.toml,.toml,386,43ad328d9e971575946598bc6c906a320d878b57103e5825b7bc1b351074558f,2026-07-18T12:32:25,True,False,False,False,False,False,False
study_runs,V100_P0_NANO_I05_R02,study_runs/V100_P0_NANO_I05_R02/config.toml,config.toml,.toml,414,73959fbcf223f045f6e14558102cf48749781fdd31ec2e1ef78c0164f63c0599,2026-07-18T12:32:25,True,False,False,False,False,False,False
study_runs,V100_P0_NANO_I05_R02,study_runs/V100_P0_NANO_I05_R02/costs_log.csv,costs_log.csv,.csv,14440,af1247d4a742daad38a3ed492286c74755e15bbf032a7a1e48f95439780e160c,2026-07-18T13:29:33,True,False,False,False,False,False,False
study_runs,V100_P0_NANO_I05_R02,study_runs/V100_P0_NANO_I05_R02/debug.log,debug.log,.log,295635,db05619d27e007477ae3e3b6fa03361385895322ff539e018b89e252c95e08c2,2026-07-18T13:29:37,True,False,True,True,True,False,True
study_runs,V100_P0_NANO_I05_R02,study_runs/V100_P0_NANO_I05_R02/entered_prompt.txt,entered_prompt.txt,.txt,946,dc790c0f84813ae9f582a14783c06db3ee59faaa98d800c6bf831f5ad0d041ab,2026-07-18T12:32:25,True,False,False,False,False,False,False
study_runs,V100_P0_NANO_I05_R02,study_runs/V100_P0_NANO_I05_R02/statistics/0_9f50d12e74004c45b69f3ea3046d01a1.txt,0_9f50d12e74004c45b69f3ea3046d01a1.txt,.txt,407,fe2fa5327ead2b0edda6018caade997076f79553d0f01dff71785e0f759c6b97,2026-07-18T12:39:48,True,False,False,False,False,False,False
study_runs,V100_P0_NANO_I05_R02,study_runs/V100_P0_NANO_I05_R02/statistics/1_7f8daae4290c42b58639fe8324dbb6f1.txt,1_7f8daae4290c42b58639fe8324dbb6f1.txt,.txt,456,5f6074faa970f9bab146a8c8c8e6d9cc722f781128800a9eb4446709c83c992d,2026-07-18T12:45:12,True,False,False,False,False,False,False
study_runs,V100_P0_NANO_I05_R02,study_runs/V100_P0_NANO_I05_R02/statistics/2_e0bea02a06514b2fa4d67a287ac91970.txt,2_e0bea02a06514b2fa4d67a287ac91970.txt,.txt,409,eab58b3f059eb5a6fea0515d80705d283fbe41bc7cf392e1c85f62554b2a2456,2026-07-18T12:49:26,True,False,False,False,False,False,False
study_runs,V100_P0_NANO_I05_R02,study_runs/V100_P0_NANO_I05_R02/statistics/3_6a0cf4c7c8ae4eb38239a2d32552fcef.txt,3_6a0cf4c7c8ae4eb38239a2d32552fcef.txt,.txt,491,c856b131a19775f9408ec2f7f31677e318498f1f58475bea35f9170d133c0892,2026-07-18T12:53:07,True,False,False,False,False,False,False
study_runs,V100_P0_NANO_I05_R02,study_runs/V100_P0_NANO_I05_R02/statistics/4_fec54f7d5aaa42149ff920b41b1df308.txt,4_fec54f7d5aaa42149ff920b41b1df308.txt,.txt,504,508871516ca6feb8e8a189bae53afa6d2470bf8abe561de202bce48f86e72550,2026-07-18T12:59:17,True,False,False,False,False,False,False
study_runs,V100_P0_NANO_I05_R02,study_runs/V100_P0_NANO_I05_R02/statistics/5_18b7f6bec8674f31bade4bbe0b7b00d1.txt,5_18b7f6bec8674f31bade4bbe0b7b00d1.txt,.txt,408,6fe87e51ee615971171af59f65f3b6c18caebe56b44238a9a76803dbab81dec1,2026-07-18T13:05:25,True,False,False,False,False,False,False
study_runs,V100_P0_NANO_I05_R02,study_runs/V100_P0_NANO_I05_R02/statistics/6_a995542cfc4648cd844976c6d425c697.txt,6_a995542cfc4648cd844976c6d425c697.txt,.txt,409,11dbea1370e5b3bf9567b252e060bff00913ed5f6aff2570b7734157cdfaff86,2026-07-18T13:09:28,True,False,False,False,False,False,False
study_runs,V100_P0_NANO_I05_R02,study_runs/V100_P0_NANO_I05_R02/statistics/7_a995542cfc4648cd844976c6d425c697_seed.txt,7_a995542cfc4648cd844976c6d425c697_seed.txt,.txt,412,6eaece72372772b847a60594518ef4d9addd6b4d32e2155458329d69fe37d853,2026-07-18T13:15:50,True,False,False,False,False,False,False
study_runs,V100_P0_NANO_I05_R02,study_runs/V100_P0_NANO_I05_R02/statistics/8_a995542cfc4648cd844976c6d425c697_iteration1.txt,8_a995542cfc4648cd844976c6d425c697_iteration1.txt,.txt,417,6be64e4c0ce950278ac9440fadde96522a0ea5833014ad39b49cfd97b01f232e,2026-07-18T13:23:11,True,False,False,False,False,False,False
study_runs,V100_P0_NANO_I05_R02,study_runs/V100_P0_NANO_I05_R02/statistics/9_a995542cfc4648cd844976c6d425c697_iteration2.txt,9_a995542cfc4648cd844976c6d425c697_iteration2.txt,.txt,417,ab6982403c883ab0344ffafe171fe10ca0a0839f695a677c30d519c3ab17c012,2026-07-18T13:29:17,True,False,False,False,False,False,False
study_runs,V100_P0_NANO_I05_R02,study_runs/V100_P0_NANO_I05_R02/statistics/summary_overall_nodes.txt,summary_overall_nodes.txt,.txt,485,65e127838ab09c8d55a14ff5685093941e435b69072fcdb64e2b881afba37aa9,2026-07-18T13:29:33,True,False,False,False,False,False,False
study_runs,V100_P0_NANO_I05_R02,study_runs/V100_P0_NANO_I05_R02/summary.md,summary.md,.md,3748,0d2a1ff4512804bb3638ad588be595129fce9f7934658b393300ef8f557d6a4c,2026-07-18T13:29:33,True,False,False,False,False,False,False
study_runs,V100_P0_NANO_I05_R02,study_runs/V100_P0_NANO_I05_R02/tree_render/svg/combined_tree.svg,combined_tree.svg,.svg,10700,2d287ed682227f99da431f74d6ff622cbe9f8f9612161ee8f038f90327ee42bd,2026-07-18T13:09:35,True,False,False,False,False,False,False
study_runs,V100_P0_NANO_I05_R02,study_runs/V100_P0_NANO_I05_R02/tree_render/svg/tree_0.svg,tree_0.svg,.svg,9649,797d51f0f85dc5500c049cf19468ae833765f480fabec5861a6628a921dbf6b1,2026-07-18T13:09:31,True,False,False,False,False,False,False
study_runs,V100_P0_NANO_I05_R02,study_runs/V100_P0_NANO_I05_R02/tree_render/svg/tree_1.svg,tree_1.svg,.svg,1611,c880aa2a2002840989d782b09da62653c9444abf61fda352f7965ac210fefbee,2026-07-18T13:09:33,True,False,False,False,False,False,False
study_runs,V100_P0_NANO_I05_R03,study_runs/V100_P0_NANO_I05_R03/checkpoint/486290c3b99d4bf2b034fa3fe742687a/code.py,code.py,.py,2,7eb70257593da06f682a3ddda54a9d260d4fc514f645237f5ca74b08f8da61a6,2026-07-18T19:37:55,True,False,False,False,False,False,False
study_runs,V100_P0_NANO_I05_R03,study_runs/V100_P0_NANO_I05_R03/checkpoint/486290c3b99d4bf2b034fa3fe742687a/out.log,out.log,.log,49,b999c05453cbce1dd7fa3d0ee70d14f3b54a511d7b134eda76c99d23181d0525,2026-07-18T19:29:54,True,False,False,False,False,False,False
study_runs,V100_P0_NANO_I05_R03,study_runs/V100_P0_NANO_I05_R03/checkpoint/4e0b53f4ed7545aa9e894ae21133ab32/code.py,code.py,.py,4116,c3deb5cc5f5c7f6496d791761d27c8cfc2a9020283b51203e0d625de0c9bdf50,2026-07-18T19:53:36,True,False,True,False,False,False,False
study_runs,V100_P0_NANO_I05_R03,study_runs/V100_P0_NANO_I05_R03/checkpoint/4e0b53f4ed7545aa9e894ae21133ab32/out.log,out.log,.log,2979,d986de544de4d53bd5167ada7df14f43b9467237c371af519e09a5d3a5475620,2026-07-18T19:44:23,True,True,True,False,False,False,True
study_runs,V100_P0_NANO_I05_R03,study_runs/V100_P0_NANO_I05_R03/checkpoint/8d9208e09373435ba578757c5b440ede/code.py,code.py,.py,4913,90d55c5600348797412486c5d0d2a14601b668424fdb289ba6319c77a0b60cfe,2026-07-18T19:47:34,True,False,True,False,False,False,False
study_runs,V100_P0_NANO_I05_R03,study_runs/V100_P0_NANO_I05_R03/checkpoint/8d9208e09373435ba578757c5b440ede/out.log,out.log,.log,205,00a5cf0787044bbf338472e9e29fad23af37308353a7aedf817b1746f695f9df,2026-07-18T19:39:27,True,False,True,False,False,False,False
study_runs,V100_P0_NANO_I05_R03,study_runs/V100_P0_NANO_I05_R03/checkpoint/8d9208e09373435ba578757c5b440ede_iteration1/code.py,code.py,.py,2,7eb70257593da06f682a3ddda54a9d260d4fc514f645237f5ca74b08f8da61a6,2026-07-18T20:17:44,True,False,False,False,False,False,False
study_runs,V100_P0_NANO_I05_R03,study_runs/V100_P0_NANO_I05_R03/checkpoint/8d9208e09373435ba578757c5b440ede_iteration1/out.log,out.log,.log,49,b999c05453cbce1dd7fa3d0ee70d14f3b54a511d7b134eda76c99d23181d0525,2026-07-18T19:55:41,True,False,False,False,False,False,False
study_runs,V100_P0_NANO_I05_R03,study_runs/V100_P0_NANO_I05_R03/checkpoint/8d9208e09373435ba578757c5b440ede_iteration2/code.py,code.py,.py,20294,1bc04f2656fa00910fa4f393e4313bdbf7d37fcd2ab52820a72f360a4dd7588a,2026-07-18T20:17:44,True,False,True,False,True,False,False
study_runs,V100_P0_NANO_I05_R03,study_runs/V100_P0_NANO_I05_R03/checkpoint/8d9208e09373435ba578757c5b440ede_iteration2/generated/Amazon2018VideoGames_ALS_seed101/test.csv,test.csv,.csv,3440785,3daf589639aac1f04f73f082b234e2ab2ed93f10693f4b877e86413397c58c8a,2026-07-18T20:06:11,True,False,False,True,False,False,False
study_runs,V100_P0_NANO_I05_R03,study_runs/V100_P0_NANO_I05_R03/checkpoint/8d9208e09373435ba578757c5b440ede_iteration2/generated/Amazon2018VideoGames_ALS_seed101/train.csv,train.csv,.csv,12643075,bd63854f54c45f735f6e1388ada747409b719a28a08d4d5cb73c7221517021c6,2026-07-18T20:06:11,True,False,False,True,False,False,False
study_runs,V100_P0_NANO_I05_R03,study_runs/V100_P0_NANO_I05_R03/checkpoint/8d9208e09373435ba578757c5b440ede_iteration2/generated/Amazon2018VideoGames_ALS_seed202/test.csv,test.csv,.csv,3440727,273b5db6f12957613ff45f7201b08a56b49755c143645aaa644d8f81d9781d14,2026-07-18T20:06:35,True,False,False,True,False,False,False
study_runs,V100_P0_NANO_I05_R03,study_runs/V100_P0_NANO_I05_R03/checkpoint/8d9208e09373435ba578757c5b440ede_iteration2/generated/Amazon2018VideoGames_ALS_seed202/train.csv,train.csv,.csv,12643133,dbe5921152a01043c6022c380d492c6b75cc75ef21e926d1ba23679a56bfdb57,2026-07-18T20:06:34,True,False,False,True,False,False,False
study_runs,V100_P0_NANO_I05_R03,study_runs/V100_P0_NANO_I05_R03/checkpoint/8d9208e09373435ba578757c5b440ede_iteration2/generated/Amazon2018VideoGames_ALS_seed303/test.csv,test.csv,.csv,3440753,6f6b85cf2abd43bd6f4e917d1c97bb0770dbbb085b20c0381260f2051190d273,2026-07-18T20:06:58,True,False,False,True,False,False,False
study_runs,V100_P0_NANO_I05_R03,study_runs/V100_P0_NANO_I05_R03/checkpoint/8d9208e09373435ba578757c5b440ede_iteration2/generated/Amazon2018VideoGames_ALS_seed303/train.csv,train.csv,.csv,12643107,1b37b8f8a671f7cdfa87a3225dc3fbbbd0f9c9010bcc4c8e88abf775caeac563,2026-07-18T20:06:58,True,False,False,True,False,False,False
study_runs,V100_P0_NANO_I05_R03,study_runs/V100_P0_NANO_I05_R03/checkpoint/8d9208e09373435ba578757c5b440ede_iteration2/generated/Amazon2018VideoGames_ALS_seed404/test.csv,test.csv,.csv,3440943,9e596fec6a7f22d3a56f68da5c0b48b1602391f88bdbc1e52fd6b9f9e274b48b,2026-07-18T20:07:21,True,False,False,True,False,False,False
study_runs,V100_P0_NANO_I05_R03,study_runs/V100_P0_NANO_I05_R03/checkpoint/8d9208e09373435ba578757c5b440ede_iteration2/generated/Amazon2018VideoGames_ALS_seed404/train.csv,train.csv,.csv,12642917,a767d1429cacfa6c0204b359d9bd293915cc365d0161cd7279a3a0c1be8163e1,2026-07-18T20:07:21,True,False,False,False,False,False,False
study_runs,V100_P0_NANO_I05_R03,study_runs/V100_P0_NANO_I05_R03/checkpoint/8d9208e09373435ba578757c5b440ede_iteration2/generated/Amazon2018VideoGames_ALS_seed505/test.csv,test.csv,.csv,3440963,77f0aaa95b37c57dc555cbf3ac16222e2584890dc361f908b891b279886b5afa,2026-07-18T20:07:45,True,False,False,False,False,False,False
study_runs,V100_P0_NANO_I05_R03,study_runs/V100_P0_NANO_I05_R03/checkpoint/8d9208e09373435ba578757c5b440ede_iteration2/generated/Amazon2018VideoGames_ALS_seed505/train.csv,train.csv,.csv,12642897,480bc2860eb78f64791c05059314e787b444c7fc9e74d5d6cadefb2bda422c4e,2026-07-18T20:07:45,True,False,False,True,False,False,False
study_runs,V100_P0_NANO_I05_R03,study_runs/V100_P0_NANO_I05_R03/checkpoint/8d9208e09373435ba578757c5b440ede_iteration2/generated/Amazon2018VideoGames_ItemKNN_seed101/test.csv,test.csv,.csv,3440785,3daf589639aac1f04f73f082b234e2ab2ed93f10693f4b877e86413397c58c8a,2026-07-18T20:08:08,True,False,False,True,False,False,False
study_runs,V100_P0_NANO_I05_R03,study_runs/V100_P0_NANO_I05_R03/checkpoint/8d9208e09373435ba578757c5b440ede_iteration2/generated/Amazon2018VideoGames_ItemKNN_seed101/train.csv,train.csv,.csv,12643075,bd63854f54c45f735f6e1388ada747409b719a28a08d4d5cb73c7221517021c6,2026-07-18T20:08:08,True,False,False,True,False,False,False
study_runs,V100_P0_NANO_I05_R03,study_runs/V100_P0_NANO_I05_R03/checkpoint/8d9208e09373435ba578757c5b440ede_iteration2/generated/Amazon2018VideoGames_ItemKNN_seed202/test.csv,test.csv,.csv,3440727,273b5db6f12957613ff45f7201b08a56b49755c143645aaa644d8f81d9781d14,2026-07-18T20:08:32,True,False,False,True,False,False,False
study_runs,V100_P0_NANO_I05_R03,study_runs/V100_P0_NANO_I05_R03/checkpoint/8d9208e09373435ba578757c5b440ede_iteration2/generated/Amazon2018VideoGames_ItemKNN_seed202/train.csv,train.csv,.csv,12643133,dbe5921152a01043c6022c380d492c6b75cc75ef21e926d1ba23679a56bfdb57,2026-07-18T20:08:31,True,False,False,True,False,False,False
study_runs,V100_P0_NANO_I05_R03,study_runs/V100_P0_NANO_I05_R03/checkpoint/8d9208e09373435ba578757c5b440ede_iteration2/generated/Amazon2018VideoGames_ItemKNN_seed303/test.csv,test.csv,.csv,3440753,6f6b85cf2abd43bd6f4e917d1c97bb0770dbbb085b20c0381260f2051190d273,2026-07-18T20:08:55,True,False,False,True,False,False,False
study_runs,V100_P0_NANO_I05_R03,study_runs/V100_P0_NANO_I05_R03/checkpoint/8d9208e09373435ba578757c5b440ede_iteration2/generated/Amazon2018VideoGames_ItemKNN_seed303/train.csv,train.csv,.csv,12643107,1b37b8f8a671f7cdfa87a3225dc3fbbbd0f9c9010bcc4c8e88abf775caeac563,2026-07-18T20:08:55,True,False,False,True,False,False,False
study_runs,V100_P0_NANO_I05_R03,study_runs/V100_P0_NANO_I05_R03/checkpoint/8d9208e09373435ba578757c5b440ede_iteration2/generated/Amazon2018VideoGames_ItemKNN_seed404/test.csv,test.csv,.csv,3440943,9e596fec6a7f22d3a56f68da5c0b48b1602391f88bdbc1e52fd6b9f9e274b48b,2026-07-18T20:09:19,True,False,False,True,False,False,False
study_runs,V100_P0_NANO_I05_R03,study_runs/V100_P0_NANO_I05_R03/checkpoint/8d9208e09373435ba578757c5b440ede_iteration2/generated/Amazon2018VideoGames_ItemKNN_seed404/train.csv,train.csv,.csv,12642917,a767d1429cacfa6c0204b359d9bd293915cc365d0161cd7279a3a0c1be8163e1,2026-07-18T20:09:19,True,False,False,False,False,False,False
study_runs,V100_P0_NANO_I05_R03,study_runs/V100_P0_NANO_I05_R03/checkpoint/8d9208e09373435ba578757c5b440ede_iteration2/generated/Amazon2018VideoGames_ItemKNN_seed505/test.csv,test.csv,.csv,3440963,77f0aaa95b37c57dc555cbf3ac16222e2584890dc361f908b891b279886b5afa,2026-07-18T20:09:42,True,False,False,False,False,False,False
study_runs,V100_P0_NANO_I05_R03,study_runs/V100_P0_NANO_I05_R03/checkpoint/8d9208e09373435ba578757c5b440ede_iteration2/generated/Amazon2018VideoGames_ItemKNN_seed505/train.csv,train.csv,.csv,12642897,480bc2860eb78f64791c05059314e787b444c7fc9e74d5d6cadefb2bda422c4e,2026-07-18T20:09:42,True,False,False,True,False,False,False
study_runs,V100_P0_NANO_I05_R03,study_runs/V100_P0_NANO_I05_R03/checkpoint/8d9208e09373435ba578757c5b440ede_iteration2/generated/Amazon2018VideoGames_Pop_seed101/test.csv,test.csv,.csv,3440785,3daf589639aac1f04f73f082b234e2ab2ed93f10693f4b877e86413397c58c8a,2026-07-18T20:10:06,True,False,False,True,False,False,False
study_runs,V100_P0_NANO_I05_R03,study_runs/V100_P0_NANO_I05_R03/checkpoint/8d9208e09373435ba578757c5b440ede_iteration2/generated/Amazon2018VideoGames_Pop_seed101/train.csv,train.csv,.csv,12643075,bd63854f54c45f735f6e1388ada747409b719a28a08d4d5cb73c7221517021c6,2026-07-18T20:10:06,True,False,False,True,False,False,False
study_runs,V100_P0_NANO_I05_R03,study_runs/V100_P0_NANO_I05_R03/checkpoint/8d9208e09373435ba578757c5b440ede_iteration2/generated/Amazon2018VideoGames_Pop_seed202/test.csv,test.csv,.csv,3440727,273b5db6f12957613ff45f7201b08a56b49755c143645aaa644d8f81d9781d14,2026-07-18T20:10:30,True,False,False,True,False,False,False
study_runs,V100_P0_NANO_I05_R03,study_runs/V100_P0_NANO_I05_R03/checkpoint/8d9208e09373435ba578757c5b440ede_iteration2/generated/Amazon2018VideoGames_Pop_seed202/train.csv,train.csv,.csv,12643133,dbe5921152a01043c6022c380d492c6b75cc75ef21e926d1ba23679a56bfdb57,2026-07-18T20:10:29,True,False,False,True,False,False,False
study_runs,V100_P0_NANO_I05_R03,study_runs/V100_P0_NANO_I05_R03/checkpoint/8d9208e09373435ba578757c5b440ede_iteration2/generated/Amazon2018VideoGames_Pop_seed303/test.csv,test.csv,.csv,3440753,6f6b85cf2abd43bd6f4e917d1c97bb0770dbbb085b20c0381260f2051190d273,2026-07-18T20:10:55,True,False,False,True,False,False,False
study_runs,V100_P0_NANO_I05_R03,study_runs/V100_P0_NANO_I05_R03/checkpoint/8d9208e09373435ba578757c5b440ede_iteration2/generated/Amazon2018VideoGames_Pop_seed303/train.csv,train.csv,.csv,12643107,1b37b8f8a671f7cdfa87a3225dc3fbbbd0f9c9010bcc4c8e88abf775caeac563,2026-07-18T20:10:55,True,False,False,True,False,False,False
study_runs,V100_P0_NANO_I05_R03,study_runs/V100_P0_NANO_I05_R03/checkpoint/8d9208e09373435ba578757c5b440ede_iteration2/generated/Amazon2018VideoGames_Pop_seed404/test.csv,test.csv,.csv,3440943,9e596fec6a7f22d3a56f68da5c0b48b1602391f88bdbc1e52fd6b9f9e274b48b,2026-07-18T20:11:19,True,False,False,True,False,False,False
study_runs,V100_P0_NANO_I05_R03,study_runs/V100_P0_NANO_I05_R03/checkpoint/8d9208e09373435ba578757c5b440ede_iteration2/generated/Amazon2018VideoGames_Pop_seed404/train.csv,train.csv,.csv,12642917,a767d1429cacfa6c0204b359d9bd293915cc365d0161cd7279a3a0c1be8163e1,2026-07-18T20:11:18,True,False,False,False,False,False,False
study_runs,V100_P0_NANO_I05_R03,study_runs/V100_P0_NANO_I05_R03/checkpoint/8d9208e09373435ba578757c5b440ede_iteration2/generated/Amazon2018VideoGames_Pop_seed505/test.csv,test.csv,.csv,3440963,77f0aaa95b37c57dc555cbf3ac16222e2584890dc361f908b891b279886b5afa,2026-07-18T20:11:43,True,False,False,False,False,False,False
study_runs,V100_P0_NANO_I05_R03,study_runs/V100_P0_NANO_I05_R03/checkpoint/8d9208e09373435ba578757c5b440ede_iteration2/generated/Amazon2018VideoGames_Pop_seed505/train.csv,train.csv,.csv,12642897,480bc2860eb78f64791c05059314e787b444c7fc9e74d5d6cadefb2bda422c4e,2026-07-18T20:11:42,True,False,False,True,False,False,False
study_runs,V100_P0_NANO_I05_R03,study_runs/V100_P0_NANO_I05_R03/checkpoint/8d9208e09373435ba578757c5b440ede_iteration2/generated/HetrecLastFM_ALS_seed101/test.csv,test.csv,.csv,354507,22662d91d16c84d1f12700e28fbfaf3dd69c34cb8ad1214cc0146d41a6a889b3,2026-07-18T20:11:49,True,False,False,False,False,False,False
study_runs,V100_P0_NANO_I05_R03,study_runs/V100_P0_NANO_I05_R03/checkpoint/8d9208e09373435ba578757c5b440ede_iteration2/generated/HetrecLastFM_ALS_seed101/train.csv,train.csv,.csv,1420406,f577052c2c264ac963a91069d076cae39ba6eceb42cb2f75a3b0890510f98503,2026-07-18T20:11:49,True,False,False,False,False,False,False
study_runs,V100_P0_NANO_I05_R03,study_runs/V100_P0_NANO_I05_R03/checkpoint/8d9208e09373435ba578757c5b440ede_iteration2/generated/HetrecLastFM_ALS_seed202/test.csv,test.csv,.csv,354611,e8816b9417e16dfe7ccaab936db953890779ec3448dc3e9a424d5da9b3ac71f4,2026-07-18T20:11:55,True,False,False,False,False,False,False
study_runs,V100_P0_NANO_I05_R03,study_runs/V100_P0_NANO_I05_R03/checkpoint/8d9208e09373435ba578757c5b440ede_iteration2/generated/HetrecLastFM_ALS_seed202/train.csv,train.csv,.csv,1420302,fc44f51cb86dce96e57449fa219e86deb1194c288eedcc1d0099d65488f4e6a2,2026-07-18T20:11:55,True,False,False,False,False,False,False
study_runs,V100_P0_NANO_I05_R03,study_runs/V100_P0_NANO_I05_R03/checkpoint/8d9208e09373435ba578757c5b440ede_iteration2/generated/HetrecLastFM_ALS_seed303/test.csv,test.csv,.csv,354458,3a594a43ae09a691c77dddbad42edfeaaca67458e28181624aa243051733c69f,2026-07-18T20:12:01,True,False,False,False,False,False,False
study_runs,V100_P0_NANO_I05_R03,study_runs/V100_P0_NANO_I05_R03/checkpoint/8d9208e09373435ba578757c5b440ede_iteration2/generated/HetrecLastFM_ALS_seed303/train.csv,train.csv,.csv,1420455,0947c29e515bb8807a9dcb0b08fcd4566ae83c046b0dd49b1748335e2a6e166d,2026-07-18T20:12:01,True,False,False,False,False,False,False
study_runs,V100_P0_NANO_I05_R03,study_runs/V100_P0_NANO_I05_R03/checkpoint/8d9208e09373435ba578757c5b440ede_iteration2/generated/HetrecLastFM_ALS_seed404/test.csv,test.csv,.csv,354417,0c656bd1b5fd62b11a90bab3f0265850076768c51a3d10fd6798b6156ad90e6d,2026-07-18T20:12:07,True,False,False,False,False,False,False
study_runs,V100_P0_NANO_I05_R03,study_runs/V100_P0_NANO_I05_R03/checkpoint/8d9208e09373435ba578757c5b440ede_iteration2/generated/HetrecLastFM_ALS_seed404/train.csv,train.csv,.csv,1420496,018995a9e177b3ef42d876a1577eb7288f40b509841898027fccf2dd53721587,2026-07-18T20:12:07,True,False,False,False,False,False,False
study_runs,V100_P0_NANO_I05_R03,study_runs/V100_P0_NANO_I05_R03/checkpoint/8d9208e09373435ba578757c5b440ede_iteration2/generated/HetrecLastFM_ALS_seed505/test.csv,test.csv,.csv,354421,f09044e535d936f40b8b42699b802b7300d42af7a68176ea27ad6e257e3e042d,2026-07-18T20:12:14,True,False,False,False,False,False,False
study_runs,V100_P0_NANO_I05_R03,study_runs/V100_P0_NANO_I05_R03/checkpoint/8d9208e09373435ba578757c5b440ede_iteration2/generated/HetrecLastFM_ALS_seed505/train.csv,train.csv,.csv,1420492,2f5a7373faa3da7e6ad822f95f0f3c4ad33371e9329b2b3d619fec57f00a6ba3,2026-07-18T20:12:14,True,False,False,False,False,False,False
study_runs,V100_P0_NANO_I05_R03,study_runs/V100_P0_NANO_I05_R03/checkpoint/8d9208e09373435ba578757c5b440ede_iteration2/generated/HetrecLastFM_ItemKNN_seed101/test.csv,test.csv,.csv,354507,22662d91d16c84d1f12700e28fbfaf3dd69c34cb8ad1214cc0146d41a6a889b3,2026-07-18T20:12:20,True,False,False,False,False,False,False
study_runs,V100_P0_NANO_I05_R03,study_runs/V100_P0_NANO_I05_R03/checkpoint/8d9208e09373435ba578757c5b440ede_iteration2/generated/HetrecLastFM_ItemKNN_seed101/train.csv,train.csv,.csv,1420406,f577052c2c264ac963a91069d076cae39ba6eceb42cb2f75a3b0890510f98503,2026-07-18T20:12:20,True,False,False,False,False,False,False
study_runs,V100_P0_NANO_I05_R03,study_runs/V100_P0_NANO_I05_R03/checkpoint/8d9208e09373435ba578757c5b440ede_iteration2/generated/HetrecLastFM_ItemKNN_seed202/test.csv,test.csv,.csv,354611,e8816b9417e16dfe7ccaab936db953890779ec3448dc3e9a424d5da9b3ac71f4,2026-07-18T20:12:26,True,False,False,False,False,False,False
study_runs,V100_P0_NANO_I05_R03,study_runs/V100_P0_NANO_I05_R03/checkpoint/8d9208e09373435ba578757c5b440ede_iteration2/generated/HetrecLastFM_ItemKNN_seed202/train.csv,train.csv,.csv,1420302,fc44f51cb86dce96e57449fa219e86deb1194c288eedcc1d0099d65488f4e6a2,2026-07-18T20:12:26,True,False,False,False,False,False,False
study_runs,V100_P0_NANO_I05_R03,study_runs/V100_P0_NANO_I05_R03/checkpoint/8d9208e09373435ba578757c5b440ede_iteration2/generated/HetrecLastFM_ItemKNN_seed303/test.csv,test.csv,.csv,354458,3a594a43ae09a691c77dddbad42edfeaaca67458e28181624aa243051733c69f,2026-07-18T20:12:32,True,False,False,False,False,False,False
study_runs,V100_P0_NANO_I05_R03,study_runs/V100_P0_NANO_I05_R03/checkpoint/8d9208e09373435ba578757c5b440ede_iteration2/generated/HetrecLastFM_ItemKNN_seed303/train.csv,train.csv,.csv,1420455,0947c29e515bb8807a9dcb0b08fcd4566ae83c046b0dd49b1748335e2a6e166d,2026-07-18T20:12:32,True,False,False,False,False,False,False
study_runs,V100_P0_NANO_I05_R03,study_runs/V100_P0_NANO_I05_R03/checkpoint/8d9208e09373435ba578757c5b440ede_iteration2/generated/HetrecLastFM_ItemKNN_seed404/test.csv,test.csv,.csv,354417,0c656bd1b5fd62b11a90bab3f0265850076768c51a3d10fd6798b6156ad90e6d,2026-07-18T20:12:38,True,False,False,False,False,False,False
study_runs,V100_P0_NANO_I05_R03,study_runs/V100_P0_NANO_I05_R03/checkpoint/8d9208e09373435ba578757c5b440ede_iteration2/generated/HetrecLastFM_ItemKNN_seed404/train.csv,train.csv,.csv,1420496,018995a9e177b3ef42d876a1577eb7288f40b509841898027fccf2dd53721587,2026-07-18T20:12:38,True,False,False,False,False,False,False
study_runs,V100_P0_NANO_I05_R03,study_runs/V100_P0_NANO_I05_R03/checkpoint/8d9208e09373435ba578757c5b440ede_iteration2/generated/HetrecLastFM_ItemKNN_seed505/test.csv,test.csv,.csv,354421,f09044e535d936f40b8b42699b802b7300d42af7a68176ea27ad6e257e3e042d,2026-07-18T20:12:44,True,False,False,False,False,False,False
study_runs,V100_P0_NANO_I05_R03,study_runs/V100_P0_NANO_I05_R03/checkpoint/8d9208e09373435ba578757c5b440ede_iteration2/generated/HetrecLastFM_ItemKNN_seed505/train.csv,train.csv,.csv,1420492,2f5a7373faa3da7e6ad822f95f0f3c4ad33371e9329b2b3d619fec57f00a6ba3,2026-07-18T20:12:44,True,False,False,False,False,False,False
study_runs,V100_P0_NANO_I05_R03,study_runs/V100_P0_NANO_I05_R03/checkpoint/8d9208e09373435ba578757c5b440ede_iteration2/generated/HetrecLastFM_Pop_seed101/test.csv,test.csv,.csv,354507,22662d91d16c84d1f12700e28fbfaf3dd69c34cb8ad1214cc0146d41a6a889b3,2026-07-18T20:12:50,True,False,False,False,False,False,False
study_runs,V100_P0_NANO_I05_R03,study_runs/V100_P0_NANO_I05_R03/checkpoint/8d9208e09373435ba578757c5b440ede_iteration2/generated/HetrecLastFM_Pop_seed101/train.csv,train.csv,.csv,1420406,f577052c2c264ac963a91069d076cae39ba6eceb42cb2f75a3b0890510f98503,2026-07-18T20:12:50,True,False,False,False,False,False,False
study_runs,V100_P0_NANO_I05_R03,study_runs/V100_P0_NANO_I05_R03/checkpoint/8d9208e09373435ba578757c5b440ede_iteration2/generated/HetrecLastFM_Pop_seed202/test.csv,test.csv,.csv,354611,e8816b9417e16dfe7ccaab936db953890779ec3448dc3e9a424d5da9b3ac71f4,2026-07-18T20:12:56,True,False,False,False,False,False,False
study_runs,V100_P0_NANO_I05_R03,study_runs/V100_P0_NANO_I05_R03/checkpoint/8d9208e09373435ba578757c5b440ede_iteration2/generated/HetrecLastFM_Pop_seed202/train.csv,train.csv,.csv,1420302,fc44f51cb86dce96e57449fa219e86deb1194c288eedcc1d0099d65488f4e6a2,2026-07-18T20:12:56,True,False,False,False,False,False,False
study_runs,V100_P0_NANO_I05_R03,study_runs/V100_P0_NANO_I05_R03/checkpoint/8d9208e09373435ba578757c5b440ede_iteration2/generated/HetrecLastFM_Pop_seed303/test.csv,test.csv,.csv,354458,3a594a43ae09a691c77dddbad42edfeaaca67458e28181624aa243051733c69f,2026-07-18T20:13:03,True,False,False,False,False,False,False
study_runs,V100_P0_NANO_I05_R03,study_runs/V100_P0_NANO_I05_R03/checkpoint/8d9208e09373435ba578757c5b440ede_iteration2/generated/HetrecLastFM_Pop_seed303/train.csv,train.csv,.csv,1420455,0947c29e515bb8807a9dcb0b08fcd4566ae83c046b0dd49b1748335e2a6e166d,2026-07-18T20:13:03,True,False,False,False,False,False,False
study_runs,V100_P0_NANO_I05_R03,study_runs/V100_P0_NANO_I05_R03/checkpoint/8d9208e09373435ba578757c5b440ede_iteration2/generated/HetrecLastFM_Pop_seed404/test.csv,test.csv,.csv,354417,0c656bd1b5fd62b11a90bab3f0265850076768c51a3d10fd6798b6156ad90e6d,2026-07-18T20:13:09,True,False,False,False,False,False,False
study_runs,V100_P0_NANO_I05_R03,study_runs/V100_P0_NANO_I05_R03/checkpoint/8d9208e09373435ba578757c5b440ede_iteration2/generated/HetrecLastFM_Pop_seed404/train.csv,train.csv,.csv,1420496,018995a9e177b3ef42d876a1577eb7288f40b509841898027fccf2dd53721587,2026-07-18T20:13:09,True,False,False,False,False,False,False
study_runs,V100_P0_NANO_I05_R03,study_runs/V100_P0_NANO_I05_R03/checkpoint/8d9208e09373435ba578757c5b440ede_iteration2/generated/HetrecLastFM_Pop_seed505/test.csv,test.csv,.csv,354421,f09044e535d936f40b8b42699b802b7300d42af7a68176ea27ad6e257e3e042d,2026-07-18T20:13:15,True,False,False,False,False,False,False
study_runs,V100_P0_NANO_I05_R03,study_runs/V100_P0_NANO_I05_R03/checkpoint/8d9208e09373435ba578757c5b440ede_iteration2/generated/HetrecLastFM_Pop_seed505/train.csv,train.csv,.csv,1420492,2f5a7373faa3da7e6ad822f95f0f3c4ad33371e9329b2b3d619fec57f00a6ba3,2026-07-18T20:13:15,True,False,False,False,False,False,False
study_runs,V100_P0_NANO_I05_R03,study_runs/V100_P0_NANO_I05_R03/checkpoint/8d9208e09373435ba578757c5b440ede_iteration2/generated/manifest.json,manifest.json,.json,1192,7a5f5c9786f4fbf51bb87c0db826fec9e390e00aa9c64d1c1b1923e3bb950661,2026-07-18T20:13:15,True,False,False,False,False,False,False
study_runs,V100_P0_NANO_I05_R03,study_runs/V100_P0_NANO_I05_R03/checkpoint/8d9208e09373435ba578757c5b440ede_iteration2/generated/MovieLens100K_ALS_seed101/test.csv,test.csv,.csv,176751,bfb266ec761618e4af824037ff431f0b22e5f490e666b7ffba606db5518f5cc8,2026-07-18T20:05:33,True,False,False,False,False,False,False
study_runs,V100_P0_NANO_I05_R03,study_runs/V100_P0_NANO_I05_R03/checkpoint/8d9208e09373435ba578757c5b440ede_iteration2/generated/MovieLens100K_ALS_seed101/train.csv,train.csv,.csv,707691,7a6a01f14d9d16b942b760128322b3545a450fcccc621bc12b385e1a22fa953d,2026-07-18T20:05:33,True,False,False,False,False,False,False
study_runs,V100_P0_NANO_I05_R03,study_runs/V100_P0_NANO_I05_R03/checkpoint/8d9208e09373435ba578757c5b440ede_iteration2/generated/MovieLens100K_ALS_seed202/test.csv,test.csv,.csv,176751,952112f2734820edbcc69fa417838a1059dd92c0d102c8c0401df2963439ffee,2026-07-18T20:05:34,True,False,False,False,False,False,False
study_runs,V100_P0_NANO_I05_R03,study_runs/V100_P0_NANO_I05_R03/checkpoint/8d9208e09373435ba578757c5b440ede_iteration2/generated/MovieLens100K_ALS_seed202/train.csv,train.csv,.csv,707691,aa4bb5a7470af5eb81f16225f59cd241dfa344a959ee692907f938f8ca608f2e,2026-07-18T20:05:34,True,False,False,False,False,False,False
study_runs,V100_P0_NANO_I05_R03,study_runs/V100_P0_NANO_I05_R03/checkpoint/8d9208e09373435ba578757c5b440ede_iteration2/generated/MovieLens100K_ALS_seed303/test.csv,test.csv,.csv,176751,f01dc781e11a6b48207b61d8dfd8b23bbb80820fe2db2de809e80351405186ef,2026-07-18T20:05:35,True,False,False,False,False,False,False
study_runs,V100_P0_NANO_I05_R03,study_runs/V100_P0_NANO_I05_R03/checkpoint/8d9208e09373435ba578757c5b440ede_iteration2/generated/MovieLens100K_ALS_seed303/train.csv,train.csv,.csv,707691,2b22b23948e1a0e866d09b246b67fd5a82f8e18dfcc40499d31afadc2dc46554,2026-07-18T20:05:35,True,False,False,False,False,False,False
study_runs,V100_P0_NANO_I05_R03,study_runs/V100_P0_NANO_I05_R03/checkpoint/8d9208e09373435ba578757c5b440ede_iteration2/generated/MovieLens100K_ALS_seed404/test.csv,test.csv,.csv,176751,acc0166c1fc36401ee0514acbc6dff2d2202e29c28ce82cc54c9e60a5ec50661,2026-07-18T20:05:36,True,False,False,False,False,False,False
study_runs,V100_P0_NANO_I05_R03,study_runs/V100_P0_NANO_I05_R03/checkpoint/8d9208e09373435ba578757c5b440ede_iteration2/generated/MovieLens100K_ALS_seed404/train.csv,train.csv,.csv,707691,9269ba51bcc893d67518dd41898c2dd93afb6329b15a0533b7421656ba64d2ab,2026-07-18T20:05:36,True,False,False,False,False,False,False
study_runs,V100_P0_NANO_I05_R03,study_runs/V100_P0_NANO_I05_R03/checkpoint/8d9208e09373435ba578757c5b440ede_iteration2/generated/MovieLens100K_ALS_seed505/test.csv,test.csv,.csv,176751,02c87b6680fe4e0120b1ee1b95c1c6f673f54b6a3e926c1b70722b6964f1efbc,2026-07-18T20:05:37,True,False,False,False,False,False,False
study_runs,V100_P0_NANO_I05_R03,study_runs/V100_P0_NANO_I05_R03/checkpoint/8d9208e09373435ba578757c5b440ede_iteration2/generated/MovieLens100K_ALS_seed505/train.csv,train.csv,.csv,707691,7cabd32132df3957b1f19e69009b90fff546362b1f2d3a28ef605ab7fcd074fe,2026-07-18T20:05:37,True,False,False,False,False,False,False
study_runs,V100_P0_NANO_I05_R03,study_runs/V100_P0_NANO_I05_R03/checkpoint/8d9208e09373435ba578757c5b440ede_iteration2/generated/MovieLens100K_ItemKNN_seed101/test.csv,test.csv,.csv,176751,bfb266ec761618e4af824037ff431f0b22e5f490e666b7ffba606db5518f5cc8,2026-07-18T20:05:38,True,False,False,False,False,False,False
study_runs,V100_P0_NANO_I05_R03,study_runs/V100_P0_NANO_I05_R03/checkpoint/8d9208e09373435ba578757c5b440ede_iteration2/generated/MovieLens100K_ItemKNN_seed101/train.csv,train.csv,.csv,707691,7a6a01f14d9d16b942b760128322b3545a450fcccc621bc12b385e1a22fa953d,2026-07-18T20:05:38,True,False,False,False,False,False,False
study_runs,V100_P0_NANO_I05_R03,study_runs/V100_P0_NANO_I05_R03/checkpoint/8d9208e09373435ba578757c5b440ede_iteration2/generated/MovieLens100K_ItemKNN_seed202/test.csv,test.csv,.csv,176751,952112f2734820edbcc69fa417838a1059dd92c0d102c8c0401df2963439ffee,2026-07-18T20:05:39,True,False,False,False,False,False,False
study_runs,V100_P0_NANO_I05_R03,study_runs/V100_P0_NANO_I05_R03/checkpoint/8d9208e09373435ba578757c5b440ede_iteration2/generated/MovieLens100K_ItemKNN_seed202/train.csv,train.csv,.csv,707691,aa4bb5a7470af5eb81f16225f59cd241dfa344a959ee692907f938f8ca608f2e,2026-07-18T20:05:39,True,False,False,False,False,False,False
study_runs,V100_P0_NANO_I05_R03,study_runs/V100_P0_NANO_I05_R03/checkpoint/8d9208e09373435ba578757c5b440ede_iteration2/generated/MovieLens100K_ItemKNN_seed303/test.csv,test.csv,.csv,176751,f01dc781e11a6b48207b61d8dfd8b23bbb80820fe2db2de809e80351405186ef,2026-07-18T20:05:40,True,False,False,False,False,False,False
study_runs,V100_P0_NANO_I05_R03,study_runs/V100_P0_NANO_I05_R03/checkpoint/8d9208e09373435ba578757c5b440ede_iteration2/generated/MovieLens100K_ItemKNN_seed303/train.csv,train.csv,.csv,707691,2b22b23948e1a0e866d09b246b67fd5a82f8e18dfcc40499d31afadc2dc46554,2026-07-18T20:05:40,True,False,False,False,False,False,False
study_runs,V100_P0_NANO_I05_R03,study_runs/V100_P0_NANO_I05_R03/checkpoint/8d9208e09373435ba578757c5b440ede_iteration2/generated/MovieLens100K_ItemKNN_seed404/test.csv,test.csv,.csv,176751,acc0166c1fc36401ee0514acbc6dff2d2202e29c28ce82cc54c9e60a5ec50661,2026-07-18T20:05:41,True,False,False,False,False,False,False
study_runs,V100_P0_NANO_I05_R03,study_runs/V100_P0_NANO_I05_R03/checkpoint/8d9208e09373435ba578757c5b440ede_iteration2/generated/MovieLens100K_ItemKNN_seed404/train.csv,train.csv,.csv,707691,9269ba51bcc893d67518dd41898c2dd93afb6329b15a0533b7421656ba64d2ab,2026-07-18T20:05:41,True,False,False,False,False,False,False
study_runs,V100_P0_NANO_I05_R03,study_runs/V100_P0_NANO_I05_R03/checkpoint/8d9208e09373435ba578757c5b440ede_iteration2/generated/MovieLens100K_ItemKNN_seed505/test.csv,test.csv,.csv,176751,02c87b6680fe4e0120b1ee1b95c1c6f673f54b6a3e926c1b70722b6964f1efbc,2026-07-18T20:05:42,True,False,False,False,False,False,False
study_runs,V100_P0_NANO_I05_R03,study_runs/V100_P0_NANO_I05_R03/checkpoint/8d9208e09373435ba578757c5b440ede_iteration2/generated/MovieLens100K_ItemKNN_seed505/train.csv,train.csv,.csv,707691,7cabd32132df3957b1f19e69009b90fff546362b1f2d3a28ef605ab7fcd074fe,2026-07-18T20:05:42,True,False,False,False,False,False,False
study_runs,V100_P0_NANO_I05_R03,study_runs/V100_P0_NANO_I05_R03/checkpoint/8d9208e09373435ba578757c5b440ede_iteration2/generated/MovieLens100K_Pop_seed101/test.csv,test.csv,.csv,176751,bfb266ec761618e4af824037ff431f0b22e5f490e666b7ffba606db5518f5cc8,2026-07-18T20:05:43,True,False,False,False,False,False,False
study_runs,V100_P0_NANO_I05_R03,study_runs/V100_P0_NANO_I05_R03/checkpoint/8d9208e09373435ba578757c5b440ede_iteration2/generated/MovieLens100K_Pop_seed101/train.csv,train.csv,.csv,707691,7a6a01f14d9d16b942b760128322b3545a450fcccc621bc12b385e1a22fa953d,2026-07-18T20:05:43,True,False,False,False,False,False,False
study_runs,V100_P0_NANO_I05_R03,study_runs/V100_P0_NANO_I05_R03/checkpoint/8d9208e09373435ba578757c5b440ede_iteration2/generated/MovieLens100K_Pop_seed202/test.csv,test.csv,.csv,176751,952112f2734820edbcc69fa417838a1059dd92c0d102c8c0401df2963439ffee,2026-07-18T20:05:44,True,False,False,False,False,False,False
study_runs,V100_P0_NANO_I05_R03,study_runs/V100_P0_NANO_I05_R03/checkpoint/8d9208e09373435ba578757c5b440ede_iteration2/generated/MovieLens100K_Pop_seed202/train.csv,train.csv,.csv,707691,aa4bb5a7470af5eb81f16225f59cd241dfa344a959ee692907f938f8ca608f2e,2026-07-18T20:05:44,True,False,False,False,False,False,False
study_runs,V100_P0_NANO_I05_R03,study_runs/V100_P0_NANO_I05_R03/checkpoint/8d9208e09373435ba578757c5b440ede_iteration2/generated/MovieLens100K_Pop_seed303/test.csv,test.csv,.csv,176751,f01dc781e11a6b48207b61d8dfd8b23bbb80820fe2db2de809e80351405186ef,2026-07-18T20:05:45,True,False,False,False,False,False,False
study_runs,V100_P0_NANO_I05_R03,study_runs/V100_P0_NANO_I05_R03/checkpoint/8d9208e09373435ba578757c5b440ede_iteration2/generated/MovieLens100K_Pop_seed303/train.csv,train.csv,.csv,707691,2b22b23948e1a0e866d09b246b67fd5a82f8e18dfcc40499d31afadc2dc46554,2026-07-18T20:05:45,True,False,False,False,False,False,False
study_runs,V100_P0_NANO_I05_R03,study_runs/V100_P0_NANO_I05_R03/checkpoint/8d9208e09373435ba578757c5b440ede_iteration2/generated/MovieLens100K_Pop_seed404/test.csv,test.csv,.csv,176751,acc0166c1fc36401ee0514acbc6dff2d2202e29c28ce82cc54c9e60a5ec50661,2026-07-18T20:05:46,True,False,False,False,False,False,False
study_runs,V100_P0_NANO_I05_R03,study_runs/V100_P0_NANO_I05_R03/checkpoint/8d9208e09373435ba578757c5b440ede_iteration2/generated/MovieLens100K_Pop_seed404/train.csv,train.csv,.csv,707691,9269ba51bcc893d67518dd41898c2dd93afb6329b15a0533b7421656ba64d2ab,2026-07-18T20:05:46,True,False,False,False,False,False,False
study_runs,V100_P0_NANO_I05_R03,study_runs/V100_P0_NANO_I05_R03/checkpoint/8d9208e09373435ba578757c5b440ede_iteration2/generated/MovieLens100K_Pop_seed505/test.csv,test.csv,.csv,176751,02c87b6680fe4e0120b1ee1b95c1c6f673f54b6a3e926c1b70722b6964f1efbc,2026-07-18T20:05:47,True,False,False,False,False,False,False
study_runs,V100_P0_NANO_I05_R03,study_runs/V100_P0_NANO_I05_R03/checkpoint/8d9208e09373435ba578757c5b440ede_iteration2/generated/MovieLens100K_Pop_seed505/train.csv,train.csv,.csv,707691,7cabd32132df3957b1f19e69009b90fff546362b1f2d3a28ef605ab7fcd074fe,2026-07-18T20:05:47,True,False,False,False,False,False,False
study_runs,V100_P0_NANO_I05_R03,study_runs/V100_P0_NANO_I05_R03/checkpoint/8d9208e09373435ba578757c5b440ede_iteration2/generated/results/metrics_Amazon2018VideoGames_ALS_seed101.csv,metrics_Amazon2018VideoGames_ALS_seed101.csv,.csv,202,f108bbcd627cd451ea94a0920c1859f8cce602ceb04ed3c1ed128f8ebfeeee7a,2026-07-18T20:06:11,True,False,False,False,False,False,False
study_runs,V100_P0_NANO_I05_R03,study_runs/V100_P0_NANO_I05_R03/checkpoint/8d9208e09373435ba578757c5b440ede_iteration2/generated/results/metrics_Amazon2018VideoGames_ALS_seed202.csv,metrics_Amazon2018VideoGames_ALS_seed202.csv,.csv,202,ae9a150b0a1ca7bddc3ba476b3cb38ead3f57275653e1e75bf0d4d421801c448,2026-07-18T20:06:35,True,False,False,False,False,False,False
study_runs,V100_P0_NANO_I05_R03,study_runs/V100_P0_NANO_I05_R03/checkpoint/8d9208e09373435ba578757c5b440ede_iteration2/generated/results/metrics_Amazon2018VideoGames_ALS_seed303.csv,metrics_Amazon2018VideoGames_ALS_seed303.csv,.csv,202,087d9072c4f4c128edd6d1a71b9aadf9921b5082011c9c81746f77536570006a,2026-07-18T20:06:58,True,False,False,False,False,False,False
study_runs,V100_P0_NANO_I05_R03,study_runs/V100_P0_NANO_I05_R03/checkpoint/8d9208e09373435ba578757c5b440ede_iteration2/generated/results/metrics_Amazon2018VideoGames_ALS_seed404.csv,metrics_Amazon2018VideoGames_ALS_seed404.csv,.csv,202,996bebca4650ed9b5813325e3a50516b7d0974aa0e04f0e3c95121311243dfe6,2026-07-18T20:07:21,True,False,False,False,False,False,False
study_runs,V100_P0_NANO_I05_R03,study_runs/V100_P0_NANO_I05_R03/checkpoint/8d9208e09373435ba578757c5b440ede_iteration2/generated/results/metrics_Amazon2018VideoGames_ALS_seed505.csv,metrics_Amazon2018VideoGames_ALS_seed505.csv,.csv,202,8b7e364d12f00df3a08840451bfa1707178634c7aa82926058a3f86d2cc30720,2026-07-18T20:07:45,True,False,False,False,False,False,False
study_runs,V100_P0_NANO_I05_R03,study_runs/V100_P0_NANO_I05_R03/checkpoint/8d9208e09373435ba578757c5b440ede_iteration2/generated/results/metrics_Amazon2018VideoGames_ItemKNN_seed101.csv,metrics_Amazon2018VideoGames_ItemKNN_seed101.csv,.csv,206,898fd062b2f36c1f63919a39ad33dc20e080d3a585f8871ef3c02bfc95b5ff3e,2026-07-18T20:08:08,True,False,False,False,False,False,False
study_runs,V100_P0_NANO_I05_R03,study_runs/V100_P0_NANO_I05_R03/checkpoint/8d9208e09373435ba578757c5b440ede_iteration2/generated/results/metrics_Amazon2018VideoGames_ItemKNN_seed202.csv,metrics_Amazon2018VideoGames_ItemKNN_seed202.csv,.csv,206,a9ff970048733e4347a19727b76b3318ac24c6bf898f2438ef8e568ca911b0b3,2026-07-18T20:08:32,True,False,False,False,False,False,False
study_runs,V100_P0_NANO_I05_R03,study_runs/V100_P0_NANO_I05_R03/checkpoint/8d9208e09373435ba578757c5b440ede_iteration2/generated/results/metrics_Amazon2018VideoGames_ItemKNN_seed303.csv,metrics_Amazon2018VideoGames_ItemKNN_seed303.csv,.csv,206,3d57c17b6da293d322db4480ed1735619dacef7151788c25367266fad66695cc,2026-07-18T20:08:55,True,False,False,False,False,False,False
study_runs,V100_P0_NANO_I05_R03,study_runs/V100_P0_NANO_I05_R03/checkpoint/8d9208e09373435ba578757c5b440ede_iteration2/generated/results/metrics_Amazon2018VideoGames_ItemKNN_seed404.csv,metrics_Amazon2018VideoGames_ItemKNN_seed404.csv,.csv,206,be9096568c3d7640a443356d27897a09d245335cc84e14b07a28f04b170bbdc7,2026-07-18T20:09:19,True,False,False,False,False,False,False
study_runs,V100_P0_NANO_I05_R03,study_runs/V100_P0_NANO_I05_R03/checkpoint/8d9208e09373435ba578757c5b440ede_iteration2/generated/results/metrics_Amazon2018VideoGames_ItemKNN_seed505.csv,metrics_Amazon2018VideoGames_ItemKNN_seed505.csv,.csv,206,b1a4e40f4ecd000c6bd99d11b209f80c68a5e734bfe9a7369fa923e060a64777,2026-07-18T20:09:42,True,False,False,False,False,False,False
study_runs,V100_P0_NANO_I05_R03,study_runs/V100_P0_NANO_I05_R03/checkpoint/8d9208e09373435ba578757c5b440ede_iteration2/generated/results/metrics_Amazon2018VideoGames_Pop_seed101.csv,metrics_Amazon2018VideoGames_Pop_seed101.csv,.csv,202,5295a5c221a42e02f49cfcda89d9bc1b60e7fe731287e9d95449cf7f27b824de,2026-07-18T20:10:06,True,False,False,False,False,False,False
study_runs,V100_P0_NANO_I05_R03,study_runs/V100_P0_NANO_I05_R03/checkpoint/8d9208e09373435ba578757c5b440ede_iteration2/generated/results/metrics_Amazon2018VideoGames_Pop_seed202.csv,metrics_Amazon2018VideoGames_Pop_seed202.csv,.csv,202,6f1949310b068a8e22244bd1cf20bb7b792dc6fbb5de40a0185dfcc43445e23f,2026-07-18T20:10:30,True,False,False,False,False,False,False
study_runs,V100_P0_NANO_I05_R03,study_runs/V100_P0_NANO_I05_R03/checkpoint/8d9208e09373435ba578757c5b440ede_iteration2/generated/results/metrics_Amazon2018VideoGames_Pop_seed303.csv,metrics_Amazon2018VideoGames_Pop_seed303.csv,.csv,202,dc22c48f8c4e1f973a15a43c623ae2e07b865b474d1c65f1735902d1653a8564,2026-07-18T20:10:55,True,False,False,False,False,False,False
study_runs,V100_P0_NANO_I05_R03,study_runs/V100_P0_NANO_I05_R03/checkpoint/8d9208e09373435ba578757c5b440ede_iteration2/generated/results/metrics_Amazon2018VideoGames_Pop_seed404.csv,metrics_Amazon2018VideoGames_Pop_seed404.csv,.csv,202,3a859398e35799cd2b68df3d400661489d140b112c96b2e6a882f5b2b1185190,2026-07-18T20:11:19,True,False,False,False,False,False,False
study_runs,V100_P0_NANO_I05_R03,study_runs/V100_P0_NANO_I05_R03/checkpoint/8d9208e09373435ba578757c5b440ede_iteration2/generated/results/metrics_Amazon2018VideoGames_Pop_seed505.csv,metrics_Amazon2018VideoGames_Pop_seed505.csv,.csv,202,654486f010c36d14d8dff2f63f6bac2b78dbf7f990d789569a4ce60b9da83583,2026-07-18T20:11:43,True,False,False,False,False,False,False
study_runs,V100_P0_NANO_I05_R03,study_runs/V100_P0_NANO_I05_R03/checkpoint/8d9208e09373435ba578757c5b440ede_iteration2/generated/results/metrics_HetrecLastFM_ALS_seed101.csv,metrics_HetrecLastFM_ALS_seed101.csv,.csv,193,6d1211342284bdb11e771f1c85da08fe9fd66cff3d5abde4bbf57084c9cda570,2026-07-18T20:11:49,True,False,False,False,False,False,False
study_runs,V100_P0_NANO_I05_R03,study_runs/V100_P0_NANO_I05_R03/checkpoint/8d9208e09373435ba578757c5b440ede_iteration2/generated/results/metrics_HetrecLastFM_ALS_seed202.csv,metrics_HetrecLastFM_ALS_seed202.csv,.csv,193,4f82ec09e51166a788535d3c6ebf7b7b32dc1971a8bac7aa4ec6852ca211876a,2026-07-18T20:11:55,True,False,False,False,False,False,False
study_runs,V100_P0_NANO_I05_R03,study_runs/V100_P0_NANO_I05_R03/checkpoint/8d9208e09373435ba578757c5b440ede_iteration2/generated/results/metrics_HetrecLastFM_ALS_seed303.csv,metrics_HetrecLastFM_ALS_seed303.csv,.csv,193,6e0cb2771357b0a78d54e0eccc493c9e0b235c4c0ec915f2320c626d1cb961f4,2026-07-18T20:12:01,True,False,False,False,False,False,False
study_runs,V100_P0_NANO_I05_R03,study_runs/V100_P0_NANO_I05_R03/checkpoint/8d9208e09373435ba578757c5b440ede_iteration2/generated/results/metrics_HetrecLastFM_ALS_seed404.csv,metrics_HetrecLastFM_ALS_seed404.csv,.csv,193,03018725ae1bfe518d32346e098577e66a6fb524852775ca119a0f698e4bf39d,2026-07-18T20:12:07,True,False,False,False,False,False,False
study_runs,V100_P0_NANO_I05_R03,study_runs/V100_P0_NANO_I05_R03/checkpoint/8d9208e09373435ba578757c5b440ede_iteration2/generated/results/metrics_HetrecLastFM_ALS_seed505.csv,metrics_HetrecLastFM_ALS_seed505.csv,.csv,193,12611644c48584ad81073681631f8a33207c6dd36dc33de05e8ce14d9a953ed5,2026-07-18T20:12:14,True,False,False,False,False,False,False
study_runs,V100_P0_NANO_I05_R03,study_runs/V100_P0_NANO_I05_R03/checkpoint/8d9208e09373435ba578757c5b440ede_iteration2/generated/results/metrics_HetrecLastFM_ItemKNN_seed101.csv,metrics_HetrecLastFM_ItemKNN_seed101.csv,.csv,197,4c3ae7fdce75061e98cc020dce5796d3c6e4cbe0b2657854b29f4f871a54b8ad,2026-07-18T20:12:20,True,False,False,False,False,False,False
study_runs,V100_P0_NANO_I05_R03,study_runs/V100_P0_NANO_I05_R03/checkpoint/8d9208e09373435ba578757c5b440ede_iteration2/generated/results/metrics_HetrecLastFM_ItemKNN_seed202.csv,metrics_HetrecLastFM_ItemKNN_seed202.csv,.csv,197,8482d50c3201b7b1e4b768a9074b85bb357204b99dab644d5bd2d8c65c3ae51a,2026-07-18T20:12:26,True,False,False,False,False,False,False
study_runs,V100_P0_NANO_I05_R03,study_runs/V100_P0_NANO_I05_R03/checkpoint/8d9208e09373435ba578757c5b440ede_iteration2/generated/results/metrics_HetrecLastFM_ItemKNN_seed303.csv,metrics_HetrecLastFM_ItemKNN_seed303.csv,.csv,197,0ba54a2284a74ecfb5c9ed253cfd05d85ae0d1855ccb68e5a65f888f2ab73157,2026-07-18T20:12:32,True,False,False,False,False,False,False
study_runs,V100_P0_NANO_I05_R03,study_runs/V100_P0_NANO_I05_R03/checkpoint/8d9208e09373435ba578757c5b440ede_iteration2/generated/results/metrics_HetrecLastFM_ItemKNN_seed404.csv,metrics_HetrecLastFM_ItemKNN_seed404.csv,.csv,197,dc8b4fd82a7f792c1fb66c1bc8f72d2a40a8f62a0829bc04c688c318a9aa9b83,2026-07-18T20:12:38,True,False,False,False,False,False,False
study_runs,V100_P0_NANO_I05_R03,study_runs/V100_P0_NANO_I05_R03/checkpoint/8d9208e09373435ba578757c5b440ede_iteration2/generated/results/metrics_HetrecLastFM_ItemKNN_seed505.csv,metrics_HetrecLastFM_ItemKNN_seed505.csv,.csv,197,2d771d6d00ae8889f9b71d9ce03dd82bd30a60ed5daa95a6fdc173a538d06115,2026-07-18T20:12:44,True,False,False,False,False,False,False
study_runs,V100_P0_NANO_I05_R03,study_runs/V100_P0_NANO_I05_R03/checkpoint/8d9208e09373435ba578757c5b440ede_iteration2/generated/results/metrics_HetrecLastFM_Pop_seed101.csv,metrics_HetrecLastFM_Pop_seed101.csv,.csv,193,9362a7f26592e6af295fedb169c961c50f96f07f21d74231f548d8dc16a88194,2026-07-18T20:12:50,True,False,False,False,False,False,False
study_runs,V100_P0_NANO_I05_R03,study_runs/V100_P0_NANO_I05_R03/checkpoint/8d9208e09373435ba578757c5b440ede_iteration2/generated/results/metrics_HetrecLastFM_Pop_seed202.csv,metrics_HetrecLastFM_Pop_seed202.csv,.csv,193,d8f3c4d5e16caa548bfdad5214a621d11050cb252e75a64747c655f98f020be8,2026-07-18T20:12:56,True,False,False,False,False,False,False
study_runs,V100_P0_NANO_I05_R03,study_runs/V100_P0_NANO_I05_R03/checkpoint/8d9208e09373435ba578757c5b440ede_iteration2/generated/results/metrics_HetrecLastFM_Pop_seed303.csv,metrics_HetrecLastFM_Pop_seed303.csv,.csv,193,4d189758db8d6d9d6e50d0b1952c5b6b4a9ac38c8c599606550d2a340918bd29,2026-07-18T20:13:03,True,False,False,False,False,False,False
study_runs,V100_P0_NANO_I05_R03,study_runs/V100_P0_NANO_I05_R03/checkpoint/8d9208e09373435ba578757c5b440ede_iteration2/generated/results/metrics_HetrecLastFM_Pop_seed404.csv,metrics_HetrecLastFM_Pop_seed404.csv,.csv,193,9abc7f1dbaf8c462a12160f6c4a3c34004cd3e388ba995a39a29a4a965625d96,2026-07-18T20:13:09,True,False,False,False,False,False,False
study_runs,V100_P0_NANO_I05_R03,study_runs/V100_P0_NANO_I05_R03/checkpoint/8d9208e09373435ba578757c5b440ede_iteration2/generated/results/metrics_HetrecLastFM_Pop_seed505.csv,metrics_HetrecLastFM_Pop_seed505.csv,.csv,193,edc7b5fde1bb7b1d4a7bf7247dcda0a97a2a27b86681b74f7414523672124d31,2026-07-18T20:13:15,True,False,False,False,False,False,False
study_runs,V100_P0_NANO_I05_R03,study_runs/V100_P0_NANO_I05_R03/checkpoint/8d9208e09373435ba578757c5b440ede_iteration2/generated/results/metrics_MovieLens100K_ALS_seed101.csv,metrics_MovieLens100K_ALS_seed101.csv,.csv,193,c1f7cb75cc30f4f9213c6dc53bd9283aec595e7a97b71135571512057d9adcd0,2026-07-18T20:05:33,True,False,False,False,False,False,False
study_runs,V100_P0_NANO_I05_R03,study_runs/V100_P0_NANO_I05_R03/checkpoint/8d9208e09373435ba578757c5b440ede_iteration2/generated/results/metrics_MovieLens100K_ALS_seed202.csv,metrics_MovieLens100K_ALS_seed202.csv,.csv,193,6c5bf86fd8d97bd8bffbc6a0adfa6843c2135b958d6b0ad17317f18499977d3e,2026-07-18T20:05:34,True,False,False,False,False,False,False
study_runs,V100_P0_NANO_I05_R03,study_runs/V100_P0_NANO_I05_R03/checkpoint/8d9208e09373435ba578757c5b440ede_iteration2/generated/results/metrics_MovieLens100K_ALS_seed303.csv,metrics_MovieLens100K_ALS_seed303.csv,.csv,193,ebe5a88bfb8fba0074b3559098edd61a41902993479f24ef6a8ac1547d3d3b76,2026-07-18T20:05:35,True,False,False,False,False,False,False
study_runs,V100_P0_NANO_I05_R03,study_runs/V100_P0_NANO_I05_R03/checkpoint/8d9208e09373435ba578757c5b440ede_iteration2/generated/results/metrics_MovieLens100K_ALS_seed404.csv,metrics_MovieLens100K_ALS_seed404.csv,.csv,193,adc5758b15b537221233785f7b8611f0a95c7e80af3571536fa405c0bbd4cfec,2026-07-18T20:05:36,True,False,False,False,False,False,False
study_runs,V100_P0_NANO_I05_R03,study_runs/V100_P0_NANO_I05_R03/checkpoint/8d9208e09373435ba578757c5b440ede_iteration2/generated/results/metrics_MovieLens100K_ALS_seed505.csv,metrics_MovieLens100K_ALS_seed505.csv,.csv,193,6b0f0ec050eabdc97edc90663149cf3e8c82ccd71c3647c99ba8ca519ea819c2,2026-07-18T20:05:37,True,False,False,False,False,False,False
study_runs,V100_P0_NANO_I05_R03,study_runs/V100_P0_NANO_I05_R03/checkpoint/8d9208e09373435ba578757c5b440ede_iteration2/generated/results/metrics_MovieLens100K_ItemKNN_seed101.csv,metrics_MovieLens100K_ItemKNN_seed101.csv,.csv,197,b3d22c51b966d94492cb70ba6f2c1f061ab568557be95baeba125c1b0073b45b,2026-07-18T20:05:38,True,False,False,False,False,False,False
study_runs,V100_P0_NANO_I05_R03,study_runs/V100_P0_NANO_I05_R03/checkpoint/8d9208e09373435ba578757c5b440ede_iteration2/generated/results/metrics_MovieLens100K_ItemKNN_seed202.csv,metrics_MovieLens100K_ItemKNN_seed202.csv,.csv,197,67a99b485711380e8e6459f978eb3a3682fbc6ff9db0b4fe1bf8411835de5848,2026-07-18T20:05:39,True,False,False,False,False,False,False
study_runs,V100_P0_NANO_I05_R03,study_runs/V100_P0_NANO_I05_R03/checkpoint/8d9208e09373435ba578757c5b440ede_iteration2/generated/results/metrics_MovieLens100K_ItemKNN_seed303.csv,metrics_MovieLens100K_ItemKNN_seed303.csv,.csv,197,655d6297c2af1d5c3e6a6c3d1699763f49bfe99e4a40744745eff6e22262baf0,2026-07-18T20:05:40,True,False,False,False,False,False,False
study_runs,V100_P0_NANO_I05_R03,study_runs/V100_P0_NANO_I05_R03/checkpoint/8d9208e09373435ba578757c5b440ede_iteration2/generated/results/metrics_MovieLens100K_ItemKNN_seed404.csv,metrics_MovieLens100K_ItemKNN_seed404.csv,.csv,197,8ab3c12d4dcba383f951fd8b272f0847e508e494f4ddae4012f3f14c56590c5e,2026-07-18T20:05:41,True,False,False,False,False,False,False
study_runs,V100_P0_NANO_I05_R03,study_runs/V100_P0_NANO_I05_R03/checkpoint/8d9208e09373435ba578757c5b440ede_iteration2/generated/results/metrics_MovieLens100K_ItemKNN_seed505.csv,metrics_MovieLens100K_ItemKNN_seed505.csv,.csv,197,b2e5ddd90555f573da27d1c053cd0160560501e8fe652dadc50d93fe9942672f,2026-07-18T20:05:42,True,False,False,False,False,False,False
study_runs,V100_P0_NANO_I05_R03,study_runs/V100_P0_NANO_I05_R03/checkpoint/8d9208e09373435ba578757c5b440ede_iteration2/generated/results/metrics_MovieLens100K_Pop_seed101.csv,metrics_MovieLens100K_Pop_seed101.csv,.csv,193,df6c58466a045abff7771e75a6ee8811bb094fa8b34e7092b7c95e79e16d3cd3,2026-07-18T20:05:43,True,False,False,False,False,False,False
study_runs,V100_P0_NANO_I05_R03,study_runs/V100_P0_NANO_I05_R03/checkpoint/8d9208e09373435ba578757c5b440ede_iteration2/generated/results/metrics_MovieLens100K_Pop_seed202.csv,metrics_MovieLens100K_Pop_seed202.csv,.csv,193,772717e602fb10a128f55a8434ccef9b31df5d5067bec0faba14eac9eae97118,2026-07-18T20:05:44,True,False,False,False,False,False,False
study_runs,V100_P0_NANO_I05_R03,study_runs/V100_P0_NANO_I05_R03/checkpoint/8d9208e09373435ba578757c5b440ede_iteration2/generated/results/metrics_MovieLens100K_Pop_seed303.csv,metrics_MovieLens100K_Pop_seed303.csv,.csv,193,15e1326509c58c1f0af455f9ea7de05041cb4281121cd2b5dbbf0313ab7b6091,2026-07-18T20:05:45,True,False,False,False,False,False,False
study_runs,V100_P0_NANO_I05_R03,study_runs/V100_P0_NANO_I05_R03/checkpoint/8d9208e09373435ba578757c5b440ede_iteration2/generated/results/metrics_MovieLens100K_Pop_seed404.csv,metrics_MovieLens100K_Pop_seed404.csv,.csv,193,2e74fba9fe737b29bea0a5e849ba267dc589fadd74fa3f086a30699955f885ac,2026-07-18T20:05:46,True,False,False,False,False,False,False
study_runs,V100_P0_NANO_I05_R03,study_runs/V100_P0_NANO_I05_R03/checkpoint/8d9208e09373435ba578757c5b440ede_iteration2/generated/results/metrics_MovieLens100K_Pop_seed505.csv,metrics_MovieLens100K_Pop_seed505.csv,.csv,193,87dc89083faeb28f3681129c1938bb1d6dd019374c47c9e2dae34b55099408e2,2026-07-18T20:05:47,True,False,False,False,False,False,False
study_runs,V100_P0_NANO_I05_R03,study_runs/V100_P0_NANO_I05_R03/checkpoint/8d9208e09373435ba578757c5b440ede_iteration2/out.log,out.log,.log,465,aa96af7c3a6edcf2a3860ecfd770dbcdb646965a9302524793e2341daf4b866c,2026-07-18T20:13:15,True,False,False,False,False,False,False
study_runs,V100_P0_NANO_I05_R03,study_runs/V100_P0_NANO_I05_R03/checkpoint/8d9208e09373435ba578757c5b440ede_seed/code.py,code.py,.py,4913,90d55c5600348797412486c5d0d2a14601b668424fdb289ba6319c77a0b60cfe,2026-07-18T20:01:48,True,False,True,False,False,False,False
study_runs,V100_P0_NANO_I05_R03,study_runs/V100_P0_NANO_I05_R03/checkpoint/8d9208e09373435ba578757c5b440ede_seed/out.log,out.log,.log,205,00a5cf0787044bbf338472e9e29fad23af37308353a7aedf817b1746f695f9df,2026-07-18T19:48:40,True,False,True,False,False,False,False
study_runs,V100_P0_NANO_I05_R03,study_runs/V100_P0_NANO_I05_R03/checkpoint/a6f72ebb959b4052aaaea5e72863ba3a/code.py,code.py,.py,3815,0d6cd6957e69d124806d994ba3783fd2c5f270234eea719adf9ffe3c81c6f131,2026-07-18T19:33:37,True,False,True,True,False,False,False
study_runs,V100_P0_NANO_I05_R03,study_runs/V100_P0_NANO_I05_R03/checkpoint/a6f72ebb959b4052aaaea5e72863ba3a/out.log,out.log,.log,3184,13b8a524f9e11d63bd8ab5463245ee6bc4ecfc1020a1204ef51da7765cb649a0,2026-07-18T19:23:43,True,True,True,False,False,False,True
study_runs,V100_P0_NANO_I05_R03,study_runs/V100_P0_NANO_I05_R03/checkpoint/a97a1f97436f49a0a5af44b32a2bcff3/code.py,code.py,.py,4590,851ecacbea5d2eab8ad91dadbab7b75f1e5aafe5fe0f19ea92353bef7c2d21fa,2026-07-18T19:43:00,True,False,True,False,False,False,False
study_runs,V100_P0_NANO_I05_R03,study_runs/V100_P0_NANO_I05_R03/checkpoint/a97a1f97436f49a0a5af44b32a2bcff3/out.log,out.log,.log,1120,421ccbd26bcef4fa47113e7e64666a87742cfb148d5138f5f6591e2acab68e04,2026-07-18T19:35:15,True,True,True,False,False,False,False
study_runs,V100_P0_NANO_I05_R03,study_runs/V100_P0_NANO_I05_R03/checkpoint/c2fc1e3012ca49f3b92a8e1a68f1633c/code.py,code.py,.py,5055,03ae9c7b6d9e4341a22cc5b501328a2976bd25a95deb3cf35c32fb4b4ed4a136,2026-07-18T19:22:26,True,False,True,False,False,False,False
study_runs,V100_P0_NANO_I05_R03,study_runs/V100_P0_NANO_I05_R03/checkpoint/c2fc1e3012ca49f3b92a8e1a68f1633c/out.log,out.log,.log,1340,cb9ac6c3ed48e802e159dcd58058f16f6af99ef8be2afade1be33452a75dbdba,2026-07-18T19:12:31,True,True,True,False,False,False,False
study_runs,V100_P0_NANO_I05_R03,study_runs/V100_P0_NANO_I05_R03/checkpoint/f296a4292c7e41d99f0f316c7fbc1938/code.py,code.py,.py,4047,e4a009a4096c3ba4f40c9bff9d1fa7b60c67e9e6353694d1d4dced927baf081d,2026-07-18T19:26:53,True,False,True,True,False,False,False
study_runs,V100_P0_NANO_I05_R03,study_runs/V100_P0_NANO_I05_R03/checkpoint/f296a4292c7e41d99f0f316c7fbc1938/out.log,out.log,.log,3160,49014a65bbbeffd48c289c57ce6ffb510c46bfd60e7f85f828f2214373dac65f,2026-07-18T19:19:01,True,True,True,False,False,False,True
study_runs,V100_P0_NANO_I05_R03,study_runs/V100_P0_NANO_I05_R03/code_requirements_final.json,code_requirements_final.json,.json,2851,bdfc9a181feb922a5d1d650fb30713ed9b84350c799724d4ded0ce8a5972c40b,2026-07-18T19:48:38,True,False,False,False,False,False,False
study_runs,V100_P0_NANO_I05_R03,study_runs/V100_P0_NANO_I05_R03/code_requirements_prototype.json,code_requirements_prototype.json,.json,969,3cca5291e945b14b2dfed9cfe03176f9b49fe4424a93ce3dc659c823ddcf1fc8,2026-07-18T19:09:04,True,False,False,False,False,False,False
study_runs,V100_P0_NANO_I05_R03,study_runs/V100_P0_NANO_I05_R03/config.source.toml,config.source.toml,.toml,386,43ad328d9e971575946598bc6c906a320d878b57103e5825b7bc1b351074558f,2026-07-18T19:08:18,True,False,False,False,False,False,False
study_runs,V100_P0_NANO_I05_R03,study_runs/V100_P0_NANO_I05_R03/config.toml,config.toml,.toml,414,e9e88c445288497681d9e03470c173c77ccf3864de5775cf34f295cf4bf08486,2026-07-18T19:08:18,True,False,False,False,False,False,False
study_runs,V100_P0_NANO_I05_R03,study_runs/V100_P0_NANO_I05_R03/costs_log.csv,costs_log.csv,.csv,16381,58025ebc1ebd67f707299c7d3f4a3f37d9ed77a48c54f1d4e08edc577cfd1d30,2026-07-18T20:18:15,True,False,False,False,False,False,False
study_runs,V100_P0_NANO_I05_R03,study_runs/V100_P0_NANO_I05_R03/debug.log,debug.log,.log,351558,30317d881a8469a5b9de7128712eb132faa9a406b05c6c5c99ed3681f0312069,2026-07-18T20:18:19,True,True,True,False,True,False,True
study_runs,V100_P0_NANO_I05_R03,study_runs/V100_P0_NANO_I05_R03/entered_prompt.txt,entered_prompt.txt,.txt,946,dc790c0f84813ae9f582a14783c06db3ee59faaa98d800c6bf831f5ad0d041ab,2026-07-18T19:08:18,True,False,False,False,False,False,False
study_runs,V100_P0_NANO_I05_R03,study_runs/V100_P0_NANO_I05_R03/statistics/0_c2fc1e3012ca49f3b92a8e1a68f1633c.txt,0_c2fc1e3012ca49f3b92a8e1a68f1633c.txt,.txt,503,a3e561313465b59aae91c17000e819507ed021fcdd8ff35d54719e3c3d8d7e5a,2026-07-18T19:15:40,True,False,False,False,False,False,False
study_runs,V100_P0_NANO_I05_R03,study_runs/V100_P0_NANO_I05_R03/statistics/1_f296a4292c7e41d99f0f316c7fbc1938.txt,1_f296a4292c7e41d99f0f316c7fbc1938.txt,.txt,456,fda0414c8351ce9879ae6e45efe5bed640c29d227ccb47cf54f2ed883f9ff074,2026-07-18T19:22:26,True,False,False,False,False,False,False
study_runs,V100_P0_NANO_I05_R03,study_runs/V100_P0_NANO_I05_R03/statistics/2_a6f72ebb959b4052aaaea5e72863ba3a.txt,2_a6f72ebb959b4052aaaea5e72863ba3a.txt,.txt,466,871ddb995db11d875b0b2d4c292dccbeb76e8bf0b2c19c00e85a17dd68e1ee30,2026-07-18T19:26:53,True,False,False,False,False,False,False
study_runs,V100_P0_NANO_I05_R03,study_runs/V100_P0_NANO_I05_R03/statistics/3_486290c3b99d4bf2b034fa3fe742687a.txt,3_486290c3b99d4bf2b034fa3fe742687a.txt,.txt,408,4d86a615405fe7a77589cd0bed163ebc1b8471d35fcbe0d57fe72a8c3e386841,2026-07-18T19:33:37,True,False,False,False,False,False,False
study_runs,V100_P0_NANO_I05_R03,study_runs/V100_P0_NANO_I05_R03/statistics/4_a97a1f97436f49a0a5af44b32a2bcff3.txt,4_a97a1f97436f49a0a5af44b32a2bcff3.txt,.txt,518,b87c452324180fc62456855ce102c922e32068de8ceaef8d743a5079fa7857ef,2026-07-18T19:37:55,True,False,False,False,False,False,False
study_runs,V100_P0_NANO_I05_R03,study_runs/V100_P0_NANO_I05_R03/statistics/5_8d9208e09373435ba578757c5b440ede.txt,5_8d9208e09373435ba578757c5b440ede.txt,.txt,516,39eddcf0ce4bf16080fc40b936cd5f1abcd53705f3e6564325e2ea208fbc93f4,2026-07-18T19:43:00,True,False,False,False,False,False,False
study_runs,V100_P0_NANO_I05_R03,study_runs/V100_P0_NANO_I05_R03/statistics/6_4e0b53f4ed7545aa9e894ae21133ab32.txt,6_4e0b53f4ed7545aa9e894ae21133ab32.txt,.txt,489,a4d79cb2e16f98dc2f2ae6dd7071a8b7d485b7417b8a0a49c8603a6ca026afc5,2026-07-18T19:47:34,True,False,False,False,False,False,False
study_runs,V100_P0_NANO_I05_R03,study_runs/V100_P0_NANO_I05_R03/statistics/7_8d9208e09373435ba578757c5b440ede_seed.txt,7_8d9208e09373435ba578757c5b440ede_seed.txt,.txt,508,be7ecacfa119114a9871f80e1e9025cb54f5bb223d1701c7d718b15ff0702349,2026-07-18T19:53:36,True,False,False,False,False,False,False
study_runs,V100_P0_NANO_I05_R03,study_runs/V100_P0_NANO_I05_R03/statistics/8_8d9208e09373435ba578757c5b440ede_iteration1.txt,8_8d9208e09373435ba578757c5b440ede_iteration1.txt,.txt,421,01c851c6c467f360294e0bbe4a3755a17ab0b81ee57a8d351b0c7f4627fd9f9a,2026-07-18T20:01:48,True,False,False,False,False,False,False
study_runs,V100_P0_NANO_I05_R03,study_runs/V100_P0_NANO_I05_R03/statistics/9_8d9208e09373435ba578757c5b440ede_iteration2.txt,9_8d9208e09373435ba578757c5b440ede_iteration2.txt,.txt,561,afcce1bea502acf8902afcdd708dd690048779d9a1cf315bad40dda6c21e9056,2026-07-18T20:17:44,True,False,False,False,False,False,False
study_runs,V100_P0_NANO_I05_R03,study_runs/V100_P0_NANO_I05_R03/statistics/summary_overall_nodes.txt,summary_overall_nodes.txt,.txt,489,6344f8858273e230d4d023c6ad4b6f908403fea3031507278d2b8cdce0ade0ef,2026-07-18T20:18:15,True,False,False,False,False,False,False
study_runs,V100_P0_NANO_I05_R03,study_runs/V100_P0_NANO_I05_R03/summary.md,summary.md,.md,6331,48403d809f69a0f39ecf77e150be5dd8f868227db5c10c67c904a14c63fb57c4,2026-07-18T20:18:15,True,False,False,False,True,False,False
study_runs,V100_P0_NANO_I05_R03,study_runs/V100_P0_NANO_I05_R03/tree_render/svg/combined_tree.svg,combined_tree.svg,.svg,10640,8a077114ea7247da85967ac7a1a4f94ed9774f6d9335fc8e1829e84fd2be2e3f,2026-07-18T19:47:41,True,False,False,False,False,False,False
study_runs,V100_P0_NANO_I05_R03,study_runs/V100_P0_NANO_I05_R03/tree_render/svg/tree_0.svg,tree_0.svg,.svg,6360,d65a5f553a8cba999e8e66e1202f96e5acf384248fc3c0a04c09c4fbc9320afe,2026-07-18T19:47:37,True,False,False,False,False,False,False
study_runs,V100_P0_NANO_I05_R03,study_runs/V100_P0_NANO_I05_R03/tree_render/svg/tree_1.svg,tree_1.svg,.svg,4771,f0055a1e15dd3894d758d3df40b3156b37c5293f2e4b8173e66b209e31ed200b,2026-07-18T19:47:39,True,False,False,False,False,False,False
study_runs,V100_P0_NANO_I05_R03_FAILED_ENCODING,study_runs/V100_P0_NANO_I05_R03_FAILED_ENCODING/checkpoint/8eb64cee5522418d95327cda648d6d56/code.py,code.py,.py,2,7eb70257593da06f682a3ddda54a9d260d4fc514f645237f5ca74b08f8da61a6,2026-07-18T12:55:03,True,False,False,False,False,False,False
study_runs,V100_P0_NANO_I05_R03_FAILED_ENCODING,study_runs/V100_P0_NANO_I05_R03_FAILED_ENCODING/checkpoint/8eb64cee5522418d95327cda648d6d56/out.log,out.log,.log,49,b999c05453cbce1dd7fa3d0ee70d14f3b54a511d7b134eda76c99d23181d0525,2026-07-18T12:52:27,True,False,False,False,False,False,False
study_runs,V100_P0_NANO_I05_R03_FAILED_ENCODING,study_runs/V100_P0_NANO_I05_R03_FAILED_ENCODING/checkpoint/f46abc3a273745359a4118d8875a3ca0/code.py,code.py,.py,4116,689bfac852124b4091e24a71ab47be96eafe91e132c438e5a583db679c21dffd,2026-07-18T12:55:03,True,False,True,True,True,False,True
study_runs,V100_P0_NANO_I05_R03_FAILED_ENCODING,study_runs/V100_P0_NANO_I05_R03_FAILED_ENCODING/checkpoint/f46abc3a273745359a4118d8875a3ca0/out.log,out.log,.log,3137,1a3bff941e64c3aeaaf2866bbb425746dd80586098645d250c3ada1a1570bdce,2026-07-18T12:48:40,True,False,False,True,False,False,True
study_runs,V100_P0_NANO_I05_R03_FAILED_ENCODING,study_runs/V100_P0_NANO_I05_R03_FAILED_ENCODING/checkpoint/f5a9b25ca5d54182b12872d8bc09948c/code.py,code.py,.py,2,7eb70257593da06f682a3ddda54a9d260d4fc514f645237f5ca74b08f8da61a6,2026-07-18T12:50:45,True,False,False,False,False,False,False
study_runs,V100_P0_NANO_I05_R03_FAILED_ENCODING,study_runs/V100_P0_NANO_I05_R03_FAILED_ENCODING/checkpoint/f5a9b25ca5d54182b12872d8bc09948c/out.log,out.log,.log,49,b999c05453cbce1dd7fa3d0ee70d14f3b54a511d7b134eda76c99d23181d0525,2026-07-18T12:41:28,True,False,False,False,False,False,False
study_runs,V100_P0_NANO_I05_R03_FAILED_ENCODING,study_runs/V100_P0_NANO_I05_R03_FAILED_ENCODING/code_requirements_prototype.json,code_requirements_prototype.json,.json,740,5bf870ebda03cb9cc1e75ea9bc3218cfd3d87239a8d4c894636462a2b48c9043,2026-07-18T12:38:11,True,False,False,False,False,False,False
study_runs,V100_P0_NANO_I05_R03_FAILED_ENCODING,study_runs/V100_P0_NANO_I05_R03_FAILED_ENCODING/config.source.toml,config.source.toml,.toml,386,43ad328d9e971575946598bc6c906a320d878b57103e5825b7bc1b351074558f,2026-07-18T12:37:03,True,False,False,False,False,False,False
study_runs,V100_P0_NANO_I05_R03_FAILED_ENCODING,study_runs/V100_P0_NANO_I05_R03_FAILED_ENCODING/config.toml,config.toml,.toml,414,e9e88c445288497681d9e03470c173c77ccf3864de5775cf34f295cf4bf08486,2026-07-18T12:37:03,True,False,False,False,False,False,False
study_runs,V100_P0_NANO_I05_R03_FAILED_ENCODING,study_runs/V100_P0_NANO_I05_R03_FAILED_ENCODING/costs_log.csv,costs_log.csv,.csv,4138,4a4470dcd8cdf25a1a0e7ca20b39d081d1cc29ed77be1984527df385a67cdb1d,2026-07-18T12:56:24,True,False,False,False,False,False,False
study_runs,V100_P0_NANO_I05_R03_FAILED_ENCODING,study_runs/V100_P0_NANO_I05_R03_FAILED_ENCODING/debug.log,debug.log,.log,99373,d384645f090cbc8c93d65ba419f8da6cc4740a1bdd123b57c351caa531e23a3e,2026-07-18T12:56:24,True,False,True,True,True,False,True
study_runs,V100_P0_NANO_I05_R03_FAILED_ENCODING,study_runs/V100_P0_NANO_I05_R03_FAILED_ENCODING/entered_prompt.txt,entered_prompt.txt,.txt,946,dc790c0f84813ae9f582a14783c06db3ee59faaa98d800c6bf831f5ad0d041ab,2026-07-18T12:37:03,True,False,False,False,False,False,False
study_runs,V100_P0_NANO_I05_R03_FAILED_ENCODING,study_runs/V100_P0_NANO_I05_R03_FAILED_ENCODING/statistics/0_f5a9b25ca5d54182b12872d8bc09948c.txt,0_f5a9b25ca5d54182b12872d8bc09948c.txt,.txt,407,587bad0f4aa27a087b8ab5806431a5ae584bc9026465db2ab7467d9be9c39fdc,2026-07-18T12:44:44,True,False,False,False,False,False,False
study_runs,V100_P0_NANO_I05_R03_FAILED_ENCODING,study_runs/V100_P0_NANO_I05_R03_FAILED_ENCODING/statistics/1_f46abc3a273745359a4118d8875a3ca0.txt,1_f46abc3a273745359a4118d8875a3ca0.txt,.txt,478,4deceea4c8c0e373105b37cae9dd9b902c4629f25f3a1ee6b45d7a41b6fa24d2,2026-07-18T12:50:45,True,False,False,False,False,False,False
study_runs,V100_P0_NANO_I05_R03_FAILED_ENCODING,study_runs/V100_P0_NANO_I05_R03_FAILED_ENCODING/statistics/2_8eb64cee5522418d95327cda648d6d56.txt,2_8eb64cee5522418d95327cda648d6d56.txt,.txt,409,65a57e5d881b294fe6488730e264813fa1b1f2a2112fae85cb6b745a788b5979,2026-07-18T12:55:03,True,False,False,False,False,False,False
study_runs,V100_P0_NANO_I05_R03_FAILED_ENCODING,study_runs/V100_P0_NANO_I05_R03_FAILED_ENCODING/workspace/runfile.py,runfile.py,.py,0,e3b0c44298fc1c149afbf4c8996fb92427ae41e4649b934ca495991b7852b855,2026-07-18T12:56:24,True,False,False,False,False,False,False
study_runs,V100_P0_NANO_I05_R04,study_runs/V100_P0_NANO_I05_R04/checkpoint/3b4ae39deb8149c993ec76ca773da586/code.py,code.py,.py,232,7bbaa90effdd030cc714faa75637ac81d047d328cac4b9709b3632a76fa7f1ec,2026-07-18T14:28:08,True,False,False,False,False,False,False
study_runs,V100_P0_NANO_I05_R04,study_runs/V100_P0_NANO_I05_R04/checkpoint/3b4ae39deb8149c993ec76ca773da586/out.log,out.log,.log,58,b1194fdf04d8623622191c336ca68b541150f1f0b514e79c29309feead5d5e79,2026-07-18T14:20:05,True,False,True,False,False,False,False
study_runs,V100_P0_NANO_I05_R04,study_runs/V100_P0_NANO_I05_R04/checkpoint/3b4ae39deb8149c993ec76ca773da586_iteration1/code.py,code.py,.py,6857,b6bf0930f6da28589099a62ddbc27dcb586c425e9b92badc2fc30878089abc33,2026-07-18T15:09:03,True,False,True,False,False,False,False
study_runs,V100_P0_NANO_I05_R04,study_runs/V100_P0_NANO_I05_R04/checkpoint/3b4ae39deb8149c993ec76ca773da586_iteration1/generated/results/summary.csv,summary.csv,.csv,711,a95cde62b9a1070a028f400750d7e02cfd3197b100357184ca24883c16fd69c3,2026-07-18T14:59:00,True,False,False,False,False,False,False
study_runs,V100_P0_NANO_I05_R04,study_runs/V100_P0_NANO_I05_R04/checkpoint/3b4ae39deb8149c993ec76ca773da586_iteration1/out.log,out.log,.log,3276,8fef464dd44f173b2c8f3742820eabf78d1f4320eb1815331346fc997b900290,2026-07-18T14:59:00,True,False,False,False,False,False,False
study_runs,V100_P0_NANO_I05_R04,study_runs/V100_P0_NANO_I05_R04/checkpoint/3b4ae39deb8149c993ec76ca773da586_iteration2/code.py,code.py,.py,2,7eb70257593da06f682a3ddda54a9d260d4fc514f645237f5ca74b08f8da61a6,2026-07-18T15:09:03,True,False,False,False,False,False,False
study_runs,V100_P0_NANO_I05_R04,study_runs/V100_P0_NANO_I05_R04/checkpoint/3b4ae39deb8149c993ec76ca773da586_iteration2/out.log,out.log,.log,49,b999c05453cbce1dd7fa3d0ee70d14f3b54a511d7b134eda76c99d23181d0525,2026-07-18T15:04:19,True,False,False,False,False,False,False
study_runs,V100_P0_NANO_I05_R04,study_runs/V100_P0_NANO_I05_R04/checkpoint/3b4ae39deb8149c993ec76ca773da586_seed/code.py,code.py,.py,232,7bbaa90effdd030cc714faa75637ac81d047d328cac4b9709b3632a76fa7f1ec,2026-07-18T15:03:12,True,False,False,False,False,False,False
study_runs,V100_P0_NANO_I05_R04,study_runs/V100_P0_NANO_I05_R04/checkpoint/3b4ae39deb8149c993ec76ca773da586_seed/out.log,out.log,.log,58,b1194fdf04d8623622191c336ca68b541150f1f0b514e79c29309feead5d5e79,2026-07-18T14:53:27,True,False,True,False,False,False,False
study_runs,V100_P0_NANO_I05_R04,study_runs/V100_P0_NANO_I05_R04/checkpoint/3ecc62b455c7443d92d0437c91edc6ee/code.py,code.py,.py,4962,c22b2a31026d0a768721629243eff67bffbcd933b603f31aedc2bd3d74513148,2026-07-18T14:55:53,True,False,True,True,False,False,False
study_runs,V100_P0_NANO_I05_R04,study_runs/V100_P0_NANO_I05_R04/checkpoint/3ecc62b455c7443d92d0437c91edc6ee/out.log,out.log,.log,3274,38851fbc85b439a8b08e3d82483fb9e555016e76824f7416acf9d41efa9f9c2f,2026-07-18T14:47:50,True,True,True,False,False,False,True
study_runs,V100_P0_NANO_I05_R04,study_runs/V100_P0_NANO_I05_R04/checkpoint/8257a3aa26de45f0a984d1d96ef0e882/code.py,code.py,.py,485,61cf8d4dd402b91e90113e3209303359dc9556c20b9de2ac66993fd5f5e335cb,2026-07-18T14:52:38,True,False,False,False,True,False,False
study_runs,V100_P0_NANO_I05_R04,study_runs/V100_P0_NANO_I05_R04/checkpoint/8257a3aa26de45f0a984d1d96ef0e882/out.log,out.log,.log,49,b999c05453cbce1dd7fa3d0ee70d14f3b54a511d7b134eda76c99d23181d0525,2026-07-18T14:42:12,True,False,False,False,False,False,False
study_runs,V100_P0_NANO_I05_R04,study_runs/V100_P0_NANO_I05_R04/checkpoint/9642759e08674a6b860c0e23aed29c86/code.py,code.py,.py,2,7eb70257593da06f682a3ddda54a9d260d4fc514f645237f5ca74b08f8da61a6,2026-07-18T14:33:46,True,False,False,False,False,False,False
study_runs,V100_P0_NANO_I05_R04,study_runs/V100_P0_NANO_I05_R04/checkpoint/9642759e08674a6b860c0e23aed29c86/out.log,out.log,.log,49,b999c05453cbce1dd7fa3d0ee70d14f3b54a511d7b134eda76c99d23181d0525,2026-07-18T14:24:40,True,False,False,False,False,False,False
study_runs,V100_P0_NANO_I05_R04,study_runs/V100_P0_NANO_I05_R04/checkpoint/9c3a7837378b4a1f92dd80946bf44879/code.py,code.py,.py,4475,583155184b60cae546d13402f0541c940c9a7fd9a57a78b0f03a6a1d80a0c332,2026-07-18T14:41:02,True,False,True,False,False,False,False
study_runs,V100_P0_NANO_I05_R04,study_runs/V100_P0_NANO_I05_R04/checkpoint/9c3a7837378b4a1f92dd80946bf44879/out.log,out.log,.log,1563,662d386cc8b87c3c4583ea85d34a708b95ed7fbcdd813064340ca78a22b8e51a,2026-07-18T14:30:15,True,True,True,False,False,False,True
study_runs,V100_P0_NANO_I05_R04,study_runs/V100_P0_NANO_I05_R04/checkpoint/ac16e7ee948c45acaf67b8fe85aeee61/code.py,code.py,.py,2972,074a0ca9c13d9c070bf5c9ed366b5a0e89eee9d019c4df55c2a66999498c3728,2026-07-18T14:22:15,True,False,False,False,True,False,False
study_runs,V100_P0_NANO_I05_R04,study_runs/V100_P0_NANO_I05_R04/checkpoint/ac16e7ee948c45acaf67b8fe85aeee61/out.log,out.log,.log,2940,374df1fe7f9cd9e146c4e42b36707062dc1bdd586b1b9af37928e9424bc6ed3c,2026-07-18T14:14:45,True,True,True,False,False,False,True
study_runs,V100_P0_NANO_I05_R04,study_runs/V100_P0_NANO_I05_R04/checkpoint/f107f507af2a444b80ef29f76ee8fa68/code.py,code.py,.py,7312,d527c5acd90f9633c6d00d171f2ec4aa84fadc24256e0ec3736c2f183c6e3eec,2026-07-18T14:44:58,True,False,True,False,False,False,False
study_runs,V100_P0_NANO_I05_R04,study_runs/V100_P0_NANO_I05_R04/checkpoint/f107f507af2a444b80ef29f76ee8fa68/out.log,out.log,.log,2722,0c786dad59b332ae6ac20d1ac7dfec1871812f77dc802a163e35b76741994953,2026-07-18T14:36:51,True,True,True,False,False,False,True
study_runs,V100_P0_NANO_I05_R04,study_runs/V100_P0_NANO_I05_R04/code_requirements_final.json,code_requirements_final.json,.json,2848,707c104388c44e2845b08f17f802356aef8a842cf012cb55961eee16ba7ab835,2026-07-18T14:53:26,True,False,False,False,False,False,False
study_runs,V100_P0_NANO_I05_R04,study_runs/V100_P0_NANO_I05_R04/code_requirements_prototype.json,code_requirements_prototype.json,.json,1363,39094691c4cbcc10d2f052a753248037e6de0c142150481de49cd7d023c73625,2026-07-18T14:11:16,True,False,False,False,False,False,False
study_runs,V100_P0_NANO_I05_R04,study_runs/V100_P0_NANO_I05_R04/config.source.toml,config.source.toml,.toml,386,43ad328d9e971575946598bc6c906a320d878b57103e5825b7bc1b351074558f,2026-07-18T14:10:18,True,False,False,False,False,False,False
study_runs,V100_P0_NANO_I05_R04,study_runs/V100_P0_NANO_I05_R04/config.toml,config.toml,.toml,414,ec34533e505af52cc9ad538be57e38d5d36d4954a5bdb05dc8c7f9c0c99c5a4c,2026-07-18T14:10:18,True,False,False,False,False,False,False
study_runs,V100_P0_NANO_I05_R04,study_runs/V100_P0_NANO_I05_R04/costs_log.csv,costs_log.csv,.csv,14827,675ff119c3794dd7b95fa0f3f1d9f0ef9875d4915437a8ad95bf316ada1999d1,2026-07-18T15:09:39,True,False,False,False,False,False,False
study_runs,V100_P0_NANO_I05_R04,study_runs/V100_P0_NANO_I05_R04/debug.log,debug.log,.log,305579,093354f1bb29c41db4bc9d554cf2c5a16ca6e2baac2a513a42ebb29960bb2dd8,2026-07-18T15:09:42,True,True,True,False,True,False,True
study_runs,V100_P0_NANO_I05_R04,study_runs/V100_P0_NANO_I05_R04/entered_prompt.txt,entered_prompt.txt,.txt,946,dc790c0f84813ae9f582a14783c06db3ee59faaa98d800c6bf831f5ad0d041ab,2026-07-18T14:10:18,True,False,False,False,False,False,False
study_runs,V100_P0_NANO_I05_R04,study_runs/V100_P0_NANO_I05_R04/statistics/0_ac16e7ee948c45acaf67b8fe85aeee61.txt,0_ac16e7ee948c45acaf67b8fe85aeee61.txt,.txt,482,bc94c398a230ebfb8c0f64cf8888bee94bee594c8b4099078d5ed0e88d1a0059,2026-07-18T14:18:09,True,False,False,False,False,False,False
study_runs,V100_P0_NANO_I05_R04,study_runs/V100_P0_NANO_I05_R04/statistics/1_3b4ae39deb8149c993ec76ca773da586.txt,1_3b4ae39deb8149c993ec76ca773da586.txt,.txt,419,6cece231873e487117f653f50db3f3c3df1363ddadafc2bc13810d27f239e82c,2026-07-18T14:22:15,True,False,False,False,False,False,False
study_runs,V100_P0_NANO_I05_R04,study_runs/V100_P0_NANO_I05_R04/statistics/2_9642759e08674a6b860c0e23aed29c86.txt,2_9642759e08674a6b860c0e23aed29c86.txt,.txt,407,3a9cdf38a85a7fdcbf74241efc8ffc7d1f877fa805689324aaede81419ff6b6f,2026-07-18T14:28:08,True,False,False,False,False,False,False
study_runs,V100_P0_NANO_I05_R04,study_runs/V100_P0_NANO_I05_R04/statistics/3_9c3a7837378b4a1f92dd80946bf44879.txt,3_9c3a7837378b4a1f92dd80946bf44879.txt,.txt,477,691c17c94110d918b2882540bfb93a1c9cf59eb586a53cd7631587aaba21aa4a,2026-07-18T14:33:46,True,False,False,False,False,False,False
study_runs,V100_P0_NANO_I05_R04,study_runs/V100_P0_NANO_I05_R04/statistics/4_f107f507af2a444b80ef29f76ee8fa68.txt,4_f107f507af2a444b80ef29f76ee8fa68.txt,.txt,472,1a0efc49f9258caca03b1d8573dc157fbdf031a42ee4c5dc306a0220ce709db7,2026-07-18T14:41:02,True,False,False,False,False,False,False
study_runs,V100_P0_NANO_I05_R04,study_runs/V100_P0_NANO_I05_R04/statistics/5_8257a3aa26de45f0a984d1d96ef0e882.txt,5_8257a3aa26de45f0a984d1d96ef0e882.txt,.txt,411,851ac101fb6340ac9f790df8217e9394481be378640443e8af69c42641739d6c,2026-07-18T14:44:58,True,False,False,False,False,False,False
study_runs,V100_P0_NANO_I05_R04,study_runs/V100_P0_NANO_I05_R04/statistics/6_3ecc62b455c7443d92d0437c91edc6ee.txt,6_3ecc62b455c7443d92d0437c91edc6ee.txt,.txt,485,a6c471f71dcef00b90f85ae7c425725251330673cfbf701a6cfb4735ea8f0981,2026-07-18T14:52:38,True,False,False,False,False,False,False
study_runs,V100_P0_NANO_I05_R04,study_runs/V100_P0_NANO_I05_R04/statistics/7_3b4ae39deb8149c993ec76ca773da586_seed.txt,7_3b4ae39deb8149c993ec76ca773da586_seed.txt,.txt,424,3400eb9e0e9779110dc9a16d8531554a0f9bd7e174fd1133080a7bbd9b3da9af,2026-07-18T14:55:53,True,False,False,False,False,False,False
study_runs,V100_P0_NANO_I05_R04,study_runs/V100_P0_NANO_I05_R04/statistics/8_3b4ae39deb8149c993ec76ca773da586_iteration1.txt,8_3b4ae39deb8149c993ec76ca773da586_iteration1.txt,.txt,508,60db8b1490ff7b70751b6b76aef3a0cbb2935e2c5239b25e6c05ca8271ff7e23,2026-07-18T15:03:12,True,False,False,False,False,False,False
study_runs,V100_P0_NANO_I05_R04,study_runs/V100_P0_NANO_I05_R04/statistics/9_3b4ae39deb8149c993ec76ca773da586_iteration2.txt,9_3b4ae39deb8149c993ec76ca773da586_iteration2.txt,.txt,420,f766d350281f47f465e0fd40b571ebce23645e4eac98ac41d9e2264f4b44aba7,2026-07-18T15:09:03,True,False,False,False,False,False,False
study_runs,V100_P0_NANO_I05_R04,study_runs/V100_P0_NANO_I05_R04/statistics/summary_overall_nodes.txt,summary_overall_nodes.txt,.txt,487,28c873e562650cf48e86359016cd8c5311dafbf37a589e7a623b5438805d53c8,2026-07-18T15:09:39,True,False,False,False,False,False,False
study_runs,V100_P0_NANO_I05_R04,study_runs/V100_P0_NANO_I05_R04/summary.md,summary.md,.md,5425,2bea555d7a1a9ac6021fd4bca92e25a43e4e2c5865cad257e9b2d5c5f316d539,2026-07-18T15:09:39,True,False,False,False,False,False,False
study_runs,V100_P0_NANO_I05_R04,study_runs/V100_P0_NANO_I05_R04/tree_render/svg/combined_tree.svg,combined_tree.svg,.svg,10442,adb69d4187909856d6becf542c076e0f688cf0a54ac17d312e343c504b177f6f,2026-07-18T14:52:45,True,False,False,False,False,False,False
study_runs,V100_P0_NANO_I05_R04,study_runs/V100_P0_NANO_I05_R04/tree_render/svg/tree_0.svg,tree_0.svg,.svg,3176,80cea1551bd816b31f09792520f3f7a841c4eddc51eb302d9250503a5cf2c47b,2026-07-18T14:52:40,True,False,False,False,False,False,False
study_runs,V100_P0_NANO_I05_R04,study_runs/V100_P0_NANO_I05_R04/tree_render/svg/tree_1.svg,tree_1.svg,.svg,7829,d88835091fdf5f78258ea9ef132148ab5a95784beac4f5ae2c47789facf7e80d,2026-07-18T14:52:43,True,False,False,False,False,False,False
study_runs,V100_P0_NANO_I05_R05,study_runs/V100_P0_NANO_I05_R05/checkpoint/14beb724464b43b4905b1dec47bc8b12/code.py,code.py,.py,4483,731f59ea8c66608ab2ece3f94f8846fefcdc9f73b6d8981f3829544eb195eb25,2026-07-18T19:23:23,True,False,True,False,False,False,False
study_runs,V100_P0_NANO_I05_R05,study_runs/V100_P0_NANO_I05_R05/checkpoint/14beb724464b43b4905b1dec47bc8b12/out.log,out.log,.log,513,e0b11ce69c771b54f30c8a1faee0ed69b34e2f4a5778ac0974edc557f8a40232,2026-07-18T19:15:51,True,False,False,False,False,False,False
study_runs,V100_P0_NANO_I05_R05,study_runs/V100_P0_NANO_I05_R05/checkpoint/2397a4fed26e46eeacb4810f22e22335/code.py,code.py,.py,4008,4aa8eb7cc4964551e5e0226a9e58bb4ed6509d4a010b9c639d4fe6601d2d84a9,2026-07-18T19:26:42,True,False,False,False,False,False,False
study_runs,V100_P0_NANO_I05_R05,study_runs/V100_P0_NANO_I05_R05/checkpoint/2397a4fed26e46eeacb4810f22e22335/out.log,out.log,.log,3080,095325abd8346de3ff791f99bb485fcc613904fdc6c4fdf89a968ea9e4481781,2026-07-18T19:19:35,True,True,True,False,False,False,True
study_runs,V100_P0_NANO_I05_R05,study_runs/V100_P0_NANO_I05_R05/checkpoint/2786e52f993e4f2599f4911f55149498/code.py,code.py,.py,8512,d76303300d3644ace561c70c12255931309f5614323ca9c59dcfe1c6a60de208,2026-07-18T19:47:55,True,False,True,False,False,False,False
study_runs,V100_P0_NANO_I05_R05,study_runs/V100_P0_NANO_I05_R05/checkpoint/2786e52f993e4f2599f4911f55149498/out.log,out.log,.log,1176,925dee6f4fafcf96a264027f97af599813033e5151868865125037a8514297e2,2026-07-18T19:33:20,True,True,True,False,False,False,False
study_runs,V100_P0_NANO_I05_R05,study_runs/V100_P0_NANO_I05_R05/checkpoint/78db94a53eae45c0a446c4f86c2c0efb/code.py,code.py,.py,190,a35b3d3437a213ca6171c164d9130e6e07b205f1b6c1914de44466c57cd9ebac,2026-07-18T19:30:35,True,False,False,False,False,False,False
study_runs,V100_P0_NANO_I05_R05,study_runs/V100_P0_NANO_I05_R05/checkpoint/78db94a53eae45c0a446c4f86c2c0efb/out.log,out.log,.log,52,b6e1db2b16faf48a0751c9c07feb5547b050a544ae0527a6ce25f9a9ea82dab6,2026-07-18T19:24:48,True,False,False,False,False,False,False
study_runs,V100_P0_NANO_I05_R05,study_runs/V100_P0_NANO_I05_R05/checkpoint/78db94a53eae45c0a446c4f86c2c0efb_iteration1/code.py,code.py,.py,11352,e4a97bc4ec2b60a898b45d95128a44dc1ba08e0d6afa88353b4e8b4d3235160f,2026-07-18T20:14:10,True,False,True,False,False,False,False
study_runs,V100_P0_NANO_I05_R05,study_runs/V100_P0_NANO_I05_R05/checkpoint/78db94a53eae45c0a446c4f86c2c0efb_iteration1/generated/report/results.csv,results.csv,.csv,9248,0cb422bde09bdd5247817fe09abd49ac00347b6b1c0f946d935ef4d3932102fc,2026-07-18T20:01:38,True,False,False,False,False,False,False
study_runs,V100_P0_NANO_I05_R05,study_runs/V100_P0_NANO_I05_R05/checkpoint/78db94a53eae45c0a446c4f86c2c0efb_iteration1/generated/report/summary.json,summary.json,.json,299,789cd4a7545d897b6038528627ad9afae5f995916e8fe6b214ae25c81e1004d8,2026-07-18T20:01:38,True,False,False,False,False,False,False
study_runs,V100_P0_NANO_I05_R05,study_runs/V100_P0_NANO_I05_R05/checkpoint/78db94a53eae45c0a446c4f86c2c0efb_iteration1/out.log,out.log,.log,1046,f70a4af94df9e34b4111a00bebb08d8354b063420dd63a7e0bf9ae53fbf1ecd4,2026-07-18T20:01:39,True,False,True,False,False,False,False
study_runs,V100_P0_NANO_I05_R05,study_runs/V100_P0_NANO_I05_R05/checkpoint/78db94a53eae45c0a446c4f86c2c0efb_iteration2/code.py,code.py,.py,14277,e04e684492108f02b9f4c9b4604332e1c6c114e4f63cf7906f60eac6d25964a5,2026-07-18T20:14:10,True,False,True,False,False,False,False
study_runs,V100_P0_NANO_I05_R05,study_runs/V100_P0_NANO_I05_R05/checkpoint/78db94a53eae45c0a446c4f86c2c0efb_iteration2/out.log,out.log,.log,226,7bdac3ad3804c494f2d4981512bc1ece4cab3227719c7a763dda739293c26bbc,2026-07-18T20:09:50,True,False,True,False,False,False,False
study_runs,V100_P0_NANO_I05_R05,study_runs/V100_P0_NANO_I05_R05/checkpoint/78db94a53eae45c0a446c4f86c2c0efb_seed/code.py,code.py,.py,190,a35b3d3437a213ca6171c164d9130e6e07b205f1b6c1914de44466c57cd9ebac,2026-07-18T20:06:47,True,False,False,False,False,False,False
study_runs,V100_P0_NANO_I05_R05,study_runs/V100_P0_NANO_I05_R05/checkpoint/78db94a53eae45c0a446c4f86c2c0efb_seed/out.log,out.log,.log,52,b6e1db2b16faf48a0751c9c07feb5547b050a544ae0527a6ce25f9a9ea82dab6,2026-07-18T19:48:55,True,False,False,False,False,False,False
study_runs,V100_P0_NANO_I05_R05,study_runs/V100_P0_NANO_I05_R05/checkpoint/8d2411dc05cd47918a939cb4865fa049/code.py,code.py,.py,3323,8f1ee1674014f86de35488309cd544a8e1da1022d46f35c9ce164215970e30b9,2026-07-18T19:18:01,True,False,False,False,False,False,False
study_runs,V100_P0_NANO_I05_R05,study_runs/V100_P0_NANO_I05_R05/checkpoint/8d2411dc05cd47918a939cb4865fa049/out.log,out.log,.log,3079,2da41c9c5bf1541c6e6512567bd67a977bbb89e117ca2463450cbf950698f321,2026-07-18T19:11:16,True,True,True,False,False,False,True
study_runs,V100_P0_NANO_I05_R05,study_runs/V100_P0_NANO_I05_R05/checkpoint/961d5f9febae499fa6037ebdd89d6c7c/code.py,code.py,.py,7246,c42d592425dbbc820b2cba6e98c876386e1d24bd172dd2b28a97654290a1d4ea,2026-07-18T19:52:21,True,False,True,True,True,False,False
study_runs,V100_P0_NANO_I05_R05,study_runs/V100_P0_NANO_I05_R05/checkpoint/961d5f9febae499fa6037ebdd89d6c7c/generated/checkpoints/err.log,err.log,.log,5975,c82c303c9ab0d729d313294053b2514230acc97ddc79eb833b90d24ba6e03c72,2026-07-18T19:44:47,True,False,False,False,False,False,False
study_runs,V100_P0_NANO_I05_R05,study_runs/V100_P0_NANO_I05_R05/checkpoint/961d5f9febae499fa6037ebdd89d6c7c/generated/checkpoints/MovieLens100K-08d57673/LensKit.ImplicitMFScorer-f0dd7ecb-101/predictions.json,predictions.json,.json,39034063,acd5113e7fed7cf4a72d3b6edc3aa737e7e7b411662c55c36323aafc1196da6c,2026-07-18T19:39:05,True,False,False,False,False,False,False
study_runs,V100_P0_NANO_I05_R05,study_runs/V100_P0_NANO_I05_R05/checkpoint/961d5f9febae499fa6037ebdd89d6c7c/generated/checkpoints/MovieLens100K-08d57673/LensKit.ImplicitMFScorer-f0dd7ecb-202/predictions.json,predictions.json,.json,39034418,7d816c53a3d8ca56b7bdd74bc15c0ba763e0f1206a06c116effa0c891f282484,2026-07-18T19:40:28,True,False,False,False,False,False,False
study_runs,V100_P0_NANO_I05_R05,study_runs/V100_P0_NANO_I05_R05/checkpoint/961d5f9febae499fa6037ebdd89d6c7c/generated/checkpoints/MovieLens100K-08d57673/LensKit.ImplicitMFScorer-f0dd7ecb-303/predictions.json,predictions.json,.json,39036048,e40ca30bb22b5e4671337636745ef93cd0fca102bfcbffc204114b59eb72c24e,2026-07-18T19:41:52,True,False,False,False,False,False,False
study_runs,V100_P0_NANO_I05_R05,study_runs/V100_P0_NANO_I05_R05/checkpoint/961d5f9febae499fa6037ebdd89d6c7c/generated/checkpoints/MovieLens100K-08d57673/LensKit.ImplicitMFScorer-f0dd7ecb-404/predictions.json,predictions.json,.json,39034350,1d77ba444d5ad68b1862b74df9f695e532301950819457c8346460afe4dd4b9b,2026-07-18T19:43:14,True,False,False,False,False,False,False
study_runs,V100_P0_NANO_I05_R05,study_runs/V100_P0_NANO_I05_R05/checkpoint/961d5f9febae499fa6037ebdd89d6c7c/generated/checkpoints/MovieLens100K-08d57673/LensKit.ImplicitMFScorer-f0dd7ecb-505/predictions.json,predictions.json,.json,39034097,e732197231abe8f48e49f10529673ba8e3874d67836e56e72a8300124d97bbb7,2026-07-18T19:44:39,True,False,False,False,False,False,False
study_runs,V100_P0_NANO_I05_R05,study_runs/V100_P0_NANO_I05_R05/checkpoint/961d5f9febae499fa6037ebdd89d6c7c/generated/checkpoints/out.log,out.log,.log,0,e3b0c44298fc1c149afbf4c8996fb92427ae41e4649b934ca495991b7852b855,2026-07-18T19:39:14,True,False,False,False,False,False,False
study_runs,V100_P0_NANO_I05_R05,study_runs/V100_P0_NANO_I05_R05/checkpoint/961d5f9febae499fa6037ebdd89d6c7c/generated/checkpoints/progress.json,progress.json,.json,900,c2cbe26f482fcdd9838472ae49f2cb2df393e58f06203ea138f921e83e93e056,2026-07-18T19:44:47,True,False,False,False,False,False,False
study_runs,V100_P0_NANO_I05_R05,study_runs/V100_P0_NANO_I05_R05/checkpoint/961d5f9febae499fa6037ebdd89d6c7c/generated/checkpoints/results.json,results.json,.json,653,b6c5d5dc224632dcadd6024dd10ae080f9db1c7a79e699d7078930d8a02602f4,2026-07-18T19:44:47,True,False,False,False,False,False,False
study_runs,V100_P0_NANO_I05_R05,study_runs/V100_P0_NANO_I05_R05/checkpoint/961d5f9febae499fa6037ebdd89d6c7c/generated/reproducibility_movieLens100K_als.json,reproducibility_movieLens100K_als.json,.json,581,9fdb91ae5b40861d9eb9f3ce8894ae7cc6cae020f64d2009b0713a3a9c6e9e0f,2026-07-18T19:44:47,True,False,False,False,False,False,False
study_runs,V100_P0_NANO_I05_R05,study_runs/V100_P0_NANO_I05_R05/checkpoint/961d5f9febae499fa6037ebdd89d6c7c/out.log,out.log,.log,20223,08c615d712adff190c856d1c65c96b6af4c2ad71386159d7787a0b3285668088,2026-07-18T19:44:48,True,False,False,False,False,False,True
study_runs,V100_P0_NANO_I05_R05,study_runs/V100_P0_NANO_I05_R05/checkpoint/e3afd2d32d4d490cbe1059b23c2d0f95/code.py,code.py,.py,4176,da071b66912de019ff0a119f649843dcdde08a36e1b5e480321ec046a8ae63a1,2026-07-18T19:35:31,True,False,True,True,False,False,False
study_runs,V100_P0_NANO_I05_R05,study_runs/V100_P0_NANO_I05_R05/checkpoint/e3afd2d32d4d490cbe1059b23c2d0f95/out.log,out.log,.log,3060,5a9ba0065078f9274c0906b68486421f48115fa22230ad5be523af858bf10c05,2026-07-18T19:28:22,True,True,True,False,False,False,True
study_runs,V100_P0_NANO_I05_R05,study_runs/V100_P0_NANO_I05_R05/code_requirements_final.json,code_requirements_final.json,.json,3039,5a52336d73d892c64b47441ba08eef0626072c0d83e74cd0033abed72c10f661,2026-07-18T19:48:55,True,False,False,False,False,False,False
study_runs,V100_P0_NANO_I05_R05,study_runs/V100_P0_NANO_I05_R05/code_requirements_prototype.json,code_requirements_prototype.json,.json,1378,d559938cd073a9a84f1f584be1f649dc9619de97d9b0f79f54f5808b50b09144,2026-07-18T19:08:10,True,False,False,False,False,False,False
study_runs,V100_P0_NANO_I05_R05,study_runs/V100_P0_NANO_I05_R05/config.source.toml,config.source.toml,.toml,386,43ad328d9e971575946598bc6c906a320d878b57103e5825b7bc1b351074558f,2026-07-18T19:07:15,True,False,False,False,False,False,False
study_runs,V100_P0_NANO_I05_R05,study_runs/V100_P0_NANO_I05_R05/config.toml,config.toml,.toml,414,ea1d8282a3b8052ce832d8b54a1643eaa7692f8cb0ca8234049329fe786f1868,2026-07-18T19:07:15,True,False,False,False,False,False,False
study_runs,V100_P0_NANO_I05_R05,study_runs/V100_P0_NANO_I05_R05/costs_log.csv,costs_log.csv,.csv,14967,5273540af7bbc21d956b7c8b913e56dd5b70d4a419666c9038027b017ff9e8a8,2026-07-18T20:14:34,True,False,False,False,False,False,False
study_runs,V100_P0_NANO_I05_R05,study_runs/V100_P0_NANO_I05_R05/debug.log,debug.log,.log,331727,a81023e3ef93aa1ba8b35f024c3fb16bc633e331f077fecd4eb544b1cf4de023,2026-07-18T20:14:37,True,True,True,True,True,True,True
study_runs,V100_P0_NANO_I05_R05,study_runs/V100_P0_NANO_I05_R05/entered_prompt.txt,entered_prompt.txt,.txt,946,dc790c0f84813ae9f582a14783c06db3ee59faaa98d800c6bf831f5ad0d041ab,2026-07-18T19:07:15,True,False,False,False,False,False,False
study_runs,V100_P0_NANO_I05_R05,study_runs/V100_P0_NANO_I05_R05/statistics/0_8d2411dc05cd47918a939cb4865fa049.txt,0_8d2411dc05cd47918a939cb4865fa049.txt,.txt,462,0b6dae0e8a87bd41fc4552330d8e996b87335d2ed9a34b8f340385ac8eb869b0,2026-07-18T19:13:47,True,False,False,False,False,False,False
study_runs,V100_P0_NANO_I05_R05,study_runs/V100_P0_NANO_I05_R05/statistics/1_14beb724464b43b4905b1dec47bc8b12.txt,1_14beb724464b43b4905b1dec47bc8b12.txt,.txt,454,effc91d0214fe27b9dfce41ad29fdb9ac74198bd495e583dcd552929f16433c0,2026-07-18T19:18:01,True,False,False,False,False,False,False
study_runs,V100_P0_NANO_I05_R05,study_runs/V100_P0_NANO_I05_R05/statistics/2_2397a4fed26e46eeacb4810f22e22335.txt,2_2397a4fed26e46eeacb4810f22e22335.txt,.txt,467,a9f71c02b8281852196897f35e933ca6862c052fd53529c96f633f3aad5c822d,2026-07-18T19:23:23,True,False,False,False,False,False,False
study_runs,V100_P0_NANO_I05_R05,study_runs/V100_P0_NANO_I05_R05/statistics/3_78db94a53eae45c0a446c4f86c2c0efb.txt,3_78db94a53eae45c0a446c4f86c2c0efb.txt,.txt,414,bd952a7b87f6b2dd89f8c5c4b59dd593cc8e3a710e5e923a70f29230de444e36,2026-07-18T19:26:42,True,False,False,False,False,False,False
study_runs,V100_P0_NANO_I05_R05,study_runs/V100_P0_NANO_I05_R05/statistics/4_e3afd2d32d4d490cbe1059b23c2d0f95.txt,4_e3afd2d32d4d490cbe1059b23c2d0f95.txt,.txt,460,d0023f96a5ae54b0b1b33028f6c61bf59873147cc0319b0a62a53a45a26ff4bd,2026-07-18T19:30:35,True,False,False,False,False,False,False
study_runs,V100_P0_NANO_I05_R05,study_runs/V100_P0_NANO_I05_R05/statistics/5_2786e52f993e4f2599f4911f55149498.txt,5_2786e52f993e4f2599f4911f55149498.txt,.txt,496,06492f86b50cb1f577a959eb58220a5395490af379cd7857de6a091f7256e312,2026-07-18T19:35:31,True,False,False,False,False,False,False
study_runs,V100_P0_NANO_I05_R05,study_runs/V100_P0_NANO_I05_R05/statistics/6_961d5f9febae499fa6037ebdd89d6c7c.txt,6_961d5f9febae499fa6037ebdd89d6c7c.txt,.txt,488,5d5e1af095b4a79df20f9eca6bd2359f37419c5b7c0d67b1f7e844a5df128d51,2026-07-18T19:47:55,True,False,False,False,False,False,False
study_runs,V100_P0_NANO_I05_R05,study_runs/V100_P0_NANO_I05_R05/statistics/7_78db94a53eae45c0a446c4f86c2c0efb_seed.txt,7_78db94a53eae45c0a446c4f86c2c0efb_seed.txt,.txt,419,bcd48263cd41f283e41da8dfa2b657089246b801891c26206ca684172d9c11dc,2026-07-18T19:52:22,True,False,False,False,False,False,False
study_runs,V100_P0_NANO_I05_R05,study_runs/V100_P0_NANO_I05_R05/statistics/8_78db94a53eae45c0a446c4f86c2c0efb_iteration1.txt,8_78db94a53eae45c0a446c4f86c2c0efb_iteration1.txt,.txt,520,c06632f36b47b6466a408f1a3856ef153bb55911a13d8dbb3d736c1946874885,2026-07-18T20:06:47,True,False,False,False,False,False,False
study_runs,V100_P0_NANO_I05_R05,study_runs/V100_P0_NANO_I05_R05/statistics/9_78db94a53eae45c0a446c4f86c2c0efb_iteration2.txt,9_78db94a53eae45c0a446c4f86c2c0efb_iteration2.txt,.txt,526,2be410bc5bf9e4609f8fe3791277d45bfd777af978b4e05dd6ee452a105f7f35,2026-07-18T20:14:11,True,False,False,False,False,False,False
study_runs,V100_P0_NANO_I05_R05,study_runs/V100_P0_NANO_I05_R05/statistics/summary_overall_nodes.txt,summary_overall_nodes.txt,.txt,475,d2002d5244c49a900bd62a0e4b39423fa41350053e6591d05e40fb8c0bf998ed,2026-07-18T20:14:34,True,False,False,False,False,False,False
study_runs,V100_P0_NANO_I05_R05,study_runs/V100_P0_NANO_I05_R05/summary.md,summary.md,.md,5859,a09ceb4047ac100a094b3b673a6db7cc32bdd6668878fe8c5e415e13ff8c6768,2026-07-18T20:14:34,True,False,False,False,False,False,False
study_runs,V100_P0_NANO_I05_R05,study_runs/V100_P0_NANO_I05_R05/tree_render/svg/combined_tree.svg,combined_tree.svg,.svg,10575,205805ced5f088b8be8b309f643e7f86ef91e4a042985ce8b8cff9c00533866c,2026-07-18T19:48:02,True,False,False,False,False,False,False
study_runs,V100_P0_NANO_I05_R05,study_runs/V100_P0_NANO_I05_R05/tree_render/svg/tree_0.svg,tree_0.svg,.svg,3176,e89fd10fe2ef16d78fec6f8d91f30083f98f5429c9155377fabaf5f63827bd0a,2026-07-18T19:47:57,True,False,False,False,False,False,False
study_runs,V100_P0_NANO_I05_R05,study_runs/V100_P0_NANO_I05_R05/tree_render/svg/tree_1.svg,tree_1.svg,.svg,7920,93654d1290a908ed60199ba73e3c47a8224153fef5fdc60a01a9511a1c5b7d7b,2026-07-18T19:48:00,True,False,False,False,False,False,False
study_runs,V100_P0_NANO_I05_R05_FAILED_ENCODING,study_runs/V100_P0_NANO_I05_R05_FAILED_ENCODING/checkpoint/06c95ab15297452f897b862fe3c0937b/code.py,code.py,.py,6004,bba057f6ffa9d534ef42e3047fbca62c7c7856f197c5993e10acacd29008c58d,2026-07-18T14:50:49,True,False,True,False,False,False,False
study_runs,V100_P0_NANO_I05_R05_FAILED_ENCODING,study_runs/V100_P0_NANO_I05_R05_FAILED_ENCODING/checkpoint/06c95ab15297452f897b862fe3c0937b/out.log,out.log,.log,177,f4b0cca371d46c4e2963d660cf9d44e29257a278d4abd4e699b9710c6dabf907,2026-07-18T14:47:58,True,False,True,False,False,False,False
study_runs,V100_P0_NANO_I05_R05_FAILED_ENCODING,study_runs/V100_P0_NANO_I05_R05_FAILED_ENCODING/checkpoint/0ea1bb0e10f7452db4976cbdbbe6cf88/code.py,code.py,.py,8104,563ca58ea6759aab19f52db0889c3664d83226e3198285686fec0f19fc31430c,2026-07-18T14:50:49,True,False,True,False,False,False,False
study_runs,V100_P0_NANO_I05_R05_FAILED_ENCODING,study_runs/V100_P0_NANO_I05_R05_FAILED_ENCODING/checkpoint/0ea1bb0e10f7452db4976cbdbbe6cf88/out.log,out.log,.log,1234,6944f67df0d5797d953cbe523b714e765c28c25eb213b5e626ab5c0a2a53fcb8,2026-07-18T14:43:57,True,True,True,False,False,False,False
study_runs,V100_P0_NANO_I05_R05_FAILED_ENCODING,study_runs/V100_P0_NANO_I05_R05_FAILED_ENCODING/checkpoint/7cfc165e4470472fa50f1c09bc44b601/code.py,code.py,.py,7437,50e8be1921f90e79107738d7770af5f9ba76aa3f61e675df756651936f8ac7b0,2026-07-18T14:46:04,True,False,True,False,False,False,False
study_runs,V100_P0_NANO_I05_R05_FAILED_ENCODING,study_runs/V100_P0_NANO_I05_R05_FAILED_ENCODING/checkpoint/7cfc165e4470472fa50f1c09bc44b601/generated/prototype_results.csv,prototype_results.csv,.csv,145,a7a7d11f9779486b92d8b19dd413eec5b8ce235830da89faee93fa9d763f6608,2026-07-18T14:38:08,True,False,False,False,False,False,False
study_runs,V100_P0_NANO_I05_R05_FAILED_ENCODING,study_runs/V100_P0_NANO_I05_R05_FAILED_ENCODING/checkpoint/7cfc165e4470472fa50f1c09bc44b601/out.log,out.log,.log,445,c4c64e7b13a7d1dde005ea2f326b268b5ce3702da49e6dbe9892576c319c1fee,2026-07-18T14:38:09,True,False,False,False,False,False,False
study_runs,V100_P0_NANO_I05_R05_FAILED_ENCODING,study_runs/V100_P0_NANO_I05_R05_FAILED_ENCODING/checkpoint/a6ef486ee30344d2a451cd0fc361fa1c/code.py,code.py,.py,3886,c566c3b7660f93dca16da0b22e10f1242e2c0473273353d2a23aa83293dbf197,2026-07-18T14:40:59,True,False,False,False,False,False,False
study_runs,V100_P0_NANO_I05_R05_FAILED_ENCODING,study_runs/V100_P0_NANO_I05_R05_FAILED_ENCODING/checkpoint/a6ef486ee30344d2a451cd0fc361fa1c/out.log,out.log,.log,914,0fa10d2e566ec1fa1699fdc70ab2076b477ae37eeb0d469bc35316161bdbc285,2026-07-18T14:31:42,True,True,True,False,False,False,True
study_runs,V100_P0_NANO_I05_R05_FAILED_ENCODING,study_runs/V100_P0_NANO_I05_R05_FAILED_ENCODING/checkpoint/bba1cdc8d7a442cba9b557df959de3e0/code.py,code.py,.py,8916,ceb4454a10899ea6e2786f6be84513a993aabf8b537bc2d28aa548fc786791eb,2026-07-18T14:14:52,True,False,True,True,True,False,False
study_runs,V100_P0_NANO_I05_R05_FAILED_ENCODING,study_runs/V100_P0_NANO_I05_R05_FAILED_ENCODING/checkpoint/bba1cdc8d7a442cba9b557df959de3e0/out.log,out.log,.log,1073,fbe3eb698ba81262619063e1fe1c1bf1cdb665067d211caae333965760b1e4e0,2026-07-18T14:14:52,True,True,True,False,False,False,False
study_runs,V100_P0_NANO_I05_R05_FAILED_ENCODING,study_runs/V100_P0_NANO_I05_R05_FAILED_ENCODING/checkpoint/bec77e6418724bfba6401700bd54e08b/code.py,code.py,.py,843,47d54578917e797c303cd4c8f64e6c860a2bb3ad2f096856b536de397c517b2a,2026-07-18T14:28:51,True,False,False,False,False,False,False
study_runs,V100_P0_NANO_I05_R05_FAILED_ENCODING,study_runs/V100_P0_NANO_I05_R05_FAILED_ENCODING/checkpoint/bec77e6418724bfba6401700bd54e08b/out.log,out.log,.log,243,6172a23e54824317feb823885faa7efeb36d721907f5a87dcfc7251206b6284f,2026-07-18T14:20:43,True,False,True,False,False,False,False
study_runs,V100_P0_NANO_I05_R05_FAILED_ENCODING,study_runs/V100_P0_NANO_I05_R05_FAILED_ENCODING/checkpoint/d864b5380c18428db014409543aa4c0d/code.py,code.py,.py,3380,194be56ad0b26bd58079e565dfe0ad5329c690bdcb3e6fd633ddd0c221682e45,2026-07-18T14:35:36,True,False,False,False,False,False,False
study_runs,V100_P0_NANO_I05_R05_FAILED_ENCODING,study_runs/V100_P0_NANO_I05_R05_FAILED_ENCODING/checkpoint/d864b5380c18428db014409543aa4c0d/generated/checkpoints/err.log,err.log,.log,0,e3b0c44298fc1c149afbf4c8996fb92427ae41e4649b934ca495991b7852b855,2026-07-18T14:26:10,True,False,False,False,False,False,False
study_runs,V100_P0_NANO_I05_R05_FAILED_ENCODING,study_runs/V100_P0_NANO_I05_R05_FAILED_ENCODING/checkpoint/d864b5380c18428db014409543aa4c0d/generated/checkpoints/out.log,out.log,.log,0,e3b0c44298fc1c149afbf4c8996fb92427ae41e4649b934ca495991b7852b855,2026-07-18T14:26:10,True,False,False,False,False,False,False
study_runs,V100_P0_NANO_I05_R05_FAILED_ENCODING,study_runs/V100_P0_NANO_I05_R05_FAILED_ENCODING/checkpoint/d864b5380c18428db014409543aa4c0d/generated/checkpoints/progress.json,progress.json,.json,199,d04810278004bbe75f3009c3782e31df2ce45f3e8df36de2dfc76f5b0318c755,2026-07-18T14:26:10,True,False,False,False,False,False,False
study_runs,V100_P0_NANO_I05_R05_FAILED_ENCODING,study_runs/V100_P0_NANO_I05_R05_FAILED_ENCODING/checkpoint/d864b5380c18428db014409543aa4c0d/out.log,out.log,.log,1415,0f8cb75cb06bc70ace7b26d37e5e1f472d8adc9d57230dc37b9d463465751276,2026-07-18T14:26:10,True,False,True,False,False,False,True
study_runs,V100_P0_NANO_I05_R05_FAILED_ENCODING,study_runs/V100_P0_NANO_I05_R05_FAILED_ENCODING/code_requirements_prototype.json,code_requirements_prototype.json,.json,1194,8b2724ea6fbdc94ca85a76d0599510de93288c069781e6e1a6dbd8fe48d7fc8f,2026-07-18T14:11:45,True,False,False,False,False,False,False
study_runs,V100_P0_NANO_I05_R05_FAILED_ENCODING,study_runs/V100_P0_NANO_I05_R05_FAILED_ENCODING/config.source.toml,config.source.toml,.toml,386,43ad328d9e971575946598bc6c906a320d878b57103e5825b7bc1b351074558f,2026-07-18T14:10:44,True,False,False,False,False,False,False
study_runs,V100_P0_NANO_I05_R05_FAILED_ENCODING,study_runs/V100_P0_NANO_I05_R05_FAILED_ENCODING/config.toml,config.toml,.toml,414,ea1d8282a3b8052ce832d8b54a1643eaa7692f8cb0ca8234049329fe786f1868,2026-07-18T14:10:44,True,False,False,False,False,False,False
study_runs,V100_P0_NANO_I05_R05_FAILED_ENCODING,study_runs/V100_P0_NANO_I05_R05_FAILED_ENCODING/costs_log.csv,costs_log.csv,.csv,10145,fe2c0be698c0d57ab7fbd37f207fcf9f4897df6dae1c057db0ebabd95fe8a177,2026-07-18T14:50:49,True,False,False,False,False,False,False
study_runs,V100_P0_NANO_I05_R05_FAILED_ENCODING,study_runs/V100_P0_NANO_I05_R05_FAILED_ENCODING/debug.log,debug.log,.log,206695,e9b325ca49f46665f43ad8484015ddfc96de7ca68e67cd60b933f636d7496c7a,2026-07-18T14:50:49,True,True,True,True,True,True,True
study_runs,V100_P0_NANO_I05_R05_FAILED_ENCODING,study_runs/V100_P0_NANO_I05_R05_FAILED_ENCODING/entered_prompt.txt,entered_prompt.txt,.txt,946,dc790c0f84813ae9f582a14783c06db3ee59faaa98d800c6bf831f5ad0d041ab,2026-07-18T14:10:44,True,False,False,False,False,False,False
study_runs,V100_P0_NANO_I05_R05_FAILED_ENCODING,study_runs/V100_P0_NANO_I05_R05_FAILED_ENCODING/statistics/0_bba1cdc8d7a442cba9b557df959de3e0.txt,0_bba1cdc8d7a442cba9b557df959de3e0.txt,.txt,503,453528730b6bba78c71c6a877124726772160ef6697f11303af14120a87abb34,2026-07-18T14:17:55,True,False,False,False,False,False,False
study_runs,V100_P0_NANO_I05_R05_FAILED_ENCODING,study_runs/V100_P0_NANO_I05_R05_FAILED_ENCODING/statistics/1_bec77e6418724bfba6401700bd54e08b.txt,1_bec77e6418724bfba6401700bd54e08b.txt,.txt,411,5305858dc08fbc7921d099cd472d66d58268f6528ca2b15c99b781978a903d47,2026-07-18T14:23:10,True,False,False,False,False,False,False
study_runs,V100_P0_NANO_I05_R05_FAILED_ENCODING,study_runs/V100_P0_NANO_I05_R05_FAILED_ENCODING/statistics/2_d864b5380c18428db014409543aa4c0d.txt,2_d864b5380c18428db014409543aa4c0d.txt,.txt,482,c2bd76b1189854b4a47257795fa1670638c3a5d1fe6ce793c447d55d9adf059f,2026-07-18T14:28:51,True,False,False,False,False,False,False
study_runs,V100_P0_NANO_I05_R05_FAILED_ENCODING,study_runs/V100_P0_NANO_I05_R05_FAILED_ENCODING/statistics/3_a6ef486ee30344d2a451cd0fc361fa1c.txt,3_a6ef486ee30344d2a451cd0fc361fa1c.txt,.txt,475,42afabd34eb8ea588c188ac4550a169c9f6a3316a1cbeafe6b0b21f0e4faaee1,2026-07-18T14:35:36,True,False,False,False,False,False,False
study_runs,V100_P0_NANO_I05_R05_FAILED_ENCODING,study_runs/V100_P0_NANO_I05_R05_FAILED_ENCODING/statistics/4_7cfc165e4470472fa50f1c09bc44b601.txt,4_7cfc165e4470472fa50f1c09bc44b601.txt,.txt,506,6c060513d757f0595e12a28f93b020590847383fddaaace59a6a4e3c8d8412bd,2026-07-18T14:40:59,True,False,False,False,False,False,False
study_runs,V100_P0_NANO_I05_R05_FAILED_ENCODING,study_runs/V100_P0_NANO_I05_R05_FAILED_ENCODING/statistics/5_0ea1bb0e10f7452db4976cbdbbe6cf88.txt,5_0ea1bb0e10f7452db4976cbdbbe6cf88.txt,.txt,514,ce8f208eafb6b46e392204e90069d491d6f60b97f92ea9ebfdcb9d721b364532,2026-07-18T14:46:04,True,False,False,False,False,False,False
study_runs,V100_P0_NANO_I05_R05_FAILED_ENCODING,study_runs/V100_P0_NANO_I05_R05_FAILED_ENCODING/statistics/6_06c95ab15297452f897b862fe3c0937b.txt,6_06c95ab15297452f897b862fe3c0937b.txt,.txt,487,7ed054c3a7d678929ce37e40432d785fbdefe8962b096fc6c58cfb2d345e1c78,2026-07-18T14:50:49,True,False,False,False,False,False,False
study_runs,V100_P0_NANO_I05_R05_FAILED_ENCODING,study_runs/V100_P0_NANO_I05_R05_FAILED_ENCODING/workspace/runfile.py,runfile.py,.py,6002,2c20b217d3aba154c42f4e37aa4995fdc31cec7079e805bf9d6b5dbad6a8f191,2026-07-18T14:47:53,True,False,True,False,False,False,False
study_runs,V100_P1_NANO_I05_R01,study_runs/V100_P1_NANO_I05_R01/checkpoint/3b4cabf830f444f891472b9b753af650/code.py,code.py,.py,5073,81690fe72b6d867f584945fdda5717bc4d24db5b3673b16b297acff5c724da2f,2026-07-18T21:46:20,True,False,True,True,False,False,False
study_runs,V100_P1_NANO_I05_R01,study_runs/V100_P1_NANO_I05_R01/checkpoint/3b4cabf830f444f891472b9b753af650/out.log,out.log,.log,1043,880fd63c6fa53875cf8ecaff9696d24b397af6fd89568630ffc5c074fd555f50,2026-07-18T21:31:46,True,True,True,False,False,False,False
study_runs,V100_P1_NANO_I05_R01,study_runs/V100_P1_NANO_I05_R01/checkpoint/47a7cea2b5264a00867ae995e92e95f1/code.py,code.py,.py,166,8190e614f51ac43e575fe9526840b31bb84ad0cfc24bb8fcaed2453075c44507,2026-07-18T21:24:23,True,False,False,False,True,False,False
study_runs,V100_P1_NANO_I05_R01,study_runs/V100_P1_NANO_I05_R01/checkpoint/47a7cea2b5264a00867ae995e92e95f1/out.log,out.log,.log,128,410c5ce5cbcf329f99ecacd1a8811bba7acdbc4e1b52db2a058c6137dd96624a,2026-07-18T21:12:01,True,False,False,False,True,False,False
study_runs,V100_P1_NANO_I05_R01,study_runs/V100_P1_NANO_I05_R01/checkpoint/91095a883b894f97bf4b02110d12b880/code.py,code.py,.py,2466,50a08156dcc310bae5c280ed6bd265055a69ad177983e1e94eb79e16796ce465,2026-07-18T21:11:19,True,False,False,False,True,False,False
study_runs,V100_P1_NANO_I05_R01,study_runs/V100_P1_NANO_I05_R01/checkpoint/91095a883b894f97bf4b02110d12b880/out.log,out.log,.log,2665,9b516836491f24f524e3f27fc01e25a3ba9002095f7fe9d90abef4dee178ba06,2026-07-18T21:02:37,True,True,True,False,False,False,True
study_runs,V100_P1_NANO_I05_R01,study_runs/V100_P1_NANO_I05_R01/checkpoint/a5ac2c0ff24b457bae5445a51708e653/code.py,code.py,.py,3994,11e2c472f2aa2f805ba4f9e1baf995f0f9d270267f8049ac3ed8d3d51f6b58b4,2026-07-18T21:29:27,True,False,True,True,False,False,False
study_runs,V100_P1_NANO_I05_R01,study_runs/V100_P1_NANO_I05_R01/checkpoint/a5ac2c0ff24b457bae5445a51708e653/generated/checkpoints/err.log,err.log,.log,5975,c82c303c9ab0d729d313294053b2514230acc97ddc79eb833b90d24ba6e03c72,2026-07-18T21:22:04,True,False,False,False,False,False,False
study_runs,V100_P1_NANO_I05_R01,study_runs/V100_P1_NANO_I05_R01/checkpoint/a5ac2c0ff24b457bae5445a51708e653/generated/checkpoints/MovieLens100K-488acb2a/LensKit.ImplicitMFScorer-402570f1-101/predictions.json,predictions.json,.json,42809027,97e2572d0109896322b4c16753f71e7a8d51736d101b914c8ed5e8d83011c850,2026-07-18T21:16:26,True,False,False,False,False,False,False
study_runs,V100_P1_NANO_I05_R01,study_runs/V100_P1_NANO_I05_R01/checkpoint/a5ac2c0ff24b457bae5445a51708e653/generated/checkpoints/MovieLens100K-488acb2a/LensKit.ImplicitMFScorer-402570f1-202/predictions.json,predictions.json,.json,42501609,948cab00d89175507928d97d521ef83563a56bfb52943b259b17db28d9d308da,2026-07-18T21:17:47,True,False,False,False,False,False,False
study_runs,V100_P1_NANO_I05_R01,study_runs/V100_P1_NANO_I05_R01/checkpoint/a5ac2c0ff24b457bae5445a51708e653/generated/checkpoints/MovieLens100K-488acb2a/LensKit.ImplicitMFScorer-402570f1-303/predictions.json,predictions.json,.json,42822295,ccee0c38e0dbf06ebd4f925ee60d9f72c1be65573dca1f73cd38d81539ff5adb,2026-07-18T21:19:08,True,False,False,False,False,False,False
study_runs,V100_P1_NANO_I05_R01,study_runs/V100_P1_NANO_I05_R01/checkpoint/a5ac2c0ff24b457bae5445a51708e653/generated/checkpoints/MovieLens100K-488acb2a/LensKit.ImplicitMFScorer-402570f1-404/predictions.json,predictions.json,.json,42534313,c8ad26cd843f3a0f772963ae1afa2b7dc3cc4917c294f18a84163310d8e337e5,2026-07-18T21:20:30,True,False,False,False,False,False,False
study_runs,V100_P1_NANO_I05_R01,study_runs/V100_P1_NANO_I05_R01/checkpoint/a5ac2c0ff24b457bae5445a51708e653/generated/checkpoints/MovieLens100K-488acb2a/LensKit.ImplicitMFScorer-402570f1-505/predictions.json,predictions.json,.json,42844859,b1a4c242b4a1d27ce80297a4e469b1c13de8dbeb48159a0fe98cf6634ad59014,2026-07-18T21:21:53,True,False,False,False,False,False,False
study_runs,V100_P1_NANO_I05_R01,study_runs/V100_P1_NANO_I05_R01/checkpoint/a5ac2c0ff24b457bae5445a51708e653/generated/checkpoints/out.log,out.log,.log,0,e3b0c44298fc1c149afbf4c8996fb92427ae41e4649b934ca495991b7852b855,2026-07-18T21:16:36,True,False,False,False,False,False,False
study_runs,V100_P1_NANO_I05_R01,study_runs/V100_P1_NANO_I05_R01/checkpoint/a5ac2c0ff24b457bae5445a51708e653/generated/checkpoints/progress.json,progress.json,.json,1485,ef276ec6468047f1d0ceed044b4ad6be02171534bc8ad94a73ae46b01d382474,2026-07-18T21:22:03,True,False,False,False,False,False,False
study_runs,V100_P1_NANO_I05_R01,study_runs/V100_P1_NANO_I05_R01/checkpoint/a5ac2c0ff24b457bae5445a51708e653/generated/checkpoints/results.json,results.json,.json,677,70975adb586a6b6b10a47952a5da7963a74dd2230548938c3993aff3958439d7,2026-07-18T21:22:04,True,False,False,False,False,False,False
study_runs,V100_P1_NANO_I05_R01,study_runs/V100_P1_NANO_I05_R01/checkpoint/a5ac2c0ff24b457bae5445a51708e653/generated/outputs/precision_seed_101.csv,precision_seed_101.csv,.csv,31,c39d5d5b2903664fec7374a76b5473ed87fc97e8eba26855e85f3374bc209146,2026-07-18T21:16:36,True,False,False,True,False,False,False
study_runs,V100_P1_NANO_I05_R01,study_runs/V100_P1_NANO_I05_R01/checkpoint/a5ac2c0ff24b457bae5445a51708e653/generated/outputs/precision_seed_202.csv,precision_seed_202.csv,.csv,31,f34b956333d9ea338bee053a86cf96c0cf9f295672883639a205bd6b8db03d13,2026-07-18T21:17:58,True,False,False,True,False,False,False
study_runs,V100_P1_NANO_I05_R01,study_runs/V100_P1_NANO_I05_R01/checkpoint/a5ac2c0ff24b457bae5445a51708e653/generated/outputs/precision_seed_303.csv,precision_seed_303.csv,.csv,31,82188a91b24bcfa9fc829b49b9fdef17877e68693be0f829d1164ccea928e3e8,2026-07-18T21:19:19,True,False,False,True,False,False,False
study_runs,V100_P1_NANO_I05_R01,study_runs/V100_P1_NANO_I05_R01/checkpoint/a5ac2c0ff24b457bae5445a51708e653/generated/outputs/precision_seed_404.csv,precision_seed_404.csv,.csv,31,e25f792807c78ff47495108086b62dbd22659efe384be8a86298757726ec9875,2026-07-18T21:20:41,True,False,False,True,False,False,False
study_runs,V100_P1_NANO_I05_R01,study_runs/V100_P1_NANO_I05_R01/checkpoint/a5ac2c0ff24b457bae5445a51708e653/generated/outputs/precision_seed_505.csv,precision_seed_505.csv,.csv,31,47ea91ab51a44c73568ea4d0ced17d22c8323fe952e5a7eb3f43f6f3a880c10a,2026-07-18T21:22:04,True,False,False,True,False,False,False
study_runs,V100_P1_NANO_I05_R01,study_runs/V100_P1_NANO_I05_R01/checkpoint/a5ac2c0ff24b457bae5445a51708e653/generated/outputs/summary.json,summary.json,.json,378,0497b96b5c1a6c63d93dd5a87ff97bbe940c467bd3c957c62ee5e272eab9d4ca,2026-07-18T21:22:04,True,False,False,True,False,False,False
study_runs,V100_P1_NANO_I05_R01,study_runs/V100_P1_NANO_I05_R01/checkpoint/a5ac2c0ff24b457bae5445a51708e653/out.log,out.log,.log,18725,4f42bf7e149c33287b99af4e55487ed996edd8bcaddba133d3a74ec92d33e754,2026-07-18T21:22:05,True,False,False,False,False,False,True
study_runs,V100_P1_NANO_I05_R01,study_runs/V100_P1_NANO_I05_R01/checkpoint/a5ac2c0ff24b457bae5445a51708e653_iteration1/code.py,code.py,.py,11227,c20e431811dbdc3543c07ef22d969bf4c2fc70ddc37c3161259134e1ee9fbfe5,2026-07-18T22:01:45,True,False,True,True,False,False,False
study_runs,V100_P1_NANO_I05_R01,study_runs/V100_P1_NANO_I05_R01/checkpoint/a5ac2c0ff24b457bae5445a51708e653_iteration1/out.log,out.log,.log,2692,67bef5bccfd34d7c662e451294dcdf9f66b9aab79fd215cda31eee3f7591d541,2026-07-18T21:49:48,True,True,True,False,False,False,True
study_runs,V100_P1_NANO_I05_R01,study_runs/V100_P1_NANO_I05_R01/checkpoint/a5ac2c0ff24b457bae5445a51708e653_iteration2/code.py,code.py,.py,2,7eb70257593da06f682a3ddda54a9d260d4fc514f645237f5ca74b08f8da61a6,2026-07-18T22:01:45,True,False,False,False,False,False,False
study_runs,V100_P1_NANO_I05_R01,study_runs/V100_P1_NANO_I05_R01/checkpoint/a5ac2c0ff24b457bae5445a51708e653_iteration2/out.log,out.log,.log,49,b999c05453cbce1dd7fa3d0ee70d14f3b54a511d7b134eda76c99d23181d0525,2026-07-18T21:56:01,True,False,False,False,False,False,False
study_runs,V100_P1_NANO_I05_R01,study_runs/V100_P1_NANO_I05_R01/checkpoint/a5ac2c0ff24b457bae5445a51708e653_seed/code.py,code.py,.py,3994,11e2c472f2aa2f805ba4f9e1baf995f0f9d270267f8049ac3ed8d3d51f6b58b4,2026-07-18T21:54:46,True,False,True,True,False,False,False
study_runs,V100_P1_NANO_I05_R01,study_runs/V100_P1_NANO_I05_R01/checkpoint/a5ac2c0ff24b457bae5445a51708e653_seed/generated/checkpoints/err.log,err.log,.log,5975,c82c303c9ab0d729d313294053b2514230acc97ddc79eb833b90d24ba6e03c72,2026-07-18T21:41:48,True,False,False,False,False,False,False
study_runs,V100_P1_NANO_I05_R01,study_runs/V100_P1_NANO_I05_R01/checkpoint/a5ac2c0ff24b457bae5445a51708e653_seed/generated/checkpoints/MovieLens100K-488acb2a/LensKit.ImplicitMFScorer-402570f1-101/predictions.json,predictions.json,.json,42805347,264ae0999d2e5f49af6112fd51562c5643e7974390a6e1126ddd4f34b4bd7f69,2026-07-18T21:36:11,True,False,False,False,False,False,False
study_runs,V100_P1_NANO_I05_R01,study_runs/V100_P1_NANO_I05_R01/checkpoint/a5ac2c0ff24b457bae5445a51708e653_seed/generated/checkpoints/MovieLens100K-488acb2a/LensKit.ImplicitMFScorer-402570f1-202/predictions.json,predictions.json,.json,42497313,8a741ebc1309ca178d5f488e33fbc0e5d1e12ec4c167adc8437068074a457153,2026-07-18T21:37:30,True,False,False,False,False,False,False
study_runs,V100_P1_NANO_I05_R01,study_runs/V100_P1_NANO_I05_R01/checkpoint/a5ac2c0ff24b457bae5445a51708e653_seed/generated/checkpoints/MovieLens100K-488acb2a/LensKit.ImplicitMFScorer-402570f1-303/predictions.json,predictions.json,.json,42816808,2eab3cdeeb9b8e0a2064dec7b202ed41d8bad36a9aa1dafcdd26625ace4346e6,2026-07-18T21:38:53,True,False,False,False,False,False,False
study_runs,V100_P1_NANO_I05_R01,study_runs/V100_P1_NANO_I05_R01/checkpoint/a5ac2c0ff24b457bae5445a51708e653_seed/generated/checkpoints/MovieLens100K-488acb2a/LensKit.ImplicitMFScorer-402570f1-404/predictions.json,predictions.json,.json,42528248,058bc36bef64c8b4364c0b2f529c22f3a3951533383f3a48ac38d89633e03965,2026-07-18T21:40:14,True,False,False,False,False,False,False
study_runs,V100_P1_NANO_I05_R01,study_runs/V100_P1_NANO_I05_R01/checkpoint/a5ac2c0ff24b457bae5445a51708e653_seed/generated/checkpoints/MovieLens100K-488acb2a/LensKit.ImplicitMFScorer-402570f1-505/predictions.json,predictions.json,.json,42845240,a4b6661ca5ae1feaed7192cca3dbb27026c893c73962d436324c6ef6b6bc1177,2026-07-18T21:41:36,True,False,False,False,False,False,False
study_runs,V100_P1_NANO_I05_R01,study_runs/V100_P1_NANO_I05_R01/checkpoint/a5ac2c0ff24b457bae5445a51708e653_seed/generated/checkpoints/out.log,out.log,.log,0,e3b0c44298fc1c149afbf4c8996fb92427ae41e4649b934ca495991b7852b855,2026-07-18T21:36:20,True,False,False,False,False,False,False
study_runs,V100_P1_NANO_I05_R01,study_runs/V100_P1_NANO_I05_R01/checkpoint/a5ac2c0ff24b457bae5445a51708e653_seed/generated/checkpoints/progress.json,progress.json,.json,1485,ef276ec6468047f1d0ceed044b4ad6be02171534bc8ad94a73ae46b01d382474,2026-07-18T21:41:47,True,False,False,False,False,False,False
study_runs,V100_P1_NANO_I05_R01,study_runs/V100_P1_NANO_I05_R01/checkpoint/a5ac2c0ff24b457bae5445a51708e653_seed/generated/checkpoints/results.json,results.json,.json,677,2c46fcac51957c6ebdc85698be19b0eba9341d59f8122a7eaff407549ea135cb,2026-07-18T21:41:48,True,False,False,False,False,False,False
study_runs,V100_P1_NANO_I05_R01,study_runs/V100_P1_NANO_I05_R01/checkpoint/a5ac2c0ff24b457bae5445a51708e653_seed/generated/outputs/precision_seed_101.csv,precision_seed_101.csv,.csv,31,c39d5d5b2903664fec7374a76b5473ed87fc97e8eba26855e85f3374bc209146,2026-07-18T21:36:20,True,False,False,True,False,False,False
study_runs,V100_P1_NANO_I05_R01,study_runs/V100_P1_NANO_I05_R01/checkpoint/a5ac2c0ff24b457bae5445a51708e653_seed/generated/outputs/precision_seed_202.csv,precision_seed_202.csv,.csv,31,f34b956333d9ea338bee053a86cf96c0cf9f295672883639a205bd6b8db03d13,2026-07-18T21:37:42,True,False,False,True,False,False,False
study_runs,V100_P1_NANO_I05_R01,study_runs/V100_P1_NANO_I05_R01/checkpoint/a5ac2c0ff24b457bae5445a51708e653_seed/generated/outputs/precision_seed_303.csv,precision_seed_303.csv,.csv,31,82188a91b24bcfa9fc829b49b9fdef17877e68693be0f829d1164ccea928e3e8,2026-07-18T21:39:04,True,False,False,True,False,False,False
study_runs,V100_P1_NANO_I05_R01,study_runs/V100_P1_NANO_I05_R01/checkpoint/a5ac2c0ff24b457bae5445a51708e653_seed/generated/outputs/precision_seed_404.csv,precision_seed_404.csv,.csv,31,e25f792807c78ff47495108086b62dbd22659efe384be8a86298757726ec9875,2026-07-18T21:40:26,True,False,False,True,False,False,False
study_runs,V100_P1_NANO_I05_R01,study_runs/V100_P1_NANO_I05_R01/checkpoint/a5ac2c0ff24b457bae5445a51708e653_seed/generated/outputs/precision_seed_505.csv,precision_seed_505.csv,.csv,31,47ea91ab51a44c73568ea4d0ced17d22c8323fe952e5a7eb3f43f6f3a880c10a,2026-07-18T21:41:48,True,False,False,True,False,False,False
study_runs,V100_P1_NANO_I05_R01,study_runs/V100_P1_NANO_I05_R01/checkpoint/a5ac2c0ff24b457bae5445a51708e653_seed/generated/outputs/summary.json,summary.json,.json,378,0497b96b5c1a6c63d93dd5a87ff97bbe940c467bd3c957c62ee5e272eab9d4ca,2026-07-18T21:41:48,True,False,False,True,False,False,False
study_runs,V100_P1_NANO_I05_R01,study_runs/V100_P1_NANO_I05_R01/checkpoint/a5ac2c0ff24b457bae5445a51708e653_seed/out.log,out.log,.log,18725,9c3f2799a8449d994271f66f94d693fa5045cd720b702041db6779dc669ad36f,2026-07-18T21:41:48,True,False,False,False,False,False,True
study_runs,V100_P1_NANO_I05_R01,study_runs/V100_P1_NANO_I05_R01/checkpoint/db73e01882ec4d9482a29901e1c1fea5/code.py,code.py,.py,3419,490452ac599e34e7e20af79b57112c8d70fca7793b9d8156f0a578ef8a7ab8c9,2026-07-18T21:13:54,True,False,True,False,False,False,False
study_runs,V100_P1_NANO_I05_R01,study_runs/V100_P1_NANO_I05_R01/checkpoint/db73e01882ec4d9482a29901e1c1fea5/out.log,out.log,.log,3099,8de2ec98411e2fb80f48abe350cc7fbd99dce1d318beb9d7197750126f783286,2026-07-18T21:08:08,True,True,True,False,False,False,True
study_runs,V100_P1_NANO_I05_R01,study_runs/V100_P1_NANO_I05_R01/checkpoint/e9854c7a846546f5b0f633d39fcb3c82/code.py,code.py,.py,4030,62f11e261d863abd51450bf2788edf2faf28ce2cd0921ddfdbf8161194d74155,2026-07-18T21:34:00,True,False,True,False,False,False,False
study_runs,V100_P1_NANO_I05_R01,study_runs/V100_P1_NANO_I05_R01/checkpoint/e9854c7a846546f5b0f633d39fcb3c82/out.log,out.log,.log,3099,4389990c662f0bb0ec18ae3004cf6d622be3c75690da6df414e6b4683e8973fd,2026-07-18T21:27:03,True,True,True,False,False,False,True
study_runs,V100_P1_NANO_I05_R01,study_runs/V100_P1_NANO_I05_R01/checkpoint/f24ec75a21744db981947386cf39b1d4/code.py,code.py,.py,3192,74662e8d0846aebaac04da83b221e2d1fa70deecfabb7cea5d3d2f9a7fefd38a,2026-07-18T21:04:56,True,False,True,False,False,False,False
study_runs,V100_P1_NANO_I05_R01,study_runs/V100_P1_NANO_I05_R01/checkpoint/f24ec75a21744db981947386cf39b1d4/out.log,out.log,.log,3097,6321961c874e8e518b41e713e379eefcb9ca3f56f34bade0e5b98579789a05ea,2026-07-18T20:58:01,True,True,True,False,False,False,True
study_runs,V100_P1_NANO_I05_R01,study_runs/V100_P1_NANO_I05_R01/code_requirements_final.json,code_requirements_final.json,.json,2975,33ea575be702eda3c435b14ccf1f58393324cabd13fefcb2529fc63b436f7cb2,2026-07-18T21:34:52,True,False,False,False,False,False,False
study_runs,V100_P1_NANO_I05_R01,study_runs/V100_P1_NANO_I05_R01/code_requirements_prototype.json,code_requirements_prototype.json,.json,1075,47830195922e3b3bd729843315869d7c2369434d02374d545d63161349c51cf4,2026-07-18T20:56:12,True,False,False,False,False,False,False
study_runs,V100_P1_NANO_I05_R01,study_runs/V100_P1_NANO_I05_R01/config.source.toml,config.source.toml,.toml,386,43ad328d9e971575946598bc6c906a320d878b57103e5825b7bc1b351074558f,2026-07-18T20:55:22,True,False,False,False,False,False,False
study_runs,V100_P1_NANO_I05_R01,study_runs/V100_P1_NANO_I05_R01/config.toml,config.toml,.toml,414,e763d66571b20c325d8ec0c108a626e86a27e147ab81e6fa49a98b671a30d875,2026-07-18T20:55:22,True,False,False,False,False,False,False
study_runs,V100_P1_NANO_I05_R01,study_runs/V100_P1_NANO_I05_R01/costs_log.csv,costs_log.csv,.csv,14682,0279d95738450e8fa57792c28573c33b9f08d76fa903f76f947cf0c36525180b,2026-07-18T22:02:12,True,False,False,False,False,False,False
study_runs,V100_P1_NANO_I05_R01,study_runs/V100_P1_NANO_I05_R01/debug.log,debug.log,.log,326523,d549b95df30bc02fb41de2e8fdf37877ad65d33ad12d1a0fff10b5e225e97e0c,2026-07-18T22:02:16,True,True,True,False,True,False,True
study_runs,V100_P1_NANO_I05_R01,study_runs/V100_P1_NANO_I05_R01/entered_prompt.txt,entered_prompt.txt,.txt,437,6edc6d3ea582b4064275813302d2a2d0f2728f5678dfacf25d976c8d75b5b963,2026-07-18T20:55:22,True,False,False,False,False,False,False
study_runs,V100_P1_NANO_I05_R01,study_runs/V100_P1_NANO_I05_R01/statistics/0_f24ec75a21744db981947386cf39b1d4.txt,0_f24ec75a21744db981947386cf39b1d4.txt,.txt,437,9fa3714d30c843e8122494e17edca6995f928dd2311135424ed5ecd0233e454a,2026-07-18T21:00:51,True,False,False,False,False,False,False
study_runs,V100_P1_NANO_I05_R01,study_runs/V100_P1_NANO_I05_R01/statistics/1_91095a883b894f97bf4b02110d12b880.txt,1_91095a883b894f97bf4b02110d12b880.txt,.txt,438,9e394087b6b90270394ae0d05961ff907f8f725590ad5ee1beafdad581e25ff5,2026-07-18T21:04:56,True,False,False,False,False,False,False
study_runs,V100_P1_NANO_I05_R01,study_runs/V100_P1_NANO_I05_R01/statistics/2_db73e01882ec4d9482a29901e1c1fea5.txt,2_db73e01882ec4d9482a29901e1c1fea5.txt,.txt,468,9891f1781f6ea788804104843c896cb195adcc65b5f54cc3383f3dec55b5e8da,2026-07-18T21:11:19,True,False,False,False,False,False,False
study_runs,V100_P1_NANO_I05_R01,study_runs/V100_P1_NANO_I05_R01/statistics/3_47a7cea2b5264a00867ae995e92e95f1.txt,3_47a7cea2b5264a00867ae995e92e95f1.txt,.txt,410,7d530bdcdb8a339d56013d3c0129af19a14f200eaf83d4f1e676ed1c4345f321,2026-07-18T21:13:54,True,False,False,False,False,False,False
study_runs,V100_P1_NANO_I05_R01,study_runs/V100_P1_NANO_I05_R01/statistics/4_a5ac2c0ff24b457bae5445a51708e653.txt,4_a5ac2c0ff24b457bae5445a51708e653.txt,.txt,478,c5741548d1a239b31bcbf7f6e93c4bc46e9d2c49645e15cd4f035bf656772280,2026-07-18T21:24:23,True,False,False,False,False,False,False
study_runs,V100_P1_NANO_I05_R01,study_runs/V100_P1_NANO_I05_R01/statistics/5_e9854c7a846546f5b0f633d39fcb3c82.txt,5_e9854c7a846546f5b0f633d39fcb3c82.txt,.txt,454,5042aad4c7896cfe9d18d34feaf2eeec4e81614431bfbf023120e7af5f852337,2026-07-18T21:29:27,True,False,False,False,False,False,False
study_runs,V100_P1_NANO_I05_R01,study_runs/V100_P1_NANO_I05_R01/statistics/6_3b4cabf830f444f891472b9b753af650.txt,6_3b4cabf830f444f891472b9b753af650.txt,.txt,498,1f75e66888f44e58414f914584b606801d069e5522d8f4b0f809b9ef270a1f03,2026-07-18T21:34:00,True,False,False,False,False,False,False
study_runs,V100_P1_NANO_I05_R01,study_runs/V100_P1_NANO_I05_R01/statistics/7_a5ac2c0ff24b457bae5445a51708e653_seed.txt,7_a5ac2c0ff24b457bae5445a51708e653_seed.txt,.txt,484,3a23cf9e5aa498e23834cea26e4e47fbed132a7485d4a9bc4cf80397ec190789,2026-07-18T21:46:20,True,False,False,False,False,False,False
study_runs,V100_P1_NANO_I05_R01,study_runs/V100_P1_NANO_I05_R01/statistics/8_a5ac2c0ff24b457bae5445a51708e653_iteration1.txt,8_a5ac2c0ff24b457bae5445a51708e653_iteration1.txt,.txt,518,501c268a0e6cc46775f1077629b5751d9e725a4ac1c2b44f6d934fe2f5510e0a,2026-07-18T21:54:46,True,False,False,False,False,False,False
study_runs,V100_P1_NANO_I05_R01,study_runs/V100_P1_NANO_I05_R01/statistics/9_a5ac2c0ff24b457bae5445a51708e653_iteration2.txt,9_a5ac2c0ff24b457bae5445a51708e653_iteration2.txt,.txt,421,159df6cee09069f4e688acaff1c304826c4e5b14fcd38abed58a2091affac772,2026-07-18T22:01:46,True,False,False,False,False,False,False
study_runs,V100_P1_NANO_I05_R01,study_runs/V100_P1_NANO_I05_R01/statistics/summary_overall_nodes.txt,summary_overall_nodes.txt,.txt,473,13321b8c7a128c38f6a886b8d3a4b8681462d6b684b0c687890b2c030970c0c8,2026-07-18T22:02:12,True,False,False,False,False,False,False
study_runs,V100_P1_NANO_I05_R01,study_runs/V100_P1_NANO_I05_R01/summary.md,summary.md,.md,5422,71740948a52980fd5d898f0efc491a69e100317892c2afce7a7cc074e8585d2b,2026-07-18T22:02:12,True,False,False,False,False,False,False
study_runs,V100_P1_NANO_I05_R01,study_runs/V100_P1_NANO_I05_R01/tree_render/svg/combined_tree.svg,combined_tree.svg,.svg,10628,a72c3af26787d3b4fd0b34526761427bb64b908eabf75998a17b6e84cfe3e021,2026-07-18T21:34:08,True,False,False,False,False,False,False
study_runs,V100_P1_NANO_I05_R01,study_runs/V100_P1_NANO_I05_R01/tree_render/svg/tree_0.svg,tree_0.svg,.svg,6390,4a1a6c00e2554e7c6616832070cb0689b0f895d413dc667e7c5da7e2d4a0a049,2026-07-18T21:34:03,True,False,False,False,False,False,False
study_runs,V100_P1_NANO_I05_R01,study_runs/V100_P1_NANO_I05_R01/tree_render/svg/tree_1.svg,tree_1.svg,.svg,4771,f50416bfe86696abaffea8b0ab0f7592b715dbed3516acc44aeb2ce3b3db099d,2026-07-18T21:34:05,True,False,False,False,False,False,False
study_runs,V100_P1_NANO_I05_R02,study_runs/V100_P1_NANO_I05_R02/checkpoint/2c90355f128f45a9978c71cbc8027819/code.py,code.py,.py,2,7eb70257593da06f682a3ddda54a9d260d4fc514f645237f5ca74b08f8da61a6,2026-07-18T21:28:46,True,False,False,False,False,False,False
study_runs,V100_P1_NANO_I05_R02,study_runs/V100_P1_NANO_I05_R02/checkpoint/2c90355f128f45a9978c71cbc8027819/out.log,out.log,.log,49,b999c05453cbce1dd7fa3d0ee70d14f3b54a511d7b134eda76c99d23181d0525,2026-07-18T21:19:43,True,False,False,False,False,False,False
study_runs,V100_P1_NANO_I05_R02,study_runs/V100_P1_NANO_I05_R02/checkpoint/2c90355f128f45a9978c71cbc8027819_iteration1/code.py,code.py,.py,9310,e80f72c4aa796cbfbb98343e4f6d39883718f2fae55451bdf9b892c94dfd6908,2026-07-18T21:49:07,True,False,True,False,True,False,False
study_runs,V100_P1_NANO_I05_R02,study_runs/V100_P1_NANO_I05_R02/checkpoint/2c90355f128f45a9978c71cbc8027819_iteration1/generated/outputs/aggregated_results.csv,aggregated_results.csv,.csv,37,882c962521e9449021e05060b4fea81449a848d5fe88dd1b32f65a22878cdfc0,2026-07-18T21:38:39,True,False,False,False,False,False,False
study_runs,V100_P1_NANO_I05_R02,study_runs/V100_P1_NANO_I05_R02/checkpoint/2c90355f128f45a9978c71cbc8027819_iteration1/generated/outputs/README.txt,README.txt,.txt,501,205777d394f2ff4c8ea7efe7bbb4844537ea8620fd04c8b7fc8f2414af6ec9b5,2026-07-18T21:38:42,True,False,False,False,False,False,False
study_runs,V100_P1_NANO_I05_R02,study_runs/V100_P1_NANO_I05_R02/checkpoint/2c90355f128f45a9978c71cbc8027819_iteration1/generated/outputs/results.csv,results.csv,.csv,39,70b6c668bc7dfc7d38f89699f43e2248b2280c4daf25859095bed254a7145c4b,2026-07-18T21:38:39,True,False,False,False,False,False,False
study_runs,V100_P1_NANO_I05_R02,study_runs/V100_P1_NANO_I05_R02/checkpoint/2c90355f128f45a9978c71cbc8027819_iteration1/out.log,out.log,.log,11481,14b05ccd7026a050f8b52946baab9585f584552c37406e0533fdf68657608e1a,2026-07-18T21:38:42,True,False,False,False,False,False,True
study_runs,V100_P1_NANO_I05_R02,study_runs/V100_P1_NANO_I05_R02/checkpoint/2c90355f128f45a9978c71cbc8027819_iteration2/code.py,code.py,.py,85,872ad6061bd060229ac6a62e563c8a7ecc5451728edd0864a6aa9841cf16ae38,2026-07-18T21:49:07,True,False,False,False,True,False,False
study_runs,V100_P1_NANO_I05_R02,study_runs/V100_P1_NANO_I05_R02/checkpoint/2c90355f128f45a9978c71cbc8027819_iteration2/out.log,out.log,.log,49,b999c05453cbce1dd7fa3d0ee70d14f3b54a511d7b134eda76c99d23181d0525,2026-07-18T21:44:16,True,False,False,False,False,False,False
study_runs,V100_P1_NANO_I05_R02,study_runs/V100_P1_NANO_I05_R02/checkpoint/2c90355f128f45a9978c71cbc8027819_seed/code.py,code.py,.py,2,7eb70257593da06f682a3ddda54a9d260d4fc514f645237f5ca74b08f8da61a6,2026-07-18T21:43:11,True,False,False,False,False,False,False
study_runs,V100_P1_NANO_I05_R02,study_runs/V100_P1_NANO_I05_R02/checkpoint/2c90355f128f45a9978c71cbc8027819_seed/out.log,out.log,.log,49,b999c05453cbce1dd7fa3d0ee70d14f3b54a511d7b134eda76c99d23181d0525,2026-07-18T21:30:01,True,False,False,False,False,False,False
study_runs,V100_P1_NANO_I05_R02,study_runs/V100_P1_NANO_I05_R02/checkpoint/37c0775b6dca4993a0cf77c7a347e61b/code.py,code.py,.py,9492,33f606f30975649cc9bd40a7dfe9482c43779fd46cfd67afa4e390b94cfd2ca2,2026-07-18T21:06:30,True,False,True,False,False,False,False
study_runs,V100_P1_NANO_I05_R02,study_runs/V100_P1_NANO_I05_R02/checkpoint/37c0775b6dca4993a0cf77c7a347e61b/out.log,out.log,.log,1895,add0c3e99062c795881ebb522bff19315ab7ee3d33d7d409df59198fbd935789,2026-07-18T20:59:15,True,False,False,False,False,False,False
study_runs,V100_P1_NANO_I05_R02,study_runs/V100_P1_NANO_I05_R02/checkpoint/39b2b05dfd60419683b3976abf10082a/code.py,code.py,.py,3820,424403cf53bb35a636c2d84c9b003ff2aba79c79c398ed910198d41ed13189f0,2026-07-18T21:25:13,True,False,True,False,True,False,False
study_runs,V100_P1_NANO_I05_R02,study_runs/V100_P1_NANO_I05_R02/checkpoint/39b2b05dfd60419683b3976abf10082a/out.log,out.log,.log,3266,1150678301fe18d6dc592b9fecddbb71bab64ecf8abe11ca747e5188c0971b4f,2026-07-18T21:15:37,True,True,True,False,False,False,True
study_runs,V100_P1_NANO_I05_R02,study_runs/V100_P1_NANO_I05_R02/checkpoint/3fdb417208cc4974ac1981132e1c4b6f/code.py,code.py,.py,8280,e0bad305d0b1c70259d549e738ccc88b4209be4a15b1e89f809ff4c617d4c810,2026-07-18T21:34:48,True,False,True,False,False,False,False
study_runs,V100_P1_NANO_I05_R02,study_runs/V100_P1_NANO_I05_R02/checkpoint/3fdb417208cc4974ac1981132e1c4b6f/generated/per_seed_precision_log.json,per_seed_precision_log.json,.json,553,a3e1509b47462ac30b4e5f39a984ae715337bebda4a4e517611bb91e68de154b,2026-07-18T21:25:53,True,False,False,False,False,False,False
study_runs,V100_P1_NANO_I05_R02,study_runs/V100_P1_NANO_I05_R02/checkpoint/3fdb417208cc4974ac1981132e1c4b6f/out.log,out.log,.log,1199,0f61b6b538460ef1984fd5652b54bc6ebfae28c4f1d3deb588ba084938f577e1,2026-07-18T21:25:53,True,False,False,False,False,False,False
study_runs,V100_P1_NANO_I05_R02,study_runs/V100_P1_NANO_I05_R02/checkpoint/401e11df85cb4e67ad5a8e3f5e3b9b62/code.py,code.py,.py,4649,55243fa2ea491f3ba791b3023a0dfb6ca89baf1cbf13511a90301750a8999dd2,2026-07-18T21:19:07,True,False,True,False,True,False,False
study_runs,V100_P1_NANO_I05_R02,study_runs/V100_P1_NANO_I05_R02/checkpoint/401e11df85cb4e67ad5a8e3f5e3b9b62/out.log,out.log,.log,1946,6de1cec839ba1f3254be9a127be3b8859bd155ba5fefe2908e56bfad88d4c59d,2026-07-18T21:11:49,True,False,True,False,False,False,True
study_runs,V100_P1_NANO_I05_R02,study_runs/V100_P1_NANO_I05_R02/checkpoint/bd73efc9cdab45709d3c1be3a3a740ed/code.py,code.py,.py,4221,8165d816f3bd694484056693fe860798be1c58f575da0cb48622ab1fa95d8ba9,2026-07-18T21:10:39,True,False,True,False,True,False,False
study_runs,V100_P1_NANO_I05_R02,study_runs/V100_P1_NANO_I05_R02/checkpoint/bd73efc9cdab45709d3c1be3a3a740ed/out.log,out.log,.log,3243,99b9e39780a8003adfb3975c028cd0268a5f8f8753d44ece95f190a4667e5060,2026-07-18T21:03:54,True,True,True,False,False,False,True
study_runs,V100_P1_NANO_I05_R02,study_runs/V100_P1_NANO_I05_R02/checkpoint/fb28f4b4739d4ea9887ddba29d25f141/code.py,code.py,.py,5129,6ae75da8c556882061c3d5574eb1e6a00a1b3151ce740276631e3edca98abef1,2026-07-18T21:14:38,True,False,True,False,True,False,False
study_runs,V100_P1_NANO_I05_R02,study_runs/V100_P1_NANO_I05_R02/checkpoint/fb28f4b4739d4ea9887ddba29d25f141/out.log,out.log,.log,2351,20631da088339aa515bdad0aa953fac7461370c26d30986a3d5e4bcb78d802c2,2026-07-18T21:08:17,True,False,True,False,False,False,True
study_runs,V100_P1_NANO_I05_R02,study_runs/V100_P1_NANO_I05_R02/code_requirements_final.json,code_requirements_final.json,.json,3442,58cd8d43e2b462d3bfb512347dcb219352b51ae5b29fd75722bba473f64b68ad,2026-07-18T21:30:00,True,False,False,False,False,False,False
study_runs,V100_P1_NANO_I05_R02,study_runs/V100_P1_NANO_I05_R02/code_requirements_prototype.json,code_requirements_prototype.json,.json,1259,8868e75f83e5c981bb86d002d7fdce600ec25cf03c1f87607aa727557233c18d,2026-07-18T20:57:01,True,False,False,False,False,False,False
study_runs,V100_P1_NANO_I05_R02,study_runs/V100_P1_NANO_I05_R02/config.source.toml,config.source.toml,.toml,386,43ad328d9e971575946598bc6c906a320d878b57103e5825b7bc1b351074558f,2026-07-18T20:56:04,True,False,False,False,False,False,False
study_runs,V100_P1_NANO_I05_R02,study_runs/V100_P1_NANO_I05_R02/config.toml,config.toml,.toml,414,555504935b5820344c290e64e18c12a623c0007f7de624b5247fb321232f658c,2026-07-18T20:56:04,True,False,False,False,False,False,False
study_runs,V100_P1_NANO_I05_R02,study_runs/V100_P1_NANO_I05_R02/costs_log.csv,costs_log.csv,.csv,14141,70cebb47473be75da566b35d8bbe4cd2a5338c6161a6b003a00375a3d889f2a1,2026-07-18T21:49:27,True,False,False,False,False,False,False
study_runs,V100_P1_NANO_I05_R02,study_runs/V100_P1_NANO_I05_R02/debug.log,debug.log,.log,297159,46f96b7a5ca7e602b96be4a247ce1867f3e87c1dd64e178b6834b9d1eb7bd65e,2026-07-18T21:49:30,True,True,True,False,True,False,True
study_runs,V100_P1_NANO_I05_R02,study_runs/V100_P1_NANO_I05_R02/entered_prompt.txt,entered_prompt.txt,.txt,437,6edc6d3ea582b4064275813302d2a2d0f2728f5678dfacf25d976c8d75b5b963,2026-07-18T20:56:04,True,False,False,False,False,False,False
study_runs,V100_P1_NANO_I05_R02,study_runs/V100_P1_NANO_I05_R02/statistics/0_37c0775b6dca4993a0cf77c7a347e61b.txt,0_37c0775b6dca4993a0cf77c7a347e61b.txt,.txt,472,a4feb00342ca36226180adec87ec58080b6f125e6a669a09a23dce979d1b7037,2026-07-18T21:01:39,True,False,False,False,False,False,False
study_runs,V100_P1_NANO_I05_R02,study_runs/V100_P1_NANO_I05_R02/statistics/1_bd73efc9cdab45709d3c1be3a3a740ed.txt,1_bd73efc9cdab45709d3c1be3a3a740ed.txt,.txt,464,c698dae22eb9e55cff1320e04eac764e6855064432645f604c98aabff1a4b1f7,2026-07-18T21:06:30,True,False,False,False,False,False,False
study_runs,V100_P1_NANO_I05_R02,study_runs/V100_P1_NANO_I05_R02/statistics/2_fb28f4b4739d4ea9887ddba29d25f141.txt,2_fb28f4b4739d4ea9887ddba29d25f141.txt,.txt,471,60aef8b1218e13d1fdec2a5bf60034a5a1d0f92e3a0dfa501103e2eedc20d02c,2026-07-18T21:10:39,True,False,False,False,False,False,False
study_runs,V100_P1_NANO_I05_R02,study_runs/V100_P1_NANO_I05_R02/statistics/3_401e11df85cb4e67ad5a8e3f5e3b9b62.txt,3_401e11df85cb4e67ad5a8e3f5e3b9b62.txt,.txt,463,642bfd81712b29321f864ba2f880411a285d38fcc0dc8b6c6ed8da25397cc091,2026-07-18T21:14:38,True,False,False,False,False,False,False
study_runs,V100_P1_NANO_I05_R02,study_runs/V100_P1_NANO_I05_R02/statistics/4_39b2b05dfd60419683b3976abf10082a.txt,4_39b2b05dfd60419683b3976abf10082a.txt,.txt,462,d9b630a2ded0823d905e07c17cc2cc739ff385c56c3e46c130c55d9fb87df86f,2026-07-18T21:19:07,True,False,False,False,False,False,False
study_runs,V100_P1_NANO_I05_R02,study_runs/V100_P1_NANO_I05_R02/statistics/5_2c90355f128f45a9978c71cbc8027819.txt,5_2c90355f128f45a9978c71cbc8027819.txt,.txt,410,734aa39194725cf1e0f15fec51d24a4ec7c3b51def1f84e1d398ab7d1f2875ba,2026-07-18T21:25:13,True,False,False,False,False,False,False
study_runs,V100_P1_NANO_I05_R02,study_runs/V100_P1_NANO_I05_R02/statistics/6_3fdb417208cc4974ac1981132e1c4b6f.txt,6_3fdb417208cc4974ac1981132e1c4b6f.txt,.txt,470,834f27f81bf388b7809115caab87593f702a8f6a1ce38957081a107d220be0cd,2026-07-18T21:28:46,True,False,False,False,False,False,False
study_runs,V100_P1_NANO_I05_R02,study_runs/V100_P1_NANO_I05_R02/statistics/7_2c90355f128f45a9978c71cbc8027819_seed.txt,7_2c90355f128f45a9978c71cbc8027819_seed.txt,.txt,414,9d194dc6896a4a0dbca2d3113dd8bf05bd770e16558b1a300c490e9bf7de3e82,2026-07-18T21:34:48,True,False,False,False,False,False,False
study_runs,V100_P1_NANO_I05_R02,study_runs/V100_P1_NANO_I05_R02/statistics/8_2c90355f128f45a9978c71cbc8027819_iteration1.txt,8_2c90355f128f45a9978c71cbc8027819_iteration1.txt,.txt,513,3b309c424f4a62a6baec67a618420e9377432c046bc8d164a3d296563dbd1bf2,2026-07-18T21:43:11,True,False,False,False,False,False,False
study_runs,V100_P1_NANO_I05_R02,study_runs/V100_P1_NANO_I05_R02/statistics/9_2c90355f128f45a9978c71cbc8027819_iteration2.txt,9_2c90355f128f45a9978c71cbc8027819_iteration2.txt,.txt,420,dec64af23a45b712699cbdf452c4804d6c4aa68788fc084c9f1b74b4a5089932,2026-07-18T21:49:07,True,False,False,False,False,False,False
study_runs,V100_P1_NANO_I05_R02,study_runs/V100_P1_NANO_I05_R02/statistics/summary_overall_nodes.txt,summary_overall_nodes.txt,.txt,462,4605da0010b3e80fe73b3e083b8ac358f20ec819331ac14c73c5a2be354a9efb,2026-07-18T21:49:27,True,False,False,False,False,False,False
study_runs,V100_P1_NANO_I05_R02,study_runs/V100_P1_NANO_I05_R02/summary.md,summary.md,.md,5352,a01e14f824fa19c876b9ab856ea9800010bc599293a5df8f1460f1a6c280e1e1,2026-07-18T21:49:27,True,False,False,False,False,False,False
study_runs,V100_P1_NANO_I05_R02,study_runs/V100_P1_NANO_I05_R02/tree_render/svg/combined_tree.svg,combined_tree.svg,.svg,10582,a3e032b32ca8fb9f0e6cdfbf7b7de1a327a329f40d53ac9ebd04b1944e4668ca,2026-07-18T21:28:53,True,False,False,False,False,False,False
study_runs,V100_P1_NANO_I05_R02,study_runs/V100_P1_NANO_I05_R02/tree_render/svg/tree_0.svg,tree_0.svg,.svg,3176,acd6b6f2bbd7cf622daa32d08b3c8648f0128ffef3703fe5d46cb64d1070df76,2026-07-18T21:28:49,True,False,False,False,False,False,False
study_runs,V100_P1_NANO_I05_R02,study_runs/V100_P1_NANO_I05_R02/tree_render/svg/tree_1.svg,tree_1.svg,.svg,7927,811855624d50dea9d4c9bc292470ba015ade39a60275fc3d11f6a30954f94101,2026-07-18T21:28:51,True,False,False,False,False,False,False
study_runs,V100_P1_NANO_I05_R03,study_runs/V100_P1_NANO_I05_R03/checkpoint/6f1d0f4e2ffa4fdd96f993603e136fa2/code.py,code.py,.py,131,6bbff00caa1f8e34245ed5b2e6a822a2c9f233d834dcb9b5f5d0298647fba7bb,2026-07-19T14:02:10,True,False,False,False,True,False,False
study_runs,V100_P1_NANO_I05_R03,study_runs/V100_P1_NANO_I05_R03/checkpoint/6f1d0f4e2ffa4fdd96f993603e136fa2/out.log,out.log,.log,49,b999c05453cbce1dd7fa3d0ee70d14f3b54a511d7b134eda76c99d23181d0525,2026-07-19T13:53:28,True,False,False,False,False,False,False
study_runs,V100_P1_NANO_I05_R03,study_runs/V100_P1_NANO_I05_R03/checkpoint/7365a8beb6ee4029b5ae1b99cfe9a957/code.py,code.py,.py,3763,e9a865c8a5a331534eec3b50b8cbab1468f64b1ba2adb575723236b41c79682e,2026-07-19T14:27:48,True,False,False,False,False,False,False
study_runs,V100_P1_NANO_I05_R03,study_runs/V100_P1_NANO_I05_R03/checkpoint/7365a8beb6ee4029b5ae1b99cfe9a957/generated/checkpoints/err.log,err.log,.log,0,e3b0c44298fc1c149afbf4c8996fb92427ae41e4649b934ca495991b7852b855,2026-07-19T14:20:55,True,False,False,False,False,False,False
study_runs,V100_P1_NANO_I05_R03,study_runs/V100_P1_NANO_I05_R03/checkpoint/7365a8beb6ee4029b5ae1b99cfe9a957/generated/checkpoints/out.log,out.log,.log,0,e3b0c44298fc1c149afbf4c8996fb92427ae41e4649b934ca495991b7852b855,2026-07-19T14:20:55,True,False,False,False,False,False,False
study_runs,V100_P1_NANO_I05_R03,study_runs/V100_P1_NANO_I05_R03/checkpoint/7365a8beb6ee4029b5ae1b99cfe9a957/generated/checkpoints/progress.json,progress.json,.json,399,73713c97014842dcbd2ceb572362354f256ed5ccf4219b303d2300db151429ce,2026-07-19T14:20:55,True,False,False,False,False,False,False
study_runs,V100_P1_NANO_I05_R03,study_runs/V100_P1_NANO_I05_R03/checkpoint/7365a8beb6ee4029b5ae1b99cfe9a957/out.log,out.log,.log,1356,8cd2c0bfc24e3bcb1f95f486811f8ddbae42bd9be3df02a725ad2834695ec97e,2026-07-19T14:20:55,True,False,True,False,False,False,True
study_runs,V100_P1_NANO_I05_R03,study_runs/V100_P1_NANO_I05_R03/checkpoint/8676fcf9d5a649d1a9d6d65edaa7437e/code.py,code.py,.py,2975,1af14224d83b0e951965b09c476461e89b0665b776e6f039b0d5a31449918622,2026-07-19T14:14:45,True,False,False,False,False,False,False
study_runs,V100_P1_NANO_I05_R03,study_runs/V100_P1_NANO_I05_R03/checkpoint/8676fcf9d5a649d1a9d6d65edaa7437e/generated/checkpoints/err.log,err.log,.log,0,e3b0c44298fc1c149afbf4c8996fb92427ae41e4649b934ca495991b7852b855,2026-07-19T14:04:40,True,False,False,False,False,False,False
study_runs,V100_P1_NANO_I05_R03,study_runs/V100_P1_NANO_I05_R03/checkpoint/8676fcf9d5a649d1a9d6d65edaa7437e/generated/checkpoints/out.log,out.log,.log,0,e3b0c44298fc1c149afbf4c8996fb92427ae41e4649b934ca495991b7852b855,2026-07-19T14:04:40,True,False,False,False,False,False,False
study_runs,V100_P1_NANO_I05_R03,study_runs/V100_P1_NANO_I05_R03/checkpoint/8676fcf9d5a649d1a9d6d65edaa7437e/generated/checkpoints/progress.json,progress.json,.json,1830,e3ff4d646bc98b7e6468bf778ac151e77e89fd756286c7b957abd874d55808f1,2026-07-19T14:05:41,True,False,False,False,False,False,False
study_runs,V100_P1_NANO_I05_R03,study_runs/V100_P1_NANO_I05_R03/checkpoint/8676fcf9d5a649d1a9d6d65edaa7437e/generated/checkpoints/results.json,results.json,.json,2,44136fa355b3678a1146ad16f7e8649e94fb4fc21fe77e8310c060f61caaff8a,2026-07-19T14:05:51,True,False,False,False,False,False,False
study_runs,V100_P1_NANO_I05_R03,study_runs/V100_P1_NANO_I05_R03/checkpoint/8676fcf9d5a649d1a9d6d65edaa7437e/generated/prototype_results.csv,prototype_results.csv,.csv,52,4ea0544ffcf110d70239558efad53cbe973875b6048ce81b589bc16f0b7cb6b5,2026-07-19T14:05:52,True,False,False,False,False,False,False
study_runs,V100_P1_NANO_I05_R03,study_runs/V100_P1_NANO_I05_R03/checkpoint/8676fcf9d5a649d1a9d6d65edaa7437e/out.log,out.log,.log,27661,3bc49f7adbad06e53d8b303a8cc49224e579d356a9cdc5af08310b1fdeeeeebf,2026-07-19T14:05:53,True,True,True,False,False,False,True
study_runs,V100_P1_NANO_I05_R03,study_runs/V100_P1_NANO_I05_R03/checkpoint/8676fcf9d5a649d1a9d6d65edaa7437e_iteration1/code.py,code.py,.py,157,46ee23159416ab3d7978c13223f68076c57927f7521e896853cdaadd785ef617,2026-07-19T14:38:04,True,False,False,False,True,False,False
study_runs,V100_P1_NANO_I05_R03,study_runs/V100_P1_NANO_I05_R03/checkpoint/8676fcf9d5a649d1a9d6d65edaa7437e_iteration1/out.log,out.log,.log,49,b999c05453cbce1dd7fa3d0ee70d14f3b54a511d7b134eda76c99d23181d0525,2026-07-19T14:28:43,True,False,False,False,False,False,False
study_runs,V100_P1_NANO_I05_R03,study_runs/V100_P1_NANO_I05_R03/checkpoint/8676fcf9d5a649d1a9d6d65edaa7437e_iteration2/code.py,code.py,.py,7819,df8eb676e2241f1aa7c8a1a8b4e0e372a74f5adb340b55e49b42c47f2a8bcdc7,2026-07-19T14:38:04,True,False,True,True,False,False,False
study_runs,V100_P1_NANO_I05_R03,study_runs/V100_P1_NANO_I05_R03/checkpoint/8676fcf9d5a649d1a9d6d65edaa7437e_iteration2/out.log,out.log,.log,1355,6bca489f686572f9795ede9b7b20ef91a785723af79116bf68fb224ac026ae26,2026-07-19T14:35:31,True,False,True,False,False,False,True
study_runs,V100_P1_NANO_I05_R03,study_runs/V100_P1_NANO_I05_R03/checkpoint/8676fcf9d5a649d1a9d6d65edaa7437e_seed/code.py,code.py,.py,2975,1af14224d83b0e951965b09c476461e89b0665b776e6f039b0d5a31449918622,2026-07-19T14:31:51,True,False,False,False,False,False,False
study_runs,V100_P1_NANO_I05_R03,study_runs/V100_P1_NANO_I05_R03/checkpoint/8676fcf9d5a649d1a9d6d65edaa7437e_seed/generated/checkpoints/err.log,err.log,.log,0,e3b0c44298fc1c149afbf4c8996fb92427ae41e4649b934ca495991b7852b855,2026-07-19T14:24:12,True,False,False,False,False,False,False
study_runs,V100_P1_NANO_I05_R03,study_runs/V100_P1_NANO_I05_R03/checkpoint/8676fcf9d5a649d1a9d6d65edaa7437e_seed/generated/checkpoints/out.log,out.log,.log,0,e3b0c44298fc1c149afbf4c8996fb92427ae41e4649b934ca495991b7852b855,2026-07-19T14:24:12,True,False,False,False,False,False,False
study_runs,V100_P1_NANO_I05_R03,study_runs/V100_P1_NANO_I05_R03/checkpoint/8676fcf9d5a649d1a9d6d65edaa7437e_seed/generated/checkpoints/progress.json,progress.json,.json,1830,e3ff4d646bc98b7e6468bf778ac151e77e89fd756286c7b957abd874d55808f1,2026-07-19T14:25:13,True,False,False,False,False,False,False
study_runs,V100_P1_NANO_I05_R03,study_runs/V100_P1_NANO_I05_R03/checkpoint/8676fcf9d5a649d1a9d6d65edaa7437e_seed/generated/checkpoints/results.json,results.json,.json,2,44136fa355b3678a1146ad16f7e8649e94fb4fc21fe77e8310c060f61caaff8a,2026-07-19T14:25:24,True,False,False,False,False,False,False
study_runs,V100_P1_NANO_I05_R03,study_runs/V100_P1_NANO_I05_R03/checkpoint/8676fcf9d5a649d1a9d6d65edaa7437e_seed/generated/prototype_results.csv,prototype_results.csv,.csv,52,4ea0544ffcf110d70239558efad53cbe973875b6048ce81b589bc16f0b7cb6b5,2026-07-19T14:25:25,True,False,False,False,False,False,False
study_runs,V100_P1_NANO_I05_R03,study_runs/V100_P1_NANO_I05_R03/checkpoint/8676fcf9d5a649d1a9d6d65edaa7437e_seed/out.log,out.log,.log,27661,f982fb934c705518eb8bba10225813cb51c9859786359eb3d0abab4b78429d2d,2026-07-19T14:25:25,True,True,True,False,False,False,True
study_runs,V100_P1_NANO_I05_R03,study_runs/V100_P1_NANO_I05_R03/checkpoint/af4eb4168ba0475fa720b6326b0f54cc/code.py,code.py,.py,3412,994f43f995f424e161512800b0546c39cbd7ae1344cfbfb58e41482b04ab654f,2026-07-19T14:18:57,True,False,False,False,False,False,False
study_runs,V100_P1_NANO_I05_R03,study_runs/V100_P1_NANO_I05_R03/checkpoint/af4eb4168ba0475fa720b6326b0f54cc/out.log,out.log,.log,1436,6ef41f0765c27cae03122051275083f5942d6186c3e806fb471395dd308f1066,2026-07-19T14:11:44,True,False,True,False,False,False,True
study_runs,V100_P1_NANO_I05_R03,study_runs/V100_P1_NANO_I05_R03/checkpoint/d1f56c2275b34ba383c6bb1c40e6e642/code.py,code.py,.py,3588,2d3d1e791401a405e882f3c2ba86b959019e675a9db01480897a9613f01acb5a,2026-07-19T14:23:06,True,False,True,False,False,False,False
study_runs,V100_P1_NANO_I05_R03,study_runs/V100_P1_NANO_I05_R03/checkpoint/d1f56c2275b34ba383c6bb1c40e6e642/out.log,out.log,.log,2860,476db6c16543b1446060463291bde287febd9c1e3605ba9560a891462c3a80d4,2026-07-19T14:15:55,True,True,True,False,False,False,True
study_runs,V100_P1_NANO_I05_R03,study_runs/V100_P1_NANO_I05_R03/checkpoint/e4f084130c49428fb4b9b62b0d10f0ee/code.py,code.py,.py,7067,d8b343090cd0a182580b8498fd8983a389c697497dd28233c2cf3eabaab9fac0,2026-07-19T13:57:02,True,False,True,False,False,False,False
study_runs,V100_P1_NANO_I05_R03,study_runs/V100_P1_NANO_I05_R03/checkpoint/e4f084130c49428fb4b9b62b0d10f0ee/generated/prototype_results.csv,prototype_results.csv,.csv,251,52d36c1b0735c3e7223fa38f9afdc99ab83296aa97805c601ceae2cb6544e65c,2026-07-19T13:48:37,True,False,False,False,False,False,False
study_runs,V100_P1_NANO_I05_R03,study_runs/V100_P1_NANO_I05_R03/checkpoint/e4f084130c49428fb4b9b62b0d10f0ee/out.log,out.log,.log,873,07f29ffbb0744ea37d8e1c48adacac5524b3504200516f2e99fe329d371d46e9,2026-07-19T13:48:37,True,False,False,False,False,False,True
study_runs,V100_P1_NANO_I05_R03,study_runs/V100_P1_NANO_I05_R03/checkpoint/eac6baf5105942dc8d6dd201cdca4272/code.py,code.py,.py,4324,9b7e9c0e1fc9b8386187b1e5d32f02626f71a0a5bebaa94b3342d91999f6d647,2026-07-19T14:09:19,True,False,True,False,False,False,False
study_runs,V100_P1_NANO_I05_R03,study_runs/V100_P1_NANO_I05_R03/checkpoint/eac6baf5105942dc8d6dd201cdca4272/out.log,out.log,.log,1030,538bf72aef203efe55b6011df2b10469eb5130021f8c9440ac24cbcbc06ce9a6,2026-07-19T13:59:40,True,True,True,False,False,False,True
study_runs,V100_P1_NANO_I05_R03,study_runs/V100_P1_NANO_I05_R03/code_requirements_final.json,code_requirements_final.json,.json,2524,6109aeb27385551989f53c9f17e9b1d94b322e2fb938b22a68a184610a9dbd91,2026-07-19T14:23:48,True,False,False,False,False,False,False
study_runs,V100_P1_NANO_I05_R03,study_runs/V100_P1_NANO_I05_R03/code_requirements_prototype.json,code_requirements_prototype.json,.json,1454,841232b31412d4315a23dce035d49f040899f50c22c29a201e84e2fd48f5e231,2026-07-19T13:44:25,True,False,False,False,False,False,False
study_runs,V100_P1_NANO_I05_R03,study_runs/V100_P1_NANO_I05_R03/config.source.toml,config.source.toml,.toml,386,43ad328d9e971575946598bc6c906a320d878b57103e5825b7bc1b351074558f,2026-07-19T13:43:30,True,False,False,False,False,False,False
study_runs,V100_P1_NANO_I05_R03,study_runs/V100_P1_NANO_I05_R03/config.toml,config.toml,.toml,414,8d278bb5569e9b0588fceba12ed447dc159cb55f9ec9339802da8daf0a445d35,2026-07-19T13:43:30,True,False,False,False,False,False,False
study_runs,V100_P1_NANO_I05_R03,study_runs/V100_P1_NANO_I05_R03/costs_log.csv,costs_log.csv,.csv,13130,43de7153f3cc1e77fb70f73b606c02e0c40173934006d6ad7474d5bbae03de01,2026-07-19T14:38:20,True,False,False,False,False,False,False
study_runs,V100_P1_NANO_I05_R03,study_runs/V100_P1_NANO_I05_R03/debug.log,debug.log,.log,390160,1cb387e5b866db2ff60062e232493877434ffed2b7c04f110cfa706157b646f6,2026-07-19T14:38:24,True,True,True,False,True,False,True
study_runs,V100_P1_NANO_I05_R03,study_runs/V100_P1_NANO_I05_R03/entered_prompt.txt,entered_prompt.txt,.txt,437,6edc6d3ea582b4064275813302d2a2d0f2728f5678dfacf25d976c8d75b5b963,2026-07-19T13:43:30,True,False,False,False,False,False,False
study_runs,V100_P1_NANO_I05_R03,study_runs/V100_P1_NANO_I05_R03/statistics/0_e4f084130c49428fb4b9b62b0d10f0ee.txt,0_e4f084130c49428fb4b9b62b0d10f0ee.txt,.txt,473,1d1871bde36eb9c9587e8ac91e1092f1020d52c42703825ae7dc2081d58a6e21,2026-07-19T13:50:54,True,False,False,False,False,False,False
study_runs,V100_P1_NANO_I05_R03,study_runs/V100_P1_NANO_I05_R03/statistics/1_6f1d0f4e2ffa4fdd96f993603e136fa2.txt,1_6f1d0f4e2ffa4fdd96f993603e136fa2.txt,.txt,411,da0305f31e6dc4d3a85b4e9e065cde722589fe74dc35798b1b2ab1d8fc6a0cbd,2026-07-19T13:57:02,True,False,False,False,False,False,False
study_runs,V100_P1_NANO_I05_R03,study_runs/V100_P1_NANO_I05_R03/statistics/2_eac6baf5105942dc8d6dd201cdca4272.txt,2_eac6baf5105942dc8d6dd201cdca4272.txt,.txt,472,f8d5d133af3b22f8bea5d7c076f288b08a6f21bf78cc41b34e8b14e764285a4f,2026-07-19T14:02:10,True,False,False,False,False,False,False
study_runs,V100_P1_NANO_I05_R03,study_runs/V100_P1_NANO_I05_R03/statistics/3_8676fcf9d5a649d1a9d6d65edaa7437e.txt,3_8676fcf9d5a649d1a9d6d65edaa7437e.txt,.txt,461,b90c4405306739da1b2f6fa2b77aa4fbf55917e8045a35b88727f55a35298eb9,2026-07-19T14:09:19,True,False,False,False,False,False,False
study_runs,V100_P1_NANO_I05_R03,study_runs/V100_P1_NANO_I05_R03/statistics/4_af4eb4168ba0475fa720b6326b0f54cc.txt,4_af4eb4168ba0475fa720b6326b0f54cc.txt,.txt,461,6ff5417be80eac20ee2781a4ce5580a99845547075ebee230b852cecac34f183,2026-07-19T14:14:45,True,False,False,False,False,False,False
study_runs,V100_P1_NANO_I05_R03,study_runs/V100_P1_NANO_I05_R03/statistics/5_d1f56c2275b34ba383c6bb1c40e6e642.txt,5_d1f56c2275b34ba383c6bb1c40e6e642.txt,.txt,462,8bb93a1b48eb56fa9845ff57cca44100ef07319024f6bae53dcff85f3c511b84,2026-07-19T14:18:57,True,False,False,False,False,False,False
study_runs,V100_P1_NANO_I05_R03,study_runs/V100_P1_NANO_I05_R03/statistics/6_7365a8beb6ee4029b5ae1b99cfe9a957.txt,6_7365a8beb6ee4029b5ae1b99cfe9a957.txt,.txt,464,1285c6b8ecb9832df78be9815334f36736c4e0953fc85a8273ec2019daff174d,2026-07-19T14:23:06,True,False,False,False,False,False,False
study_runs,V100_P1_NANO_I05_R03,study_runs/V100_P1_NANO_I05_R03/statistics/7_8676fcf9d5a649d1a9d6d65edaa7437e_seed.txt,7_8676fcf9d5a649d1a9d6d65edaa7437e_seed.txt,.txt,467,de774794aab29c1c80134eeed512f3e2ac28b3fc822746f6dbb89b51c7f7eded,2026-07-19T14:27:48,True,False,False,False,False,False,False
study_runs,V100_P1_NANO_I05_R03,study_runs/V100_P1_NANO_I05_R03/statistics/8_8676fcf9d5a649d1a9d6d65edaa7437e_iteration1.txt,8_8676fcf9d5a649d1a9d6d65edaa7437e_iteration1.txt,.txt,421,33245230183132bbcec362cc4f516e40e3b22a8e8953589b9eb933d7abe70464,2026-07-19T14:31:51,True,False,False,False,False,False,False
study_runs,V100_P1_NANO_I05_R03,study_runs/V100_P1_NANO_I05_R03/statistics/9_8676fcf9d5a649d1a9d6d65edaa7437e_iteration2.txt,9_8676fcf9d5a649d1a9d6d65edaa7437e_iteration2.txt,.txt,510,0f1980495f3f4ff8bcad90effe82a1130a9ea6038c98597ed3678b31d5e30e42,2026-07-19T14:38:04,True,False,False,False,False,False,False
study_runs,V100_P1_NANO_I05_R03,study_runs/V100_P1_NANO_I05_R03/statistics/summary_overall_nodes.txt,summary_overall_nodes.txt,.txt,457,4dce097fac7673c320e21528cbd987186c589a81043a92376f83f466ee952237,2026-07-19T14:38:20,True,False,False,False,False,False,False
study_runs,V100_P1_NANO_I05_R03,study_runs/V100_P1_NANO_I05_R03/summary.md,summary.md,.md,4577,1d8a1e82e85465f417a3e87c3007f54c130fc00f10037878277b15882fa834e0,2026-07-19T14:38:20,True,False,False,False,False,False,False
study_runs,V100_P1_NANO_I05_R03,study_runs/V100_P1_NANO_I05_R03/tree_render/svg/combined_tree.svg,combined_tree.svg,.svg,10691,9edaec90b159a49b2eaa6013ea1e55f81be7c6dfa3c4ad2c5c173008cf6daa65,2026-07-19T14:23:13,True,False,False,False,False,False,False
study_runs,V100_P1_NANO_I05_R03,study_runs/V100_P1_NANO_I05_R03/tree_render/svg/tree_0.svg,tree_0.svg,.svg,9640,ba2d89ce943b71affe029a37357fc7030c73213e68f338dd7fa35267fdf85148,2026-07-19T14:23:08,True,False,False,False,False,False,False
study_runs,V100_P1_NANO_I05_R03,study_runs/V100_P1_NANO_I05_R03/tree_render/svg/tree_1.svg,tree_1.svg,.svg,1611,5d8b6499d1f98009bea5333c7a73f43cc67e5937c76988d7d040e495c429f58c,2026-07-19T14:23:11,True,False,False,False,False,False,False
study_runs,V100_P1_NANO_I05_R04,study_runs/V100_P1_NANO_I05_R04/checkpoint/4ea83e57bd63412ebe4ad84854db3d2d/code.py,code.py,.py,2,7eb70257593da06f682a3ddda54a9d260d4fc514f645237f5ca74b08f8da61a6,2026-07-19T14:27:49,True,False,False,False,False,False,False
study_runs,V100_P1_NANO_I05_R04,study_runs/V100_P1_NANO_I05_R04/checkpoint/4ea83e57bd63412ebe4ad84854db3d2d/out.log,out.log,.log,49,b999c05453cbce1dd7fa3d0ee70d14f3b54a511d7b134eda76c99d23181d0525,2026-07-19T14:18:45,True,False,False,False,False,False,False
study_runs,V100_P1_NANO_I05_R04,study_runs/V100_P1_NANO_I05_R04/checkpoint/5880ed12fc7e45c5b4e17b8a4de6c6bd/code.py,code.py,.py,3251,d334610a8d931dd7aa9f903638a1fde2dcba3b00a87fef455ee5fe9b86892e60,2026-07-19T14:21:51,True,False,False,True,False,False,False
study_runs,V100_P1_NANO_I05_R04,study_runs/V100_P1_NANO_I05_R04/checkpoint/5880ed12fc7e45c5b4e17b8a4de6c6bd/out.log,out.log,.log,3059,baad2b5632842bc7d77d70b31e1858179e265f7ecf8f4d9bd489c0dae1da2add,2026-07-19T14:12:38,True,True,True,False,False,False,True
study_runs,V100_P1_NANO_I05_R04,study_runs/V100_P1_NANO_I05_R04/checkpoint/8fdabbdc2e6748ee99079d56c28cc80e/code.py,code.py,.py,4297,b6735432e66ab225af3079ae00bb9b55b1efc157e2a5e1b01032674dc7e6942b,2026-07-19T14:12:05,True,False,True,True,False,False,False
study_runs,V100_P1_NANO_I05_R04,study_runs/V100_P1_NANO_I05_R04/checkpoint/8fdabbdc2e6748ee99079d56c28cc80e/out.log,out.log,.log,3087,060519c4b3dc765c96c532fc5387448a98dec836c1cf91df50c6f26d6fb52724,2026-07-19T14:02:36,True,True,True,False,False,False,True
study_runs,V100_P1_NANO_I05_R04,study_runs/V100_P1_NANO_I05_R04/checkpoint/a27155e95ef34d039705effaacd940bf/code.py,code.py,.py,2443,d7bed8b81a849878a393f58f6f86bf5cd94f135fe2e5071dffd4917fb9446b22,2026-07-19T14:01:29,True,False,False,False,False,False,False
study_runs,V100_P1_NANO_I05_R04,study_runs/V100_P1_NANO_I05_R04/checkpoint/a27155e95ef34d039705effaacd940bf/out.log,out.log,.log,2665,d4531106574fb7eba05bacefc64aa1129aac211aef83137c7ccb980d080e90d0,2026-07-19T13:53:21,True,True,True,False,False,False,True
study_runs,V100_P1_NANO_I05_R04,study_runs/V100_P1_NANO_I05_R04/checkpoint/ae8c3e2c8ff2442fa41d98ea422dadf2/code.py,code.py,.py,2808,5e440127ca153311e49ddf6387c1852ae00fd3db33badd916c4a9d46edb724eb,2026-07-19T13:57:04,True,False,False,True,True,False,False
study_runs,V100_P1_NANO_I05_R04,study_runs/V100_P1_NANO_I05_R04/checkpoint/ae8c3e2c8ff2442fa41d98ea422dadf2/out.log,out.log,.log,2931,d7fbdc8a0ba7f14beed623ddcdf6fd4bcdad17b6924b60fec07a8e25c463b85a,2026-07-19T13:46:29,True,True,True,False,False,False,True
study_runs,V100_P1_NANO_I05_R04,study_runs/V100_P1_NANO_I05_R04/checkpoint/ae8c3e2c8ff2442fa41d98ea422dadf2_iteration1/code.py,code.py,.py,2808,7bf5d206745a326689d83867bc46827f6c2751987fa38710821758f1f011518d,2026-07-19T14:38:45,True,False,False,True,True,False,False
study_runs,V100_P1_NANO_I05_R04,study_runs/V100_P1_NANO_I05_R04/checkpoint/ae8c3e2c8ff2442fa41d98ea422dadf2_iteration1/out.log,out.log,.log,2933,7117f1647bc5028a19e3b4478e9abce228e41659212fed92e26ef3a82f0db8e4,2026-07-19T14:28:40,True,True,True,False,False,False,True
study_runs,V100_P1_NANO_I05_R04,study_runs/V100_P1_NANO_I05_R04/checkpoint/ae8c3e2c8ff2442fa41d98ea422dadf2_iteration2/code.py,code.py,.py,5551,a6ab4bee2cb0f98bc08172d347aaa09ae27b79029a8c14b291934d44e76a4b07,2026-07-19T14:38:45,True,False,True,False,False,False,False
study_runs,V100_P1_NANO_I05_R04,study_runs/V100_P1_NANO_I05_R04/checkpoint/ae8c3e2c8ff2442fa41d98ea422dadf2_iteration2/out.log,out.log,.log,2346,d171340ca35a4697c2984c942787ac827fc4cc1b25e8405e253b1186821ebdcd,2026-07-19T14:35:38,True,False,True,False,False,False,True
study_runs,V100_P1_NANO_I05_R04,study_runs/V100_P1_NANO_I05_R04/checkpoint/ae8c3e2c8ff2442fa41d98ea422dadf2_seed/code.py,code.py,.py,2808,5e440127ca153311e49ddf6387c1852ae00fd3db33badd916c4a9d46edb724eb,2026-07-19T14:32:36,True,False,False,True,True,False,False
study_runs,V100_P1_NANO_I05_R04,study_runs/V100_P1_NANO_I05_R04/checkpoint/ae8c3e2c8ff2442fa41d98ea422dadf2_seed/out.log,out.log,.log,2931,e93bd321085c86521e8dec119937f32588f61849875daa9ddced54048f18078e,2026-07-19T14:23:03,True,True,True,False,False,False,True
study_runs,V100_P1_NANO_I05_R04,study_runs/V100_P1_NANO_I05_R04/checkpoint/ca184fa090bc4a638c5cc183bb75cbd2/code.py,code.py,.py,65,d6a8dbf888a3b943e4558740442fed4e2fe5e6885cb78883657ffa956c9de14d,2026-07-19T14:16:29,True,False,False,False,False,False,False
study_runs,V100_P1_NANO_I05_R04,study_runs/V100_P1_NANO_I05_R04/checkpoint/ca184fa090bc4a638c5cc183bb75cbd2/out.log,out.log,.log,49,b999c05453cbce1dd7fa3d0ee70d14f3b54a511d7b134eda76c99d23181d0525,2026-07-19T14:08:16,True,False,False,False,False,False,False
study_runs,V100_P1_NANO_I05_R04,study_runs/V100_P1_NANO_I05_R04/checkpoint/d86c6f0c37c84c99ab783b21a1893882/code.py,code.py,.py,4123,2a2b22e278c1ed4aee838bae8c51558d667bed08ed5ed3034022be278c1c08a0,2026-07-19T14:06:44,True,False,False,True,False,False,False
study_runs,V100_P1_NANO_I05_R04,study_runs/V100_P1_NANO_I05_R04/checkpoint/d86c6f0c37c84c99ab783b21a1893882/out.log,out.log,.log,3097,731b194cedf896f7940b187a115439bb35816ad60b194cd78876143744cca35d,2026-07-19T13:57:53,True,True,True,False,False,False,True
study_runs,V100_P1_NANO_I05_R04,study_runs/V100_P1_NANO_I05_R04/code_requirements_final.json,code_requirements_final.json,.json,3283,de571dcf8717d8a0f1a4c1a54d37bf9cfefb91833bfcd289d9705726dcd632b4,2026-07-19T14:22:57,True,False,False,False,False,False,False
study_runs,V100_P1_NANO_I05_R04,study_runs/V100_P1_NANO_I05_R04/code_requirements_prototype.json,code_requirements_prototype.json,.json,1246,b145a389820c86ae444a04bf11f7e4daff8faf5882b466c5cce79a7c3f93a3df,2026-07-19T13:45:05,True,False,False,False,False,False,False
study_runs,V100_P1_NANO_I05_R04,study_runs/V100_P1_NANO_I05_R04/config.source.toml,config.source.toml,.toml,386,43ad328d9e971575946598bc6c906a320d878b57103e5825b7bc1b351074558f,2026-07-19T13:43:47,True,False,False,False,False,False,False
study_runs,V100_P1_NANO_I05_R04,study_runs/V100_P1_NANO_I05_R04/config.toml,config.toml,.toml,414,0cce25232387939ccdde9fbe13667eca4dfe6df7efcfc3e9a8e1cb5adf0f2087,2026-07-19T13:43:47,True,False,False,False,False,False,False
study_runs,V100_P1_NANO_I05_R04,study_runs/V100_P1_NANO_I05_R04/costs_log.csv,costs_log.csv,.csv,16692,d7439e98c5fe0d6f3f07b19861335eaf0a15789a45cc672c13c923b4bb5e957e,2026-07-19T14:39:09,True,False,False,False,False,False,False
study_runs,V100_P1_NANO_I05_R04,study_runs/V100_P1_NANO_I05_R04/debug.log,debug.log,.log,296128,c6748840b0f698881521c52b0778a11530c37e342bb9f51fae38ba8f1aa0f4a4,2026-07-19T14:39:13,True,True,True,False,True,False,True
study_runs,V100_P1_NANO_I05_R04,study_runs/V100_P1_NANO_I05_R04/entered_prompt.txt,entered_prompt.txt,.txt,437,6edc6d3ea582b4064275813302d2a2d0f2728f5678dfacf25d976c8d75b5b963,2026-07-19T13:43:47,True,False,False,False,False,False,False
study_runs,V100_P1_NANO_I05_R04,study_runs/V100_P1_NANO_I05_R04/statistics/0_ae8c3e2c8ff2442fa41d98ea422dadf2.txt,0_ae8c3e2c8ff2442fa41d98ea422dadf2.txt,.txt,457,0004b64993426c973a6957d0fc79f93c871844e1c1eebcd7a5e85684aaac5b28,2026-07-19T13:49:39,True,False,False,False,False,False,False
study_runs,V100_P1_NANO_I05_R04,study_runs/V100_P1_NANO_I05_R04/statistics/1_a27155e95ef34d039705effaacd940bf.txt,1_a27155e95ef34d039705effaacd940bf.txt,.txt,469,158a19c74311b3927b621e3d485fda728c5b412449ea52cef40ece1194971e29,2026-07-19T13:57:04,True,False,False,False,False,False,False
study_runs,V100_P1_NANO_I05_R04,study_runs/V100_P1_NANO_I05_R04/statistics/2_d86c6f0c37c84c99ab783b21a1893882.txt,2_d86c6f0c37c84c99ab783b21a1893882.txt,.txt,475,0761212d7de8318187d8a714178f4824ed493eaac4e4bfd81e6b2aeef698aac2,2026-07-19T14:01:29,True,False,False,False,False,False,False
study_runs,V100_P1_NANO_I05_R04,study_runs/V100_P1_NANO_I05_R04/statistics/3_8fdabbdc2e6748ee99079d56c28cc80e.txt,3_8fdabbdc2e6748ee99079d56c28cc80e.txt,.txt,474,28f4e24e7d94a27b95981190d3978b91f5fe6f24934069a6de8569eb5e516ebe,2026-07-19T14:06:44,True,False,False,False,False,False,False
study_runs,V100_P1_NANO_I05_R04,study_runs/V100_P1_NANO_I05_R04/statistics/4_ca184fa090bc4a638c5cc183bb75cbd2.txt,4_ca184fa090bc4a638c5cc183bb75cbd2.txt,.txt,411,9a9792c4431f8d9d8c9470ac15e342df8c7a2a9534875fc8e0b7122537c104e3,2026-07-19T14:12:05,True,False,False,False,False,False,False
study_runs,V100_P1_NANO_I05_R04,study_runs/V100_P1_NANO_I05_R04/statistics/5_5880ed12fc7e45c5b4e17b8a4de6c6bd.txt,5_5880ed12fc7e45c5b4e17b8a4de6c6bd.txt,.txt,467,0583cf908a2a77756e6764eeab65f978c99364105ba14610647a5842bce4a8b5,2026-07-19T14:16:29,True,False,False,False,False,False,False
study_runs,V100_P1_NANO_I05_R04,study_runs/V100_P1_NANO_I05_R04/statistics/6_4ea83e57bd63412ebe4ad84854db3d2d.txt,6_4ea83e57bd63412ebe4ad84854db3d2d.txt,.txt,407,1a97154f8d18b53e490ff432ddff339e2f044a78a48b07fbd5d2465b1a1b98b5,2026-07-19T14:21:51,True,False,False,False,False,False,False
study_runs,V100_P1_NANO_I05_R04,study_runs/V100_P1_NANO_I05_R04/statistics/7_ae8c3e2c8ff2442fa41d98ea422dadf2_seed.txt,7_ae8c3e2c8ff2442fa41d98ea422dadf2_seed.txt,.txt,447,928e442d3a885294389ce9205a014529af8ed12dde0e48a5f7bd5455c9be0861,2026-07-19T14:27:49,True,False,False,False,False,False,False
study_runs,V100_P1_NANO_I05_R04,study_runs/V100_P1_NANO_I05_R04/statistics/8_ae8c3e2c8ff2442fa41d98ea422dadf2_iteration1.txt,8_ae8c3e2c8ff2442fa41d98ea422dadf2_iteration1.txt,.txt,451,c41608dd1df654eab0faf18571dcd6fed132b05d0bc703326945372ab410a511,2026-07-19T14:32:36,True,False,False,False,False,False,False
study_runs,V100_P1_NANO_I05_R04,study_runs/V100_P1_NANO_I05_R04/statistics/9_ae8c3e2c8ff2442fa41d98ea422dadf2_iteration2.txt,9_ae8c3e2c8ff2442fa41d98ea422dadf2_iteration2.txt,.txt,483,882c5e281eafe9b8907663b745d7a68adf3b9f31c7e898e691dfbe221779d2b3,2026-07-19T14:38:45,True,False,False,False,False,False,False
study_runs,V100_P1_NANO_I05_R04,study_runs/V100_P1_NANO_I05_R04/statistics/summary_overall_nodes.txt,summary_overall_nodes.txt,.txt,472,fb02a26a2a9374eb7dd21ff4397772c575302bbb668a585653873d7a57460ff8,2026-07-19T14:39:09,True,False,False,False,False,False,False
study_runs,V100_P1_NANO_I05_R04,study_runs/V100_P1_NANO_I05_R04/summary.md,summary.md,.md,5571,6ef0b1e9e1272bd39634846b30a840b67f92dc5a4c8abfb4f005b235502b0080,2026-07-19T14:39:09,True,False,True,False,False,False,False
study_runs,V100_P1_NANO_I05_R04,study_runs/V100_P1_NANO_I05_R04/tree_render/svg/combined_tree.svg,combined_tree.svg,.svg,10658,2d9b0cd13129b0c831461619862533ce156c50214d58646819692238b920cd15,2026-07-19T14:21:58,True,False,False,False,False,False,False
study_runs,V100_P1_NANO_I05_R04,study_runs/V100_P1_NANO_I05_R04/tree_render/svg/tree_0.svg,tree_0.svg,.svg,9613,c66e8784a2ee1039061ec8ec9f0dbbce1aa69901ae1237597041c1f002d43c4f,2026-07-19T14:21:54,True,False,False,False,False,False,False
study_runs,V100_P1_NANO_I05_R04,study_runs/V100_P1_NANO_I05_R04/tree_render/svg/tree_1.svg,tree_1.svg,.svg,1611,58957d38e2585182fa3f1223a33f177cb130018b490952b15ec81332d4335444,2026-07-19T14:21:56,True,False,False,False,False,False,False
study_runs,V100_P1_NANO_I05_R05,study_runs/V100_P1_NANO_I05_R05/checkpoint/0b6ea20ff97249468b6671093ae5cbe7/code.py,code.py,.py,2,7eb70257593da06f682a3ddda54a9d260d4fc514f645237f5ca74b08f8da61a6,2026-07-19T14:58:43,True,False,False,False,False,False,False
study_runs,V100_P1_NANO_I05_R05,study_runs/V100_P1_NANO_I05_R05/checkpoint/0b6ea20ff97249468b6671093ae5cbe7/out.log,out.log,.log,49,b999c05453cbce1dd7fa3d0ee70d14f3b54a511d7b134eda76c99d23181d0525,2026-07-19T14:51:43,True,False,False,False,False,False,False
study_runs,V100_P1_NANO_I05_R05,study_runs/V100_P1_NANO_I05_R05/checkpoint/138c2527bd0145a285ef4efeb98072fc/code.py,code.py,.py,2,7eb70257593da06f682a3ddda54a9d260d4fc514f645237f5ca74b08f8da61a6,2026-07-19T15:03:10,True,False,False,False,False,False,False
study_runs,V100_P1_NANO_I05_R05,study_runs/V100_P1_NANO_I05_R05/checkpoint/138c2527bd0145a285ef4efeb98072fc/out.log,out.log,.log,49,b999c05453cbce1dd7fa3d0ee70d14f3b54a511d7b134eda76c99d23181d0525,2026-07-19T14:56:01,True,False,False,False,False,False,False
study_runs,V100_P1_NANO_I05_R05,study_runs/V100_P1_NANO_I05_R05/checkpoint/279449ab8ca84cd4ba46c9645bcea2fc/code.py,code.py,.py,1598,8fe1b8cd531546af6d048dc777ccfd4ade6151feaab2dd8b20195a26dc40e3cc,2026-07-19T15:07:58,True,False,False,False,False,False,False
study_runs,V100_P1_NANO_I05_R05,study_runs/V100_P1_NANO_I05_R05/checkpoint/279449ab8ca84cd4ba46c9645bcea2fc/out.log,out.log,.log,2664,af600752f4922a6baf379264a322c894f56ce2a443680f33aefef91725e07cb5,2026-07-19T15:00:16,True,True,True,False,False,False,True
study_runs,V100_P1_NANO_I05_R05,study_runs/V100_P1_NANO_I05_R05/checkpoint/77cee7c143e54342a6d595c53dab704e/code.py,code.py,.py,3531,a3d7e4a202985e023c93300e86255fc1d12a0315c51f03487472fc3dd54ad22e,2026-07-19T15:18:55,True,False,True,False,False,False,False
study_runs,V100_P1_NANO_I05_R05,study_runs/V100_P1_NANO_I05_R05/checkpoint/77cee7c143e54342a6d595c53dab704e/generated/checkpoints/err.log,err.log,.log,1195,4da430e9659bb61bd72765495936d07d95cfc1fd625a65a3cfd549baa46343ae,2026-07-19T15:11:16,True,False,False,False,False,False,False
study_runs,V100_P1_NANO_I05_R05,study_runs/V100_P1_NANO_I05_R05/checkpoint/77cee7c143e54342a6d595c53dab704e/generated/checkpoints/MovieLens100K-25551e72/LensKit.ImplicitMFScorer-7faa19f1-42/predictions.json,predictions.json,.json,46152854,b34e5379d328822fb1ecd8ef164ef1ef829e10cf6eb7c1eea7f9ba52ecaf67c6,2026-07-19T15:11:02,True,False,False,False,False,False,False
study_runs,V100_P1_NANO_I05_R05,study_runs/V100_P1_NANO_I05_R05/checkpoint/77cee7c143e54342a6d595c53dab704e/generated/checkpoints/out.log,out.log,.log,0,e3b0c44298fc1c149afbf4c8996fb92427ae41e4649b934ca495991b7852b855,2026-07-19T15:11:16,True,False,False,False,False,False,False
study_runs,V100_P1_NANO_I05_R05,study_runs/V100_P1_NANO_I05_R05/checkpoint/77cee7c143e54342a6d595c53dab704e/generated/checkpoints/progress.json,progress.json,.json,323,ec16cafa2e9686c390f1b858ff32b0d3f835aa19281928cdf9f4c9430fc29f96,2026-07-19T15:11:56,True,False,False,False,False,False,False
study_runs,V100_P1_NANO_I05_R05,study_runs/V100_P1_NANO_I05_R05/checkpoint/77cee7c143e54342a6d595c53dab704e/generated/checkpoints/results.json,results.json,.json,152,63b813c0082edf4b28efe34482209b9e0a5027f2f30f72e531d32e10f968394e,2026-07-19T15:11:56,True,False,False,False,False,False,False
study_runs,V100_P1_NANO_I05_R05,study_runs/V100_P1_NANO_I05_R05/checkpoint/77cee7c143e54342a6d595c53dab704e/out.log,out.log,.log,15001,2908482993eac3ba1397e8588cfd3d294039e67dbf4dedd40ee6679640e3eb56,2026-07-19T15:11:56,True,False,False,False,False,False,True
study_runs,V100_P1_NANO_I05_R05,study_runs/V100_P1_NANO_I05_R05/checkpoint/98faa0d39dee486eb4051a7b9161c863/code.py,code.py,.py,3808,2a4c3e7b7a975c169d5a723f11688badea9512fcb2d04e26cba7a051872469ed,2026-07-19T15:14:30,True,False,True,False,False,False,False
study_runs,V100_P1_NANO_I05_R05,study_runs/V100_P1_NANO_I05_R05/checkpoint/98faa0d39dee486eb4051a7b9161c863/out.log,out.log,.log,2684,1f481c37a2ed1ee444aff901baac05f7e8142992c87978b13195a83aa5e18b12,2026-07-19T15:05:36,True,True,True,False,False,False,True
study_runs,V100_P1_NANO_I05_R05,study_runs/V100_P1_NANO_I05_R05/checkpoint/ba0fa73efc944c45a3c010b47ec9e66e/code.py,code.py,.py,2,7eb70257593da06f682a3ddda54a9d260d4fc514f645237f5ca74b08f8da61a6,2026-07-19T15:28:36,True,False,False,False,False,False,False
study_runs,V100_P1_NANO_I05_R05,study_runs/V100_P1_NANO_I05_R05/checkpoint/ba0fa73efc944c45a3c010b47ec9e66e/out.log,out.log,.log,49,b999c05453cbce1dd7fa3d0ee70d14f3b54a511d7b134eda76c99d23181d0525,2026-07-19T15:20:02,True,False,False,False,False,False,False
study_runs,V100_P1_NANO_I05_R05,study_runs/V100_P1_NANO_I05_R05/checkpoint/ea772fb62ca04abfaff9d848a17f876b/code.py,code.py,.py,4199,cd80627219d167bac309674b63f2d3958ecbbf1a59127715557d44c592a048e4,2026-07-19T15:22:12,True,False,True,False,True,True,False
study_runs,V100_P1_NANO_I05_R05,study_runs/V100_P1_NANO_I05_R05/checkpoint/ea772fb62ca04abfaff9d848a17f876b/out.log,out.log,.log,1695,4c6339121b7a7a5a9de40c09380628d63681a3466a7f8141b02aec069bf5459a,2026-07-19T15:16:36,True,True,True,False,False,False,False
study_runs,V100_P1_NANO_I05_R05,study_runs/V100_P1_NANO_I05_R05/checkpoint/ea772fb62ca04abfaff9d848a17f876b_iteration1/code.py,code.py,.py,305,a7e4eff30ffae83fba33818d05e10210d74ce36b09ea7d89fc03a276edb0187d,2026-07-19T15:40:15,True,False,False,False,True,False,False
study_runs,V100_P1_NANO_I05_R05,study_runs/V100_P1_NANO_I05_R05/checkpoint/ea772fb62ca04abfaff9d848a17f876b_iteration1/out.log,out.log,.log,49,b999c05453cbce1dd7fa3d0ee70d14f3b54a511d7b134eda76c99d23181d0525,2026-07-19T15:29:46,True,False,False,False,False,False,False
study_runs,V100_P1_NANO_I05_R05,study_runs/V100_P1_NANO_I05_R05/checkpoint/ea772fb62ca04abfaff9d848a17f876b_iteration2/code.py,code.py,.py,2,7eb70257593da06f682a3ddda54a9d260d4fc514f645237f5ca74b08f8da61a6,2026-07-19T15:40:15,True,False,False,False,False,False,False
study_runs,V100_P1_NANO_I05_R05,study_runs/V100_P1_NANO_I05_R05/checkpoint/ea772fb62ca04abfaff9d848a17f876b_iteration2/out.log,out.log,.log,49,b999c05453cbce1dd7fa3d0ee70d14f3b54a511d7b134eda76c99d23181d0525,2026-07-19T15:35:26,True,False,False,False,False,False,False
study_runs,V100_P1_NANO_I05_R05,study_runs/V100_P1_NANO_I05_R05/checkpoint/ea772fb62ca04abfaff9d848a17f876b_seed/code.py,code.py,.py,2,7eb70257593da06f682a3ddda54a9d260d4fc514f645237f5ca74b08f8da61a6,2026-07-19T15:33:20,True,False,False,False,False,False,False
study_runs,V100_P1_NANO_I05_R05,study_runs/V100_P1_NANO_I05_R05/checkpoint/ea772fb62ca04abfaff9d848a17f876b_seed/out.log,out.log,.log,49,b999c05453cbce1dd7fa3d0ee70d14f3b54a511d7b134eda76c99d23181d0525,2026-07-19T15:23:41,True,False,False,False,False,False,False
study_runs,V100_P1_NANO_I05_R05,study_runs/V100_P1_NANO_I05_R05/code_requirements_final.json,code_requirements_final.json,.json,3373,ef2f431a5dbe3ce1852711c3346ca862497baf0743612d551d87a40ec4a371ff,2026-07-19T15:23:14,True,False,False,False,False,False,False
study_runs,V100_P1_NANO_I05_R05,study_runs/V100_P1_NANO_I05_R05/code_requirements_prototype.json,code_requirements_prototype.json,.json,1515,17c4f2d5387cf9482546fe6830ab7789ad4d1085b533fb34d1f873be735ecd63,2026-07-19T14:49:17,True,False,False,False,False,False,False
study_runs,V100_P1_NANO_I05_R05,study_runs/V100_P1_NANO_I05_R05/config.source.toml,config.source.toml,.toml,386,43ad328d9e971575946598bc6c906a320d878b57103e5825b7bc1b351074558f,2026-07-19T14:48:29,True,False,False,False,False,False,False
study_runs,V100_P1_NANO_I05_R05,study_runs/V100_P1_NANO_I05_R05/config.toml,config.toml,.toml,414,e853e9e1d9da551cc2ba4da6213bece018f3c74f5a7afb0c43759110207bbc97,2026-07-19T14:48:29,True,False,False,False,False,False,False
study_runs,V100_P1_NANO_I05_R05,study_runs/V100_P1_NANO_I05_R05/costs_log.csv,costs_log.csv,.csv,13282,32ce3902500ad61492a3df907d9a8764d645501023ca011d475c6577fab1ab50,2026-07-19T15:40:29,True,False,False,False,False,False,False
study_runs,V100_P1_NANO_I05_R05,study_runs/V100_P1_NANO_I05_R05/debug.log,debug.log,.log,288840,75fab09d0b4ba4d84e5b45fc5fb327930b1320ead95f71fd5571ffa1bffb0e9a,2026-07-19T15:40:33,True,True,True,False,True,True,True
study_runs,V100_P1_NANO_I05_R05,study_runs/V100_P1_NANO_I05_R05/entered_prompt.txt,entered_prompt.txt,.txt,437,6edc6d3ea582b4064275813302d2a2d0f2728f5678dfacf25d976c8d75b5b963,2026-07-19T14:48:29,True,False,False,False,False,False,False
study_runs,V100_P1_NANO_I05_R05,study_runs/V100_P1_NANO_I05_R05/statistics/0_0b6ea20ff97249468b6671093ae5cbe7.txt,0_0b6ea20ff97249468b6671093ae5cbe7.txt,.txt,407,b89f61955322c7904718bee68d7b7825dc32b51986ca4718fa64af919c93e537,2026-07-19T14:54:46,True,False,False,False,False,False,False
study_runs,V100_P1_NANO_I05_R05,study_runs/V100_P1_NANO_I05_R05/statistics/1_138c2527bd0145a285ef4efeb98072fc.txt,1_138c2527bd0145a285ef4efeb98072fc.txt,.txt,407,654792f7dd8356c792a2d262757ae7b58cb063e02fdca16122c7bc72dd8f797a,2026-07-19T14:58:43,True,False,False,False,False,False,False
study_runs,V100_P1_NANO_I05_R05,study_runs/V100_P1_NANO_I05_R05/statistics/2_279449ab8ca84cd4ba46c9645bcea2fc.txt,2_279449ab8ca84cd4ba46c9645bcea2fc.txt,.txt,441,ccd6e9f377a210a81188b86e34214b9a7be02a0ce1d59c47087f33ca5604a78b,2026-07-19T15:03:10,True,False,False,False,False,False,False
study_runs,V100_P1_NANO_I05_R05,study_runs/V100_P1_NANO_I05_R05/statistics/3_98faa0d39dee486eb4051a7b9161c863.txt,3_98faa0d39dee486eb4051a7b9161c863.txt,.txt,457,98e5a5a2ce9e1809827731df6cf0baa23ab26b951e2ba1d9906942773760e2b5,2026-07-19T15:07:58,True,False,False,False,False,False,False
study_runs,V100_P1_NANO_I05_R05,study_runs/V100_P1_NANO_I05_R05/statistics/4_77cee7c143e54342a6d595c53dab704e.txt,4_77cee7c143e54342a6d595c53dab704e.txt,.txt,454,cb7cdc9af62aee078d37ff5834418a989165b607c04e92b7d8d6839b4ca7008f,2026-07-19T15:14:30,True,False,False,False,False,False,False
study_runs,V100_P1_NANO_I05_R05,study_runs/V100_P1_NANO_I05_R05/statistics/5_ea772fb62ca04abfaff9d848a17f876b.txt,5_ea772fb62ca04abfaff9d848a17f876b.txt,.txt,467,7c9134a29fe73956962c4c55787b4a72e2ba5d290ca583498fbd1f3c7942536f,2026-07-19T15:18:55,True,False,False,False,False,False,False
study_runs,V100_P1_NANO_I05_R05,study_runs/V100_P1_NANO_I05_R05/statistics/6_ba0fa73efc944c45a3c010b47ec9e66e.txt,6_ba0fa73efc944c45a3c010b47ec9e66e.txt,.txt,408,9ac352197db79137a230a705e07b06eea37d7dd51170a0db6fab60d729db2aed,2026-07-19T15:22:12,True,False,False,False,False,False,False
study_runs,V100_P1_NANO_I05_R05,study_runs/V100_P1_NANO_I05_R05/statistics/7_ea772fb62ca04abfaff9d848a17f876b_seed.txt,7_ea772fb62ca04abfaff9d848a17f876b_seed.txt,.txt,412,29d3fbe9cc578fcc81b05fa817adbc9cf22448c7a2b2e433e236097d7c74be30,2026-07-19T15:28:36,True,False,False,False,False,False,False
study_runs,V100_P1_NANO_I05_R05,study_runs/V100_P1_NANO_I05_R05/statistics/8_ea772fb62ca04abfaff9d848a17f876b_iteration1.txt,8_ea772fb62ca04abfaff9d848a17f876b_iteration1.txt,.txt,418,13a26d6c717cf75986cb63786d14149e377fd63a139a2511f058a5d22c41c064,2026-07-19T15:33:20,True,False,False,False,False,False,False
study_runs,V100_P1_NANO_I05_R05,study_runs/V100_P1_NANO_I05_R05/statistics/9_ea772fb62ca04abfaff9d848a17f876b_iteration2.txt,9_ea772fb62ca04abfaff9d848a17f876b_iteration2.txt,.txt,417,9225a3bc49948e4014efc0a4467b36b61745bcd40b06e0f3b48bea15b20ee185,2026-07-19T15:40:15,True,False,False,False,False,False,False
study_runs,V100_P1_NANO_I05_R05,study_runs/V100_P1_NANO_I05_R05/statistics/summary_overall_nodes.txt,summary_overall_nodes.txt,.txt,457,a383ea1c028e9db5fa0f02e834e7457f07c0bcd96d1d57ff49631d61e09d333d,2026-07-19T15:40:29,True,False,False,False,False,False,False
study_runs,V100_P1_NANO_I05_R05,study_runs/V100_P1_NANO_I05_R05/summary.md,summary.md,.md,2725,408426a2996c2a0159bb539fe3d225ec0f60da13fd9c31f131a65576a85c7170,2026-07-19T15:40:29,True,False,False,False,False,False,False
study_runs,V100_P1_NANO_I05_R05,study_runs/V100_P1_NANO_I05_R05/tree_render/svg/combined_tree.svg,combined_tree.svg,.svg,10601,e4411e9a2e365f1961a70710ba236b122afbd099741e93cebb68f0136877f093,2026-07-19T15:22:21,True,False,False,False,False,False,False
study_runs,V100_P1_NANO_I05_R05,study_runs/V100_P1_NANO_I05_R05/tree_render/svg/tree_0.svg,tree_0.svg,.svg,9550,2b7cfa77a3c4b77a0dbdab490fa843c41af61f4f2c0109c0a9764f2414d6e5ff,2026-07-19T15:22:15,True,False,False,False,False,False,False
study_runs,V100_P1_NANO_I05_R05,study_runs/V100_P1_NANO_I05_R05/tree_render/svg/tree_1.svg,tree_1.svg,.svg,1611,251087cdd0e5de78933af88ec66937b2dec626b9cd97322aa739c34a5a7cb4f5,2026-07-19T15:22:18,True,False,False,False,False,False,False
study_runs,V100_P2_GPT54_I05_R01,study_runs/V100_P2_GPT54_I05_R01/checkpoint/03f051567e904656ad105f8d25c57a32/code.py,code.py,.py,11193,635ca5f68c5f54bdfe2e75a38863398892e4ec63d0ab4dfc3b9452f47a1fcce7,2026-07-20T07:02:11,True,False,True,False,False,False,True
study_runs,V100_P2_GPT54_I05_R01,study_runs/V100_P2_GPT54_I05_R01/checkpoint/03f051567e904656ad105f8d25c57a32/generated/package_versions.json,package_versions.json,.json,175,e54bcc95ab5f7e952765988eccfacec87a92c25c3777ae1e53d651e480ff1b38,2026-07-20T06:57:57,True,False,False,False,False,False,False
study_runs,V100_P2_GPT54_I05_R01,study_runs/V100_P2_GPT54_I05_R01/checkpoint/03f051567e904656ad105f8d25c57a32/out.log,out.log,.log,814,67539b34850e7183d281002eae5912ea97f11a40e6461e746dd87e9ea61227e5,2026-07-20T06:57:58,True,False,True,False,False,False,True
study_runs,V100_P2_GPT54_I05_R01,study_runs/V100_P2_GPT54_I05_R01/checkpoint/04f48b1f7cb64750af4875102ffebf1c/code.py,code.py,.py,9710,5eaf45735f4a3c95e06b894e3824a62d46fc0c281d08eba91a33102bd98b3eae,2026-07-20T07:09:22,True,False,True,False,False,False,False
study_runs,V100_P2_GPT54_I05_R01,study_runs/V100_P2_GPT54_I05_R01/checkpoint/04f48b1f7cb64750af4875102ffebf1c/generated/checkpoints/err.log,err.log,.log,1443,a2baef2b01aa5168a87f44bd43cf7f46d5d53b9b4331ee49cc9ea6d903cecd50,2026-07-20T07:06:40,True,False,False,False,False,False,False
study_runs,V100_P2_GPT54_I05_R01,study_runs/V100_P2_GPT54_I05_R01/checkpoint/04f48b1f7cb64750af4875102ffebf1c/generated/checkpoints/LocalMovieLens100KPrototype-eff9ee63/LensKit.ItemKNNScorer-c1e4fb83-42/predictions.json,predictions.json,.json,287967,c7b8f941e565afde565f27e9a30638305711629869cfd2cac35abc3c08c722d6,2026-07-20T07:06:30,True,False,False,False,False,False,False
study_runs,V100_P2_GPT54_I05_R01,study_runs/V100_P2_GPT54_I05_R01/checkpoint/04f48b1f7cb64750af4875102ffebf1c/generated/checkpoints/out.log,out.log,.log,122,807938ca99a035efea4d73865a0c8e02ce83046649d12348622e4fe57492a7fc,2026-07-20T07:06:40,True,False,False,False,False,False,False
study_runs,V100_P2_GPT54_I05_R01,study_runs/V100_P2_GPT54_I05_R01/checkpoint/04f48b1f7cb64750af4875102ffebf1c/generated/checkpoints/progress.json,progress.json,.json,329,8ec5b988213830f19bb3fb28601680ddecdbca3ce2e60f104278163c10b9aa18,2026-07-20T07:06:39,True,False,False,False,False,False,False
study_runs,V100_P2_GPT54_I05_R01,study_runs/V100_P2_GPT54_I05_R01/checkpoint/04f48b1f7cb64750af4875102ffebf1c/generated/checkpoints/results.json,results.json,.json,2,44136fa355b3678a1146ad16f7e8649e94fb4fc21fe77e8310c060f61caaff8a,2026-07-20T07:06:40,True,False,False,False,False,False,False
study_runs,V100_P2_GPT54_I05_R01,study_runs/V100_P2_GPT54_I05_R01/checkpoint/04f48b1f7cb64750af4875102ffebf1c/out.log,out.log,.log,3768,df78a00dbd6dd07755a61a173056849823cbb581ea224788f76f283e4edd86fa,2026-07-20T07:06:40,True,True,True,False,False,False,False
study_runs,V100_P2_GPT54_I05_R01,study_runs/V100_P2_GPT54_I05_R01/checkpoint/463f928539dd419880b3701067bf30e7/code.py,code.py,.py,10438,5ee623037be04d5ee3040e42b680ee9ff695473929bb3f93a79dca50cb64f00f,2026-07-20T07:07:27,True,False,True,False,False,False,False
study_runs,V100_P2_GPT54_I05_R01,study_runs/V100_P2_GPT54_I05_R01/checkpoint/463f928539dd419880b3701067bf30e7/out.log,out.log,.log,2594,e7c6c5de3e0ba12d6e84f7aa35531aab2e8f936e632505d78a783d46e10ed521,2026-07-20T07:03:56,True,True,True,False,False,False,False
study_runs,V100_P2_GPT54_I05_R01,study_runs/V100_P2_GPT54_I05_R01/checkpoint/689fdb467ed14a69b6b30f5e43651ab5/code.py,code.py,.py,6657,f1ec787ea47d0bb3ab08f5dee9ceecb6fb1d1a361d7a67d5bb9ae46de06d1d24,2026-07-20T06:59:05,True,False,True,False,False,False,True
study_runs,V100_P2_GPT54_I05_R01,study_runs/V100_P2_GPT54_I05_R01/checkpoint/689fdb467ed14a69b6b30f5e43651ab5/out.log,out.log,.log,788,6d48af332312d6e1a398317ed6230c575d3f9e19b0ce6f02e214a6cd804f387b,2026-07-20T06:55:25,True,False,True,False,False,False,True
study_runs,V100_P2_GPT54_I05_R01,study_runs/V100_P2_GPT54_I05_R01/checkpoint/a086ad426c6941eb80d27438d0dea564/code.py,code.py,.py,15542,11fde091e48b7ba745b7eda6bce155f13d90622aa08e339ab8d40280780afc45,2026-07-20T07:13:47,True,False,True,False,False,False,False
study_runs,V100_P2_GPT54_I05_R01,study_runs/V100_P2_GPT54_I05_R01/checkpoint/a086ad426c6941eb80d27438d0dea564/generated/checkpoints/err.log,err.log,.log,1443,a2baef2b01aa5168a87f44bd43cf7f46d5d53b9b4331ee49cc9ea6d903cecd50,2026-07-20T07:11:05,True,False,False,False,False,False,False
study_runs,V100_P2_GPT54_I05_R01,study_runs/V100_P2_GPT54_I05_R01/checkpoint/a086ad426c6941eb80d27438d0dea564/generated/checkpoints/LocalMovieLens100KPrototype-5b950c9a/LensKit.ItemKNNScorer-c1e4fb83-42/predictions.json,predictions.json,.json,278335,5e5af59aebe5c802a9bb061dec502d364c5bd647449c8e464781354f04977a58,2026-07-20T07:10:55,True,False,False,False,False,False,False
study_runs,V100_P2_GPT54_I05_R01,study_runs/V100_P2_GPT54_I05_R01/checkpoint/a086ad426c6941eb80d27438d0dea564/generated/checkpoints/out.log,out.log,.log,122,278871bc65cec4684d5db75b3f32ed00f96dae4e1ed592c877c327eb7cdbd6ee,2026-07-20T07:11:05,True,False,False,False,False,False,False
study_runs,V100_P2_GPT54_I05_R01,study_runs/V100_P2_GPT54_I05_R01/checkpoint/a086ad426c6941eb80d27438d0dea564/generated/checkpoints/progress.json,progress.json,.json,329,3411546e9a11a60a18c2cd3d195bd696ffcda3ae4954aabeb7ce7e3f887bac76,2026-07-20T07:11:05,True,False,False,False,False,False,False
study_runs,V100_P2_GPT54_I05_R01,study_runs/V100_P2_GPT54_I05_R01/checkpoint/a086ad426c6941eb80d27438d0dea564/generated/checkpoints/results.json,results.json,.json,2,44136fa355b3678a1146ad16f7e8649e94fb4fc21fe77e8310c060f61caaff8a,2026-07-20T07:11:05,True,False,False,False,False,False,False
study_runs,V100_P2_GPT54_I05_R01,study_runs/V100_P2_GPT54_I05_R01/checkpoint/a086ad426c6941eb80d27438d0dea564/out.log,out.log,.log,3822,52de146a408377c10fe525eefa296f713f9358127f151d92b93ba3872ac8bc49,2026-07-20T07:11:06,True,True,True,False,False,False,False
study_runs,V100_P2_GPT54_I05_R01,study_runs/V100_P2_GPT54_I05_R01/checkpoint/a086ad426c6941eb80d27438d0dea564_iteration1/code.py,code.py,.py,25163,0fdab66427f35369f8037d48abaeb11c039fbe6973ba9c42e2c2882473b69200,2026-07-20T07:19:43,True,False,True,False,False,False,False
study_runs,V100_P2_GPT54_I05_R01,study_runs/V100_P2_GPT54_I05_R01/checkpoint/a086ad426c6941eb80d27438d0dea564_iteration1/out.log,out.log,.log,896,8d1842774afd4e93bd9caca89ff26a814a112290f3e587c1148ae6049ac280c6,2026-07-20T07:15:39,True,True,True,False,False,False,False
study_runs,V100_P2_GPT54_I05_R01,study_runs/V100_P2_GPT54_I05_R01/checkpoint/a086ad426c6941eb80d27438d0dea564_iteration2/code.py,code.py,.py,27077,c587b80898d9c50ea7bc6ff05eac300bd1a75b5e79a34c5ce3baee767bc9bbf8,2026-07-20T07:19:43,True,False,True,False,False,False,False
study_runs,V100_P2_GPT54_I05_R01,study_runs/V100_P2_GPT54_I05_R01/checkpoint/a086ad426c6941eb80d27438d0dea564_iteration2/generated/checkpoints/err.log,err.log,.log,1255,9024d261fc3c3bcd7a88cec33c7ade17b420946d7a85f4d703aa98930cd77da9,2026-07-20T07:18:43,True,False,False,False,False,False,False
study_runs,V100_P2_GPT54_I05_R01,study_runs/V100_P2_GPT54_I05_R01/checkpoint/a086ad426c6941eb80d27438d0dea564_iteration2/generated/checkpoints/MovieLens100K_seed7-5b950c9a/LensKit.ImplicitMFScorer-bdf10326-7/predictions.json,predictions.json,.json,441377,273e37c8348a4ba3c6515dbb88e8809f587d1c26578787c583ea0c4cc42bba79,2026-07-20T07:18:42,True,False,False,False,False,False,False
study_runs,V100_P2_GPT54_I05_R01,study_runs/V100_P2_GPT54_I05_R01/checkpoint/a086ad426c6941eb80d27438d0dea564_iteration2/generated/checkpoints/out.log,out.log,.log,0,e3b0c44298fc1c149afbf4c8996fb92427ae41e4649b934ca495991b7852b855,2026-07-20T07:18:43,True,False,False,False,False,False,False
study_runs,V100_P2_GPT54_I05_R01,study_runs/V100_P2_GPT54_I05_R01/checkpoint/a086ad426c6941eb80d27438d0dea564_iteration2/generated/checkpoints/progress.json,progress.json,.json,316,90c4e7d5f03d1bb2cc93b0c71b71842e11960d93f8ad1ec56ff3d971c3e53268,2026-07-20T07:18:43,True,False,False,False,False,False,False
study_runs,V100_P2_GPT54_I05_R01,study_runs/V100_P2_GPT54_I05_R01/checkpoint/a086ad426c6941eb80d27438d0dea564_iteration2/generated/checkpoints/results.json,results.json,.json,2,44136fa355b3678a1146ad16f7e8649e94fb4fc21fe77e8310c060f61caaff8a,2026-07-20T07:18:43,True,False,False,False,False,False,False
study_runs,V100_P2_GPT54_I05_R01,study_runs/V100_P2_GPT54_I05_R01/checkpoint/a086ad426c6941eb80d27438d0dea564_iteration2/out.log,out.log,.log,3876,83ddcb75872470d2e4489cbb4474835682b2cd8145b28c44f2b3f29b86ffbedf,2026-07-20T07:18:44,True,True,True,False,False,False,False
study_runs,V100_P2_GPT54_I05_R01,study_runs/V100_P2_GPT54_I05_R01/checkpoint/a086ad426c6941eb80d27438d0dea564_seed/code.py,code.py,.py,15542,11fde091e48b7ba745b7eda6bce155f13d90622aa08e339ab8d40280780afc45,2026-07-20T07:16:32,True,False,True,False,False,False,False
study_runs,V100_P2_GPT54_I05_R01,study_runs/V100_P2_GPT54_I05_R01/checkpoint/a086ad426c6941eb80d27438d0dea564_seed/generated/checkpoints/err.log,err.log,.log,1443,a2baef2b01aa5168a87f44bd43cf7f46d5d53b9b4331ee49cc9ea6d903cecd50,2026-07-20T07:13:07,True,False,False,False,False,False,False
study_runs,V100_P2_GPT54_I05_R01,study_runs/V100_P2_GPT54_I05_R01/checkpoint/a086ad426c6941eb80d27438d0dea564_seed/generated/checkpoints/LocalMovieLens100KPrototype-5b950c9a/LensKit.ItemKNNScorer-c1e4fb83-42/predictions.json,predictions.json,.json,278335,5e5af59aebe5c802a9bb061dec502d364c5bd647449c8e464781354f04977a58,2026-07-20T07:13:06,True,False,False,False,False,False,False
study_runs,V100_P2_GPT54_I05_R01,study_runs/V100_P2_GPT54_I05_R01/checkpoint/a086ad426c6941eb80d27438d0dea564_seed/generated/checkpoints/out.log,out.log,.log,122,2f40354132d263cdaa88dffd266a44d8b384d936b50ffebec53d82c3e63dd789,2026-07-20T07:13:07,True,False,False,False,False,False,False
study_runs,V100_P2_GPT54_I05_R01,study_runs/V100_P2_GPT54_I05_R01/checkpoint/a086ad426c6941eb80d27438d0dea564_seed/generated/checkpoints/progress.json,progress.json,.json,329,3411546e9a11a60a18c2cd3d195bd696ffcda3ae4954aabeb7ce7e3f887bac76,2026-07-20T07:13:06,True,False,False,False,False,False,False
study_runs,V100_P2_GPT54_I05_R01,study_runs/V100_P2_GPT54_I05_R01/checkpoint/a086ad426c6941eb80d27438d0dea564_seed/generated/checkpoints/results.json,results.json,.json,2,44136fa355b3678a1146ad16f7e8649e94fb4fc21fe77e8310c060f61caaff8a,2026-07-20T07:13:07,True,False,False,False,False,False,False
study_runs,V100_P2_GPT54_I05_R01,study_runs/V100_P2_GPT54_I05_R01/checkpoint/a086ad426c6941eb80d27438d0dea564_seed/out.log,out.log,.log,3822,88146521817fe3a61a232ca687bb93cbea0c50d7f270a4011f9ac64b4c1ddf22,2026-07-20T07:13:07,True,True,True,False,False,False,False
study_runs,V100_P2_GPT54_I05_R01,study_runs/V100_P2_GPT54_I05_R01/checkpoint/cece619f54c64a789f73505345029ad7/code.py,code.py,.py,16413,93d27908a308a183ccae962da4086a6dba3a8c29b0386fb405358e725bd6abba,2026-07-20T07:11:48,True,False,True,False,False,False,False
study_runs,V100_P2_GPT54_I05_R01,study_runs/V100_P2_GPT54_I05_R01/checkpoint/cece619f54c64a789f73505345029ad7/out.log,out.log,.log,2068,8251f609729ab518ed5c5266d7350de7772b9de8f8d35dbdf45fee8046a92ea3,2026-07-20T07:08:28,True,True,True,False,False,False,False
study_runs,V100_P2_GPT54_I05_R01,study_runs/V100_P2_GPT54_I05_R01/checkpoint/f1c687701cc54963b2ac238df363b990/code.py,code.py,.py,9880,ba15d10adadcea1777df5e31c86d18d5c1105d2706ce7cf2155f740a9feb4df7,2026-07-20T07:04:42,True,False,True,False,False,False,True
study_runs,V100_P2_GPT54_I05_R01,study_runs/V100_P2_GPT54_I05_R01/checkpoint/f1c687701cc54963b2ac238df363b990/out.log,out.log,.log,383,cabd00fd54da8e2e341bad86f605be8cf5e163fa90da6bd81a96a5edb70d5023,2026-07-20T07:01:25,True,False,True,False,False,False,True
study_runs,V100_P2_GPT54_I05_R01,study_runs/V100_P2_GPT54_I05_R01/code_requirements_final.json,code_requirements_final.json,.json,1807,5a5f2c9e042393516e8211af761f2814423374991dbe867457e9e291cc7fec61,2026-07-20T07:12:20,True,False,False,False,False,False,False
study_runs,V100_P2_GPT54_I05_R01,study_runs/V100_P2_GPT54_I05_R01/code_requirements_prototype.json,code_requirements_prototype.json,.json,867,33312b8c19cb934668a952a29ec8b32b3a34692ab90309d93d6a38b8e638fff1,2026-07-20T06:54:31,True,False,False,False,False,False,False
study_runs,V100_P2_GPT54_I05_R01,study_runs/V100_P2_GPT54_I05_R01/config.source.toml,config.source.toml,.toml,386,43ad328d9e971575946598bc6c906a320d878b57103e5825b7bc1b351074558f,2026-07-20T06:54:13,True,False,False,False,False,False,False
study_runs,V100_P2_GPT54_I05_R01,study_runs/V100_P2_GPT54_I05_R01/config.toml,config.toml,.toml,412,7b4a8e167e7b9546af7fb9c7a6d212981f6c54fbb5bcbce33c2533bc3526cfc6,2026-07-20T06:54:13,True,False,False,False,False,False,False
study_runs,V100_P2_GPT54_I05_R01,study_runs/V100_P2_GPT54_I05_R01/costs_log.csv,costs_log.csv,.csv,13679,d4a56e09472dce051073eb02a202b339ce2bc3ed5c155e948d2c7bd0378f5a84,2026-07-20T07:20:04,True,False,False,False,False,False,False
study_runs,V100_P2_GPT54_I05_R01,study_runs/V100_P2_GPT54_I05_R01/debug.log,debug.log,.log,252040,22d00cc5db03c2617b8476fd679549262161d611acdcc366e054bfec2407668a,2026-07-20T07:20:08,True,True,True,True,True,True,True
study_runs,V100_P2_GPT54_I05_R01,study_runs/V100_P2_GPT54_I05_R01/entered_prompt.txt,entered_prompt.txt,.txt,2147,de158b14873704c34fb7529e3af0e92fc11e8af82c48e4c18605f7f4fb69f7c2,2026-07-20T06:54:13,True,False,False,True,True,True,True
study_runs,V100_P2_GPT54_I05_R01,study_runs/V100_P2_GPT54_I05_R01/statistics/0_689fdb467ed14a69b6b30f5e43651ab5.txt,0_689fdb467ed14a69b6b30f5e43651ab5.txt,.txt,491,bf1c0cde62c9f8d268b82496e3885fc839df224d0727f2dd7167e4fc028410f0,2026-07-20T06:56:23,True,False,False,False,False,False,False
study_runs,V100_P2_GPT54_I05_R01,study_runs/V100_P2_GPT54_I05_R01/statistics/1_03f051567e904656ad105f8d25c57a32.txt,1_03f051567e904656ad105f8d25c57a32.txt,.txt,524,8c402300476ce4cc3d6ff74cb7793d7a7ff7f2de79eadf151033d3fd984dd2b4,2026-07-20T06:59:06,True,False,False,False,False,False,False
study_runs,V100_P2_GPT54_I05_R01,study_runs/V100_P2_GPT54_I05_R01/statistics/2_f1c687701cc54963b2ac238df363b990.txt,2_f1c687701cc54963b2ac238df363b990.txt,.txt,530,364e538e54a6ae53c895dab5652044f5a0d020a7b978b2fcff59e852eef1002a,2026-07-20T07:02:11,True,False,False,False,False,False,False
study_runs,V100_P2_GPT54_I05_R01,study_runs/V100_P2_GPT54_I05_R01/statistics/3_463f928539dd419880b3701067bf30e7.txt,3_463f928539dd419880b3701067bf30e7.txt,.txt,509,0a8feb84183905a22bdfc2c311cf4644461a707a25e8b6f0edac5c163d162e14,2026-07-20T07:04:42,True,False,False,False,False,False,False
study_runs,V100_P2_GPT54_I05_R01,study_runs/V100_P2_GPT54_I05_R01/statistics/4_04f48b1f7cb64750af4875102ffebf1c.txt,4_04f48b1f7cb64750af4875102ffebf1c.txt,.txt,504,45e525acf4540fd3e55dc5f3d75c118484144e9f83d8d2ed6222bb0b95a60f32,2026-07-20T07:07:27,True,False,False,False,False,False,False
study_runs,V100_P2_GPT54_I05_R01,study_runs/V100_P2_GPT54_I05_R01/statistics/5_cece619f54c64a789f73505345029ad7.txt,5_cece619f54c64a789f73505345029ad7.txt,.txt,521,032109f0329b5a51387672e37176e22dcb827a0b61d1e5e374017a01afa74034,2026-07-20T07:09:22,True,False,False,False,False,False,False
study_runs,V100_P2_GPT54_I05_R01,study_runs/V100_P2_GPT54_I05_R01/statistics/6_a086ad426c6941eb80d27438d0dea564.txt,6_a086ad426c6941eb80d27438d0dea564.txt,.txt,507,da4845341535c3e2be6d6cb9e00660e4bce4a74f519cb47b53cf13fa8209cd3b,2026-07-20T07:11:48,True,False,False,False,False,False,False
study_runs,V100_P2_GPT54_I05_R01,study_runs/V100_P2_GPT54_I05_R01/statistics/7_a086ad426c6941eb80d27438d0dea564_seed.txt,7_a086ad426c6941eb80d27438d0dea564_seed.txt,.txt,510,4e3d2e27cfceea97c2747533a4a8235377616db4618dc3b1de754fd05ede0de9,2026-07-20T07:13:47,True,False,False,False,False,False,False
study_runs,V100_P2_GPT54_I05_R01,study_runs/V100_P2_GPT54_I05_R01/statistics/8_a086ad426c6941eb80d27438d0dea564_iteration1.txt,8_a086ad426c6941eb80d27438d0dea564_iteration1.txt,.txt,532,33ee3a8aa2e2dd1cffef64128e11aad334b6bb86d2db04ba7b662151c96f46d5,2026-07-20T07:16:33,True,False,False,False,False,False,False
study_runs,V100_P2_GPT54_I05_R01,study_runs/V100_P2_GPT54_I05_R01/statistics/9_a086ad426c6941eb80d27438d0dea564_iteration2.txt,9_a086ad426c6941eb80d27438d0dea564_iteration2.txt,.txt,533,6cad1c34453fc693bc6c86d940df404112d667fc9404c9bd0697b133da2eb998,2026-07-20T07:19:43,True,False,False,False,False,False,False
study_runs,V100_P2_GPT54_I05_R01,study_runs/V100_P2_GPT54_I05_R01/statistics/summary_overall_nodes.txt,summary_overall_nodes.txt,.txt,493,78e38a8009caa0c1e99abdae49779839596ea72b3a63d079f62c181dba602864,2026-07-20T07:20:04,True,False,False,False,False,False,False
study_runs,V100_P2_GPT54_I05_R01,study_runs/V100_P2_GPT54_I05_R01/summary.md,summary.md,.md,5612,8e087c97f179c71b015b65c460b82eff2a1c9ae86642a01d1ece987c43953691,2026-07-20T07:20:04,True,False,False,False,False,False,False
study_runs,V100_P2_GPT54_I05_R01,study_runs/V100_P2_GPT54_I05_R01/tree_render/svg/combined_tree.svg,combined_tree.svg,.svg,10601,0231a4e14d623e4731802d74ff74a347a2d92db57767da6a36673f6901d12169,2026-07-20T07:11:55,True,False,False,False,False,False,False
study_runs,V100_P2_GPT54_I05_R01,study_runs/V100_P2_GPT54_I05_R01/tree_render/svg/tree_0.svg,tree_0.svg,.svg,9550,0e77f87ffb0f4c5179d48fa38acefe3ca5dbf1b63a55a67741a9168ee9726ad3,2026-07-20T07:11:51,True,False,False,False,False,False,False
study_runs,V100_P2_GPT54_I05_R01,study_runs/V100_P2_GPT54_I05_R01/tree_render/svg/tree_1.svg,tree_1.svg,.svg,1611,a6dda5b4830672b99ebf3b7ed7921db8499897227bc83cb8475c44c103552db4,2026-07-20T07:11:53,True,False,False,False,False,False,False
study_runs,V100_P2_GPT54_I05_R02,study_runs/V100_P2_GPT54_I05_R02/checkpoint/186a6cf6fb344c039e1dda2f750886cb/code.py,code.py,.py,9988,2b4c6145c7ef7c7ea23d7d22bd2ecd2e4eca5477ffa8639537157f434870112c,2026-07-20T07:04:49,True,False,True,False,False,False,False
study_runs,V100_P2_GPT54_I05_R02,study_runs/V100_P2_GPT54_I05_R02/checkpoint/186a6cf6fb344c039e1dda2f750886cb/out.log,out.log,.log,3397,c4def741475ef9a8bd8bba4194550335fa30e41b18176cccb822b5d2bc93869c,2026-07-20T07:00:17,True,True,True,False,False,False,True
study_runs,V100_P2_GPT54_I05_R02,study_runs/V100_P2_GPT54_I05_R02/checkpoint/6651066e85eb4800a816e0084cc13064/code.py,code.py,.py,17138,defb791e6cb6fa4f90577e4991aface18b2d7fb41733db506c40d575093b695a,2026-07-20T07:17:30,True,False,True,False,False,False,True
study_runs,V100_P2_GPT54_I05_R02,study_runs/V100_P2_GPT54_I05_R02/checkpoint/6651066e85eb4800a816e0084cc13064/generated/custom_mostpopular_runner.py,custom_mostpopular_runner.py,.py,1424,e0163a7cb4b2b11bebe27fdf295c6728fc422658e98cea8aefaf6570a2b9dbd4,2026-07-20T07:14:09,True,False,False,False,False,False,False
study_runs,V100_P2_GPT54_I05_R02,study_runs/V100_P2_GPT54_I05_R02/checkpoint/6651066e85eb4800a816e0084cc13064/out.log,out.log,.log,383,0e8bdf8e23e01f4f23dc02b692fe084ca318dc026bd711054c94b4799a98ad87,2026-07-20T07:14:10,True,False,True,False,False,False,True
study_runs,V100_P2_GPT54_I05_R02,study_runs/V100_P2_GPT54_I05_R02/checkpoint/6ef757c13ca04289b1b7f6fa5c5b59a1/code.py,code.py,.py,12290,e79610ea1e7d50d9fe0ff8b6d694a5126961bfad2aa2662d2e7249fc218137e8,2026-07-20T07:13:14,True,False,True,False,False,False,False
study_runs,V100_P2_GPT54_I05_R02,study_runs/V100_P2_GPT54_I05_R02/checkpoint/6ef757c13ca04289b1b7f6fa5c5b59a1/generated/prototype_metadata.json,prototype_metadata.json,.json,2437,2acb49b791a4fcb40be130f5489c05eee0c1b5199e68e98d159401fc40c1c11a,2026-07-20T07:10:20,True,False,False,False,False,False,False
study_runs,V100_P2_GPT54_I05_R02,study_runs/V100_P2_GPT54_I05_R02/checkpoint/6ef757c13ca04289b1b7f6fa5c5b59a1/generated/prototype_results_incremental.csv,prototype_results_incremental.csv,.csv,253,1f4eae7b88a44b1b852fcf5f3bc02fe1ad23a63581d967ecf1d7a4bc243e0883,2026-07-20T07:10:20,True,False,False,False,False,False,False
study_runs,V100_P2_GPT54_I05_R02,study_runs/V100_P2_GPT54_I05_R02/checkpoint/6ef757c13ca04289b1b7f6fa5c5b59a1/generated/prototype_summary.csv,prototype_summary.csv,.csv,320,df23aca5e55e767aa4ef10aa45a16a2131de486f5fe02a551be3fa91faff5ca1,2026-07-20T07:10:20,True,False,False,False,False,False,False
study_runs,V100_P2_GPT54_I05_R02,study_runs/V100_P2_GPT54_I05_R02/checkpoint/6ef757c13ca04289b1b7f6fa5c5b59a1/generated/seed_7/checkpoints/err.log,err.log,.log,1195,4da430e9659bb61bd72765495936d07d95cfc1fd625a65a3cfd549baa46343ae,2026-07-20T07:10:18,True,False,False,False,False,False,False
study_runs,V100_P2_GPT54_I05_R02,study_runs/V100_P2_GPT54_I05_R02/checkpoint/6ef757c13ca04289b1b7f6fa5c5b59a1/generated/seed_7/checkpoints/MovieLens100K-ef525a25/LensKit.ItemKNNScorer-d5ed66d7-7/predictions.json,predictions.json,.json,36873908,ebf44e6176b75b226e2f88930d1cb13c11764d22fdd0ac2be99b3f61dbda0804,2026-07-20T07:10:05,True,False,False,False,False,False,False
study_runs,V100_P2_GPT54_I05_R02,study_runs/V100_P2_GPT54_I05_R02/checkpoint/6ef757c13ca04289b1b7f6fa5c5b59a1/generated/seed_7/checkpoints/out.log,out.log,.log,0,e3b0c44298fc1c149afbf4c8996fb92427ae41e4649b934ca495991b7852b855,2026-07-20T07:10:18,True,False,False,False,False,False,False
study_runs,V100_P2_GPT54_I05_R02,study_runs/V100_P2_GPT54_I05_R02/checkpoint/6ef757c13ca04289b1b7f6fa5c5b59a1/generated/seed_7/checkpoints/progress.json,progress.json,.json,273,add2a6aa14b9c0d9df2f22bb8e58c69ea14b07545d670b0e69206c87398da688,2026-07-20T07:10:17,True,False,False,False,False,False,False
study_runs,V100_P2_GPT54_I05_R02,study_runs/V100_P2_GPT54_I05_R02/checkpoint/6ef757c13ca04289b1b7f6fa5c5b59a1/generated/seed_7/checkpoints/results.json,results.json,.json,272,c790716b28f94c7cc4b3e258cd42e6b1c223e443d4504ddb200672f58a9b96f7,2026-07-20T07:10:18,True,False,False,False,False,False,False
study_runs,V100_P2_GPT54_I05_R02,study_runs/V100_P2_GPT54_I05_R02/checkpoint/6ef757c13ca04289b1b7f6fa5c5b59a1/out.log,out.log,.log,5047,96196a10c8efaa267ce9a997f3cce52199ee897cc59a748451b279668927af49,2026-07-20T07:10:21,True,False,False,False,False,False,True
study_runs,V100_P2_GPT54_I05_R02,study_runs/V100_P2_GPT54_I05_R02/checkpoint/73be1f73012545e9911ff1449851c2bb/code.py,code.py,.py,11498,3053a0c7f15d2bfa68977fe109452c282a21df94f3aafb51580454733b71933e,2026-07-20T07:08:22,True,False,True,False,True,False,False
study_runs,V100_P2_GPT54_I05_R02,study_runs/V100_P2_GPT54_I05_R02/checkpoint/73be1f73012545e9911ff1449851c2bb/generated/prototype_metadata.json,prototype_metadata.json,.json,2071,a5ae1b55643539f67d183e665797d2099d37871e8355cec594e182f993b86e8f,2026-07-20T07:04:04,True,False,False,False,True,False,False
study_runs,V100_P2_GPT54_I05_R02,study_runs/V100_P2_GPT54_I05_R02/checkpoint/73be1f73012545e9911ff1449851c2bb/generated/prototype_results_incremental.csv,prototype_results_incremental.csv,.csv,268,2e11f7fb622df245545d4ce158d298cc99df1ab6db246f1da75bc42d563f3cc7,2026-07-20T07:04:04,True,False,False,False,False,False,False
study_runs,V100_P2_GPT54_I05_R02,study_runs/V100_P2_GPT54_I05_R02/checkpoint/73be1f73012545e9911ff1449851c2bb/generated/prototype_summary.csv,prototype_summary.csv,.csv,316,b4c7a46374d2814f0691ccfb001d2ae0b355cf835a233689539307bee159ea16,2026-07-20T07:04:04,True,False,False,False,False,False,False
study_runs,V100_P2_GPT54_I05_R02,study_runs/V100_P2_GPT54_I05_R02/checkpoint/73be1f73012545e9911ff1449851c2bb/generated/seed_7/checkpoints/err.log,err.log,.log,951,6a254c2602b7566b8080dc9a3e249853376d2cb68109de34c64df5a7e9f73108,2026-07-20T07:04:02,True,False,False,False,False,False,False
study_runs,V100_P2_GPT54_I05_R02,study_runs/V100_P2_GPT54_I05_R02/checkpoint/73be1f73012545e9911ff1449851c2bb/generated/seed_7/checkpoints/MovieLens100K-f42d424a/LensKit.PopScorer-f4aa5539-7/predictions.json,predictions.json,.json,38505632,5446a38700fca44feb8ff2c72492f059e25c8f98b85b570d54d27ef527cdaac3,2026-07-20T07:03:51,True,False,False,False,False,False,False
study_runs,V100_P2_GPT54_I05_R02,study_runs/V100_P2_GPT54_I05_R02/checkpoint/73be1f73012545e9911ff1449851c2bb/generated/seed_7/checkpoints/out.log,out.log,.log,0,e3b0c44298fc1c149afbf4c8996fb92427ae41e4649b934ca495991b7852b855,2026-07-20T07:04:02,True,False,False,False,False,False,False
study_runs,V100_P2_GPT54_I05_R02,study_runs/V100_P2_GPT54_I05_R02/checkpoint/73be1f73012545e9911ff1449851c2bb/generated/seed_7/checkpoints/progress.json,progress.json,.json,191,e347527b5830eacabb288db7553b1a75fa698ea1e802f696c4a772659075ca7e,2026-07-20T07:04:01,True,False,False,False,False,False,False
study_runs,V100_P2_GPT54_I05_R02,study_runs/V100_P2_GPT54_I05_R02/checkpoint/73be1f73012545e9911ff1449851c2bb/generated/seed_7/checkpoints/results.json,results.json,.json,264,daa1bce71229300fe979cbe80f057037878ddc81fb204e43d15dcea830ea6b0d,2026-07-20T07:04:02,True,False,False,False,False,False,False
study_runs,V100_P2_GPT54_I05_R02,study_runs/V100_P2_GPT54_I05_R02/checkpoint/73be1f73012545e9911ff1449851c2bb/out.log,out.log,.log,4936,3805df151ec997c9c9042d1444b11e579d6245f8d4cd1835a5e37e419a19911c,2026-07-20T07:04:05,True,False,False,False,False,False,True
study_runs,V100_P2_GPT54_I05_R02,study_runs/V100_P2_GPT54_I05_R02/checkpoint/76cc9e35c947427c9589f19b532a152f/code.py,code.py,.py,12144,f56a8ce4022afc00007d88291ddd5f091d132b104ae7e66827a50d45ee06f5a1,2026-07-20T07:10:51,True,False,True,False,False,False,False
study_runs,V100_P2_GPT54_I05_R02,study_runs/V100_P2_GPT54_I05_R02/checkpoint/76cc9e35c947427c9589f19b532a152f/generated/prototype_metadata.json,prototype_metadata.json,.json,2158,ae45b0120473b357c0a6ce237a6bbac399a21966ef31cbd7ccbc3331ff918145,2026-07-20T07:08:03,True,False,False,False,False,False,False
study_runs,V100_P2_GPT54_I05_R02,study_runs/V100_P2_GPT54_I05_R02/checkpoint/76cc9e35c947427c9589f19b532a152f/generated/prototype_results_incremental.csv,prototype_results_incremental.csv,.csv,268,3eb03cefd86a7e69df0a252a4b287010fa5716cee04073b2fb8d6b415c6fc828,2026-07-20T07:08:02,True,False,False,False,False,False,False
study_runs,V100_P2_GPT54_I05_R02,study_runs/V100_P2_GPT54_I05_R02/checkpoint/76cc9e35c947427c9589f19b532a152f/generated/prototype_summary.csv,prototype_summary.csv,.csv,316,b4c7a46374d2814f0691ccfb001d2ae0b355cf835a233689539307bee159ea16,2026-07-20T07:08:02,True,False,False,False,False,False,False
study_runs,V100_P2_GPT54_I05_R02,study_runs/V100_P2_GPT54_I05_R02/checkpoint/76cc9e35c947427c9589f19b532a152f/generated/seed_7/checkpoints/err.log,err.log,.log,951,6a254c2602b7566b8080dc9a3e249853376d2cb68109de34c64df5a7e9f73108,2026-07-20T07:08:00,True,False,False,False,False,False,False
study_runs,V100_P2_GPT54_I05_R02,study_runs/V100_P2_GPT54_I05_R02/checkpoint/76cc9e35c947427c9589f19b532a152f/generated/seed_7/checkpoints/MovieLens100K-ef525a25/LensKit.PopScorer-f4aa5539-7/predictions.json,predictions.json,.json,38505632,5446a38700fca44feb8ff2c72492f059e25c8f98b85b570d54d27ef527cdaac3,2026-07-20T07:07:50,True,False,False,False,False,False,False
study_runs,V100_P2_GPT54_I05_R02,study_runs/V100_P2_GPT54_I05_R02/checkpoint/76cc9e35c947427c9589f19b532a152f/generated/seed_7/checkpoints/out.log,out.log,.log,0,e3b0c44298fc1c149afbf4c8996fb92427ae41e4649b934ca495991b7852b855,2026-07-20T07:08:00,True,False,False,False,False,False,False
study_runs,V100_P2_GPT54_I05_R02,study_runs/V100_P2_GPT54_I05_R02/checkpoint/76cc9e35c947427c9589f19b532a152f/generated/seed_7/checkpoints/progress.json,progress.json,.json,191,ca854ae5598e12eb25ca2b7d282f0e79837ef37cfd00650a04fa75b9981de0c9,2026-07-20T07:07:59,True,False,False,False,False,False,False
study_runs,V100_P2_GPT54_I05_R02,study_runs/V100_P2_GPT54_I05_R02/checkpoint/76cc9e35c947427c9589f19b532a152f/generated/seed_7/checkpoints/results.json,results.json,.json,264,83b66fdf2b2794a57257fd6b31ac49023d7adf0f1bd6636a2452f56cae9e0552,2026-07-20T07:08:00,True,False,False,False,False,False,False
study_runs,V100_P2_GPT54_I05_R02,study_runs/V100_P2_GPT54_I05_R02/checkpoint/76cc9e35c947427c9589f19b532a152f/out.log,out.log,.log,4936,eda1a9a82c88c466ef068dd05817919959658404fa400331b54599fc323faa7d,2026-07-20T07:08:03,True,False,False,False,False,False,True
study_runs,V100_P2_GPT54_I05_R02,study_runs/V100_P2_GPT54_I05_R02/checkpoint/d4dae55ea810493681b2ee614cb64fb6/code.py,code.py,.py,12228,34ae05bd5e4a45804ffff10f6e3a1554783229acce2a42b006e1c8d5dda83833,2026-07-20T07:14:52,True,False,True,False,False,False,False
study_runs,V100_P2_GPT54_I05_R02,study_runs/V100_P2_GPT54_I05_R02/checkpoint/d4dae55ea810493681b2ee614cb64fb6/generated/prototype_metadata.json,prototype_metadata.json,.json,2329,2361d0b7b13c0a541a6bb8c5506f076fe3201d240e887443f46b4681c31c1b69,2026-07-20T07:12:44,True,False,False,False,False,False,False
study_runs,V100_P2_GPT54_I05_R02,study_runs/V100_P2_GPT54_I05_R02/checkpoint/d4dae55ea810493681b2ee614cb64fb6/generated/prototype_results_incremental.csv,prototype_results_incremental.csv,.csv,277,f0c1007e27d28fcf977627bd92970a03dcbca21cdad0785e2c266ffa31a31ce4,2026-07-20T07:12:43,True,False,False,False,False,False,False
study_runs,V100_P2_GPT54_I05_R02,study_runs/V100_P2_GPT54_I05_R02/checkpoint/d4dae55ea810493681b2ee614cb64fb6/generated/prototype_summary.csv,prototype_summary.csv,.csv,316,b4c7a46374d2814f0691ccfb001d2ae0b355cf835a233689539307bee159ea16,2026-07-20T07:12:43,True,False,False,False,False,False,False
study_runs,V100_P2_GPT54_I05_R02,study_runs/V100_P2_GPT54_I05_R02/checkpoint/d4dae55ea810493681b2ee614cb64fb6/generated/seed_7/checkpoints/err.log,err.log,.log,951,6a254c2602b7566b8080dc9a3e249853376d2cb68109de34c64df5a7e9f73108,2026-07-20T07:12:41,True,False,False,False,False,False,False
study_runs,V100_P2_GPT54_I05_R02,study_runs/V100_P2_GPT54_I05_R02/checkpoint/d4dae55ea810493681b2ee614cb64fb6/generated/seed_7/checkpoints/MovieLens100K-ef525a25/LensKit.PopScorer-f4aa5539-7/predictions.json,predictions.json,.json,38505632,5446a38700fca44feb8ff2c72492f059e25c8f98b85b570d54d27ef527cdaac3,2026-07-20T07:12:31,True,False,False,False,False,False,False
study_runs,V100_P2_GPT54_I05_R02,study_runs/V100_P2_GPT54_I05_R02/checkpoint/d4dae55ea810493681b2ee614cb64fb6/generated/seed_7/checkpoints/out.log,out.log,.log,0,e3b0c44298fc1c149afbf4c8996fb92427ae41e4649b934ca495991b7852b855,2026-07-20T07:12:41,True,False,False,False,False,False,False
study_runs,V100_P2_GPT54_I05_R02,study_runs/V100_P2_GPT54_I05_R02/checkpoint/d4dae55ea810493681b2ee614cb64fb6/generated/seed_7/checkpoints/progress.json,progress.json,.json,191,ca854ae5598e12eb25ca2b7d282f0e79837ef37cfd00650a04fa75b9981de0c9,2026-07-20T07:12:41,True,False,False,False,False,False,False
study_runs,V100_P2_GPT54_I05_R02,study_runs/V100_P2_GPT54_I05_R02/checkpoint/d4dae55ea810493681b2ee614cb64fb6/generated/seed_7/checkpoints/results.json,results.json,.json,264,83b66fdf2b2794a57257fd6b31ac49023d7adf0f1bd6636a2452f56cae9e0552,2026-07-20T07:12:41,True,False,False,False,False,False,False
study_runs,V100_P2_GPT54_I05_R02,study_runs/V100_P2_GPT54_I05_R02/checkpoint/d4dae55ea810493681b2ee614cb64fb6/out.log,out.log,.log,4932,b9f3372a23f20dc54cc26dab96fda3f2196f308f0ea31566345d13aacd117395,2026-07-20T07:12:44,True,False,False,False,False,False,True
study_runs,V100_P2_GPT54_I05_R02,study_runs/V100_P2_GPT54_I05_R02/checkpoint/d4dae55ea810493681b2ee614cb64fb6_iteration1/code.py,code.py,.py,27482,33d569c023d463527c13bdd0648fabbc9ab9a1612c61178617e3a32d9ca47834,2026-07-20T07:24:17,True,False,True,True,False,False,True
study_runs,V100_P2_GPT54_I05_R02,study_runs/V100_P2_GPT54_I05_R02/checkpoint/d4dae55ea810493681b2ee614cb64fb6_iteration1/generated/MovieLens100K/ALS/seed_7/checkpoints/err.log,err.log,.log,0,e3b0c44298fc1c149afbf4c8996fb92427ae41e4649b934ca495991b7852b855,2026-07-20T07:19:43,True,False,False,False,False,False,False
study_runs,V100_P2_GPT54_I05_R02,study_runs/V100_P2_GPT54_I05_R02/checkpoint/d4dae55ea810493681b2ee614cb64fb6_iteration1/generated/MovieLens100K/ALS/seed_7/checkpoints/out.log,out.log,.log,0,e3b0c44298fc1c149afbf4c8996fb92427ae41e4649b934ca495991b7852b855,2026-07-20T07:19:43,True,False,False,False,False,False,False
study_runs,V100_P2_GPT54_I05_R02,study_runs/V100_P2_GPT54_I05_R02/checkpoint/d4dae55ea810493681b2ee614cb64fb6_iteration1/generated/MovieLens100K/ALS/seed_7/checkpoints/progress.json,progress.json,.json,198,6bbd43508d02e41153db5ffb7358eb32a50298acc12aa91cfd4743b97b73a8bf,2026-07-20T07:19:43,True,False,False,False,False,False,False
study_runs,V100_P2_GPT54_I05_R02,study_runs/V100_P2_GPT54_I05_R02/checkpoint/d4dae55ea810493681b2ee614cb64fb6_iteration1/generated/prepared_splits/MovieLens100K_seed_7/test.csv,test.csv,.csv,298145,abc2ab4016009d32b54413908687ceaa0e0d029a5e6e39045d22dd27b112c32e,2026-07-20T07:19:36,True,False,False,False,False,False,False
study_runs,V100_P2_GPT54_I05_R02,study_runs/V100_P2_GPT54_I05_R02/checkpoint/d4dae55ea810493681b2ee614cb64fb6_iteration1/generated/prepared_splits/MovieLens100K_seed_7/train.csv,train.csv,.csv,1227717,fc2e76fb41f6e5732af6d4d4df95009d3115b922e882c6d4aa4c8f7aecb530c9,2026-07-20T07:19:36,True,False,False,False,False,False,False
study_runs,V100_P2_GPT54_I05_R02,study_runs/V100_P2_GPT54_I05_R02/checkpoint/d4dae55ea810493681b2ee614cb64fb6_iteration1/out.log,out.log,.log,2409,281457eed850c95ff9b239c5b0796628673cf6a709170f8c17ff84b0d16e42a9,2026-07-20T07:19:44,True,False,True,False,False,False,True
study_runs,V100_P2_GPT54_I05_R02,study_runs/V100_P2_GPT54_I05_R02/checkpoint/d4dae55ea810493681b2ee614cb64fb6_iteration2/code.py,code.py,.py,25062,24eb81c5fcae8194501669e0183b379e01d1985a02a164d7fa11424533d8f389,2026-07-20T07:24:17,True,False,True,True,False,False,True
study_runs,V100_P2_GPT54_I05_R02,study_runs/V100_P2_GPT54_I05_R02/checkpoint/d4dae55ea810493681b2ee614cb64fb6_iteration2/out.log,out.log,.log,383,150495fb1563061bd047f5f46be582b14778b5750e96ab8b17f3401186e253a5,2026-07-20T07:22:58,True,False,True,False,False,False,True
study_runs,V100_P2_GPT54_I05_R02,study_runs/V100_P2_GPT54_I05_R02/checkpoint/d4dae55ea810493681b2ee614cb64fb6_seed/code.py,code.py,.py,12228,34ae05bd5e4a45804ffff10f6e3a1554783229acce2a42b006e1c8d5dda83833,2026-07-20T07:21:03,True,False,True,False,False,False,False
study_runs,V100_P2_GPT54_I05_R02,study_runs/V100_P2_GPT54_I05_R02/checkpoint/d4dae55ea810493681b2ee614cb64fb6_seed/generated/prototype_metadata.json,prototype_metadata.json,.json,2329,2361d0b7b13c0a541a6bb8c5506f076fe3201d240e887443f46b4681c31c1b69,2026-07-20T07:16:36,True,False,False,False,False,False,False
study_runs,V100_P2_GPT54_I05_R02,study_runs/V100_P2_GPT54_I05_R02/checkpoint/d4dae55ea810493681b2ee614cb64fb6_seed/generated/prototype_results_incremental.csv,prototype_results_incremental.csv,.csv,277,f0c1007e27d28fcf977627bd92970a03dcbca21cdad0785e2c266ffa31a31ce4,2026-07-20T07:16:35,True,False,False,False,False,False,False
study_runs,V100_P2_GPT54_I05_R02,study_runs/V100_P2_GPT54_I05_R02/checkpoint/d4dae55ea810493681b2ee614cb64fb6_seed/generated/prototype_summary.csv,prototype_summary.csv,.csv,316,b4c7a46374d2814f0691ccfb001d2ae0b355cf835a233689539307bee159ea16,2026-07-20T07:16:35,True,False,False,False,False,False,False
study_runs,V100_P2_GPT54_I05_R02,study_runs/V100_P2_GPT54_I05_R02/checkpoint/d4dae55ea810493681b2ee614cb64fb6_seed/generated/seed_7/checkpoints/err.log,err.log,.log,951,6a254c2602b7566b8080dc9a3e249853376d2cb68109de34c64df5a7e9f73108,2026-07-20T07:16:33,True,False,False,False,False,False,False
study_runs,V100_P2_GPT54_I05_R02,study_runs/V100_P2_GPT54_I05_R02/checkpoint/d4dae55ea810493681b2ee614cb64fb6_seed/generated/seed_7/checkpoints/MovieLens100K-ef525a25/LensKit.PopScorer-f4aa5539-7/predictions.json,predictions.json,.json,38505632,5446a38700fca44feb8ff2c72492f059e25c8f98b85b570d54d27ef527cdaac3,2026-07-20T07:16:25,True,False,False,False,False,False,False
study_runs,V100_P2_GPT54_I05_R02,study_runs/V100_P2_GPT54_I05_R02/checkpoint/d4dae55ea810493681b2ee614cb64fb6_seed/generated/seed_7/checkpoints/out.log,out.log,.log,0,e3b0c44298fc1c149afbf4c8996fb92427ae41e4649b934ca495991b7852b855,2026-07-20T07:16:33,True,False,False,False,False,False,False
study_runs,V100_P2_GPT54_I05_R02,study_runs/V100_P2_GPT54_I05_R02/checkpoint/d4dae55ea810493681b2ee614cb64fb6_seed/generated/seed_7/checkpoints/progress.json,progress.json,.json,191,ca854ae5598e12eb25ca2b7d282f0e79837ef37cfd00650a04fa75b9981de0c9,2026-07-20T07:16:32,True,False,False,False,False,False,False
study_runs,V100_P2_GPT54_I05_R02,study_runs/V100_P2_GPT54_I05_R02/checkpoint/d4dae55ea810493681b2ee614cb64fb6_seed/generated/seed_7/checkpoints/results.json,results.json,.json,264,83b66fdf2b2794a57257fd6b31ac49023d7adf0f1bd6636a2452f56cae9e0552,2026-07-20T07:16:33,True,False,False,False,False,False,False
study_runs,V100_P2_GPT54_I05_R02,study_runs/V100_P2_GPT54_I05_R02/checkpoint/d4dae55ea810493681b2ee614cb64fb6_seed/out.log,out.log,.log,4932,1cf27ceee93abf1c0aab65ba5cc6e07042ee7fbc4b002a65d1bc9c58f184ce40,2026-07-20T07:16:36,True,False,False,False,False,False,True
study_runs,V100_P2_GPT54_I05_R02,study_runs/V100_P2_GPT54_I05_R02/checkpoint/eddfabc04a024456a9f29f534aefed71/code.py,code.py,.py,11056,c6110482ea5ca7154cd48a28eb6e0a1a26b383df2c947b84c4ccb59f87056072,2026-07-20T07:01:26,True,False,True,False,False,False,True
study_runs,V100_P2_GPT54_I05_R02,study_runs/V100_P2_GPT54_I05_R02/checkpoint/eddfabc04a024456a9f29f534aefed71/generated/prototype_versions.json,prototype_versions.json,.json,470,195c0bcc8d02f04c7f024b12d5e9a9b6b587b299c7dccd313ea2d86eccd49360,2026-07-20T06:58:04,True,False,False,False,False,False,False
study_runs,V100_P2_GPT54_I05_R02,study_runs/V100_P2_GPT54_I05_R02/checkpoint/eddfabc04a024456a9f29f534aefed71/out.log,out.log,.log,807,30a7d199248ed45477b06623a64631b017271c2dae3c55a7190420890e8af748,2026-07-20T06:58:04,True,False,True,False,False,False,True
study_runs,V100_P2_GPT54_I05_R02,study_runs/V100_P2_GPT54_I05_R02/code_requirements_final.json,code_requirements_final.json,.json,2348,77bd466df81c8946e406958e1ea0106e20c54503a1e8bb1df349888e7eedefeb,2026-07-20T07:15:14,True,False,False,False,False,False,False
study_runs,V100_P2_GPT54_I05_R02,study_runs/V100_P2_GPT54_I05_R02/code_requirements_prototype.json,code_requirements_prototype.json,.json,1116,5fb9e69cbb12ee5179b9e2d0edefd4c49699e6568c56bccd0d4c113315643559,2026-07-20T06:57:02,True,False,False,False,False,False,False
study_runs,V100_P2_GPT54_I05_R02,study_runs/V100_P2_GPT54_I05_R02/config.source.toml,config.source.toml,.toml,386,43ad328d9e971575946598bc6c906a320d878b57103e5825b7bc1b351074558f,2026-07-20T06:56:34,True,False,False,False,False,False,False
study_runs,V100_P2_GPT54_I05_R02,study_runs/V100_P2_GPT54_I05_R02/config.toml,config.toml,.toml,412,aff6423ea665ac62ee5d1ac94a54fca0bdb260f6328caa38e4f6256b6edcd642,2026-07-20T06:56:34,True,False,False,False,False,False,False
study_runs,V100_P2_GPT54_I05_R02,study_runs/V100_P2_GPT54_I05_R02/costs_log.csv,costs_log.csv,.csv,14334,da5a62a4ac977cca74990360d7fa7b1dde299de70bde2b658ac2d9f0f02a6d64,2026-07-20T07:24:28,True,False,False,False,False,False,False
study_runs,V100_P2_GPT54_I05_R02,study_runs/V100_P2_GPT54_I05_R02/debug.log,debug.log,.log,283549,5ec9a278dc81295b65b79d8902988fa5cf3d359671faee2ef4788eb0d0ccd038,2026-07-20T07:24:32,True,True,True,True,True,True,True
study_runs,V100_P2_GPT54_I05_R02,study_runs/V100_P2_GPT54_I05_R02/entered_prompt.txt,entered_prompt.txt,.txt,2147,de158b14873704c34fb7529e3af0e92fc11e8af82c48e4c18605f7f4fb69f7c2,2026-07-20T06:56:34,True,False,False,True,True,True,True
study_runs,V100_P2_GPT54_I05_R02,study_runs/V100_P2_GPT54_I05_R02/statistics/0_eddfabc04a024456a9f29f534aefed71.txt,0_eddfabc04a024456a9f29f534aefed71.txt,.txt,506,ce723e2ea80ffa9f97e9c3a2ae2ca446e7b703cdbaaf47ced2c9135bdcd4e7bd,2026-07-20T06:59:07,True,False,False,False,False,False,False
study_runs,V100_P2_GPT54_I05_R02,study_runs/V100_P2_GPT54_I05_R02/statistics/1_186a6cf6fb344c039e1dda2f750886cb.txt,1_186a6cf6fb344c039e1dda2f750886cb.txt,.txt,521,2ea98373e38c6ade824aea890783b5e91349004f80e183083fa66aa0fba7aa00,2026-07-20T07:01:26,True,False,False,False,False,False,False
study_runs,V100_P2_GPT54_I05_R02,study_runs/V100_P2_GPT54_I05_R02/statistics/2_73be1f73012545e9911ff1449851c2bb.txt,2_73be1f73012545e9911ff1449851c2bb.txt,.txt,522,532e2891c34358df18ad36770dd9c0ecc7f848ccdccce618ae878a839646ea93,2026-07-20T07:04:49,True,False,False,False,False,False,False
study_runs,V100_P2_GPT54_I05_R02,study_runs/V100_P2_GPT54_I05_R02/statistics/3_76cc9e35c947427c9589f19b532a152f.txt,3_76cc9e35c947427c9589f19b532a152f.txt,.txt,515,52df8b58ba3a66676586799f77832ddba25455654ed265765c6c2bfe45179d76,2026-07-20T07:08:22,True,False,False,False,False,False,False
study_runs,V100_P2_GPT54_I05_R02,study_runs/V100_P2_GPT54_I05_R02/statistics/4_6ef757c13ca04289b1b7f6fa5c5b59a1.txt,4_6ef757c13ca04289b1b7f6fa5c5b59a1.txt,.txt,527,fc3953b1748dc00c8959a2c0fddd435c30d195941b419ec91ddc4be191115926,2026-07-20T07:10:51,True,False,False,False,False,False,False
study_runs,V100_P2_GPT54_I05_R02,study_runs/V100_P2_GPT54_I05_R02/statistics/5_d4dae55ea810493681b2ee614cb64fb6.txt,5_d4dae55ea810493681b2ee614cb64fb6.txt,.txt,530,7d0c537cbfcf000d3c2e6dfbcc2da8cd15a63bac31c5f6638436e5e75fa1b857,2026-07-20T07:13:14,True,False,False,False,False,False,False
study_runs,V100_P2_GPT54_I05_R02,study_runs/V100_P2_GPT54_I05_R02/statistics/6_6651066e85eb4800a816e0084cc13064.txt,6_6651066e85eb4800a816e0084cc13064.txt,.txt,543,a7c1d34af5401158b89e3f22c37b3199f8e2eb5636afca967147af7b61ea4641,2026-07-20T07:14:52,True,False,False,False,False,False,False
study_runs,V100_P2_GPT54_I05_R02,study_runs/V100_P2_GPT54_I05_R02/statistics/7_d4dae55ea810493681b2ee614cb64fb6_seed.txt,7_d4dae55ea810493681b2ee614cb64fb6_seed.txt,.txt,536,19f5be686a00efe7db849221901defc94183c5969676212ae229fbaaf6fd59a4,2026-07-20T07:17:30,True,False,False,False,False,False,False
study_runs,V100_P2_GPT54_I05_R02,study_runs/V100_P2_GPT54_I05_R02/statistics/8_d4dae55ea810493681b2ee614cb64fb6_iteration1.txt,8_d4dae55ea810493681b2ee614cb64fb6_iteration1.txt,.txt,548,5fe40e28680b78fdc3173ec1d28c6654ded3374ca6dc333012bce72eb97857fd,2026-07-20T07:21:03,True,False,False,False,False,False,False
study_runs,V100_P2_GPT54_I05_R02,study_runs/V100_P2_GPT54_I05_R02/statistics/9_d4dae55ea810493681b2ee614cb64fb6_iteration2.txt,9_d4dae55ea810493681b2ee614cb64fb6_iteration2.txt,.txt,547,f05429d22907017da8a19cd183fdb376dec1813c5c56f098573fff8bbb62ef1a,2026-07-20T07:24:17,True,False,False,False,False,False,False
study_runs,V100_P2_GPT54_I05_R02,study_runs/V100_P2_GPT54_I05_R02/statistics/summary_overall_nodes.txt,summary_overall_nodes.txt,.txt,492,ddc825562053aa35ccc6cd28248e8e81a103baa8f0b7656d0dcb5454ad4ef53a,2026-07-20T07:24:28,True,False,False,False,False,False,False
study_runs,V100_P2_GPT54_I05_R02,study_runs/V100_P2_GPT54_I05_R02/summary.md,summary.md,.md,5403,8caf589e2e8cf69107b97c39bb36c38e021189e97c54815928b8a553086ecd07,2026-07-20T07:24:28,True,False,False,False,False,False,False
study_runs,V100_P2_GPT54_I05_R02,study_runs/V100_P2_GPT54_I05_R02/tree_render/svg/combined_tree.svg,combined_tree.svg,.svg,10521,38dee1fd2272c4a86522d40f5b27c9df35ad679394479b7066989b6b0c8f3198,2026-07-20T07:14:59,True,False,False,False,False,False,False
study_runs,V100_P2_GPT54_I05_R02,study_runs/V100_P2_GPT54_I05_R02/tree_render/svg/tree_0.svg,tree_0.svg,.svg,1611,9fed2c0776651dfb868840a92d04009c0b74f278c67fe619919920f2b6e9cc47,2026-07-20T07:14:55,True,False,False,False,False,False,False
study_runs,V100_P2_GPT54_I05_R02,study_runs/V100_P2_GPT54_I05_R02/tree_render/svg/tree_1.svg,tree_1.svg,.svg,9470,8a39415021aadff136f6b912010e98f5970052f3837ae2e3fc391d62c8198317,2026-07-20T07:14:57,True,False,False,False,False,False,False
