condition,root,run,relative_path,name,extension,bytes,sha256,modified,readable
P2/Mini,study_logs,V100_P2_MINI_I05_R01,study_logs/V100_P2_MINI_I05_R01.console.log,V100_P2_MINI_I05_R01.console.log,.log,1652502,ea6f573b1013b7bcd772f1ab8b335b97b14fff7a22257f806ffe70c83e061355,2026-07-24T07:47:53,True
P2/Mini,study_logs,V100_P2_MINI_I05_R02,study_logs/V100_P2_MINI_I05_R02.console.log,V100_P2_MINI_I05_R02.console.log,.log,1902030,eb5a340ade4cf1f50d4c60d2c5e9e15ba29f0b65d54007524ccf581faffc1ee1,2026-07-24T07:58:18,True
P2/Mini,study_logs,V100_P2_MINI_I05_R03,study_logs/V100_P2_MINI_I05_R03.console.log,V100_P2_MINI_I05_R03.console.log,.log,1880010,df2bc9ee612446430f3bf09fc771622ae8839805e955c0e519b2b77ec6c92aa3,2026-07-24T08:15:56,True
P2/Mini,study_logs,V100_P2_MINI_I05_R04,study_logs/V100_P2_MINI_I05_R04.console.log,V100_P2_MINI_I05_R04.console.log,.log,1739422,ea8489822149f63db43bc51c4a5255c472d5dba5dd8b02c4463b5ff31a003be3,2026-07-24T08:21:35,True
P2/Mini,study_logs,V100_P2_MINI_I05_R05,study_logs/V100_P2_MINI_I05_R05.console.log,V100_P2_MINI_I05_R05.console.log,.log,1440060,18a60089a820253ed5918f95e01cc05270c42957891d60896880cbed85036b07,2026-07-24T08:37:07,True
P3/Mini,study_logs,V100_P3_MINI_I05_R01,study_logs/V100_P3_MINI_I05_R01.console.log,V100_P3_MINI_I05_R01.console.log,.log,1409684,e51567bf6bed21e509302fabdf911da44371109d6f83ffdf44d300bd13b6f8a7,2026-07-24T08:59:42,True
P3/Mini,study_logs,V100_P3_MINI_I05_R02,study_logs/V100_P3_MINI_I05_R02.console.log,V100_P3_MINI_I05_R02.console.log,.log,2116796,1a137c8230b8128d6b29638ad9d6f0f0f9d53c3be309bc56f2978b503f9db12f,2026-07-24T09:02:36,True
P3/Mini,study_logs,V100_P3_MINI_I05_R03,study_logs/V100_P3_MINI_I05_R03.console.log,V100_P3_MINI_I05_R03.console.log,.log,1781064,e63793e484d42b9bac403c6e1f770a1f80fe1ef9ce35f43470ea44e33504245f,2026-07-24T09:24:44,True
P3/Mini,study_logs,V100_P3_MINI_I05_R04,study_logs/V100_P3_MINI_I05_R04.console.log,V100_P3_MINI_I05_R04.console.log,.log,1507146,ff8fda570ccc251ccbda4c6698cd458892f2187fa78e301d6f89128d438a3456,2026-07-24T09:23:58,True
P3/Mini,study_logs,V100_P3_MINI_I05_R05,study_logs/V100_P3_MINI_I05_R05.console.log,V100_P3_MINI_I05_R05.console.log,.log,1657460,ceca5f49422705e92283b78d5fcf7ca448471e96f2a21bd49874fe916233da3c,2026-07-24T09:42:20,True
P2/Mini,study_runs,V100_P2_MINI_I05_R01,study_runs/V100_P2_MINI_I05_R01/checkpoint/0b040fb6a3464b07bd0c5471b3c9be53/code.py,code.py,.py,2649,6db4a187514b6dd8760077a74ca49b624d257b6c4f414eb426e34f7c862548f7,2026-07-24T07:22:15,True
P2/Mini,study_runs,V100_P2_MINI_I05_R01,study_runs/V100_P2_MINI_I05_R01/checkpoint/0b040fb6a3464b07bd0c5471b3c9be53/exec_result.pkl,exec_result.pkl,.pkl,3264,cd18d4d79eb1786c42a776f1d420e7a2fcd3386b96a59f0891cf5759bbb63c1f,2026-07-24T07:20:32,True
P2/Mini,study_runs,V100_P2_MINI_I05_R01,study_runs/V100_P2_MINI_I05_R01/checkpoint/0b040fb6a3464b07bd0c5471b3c9be53/out.log,out.log,.log,3067,e261f42405b33bb812b3d42b4462d6e6050c55c11d6d64f4064626df917ed1af,2026-07-24T07:20:32,True
P2/Mini,study_runs,V100_P2_MINI_I05_R01,study_runs/V100_P2_MINI_I05_R01/checkpoint/7a0db98cffcf42d88dea038f01f33b57/code.py,code.py,.py,8023,ee71eb81dbbf99d7775843d293b723cc43bb27c51b0cd91e3c3bc8d9a24e142c,2026-07-24T07:34:43,True
P2/Mini,study_runs,V100_P2_MINI_I05_R01,study_runs/V100_P2_MINI_I05_R01/checkpoint/7a0db98cffcf42d88dea038f01f33b57/exec_result.pkl,exec_result.pkl,.pkl,1713,f814a1d9b87af6854e8079cf4f5f285be1447a76e976b2e5366636c1bd959b7e,2026-07-24T07:25:15,True
P2/Mini,study_runs,V100_P2_MINI_I05_R01,study_runs/V100_P2_MINI_I05_R01/checkpoint/7a0db98cffcf42d88dea038f01f33b57/out.log,out.log,.log,1540,3943cee0a46516291d6b63fa574bc8a7f6f474c88d429c26ae2516aa1cac89eb,2026-07-24T07:25:15,True
P2/Mini,study_runs,V100_P2_MINI_I05_R01,study_runs/V100_P2_MINI_I05_R01/checkpoint/971107bfa8ab4a869f5f22a4e8daf389/code.py,code.py,.py,6393,ebd60c7c36554b13026d4e1006a937e2964e6aa1c58656c0bd75dfdbb0fc57e2,2026-07-24T07:20:58,True
P2/Mini,study_runs,V100_P2_MINI_I05_R01,study_runs/V100_P2_MINI_I05_R01/checkpoint/971107bfa8ab4a869f5f22a4e8daf389/exec_result.pkl,exec_result.pkl,.pkl,2046,c21db67327fdaf116da262642715a4e90e6bd4408941685a3da29e216eb900b3,2026-07-24T07:19:28,True
P2/Mini,study_runs,V100_P2_MINI_I05_R01,study_runs/V100_P2_MINI_I05_R01/checkpoint/971107bfa8ab4a869f5f22a4e8daf389/out.log,out.log,.log,1865,d04013d5c017bf6bec7f4ce6cc9b60823bab998c5c72c3242fdcd9385211787d,2026-07-24T07:19:28,True
P2/Mini,study_runs,V100_P2_MINI_I05_R01,study_runs/V100_P2_MINI_I05_R01/checkpoint/a1bcca8153734209b941df4b0639e5e4/code.py,code.py,.py,11406,d713171c27d8b9be63503eb0ad2b2fc6b46c787df2cb2137f1371344294a8d22,2026-07-24T07:42:57,True
P2/Mini,study_runs,V100_P2_MINI_I05_R01,study_runs/V100_P2_MINI_I05_R01/checkpoint/a1bcca8153734209b941df4b0639e5e4/exec_result.pkl,exec_result.pkl,.pkl,22233,61ac7efc946e015354a34525679014287fc7508c48be5d320b8b2ff32bbcb232,2026-07-24T07:34:21,True
P2/Mini,study_runs,V100_P2_MINI_I05_R01,study_runs/V100_P2_MINI_I05_R01/checkpoint/a1bcca8153734209b941df4b0639e5e4/generated/checkpoints/err.log,err.log,.log,5975,c82c303c9ab0d729d313294053b2514230acc97ddc79eb833b90d24ba6e03c72,2026-07-24T07:34:20,True
P2/Mini,study_runs,V100_P2_MINI_I05_R01,study_runs/V100_P2_MINI_I05_R01/checkpoint/a1bcca8153734209b941df4b0639e5e4/generated/checkpoints/MovieLens100K-938abed0/LensKit.ImplicitMFScorer-f0dd7ecb-13/model.bpk,model.bpk,.bpk,1133624,e3fd151d5a3d482871d62b58f64a114ee40093d5a884383e9e7b77cabedc8790,2026-07-24T07:29:01,True
P2/Mini,study_runs,V100_P2_MINI_I05_R01,study_runs/V100_P2_MINI_I05_R01/checkpoint/a1bcca8153734209b941df4b0639e5e4/generated/checkpoints/MovieLens100K-938abed0/LensKit.ImplicitMFScorer-f0dd7ecb-13/predictions.json,predictions.json,.json,39317556,c6c76091d3a9bcd7821377bc96fca1d2b22f530abf03d1c0ed2ecee78af4493f,2026-07-24T07:29:56,True
P2/Mini,study_runs,V100_P2_MINI_I05_R01,study_runs/V100_P2_MINI_I05_R01/checkpoint/a1bcca8153734209b941df4b0639e5e4/generated/checkpoints/MovieLens100K-938abed0/LensKit.ImplicitMFScorer-f0dd7ecb-29/model.bpk,model.bpk,.bpk,1133354,f0f39bf8601136c200908fc6e7a664c88641920b2fd1fb1ef62967b905109620,2026-07-24T07:30:26,True
P2/Mini,study_runs,V100_P2_MINI_I05_R01,study_runs/V100_P2_MINI_I05_R01/checkpoint/a1bcca8153734209b941df4b0639e5e4/generated/checkpoints/MovieLens100K-938abed0/LensKit.ImplicitMFScorer-f0dd7ecb-29/predictions.json,predictions.json,.json,39352667,c8679cf1b93b3e5d298c069ba96223bda6a5c05e0737f1cf438d2f25c61d5a07,2026-07-24T07:31:25,True
P2/Mini,study_runs,V100_P2_MINI_I05_R01,study_runs/V100_P2_MINI_I05_R01/checkpoint/a1bcca8153734209b941df4b0639e5e4/generated/checkpoints/MovieLens100K-938abed0/LensKit.ImplicitMFScorer-f0dd7ecb-42/model.bpk,model.bpk,.bpk,1132693,f4321987bc6bea2db3898f6d1617e167bc657c5a2ffdd29b0aadf605c4a9e69d,2026-07-24T07:31:52,True
P2/Mini,study_runs,V100_P2_MINI_I05_R01,study_runs/V100_P2_MINI_I05_R01/checkpoint/a1bcca8153734209b941df4b0639e5e4/generated/checkpoints/MovieLens100K-938abed0/LensKit.ImplicitMFScorer-f0dd7ecb-42/predictions.json,predictions.json,.json,39282360,36ac1d7b58ffd1056d6cf1d79dcf02473814d0e50f350d7703e69d2f73ad9dfe,2026-07-24T07:32:47,True
P2/Mini,study_runs,V100_P2_MINI_I05_R01,study_runs/V100_P2_MINI_I05_R01/checkpoint/a1bcca8153734209b941df4b0639e5e4/generated/checkpoints/MovieLens100K-938abed0/LensKit.ImplicitMFScorer-f0dd7ecb-7/model.bpk,model.bpk,.bpk,1133684,ce5c0ec7b312bf4bf758cf93c90a31584f2d24b22acefd750a988d39152f5f5b,2026-07-24T07:27:36,True
P2/Mini,study_runs,V100_P2_MINI_I05_R01,study_runs/V100_P2_MINI_I05_R01/checkpoint/a1bcca8153734209b941df4b0639e5e4/generated/checkpoints/MovieLens100K-938abed0/LensKit.ImplicitMFScorer-f0dd7ecb-7/predictions.json,predictions.json,.json,39353529,6943cedb8b412a73327bcdaf6c72127ad743875c5ac75afe3170130acd5a025c,2026-07-24T07:28:33,True
P2/Mini,study_runs,V100_P2_MINI_I05_R01,study_runs/V100_P2_MINI_I05_R01/checkpoint/a1bcca8153734209b941df4b0639e5e4/generated/checkpoints/MovieLens100K-938abed0/LensKit.ImplicitMFScorer-f0dd7ecb-87/model.bpk,model.bpk,.bpk,1132747,f8aa726ef465174deb388e58773ae73d8d3b025ef698d34e29f3d0ba299b1d90,2026-07-24T07:33:16,True
P2/Mini,study_runs,V100_P2_MINI_I05_R01,study_runs/V100_P2_MINI_I05_R01/checkpoint/a1bcca8153734209b941df4b0639e5e4/generated/checkpoints/MovieLens100K-938abed0/LensKit.ImplicitMFScorer-f0dd7ecb-87/predictions.json,predictions.json,.json,39322239,168698b7c98840d96430ae3f892866e6f5dab17658903db607d9f52090002839,2026-07-24T07:34:11,True
P2/Mini,study_runs,V100_P2_MINI_I05_R01,study_runs/V100_P2_MINI_I05_R01/checkpoint/a1bcca8153734209b941df4b0639e5e4/generated/checkpoints/out.log,out.log,.log,0,e3b0c44298fc1c149afbf4c8996fb92427ae41e4649b934ca495991b7852b855,2026-07-24T07:28:41,True
P2/Mini,study_runs,V100_P2_MINI_I05_R01,study_runs/V100_P2_MINI_I05_R01/checkpoint/a1bcca8153734209b941df4b0639e5e4/generated/checkpoints/progress.json,progress.json,.json,894,fbf5214829ea2fc39b1c8b66a828152a08098a741eb5d01a2132aa654922b6b5,2026-07-24T07:34:20,True
P2/Mini,study_runs,V100_P2_MINI_I05_R01,study_runs/V100_P2_MINI_I05_R01/checkpoint/a1bcca8153734209b941df4b0639e5e4/generated/checkpoints/results.json,results.json,.json,1287,1149d43fadff509ce4ac8260bd445cea3d4ffe2386668efdd89db5a90a7d4b9f,2026-07-24T07:34:20,True
P2/Mini,study_runs,V100_P2_MINI_I05_R01,study_runs/V100_P2_MINI_I05_R01/checkpoint/a1bcca8153734209b941df4b0639e5e4/generated/failure_seed_13.txt,failure_seed_13.txt,.txt,399,758c993f427028995a0fd94407afd069d92fcaf91680b593aceef5ba0e27422f,2026-07-24T07:30:05,True
P2/Mini,study_runs,V100_P2_MINI_I05_R01,study_runs/V100_P2_MINI_I05_R01/checkpoint/a1bcca8153734209b941df4b0639e5e4/generated/failure_seed_29.txt,failure_seed_29.txt,.txt,399,758c993f427028995a0fd94407afd069d92fcaf91680b593aceef5ba0e27422f,2026-07-24T07:31:31,True
P2/Mini,study_runs,V100_P2_MINI_I05_R01,study_runs/V100_P2_MINI_I05_R01/checkpoint/a1bcca8153734209b941df4b0639e5e4/generated/failure_seed_42.txt,failure_seed_42.txt,.txt,399,758c993f427028995a0fd94407afd069d92fcaf91680b593aceef5ba0e27422f,2026-07-24T07:32:55,True
P2/Mini,study_runs,V100_P2_MINI_I05_R01,study_runs/V100_P2_MINI_I05_R01/checkpoint/a1bcca8153734209b941df4b0639e5e4/generated/failure_seed_7.txt,failure_seed_7.txt,.txt,399,758c993f427028995a0fd94407afd069d92fcaf91680b593aceef5ba0e27422f,2026-07-24T07:28:41,True
P2/Mini,study_runs,V100_P2_MINI_I05_R01,study_runs/V100_P2_MINI_I05_R01/checkpoint/a1bcca8153734209b941df4b0639e5e4/generated/failure_seed_87.txt,failure_seed_87.txt,.txt,399,758c993f427028995a0fd94407afd069d92fcaf91680b593aceef5ba0e27422f,2026-07-24T07:34:21,True
P2/Mini,study_runs,V100_P2_MINI_I05_R01,study_runs/V100_P2_MINI_I05_R01/checkpoint/a1bcca8153734209b941df4b0639e5e4/out.log,out.log,.log,21642,9fd7fd11030cf327bca67976749d20b2ea22f9362a5fb4bb09a8334d275773bb,2026-07-24T07:34:21,True
P2/Mini,study_runs,V100_P2_MINI_I05_R01,study_runs/V100_P2_MINI_I05_R01/checkpoint/a1bcca8153734209b941df4b0639e5e4_iteration1/code.py,code.py,.py,11220,79cfaf87aafa938e301883d85c58263f13b6fd10a45d1379458b9317784627cb,2026-07-24T07:47:37,True
P2/Mini,study_runs,V100_P2_MINI_I05_R01,study_runs/V100_P2_MINI_I05_R01/checkpoint/a1bcca8153734209b941df4b0639e5e4_iteration1/exec_result.pkl,exec_result.pkl,.pkl,3282,2eb1399b5efc7e4eef931d34ebbfca51d9d81e3817eeb8e282d7c8f5b80bab88,2026-07-24T07:44:50,True
P2/Mini,study_runs,V100_P2_MINI_I05_R01,study_runs/V100_P2_MINI_I05_R01/checkpoint/a1bcca8153734209b941df4b0639e5e4_iteration1/out.log,out.log,.log,3085,f654f7ae9d3d0ae0e7ea7b6c7ce9cb5e781f444668d802aed08beaf5729d0cbb,2026-07-24T07:44:50,True
P2/Mini,study_runs,V100_P2_MINI_I05_R01,study_runs/V100_P2_MINI_I05_R01/checkpoint/a1bcca8153734209b941df4b0639e5e4_iteration2/code.py,code.py,.py,12422,c019452e9483963cb23b41ab93bdc77d3fb4a34841a3dd45d6b602671c23fbb0,2026-07-24T07:47:37,True
P2/Mini,study_runs,V100_P2_MINI_I05_R01,study_runs/V100_P2_MINI_I05_R01/checkpoint/a1bcca8153734209b941df4b0639e5e4_iteration2/exec_result.pkl,exec_result.pkl,.pkl,2499,30b60f55e3e2ff27d7608068c0a821119c8e0c2a2203c1d838416d0fd041451a,2026-07-24T07:47:04,True
P2/Mini,study_runs,V100_P2_MINI_I05_R01,study_runs/V100_P2_MINI_I05_R01/checkpoint/a1bcca8153734209b941df4b0639e5e4_iteration2/generated/failure_MovieLens100K_ALS_Implicit_13.txt,failure_MovieLens100K_ALS_Implicit_13.txt,.txt,836,9699d84768d93eb345751bc67ca5e31ce0bacbfe60deae072608b1ff31808a4d,2026-07-24T07:46:36,True
P2/Mini,study_runs,V100_P2_MINI_I05_R01,study_runs/V100_P2_MINI_I05_R01/checkpoint/a1bcca8153734209b941df4b0639e5e4_iteration2/generated/failure_MovieLens100K_ALS_Implicit_29.txt,failure_MovieLens100K_ALS_Implicit_29.txt,.txt,836,9699d84768d93eb345751bc67ca5e31ce0bacbfe60deae072608b1ff31808a4d,2026-07-24T07:46:37,True
P2/Mini,study_runs,V100_P2_MINI_I05_R01,study_runs/V100_P2_MINI_I05_R01/checkpoint/a1bcca8153734209b941df4b0639e5e4_iteration2/generated/failure_MovieLens100K_ALS_Implicit_42.txt,failure_MovieLens100K_ALS_Implicit_42.txt,.txt,836,9699d84768d93eb345751bc67ca5e31ce0bacbfe60deae072608b1ff31808a4d,2026-07-24T07:46:38,True
P2/Mini,study_runs,V100_P2_MINI_I05_R01,study_runs/V100_P2_MINI_I05_R01/checkpoint/a1bcca8153734209b941df4b0639e5e4_iteration2/generated/failure_MovieLens100K_ALS_Implicit_7.txt,failure_MovieLens100K_ALS_Implicit_7.txt,.txt,836,9699d84768d93eb345751bc67ca5e31ce0bacbfe60deae072608b1ff31808a4d,2026-07-24T07:46:35,True
P2/Mini,study_runs,V100_P2_MINI_I05_R01,study_runs/V100_P2_MINI_I05_R01/checkpoint/a1bcca8153734209b941df4b0639e5e4_iteration2/generated/failure_MovieLens100K_ALS_Implicit_87.txt,failure_MovieLens100K_ALS_Implicit_87.txt,.txt,836,9699d84768d93eb345751bc67ca5e31ce0bacbfe60deae072608b1ff31808a4d,2026-07-24T07:46:39,True
P2/Mini,study_runs,V100_P2_MINI_I05_R01,study_runs/V100_P2_MINI_I05_R01/checkpoint/a1bcca8153734209b941df4b0639e5e4_iteration2/generated/failure_MovieLens100K_ItemKNN_13.txt,failure_MovieLens100K_ItemKNN_13.txt,.txt,836,9699d84768d93eb345751bc67ca5e31ce0bacbfe60deae072608b1ff31808a4d,2026-07-24T07:46:41,True
P2/Mini,study_runs,V100_P2_MINI_I05_R01,study_runs/V100_P2_MINI_I05_R01/checkpoint/a1bcca8153734209b941df4b0639e5e4_iteration2/generated/failure_MovieLens100K_ItemKNN_29.txt,failure_MovieLens100K_ItemKNN_29.txt,.txt,836,9699d84768d93eb345751bc67ca5e31ce0bacbfe60deae072608b1ff31808a4d,2026-07-24T07:46:42,True
P2/Mini,study_runs,V100_P2_MINI_I05_R01,study_runs/V100_P2_MINI_I05_R01/checkpoint/a1bcca8153734209b941df4b0639e5e4_iteration2/generated/failure_MovieLens100K_ItemKNN_42.txt,failure_MovieLens100K_ItemKNN_42.txt,.txt,836,9699d84768d93eb345751bc67ca5e31ce0bacbfe60deae072608b1ff31808a4d,2026-07-24T07:46:43,True
P2/Mini,study_runs,V100_P2_MINI_I05_R01,study_runs/V100_P2_MINI_I05_R01/checkpoint/a1bcca8153734209b941df4b0639e5e4_iteration2/generated/failure_MovieLens100K_ItemKNN_7.txt,failure_MovieLens100K_ItemKNN_7.txt,.txt,836,9699d84768d93eb345751bc67ca5e31ce0bacbfe60deae072608b1ff31808a4d,2026-07-24T07:46:40,True
P2/Mini,study_runs,V100_P2_MINI_I05_R01,study_runs/V100_P2_MINI_I05_R01/checkpoint/a1bcca8153734209b941df4b0639e5e4_iteration2/generated/failure_MovieLens100K_ItemKNN_87.txt,failure_MovieLens100K_ItemKNN_87.txt,.txt,836,9699d84768d93eb345751bc67ca5e31ce0bacbfe60deae072608b1ff31808a4d,2026-07-24T07:46:43,True
P2/Mini,study_runs,V100_P2_MINI_I05_R01,study_runs/V100_P2_MINI_I05_R01/checkpoint/a1bcca8153734209b941df4b0639e5e4_iteration2/generated/failure_MovieLens100K_MostPopular_13.txt,failure_MovieLens100K_MostPopular_13.txt,.txt,836,9699d84768d93eb345751bc67ca5e31ce0bacbfe60deae072608b1ff31808a4d,2026-07-24T07:46:45,True
P2/Mini,study_runs,V100_P2_MINI_I05_R01,study_runs/V100_P2_MINI_I05_R01/checkpoint/a1bcca8153734209b941df4b0639e5e4_iteration2/generated/failure_MovieLens100K_MostPopular_29.txt,failure_MovieLens100K_MostPopular_29.txt,.txt,836,9699d84768d93eb345751bc67ca5e31ce0bacbfe60deae072608b1ff31808a4d,2026-07-24T07:46:46,True
P2/Mini,study_runs,V100_P2_MINI_I05_R01,study_runs/V100_P2_MINI_I05_R01/checkpoint/a1bcca8153734209b941df4b0639e5e4_iteration2/generated/failure_MovieLens100K_MostPopular_42.txt,failure_MovieLens100K_MostPopular_42.txt,.txt,836,9699d84768d93eb345751bc67ca5e31ce0bacbfe60deae072608b1ff31808a4d,2026-07-24T07:46:47,True
P2/Mini,study_runs,V100_P2_MINI_I05_R01,study_runs/V100_P2_MINI_I05_R01/checkpoint/a1bcca8153734209b941df4b0639e5e4_iteration2/generated/failure_MovieLens100K_MostPopular_7.txt,failure_MovieLens100K_MostPopular_7.txt,.txt,836,9699d84768d93eb345751bc67ca5e31ce0bacbfe60deae072608b1ff31808a4d,2026-07-24T07:46:44,True
P2/Mini,study_runs,V100_P2_MINI_I05_R01,study_runs/V100_P2_MINI_I05_R01/checkpoint/a1bcca8153734209b941df4b0639e5e4_iteration2/generated/failure_MovieLens100K_MostPopular_87.txt,failure_MovieLens100K_MostPopular_87.txt,.txt,836,9699d84768d93eb345751bc67ca5e31ce0bacbfe60deae072608b1ff31808a4d,2026-07-24T07:46:47,True
P2/Mini,study_runs,V100_P2_MINI_I05_R01,study_runs/V100_P2_MINI_I05_R01/checkpoint/a1bcca8153734209b941df4b0639e5e4_iteration2/out.log,out.log,.log,2318,bc0ee08741770bfc483bd6ab668827da4e120d52a7731541319d0a801e8de77a,2026-07-24T07:47:04,True
P2/Mini,study_runs,V100_P2_MINI_I05_R01,study_runs/V100_P2_MINI_I05_R01/checkpoint/a1bcca8153734209b941df4b0639e5e4_seed/code.py,code.py,.py,11406,d713171c27d8b9be63503eb0ad2b2fc6b46c787df2cb2137f1371344294a8d22,2026-07-24T07:45:21,True
P2/Mini,study_runs,V100_P2_MINI_I05_R01,study_runs/V100_P2_MINI_I05_R01/checkpoint/a1bcca8153734209b941df4b0639e5e4_seed/exec_result.pkl,exec_result.pkl,.pkl,22067,a102319ed9be1ea93408293de32b4b4fb812442a14c66d9a2c6469113ce756bf,2026-07-24T07:42:34,True
P2/Mini,study_runs,V100_P2_MINI_I05_R01,study_runs/V100_P2_MINI_I05_R01/checkpoint/a1bcca8153734209b941df4b0639e5e4_seed/generated/checkpoints/err.log,err.log,.log,5975,c82c303c9ab0d729d313294053b2514230acc97ddc79eb833b90d24ba6e03c72,2026-07-24T07:42:33,True
P2/Mini,study_runs,V100_P2_MINI_I05_R01,study_runs/V100_P2_MINI_I05_R01/checkpoint/a1bcca8153734209b941df4b0639e5e4_seed/generated/checkpoints/MovieLens100K-938abed0/LensKit.ImplicitMFScorer-f0dd7ecb-13/model.bpk,model.bpk,.bpk,1133466,29097b232426ed3129167cae00844a1243e10ea31aef3c4c3fa9fe1ba8351745,2026-07-24T07:37:11,True
P2/Mini,study_runs,V100_P2_MINI_I05_R01,study_runs/V100_P2_MINI_I05_R01/checkpoint/a1bcca8153734209b941df4b0639e5e4_seed/generated/checkpoints/MovieLens100K-938abed0/LensKit.ImplicitMFScorer-f0dd7ecb-13/predictions.json,predictions.json,.json,39318406,0bf361017935cf5a75bb074a2cf80483b81b8152f5b9f4bf783a16523345a5a3,2026-07-24T07:38:07,True
P2/Mini,study_runs,V100_P2_MINI_I05_R01,study_runs/V100_P2_MINI_I05_R01/checkpoint/a1bcca8153734209b941df4b0639e5e4_seed/generated/checkpoints/MovieLens100K-938abed0/LensKit.ImplicitMFScorer-f0dd7ecb-29/model.bpk,model.bpk,.bpk,1133358,871c16748cd620d22b7a8426acd232045ce97f35bbb06793b1a74a2a30eba891,2026-07-24T07:38:36,True
P2/Mini,study_runs,V100_P2_MINI_I05_R01,study_runs/V100_P2_MINI_I05_R01/checkpoint/a1bcca8153734209b941df4b0639e5e4_seed/generated/checkpoints/MovieLens100K-938abed0/LensKit.ImplicitMFScorer-f0dd7ecb-29/predictions.json,predictions.json,.json,39352826,ef9282a6c16b6bd9e55920f137e67e0d46cdd6b83cd15de789e1c3eeb20f0741,2026-07-24T07:39:33,True
P2/Mini,study_runs,V100_P2_MINI_I05_R01,study_runs/V100_P2_MINI_I05_R01/checkpoint/a1bcca8153734209b941df4b0639e5e4_seed/generated/checkpoints/MovieLens100K-938abed0/LensKit.ImplicitMFScorer-f0dd7ecb-42/model.bpk,model.bpk,.bpk,1132668,d13c681fe8b92628497ff2d3e07326cf164891ef34dd56f595cf35df5556cba9,2026-07-24T07:40:01,True
P2/Mini,study_runs,V100_P2_MINI_I05_R01,study_runs/V100_P2_MINI_I05_R01/checkpoint/a1bcca8153734209b941df4b0639e5e4_seed/generated/checkpoints/MovieLens100K-938abed0/LensKit.ImplicitMFScorer-f0dd7ecb-42/predictions.json,predictions.json,.json,39282914,b400c43a672d449513168b2d1342d870f2da2a9d4a5ccc40e47c774a553c5f69,2026-07-24T07:40:57,True
P2/Mini,study_runs,V100_P2_MINI_I05_R01,study_runs/V100_P2_MINI_I05_R01/checkpoint/a1bcca8153734209b941df4b0639e5e4_seed/generated/checkpoints/MovieLens100K-938abed0/LensKit.ImplicitMFScorer-f0dd7ecb-7/model.bpk,model.bpk,.bpk,1133867,25010ad0f6d2a973620bd86d3a5379420b555a5ab1b058312b4985e37c97ac30,2026-07-24T07:35:47,True
P2/Mini,study_runs,V100_P2_MINI_I05_R01,study_runs/V100_P2_MINI_I05_R01/checkpoint/a1bcca8153734209b941df4b0639e5e4_seed/generated/checkpoints/MovieLens100K-938abed0/LensKit.ImplicitMFScorer-f0dd7ecb-7/predictions.json,predictions.json,.json,39353242,05ed51d5a6b6a94e86f0f73301a5fc3e05577ce3bef8a355ffe03572869dd878,2026-07-24T07:36:43,True
P2/Mini,study_runs,V100_P2_MINI_I05_R01,study_runs/V100_P2_MINI_I05_R01/checkpoint/a1bcca8153734209b941df4b0639e5e4_seed/generated/checkpoints/MovieLens100K-938abed0/LensKit.ImplicitMFScorer-f0dd7ecb-87/model.bpk,model.bpk,.bpk,1132865,e2b972b7674dad516810a01cb4eef573cb0e7833537d65a3d9042e72eddc090c,2026-07-24T07:41:29,True
P2/Mini,study_runs,V100_P2_MINI_I05_R01,study_runs/V100_P2_MINI_I05_R01/checkpoint/a1bcca8153734209b941df4b0639e5e4_seed/generated/checkpoints/MovieLens100K-938abed0/LensKit.ImplicitMFScorer-f0dd7ecb-87/predictions.json,predictions.json,.json,39320749,1ec784631999a095072ce6bd8cc852d90f7bdd2b8d188b45ddcf905031342693,2026-07-24T07:42:23,True
P2/Mini,study_runs,V100_P2_MINI_I05_R01,study_runs/V100_P2_MINI_I05_R01/checkpoint/a1bcca8153734209b941df4b0639e5e4_seed/generated/checkpoints/out.log,out.log,.log,0,e3b0c44298fc1c149afbf4c8996fb92427ae41e4649b934ca495991b7852b855,2026-07-24T07:36:51,True
P2/Mini,study_runs,V100_P2_MINI_I05_R01,study_runs/V100_P2_MINI_I05_R01/checkpoint/a1bcca8153734209b941df4b0639e5e4_seed/generated/checkpoints/progress.json,progress.json,.json,894,fbf5214829ea2fc39b1c8b66a828152a08098a741eb5d01a2132aa654922b6b5,2026-07-24T07:42:33,True
P2/Mini,study_runs,V100_P2_MINI_I05_R01,study_runs/V100_P2_MINI_I05_R01/checkpoint/a1bcca8153734209b941df4b0639e5e4_seed/generated/checkpoints/results.json,results.json,.json,1288,b36ce373ab3679755616f0755ee869758635de08d896d1821d4e7c9178b3015d,2026-07-24T07:42:33,True
P2/Mini,study_runs,V100_P2_MINI_I05_R01,study_runs/V100_P2_MINI_I05_R01/checkpoint/a1bcca8153734209b941df4b0639e5e4_seed/generated/failure_seed_13.txt,failure_seed_13.txt,.txt,399,758c993f427028995a0fd94407afd069d92fcaf91680b593aceef5ba0e27422f,2026-07-24T07:38:16,True
P2/Mini,study_runs,V100_P2_MINI_I05_R01,study_runs/V100_P2_MINI_I05_R01/checkpoint/a1bcca8153734209b941df4b0639e5e4_seed/generated/failure_seed_29.txt,failure_seed_29.txt,.txt,399,758c993f427028995a0fd94407afd069d92fcaf91680b593aceef5ba0e27422f,2026-07-24T07:39:41,True
P2/Mini,study_runs,V100_P2_MINI_I05_R01,study_runs/V100_P2_MINI_I05_R01/checkpoint/a1bcca8153734209b941df4b0639e5e4_seed/generated/failure_seed_42.txt,failure_seed_42.txt,.txt,399,758c993f427028995a0fd94407afd069d92fcaf91680b593aceef5ba0e27422f,2026-07-24T07:41:06,True
P2/Mini,study_runs,V100_P2_MINI_I05_R01,study_runs/V100_P2_MINI_I05_R01/checkpoint/a1bcca8153734209b941df4b0639e5e4_seed/generated/failure_seed_7.txt,failure_seed_7.txt,.txt,399,758c993f427028995a0fd94407afd069d92fcaf91680b593aceef5ba0e27422f,2026-07-24T07:36:51,True
P2/Mini,study_runs,V100_P2_MINI_I05_R01,study_runs/V100_P2_MINI_I05_R01/checkpoint/a1bcca8153734209b941df4b0639e5e4_seed/generated/failure_seed_87.txt,failure_seed_87.txt,.txt,399,758c993f427028995a0fd94407afd069d92fcaf91680b593aceef5ba0e27422f,2026-07-24T07:42:33,True
P2/Mini,study_runs,V100_P2_MINI_I05_R01,study_runs/V100_P2_MINI_I05_R01/checkpoint/a1bcca8153734209b941df4b0639e5e4_seed/out.log,out.log,.log,21480,a46664d99ad5058e4c18e7961e46e152fb4789ff9513d56dcbe5f3d756693498,2026-07-24T07:42:34,True
P2/Mini,study_runs,V100_P2_MINI_I05_R01,study_runs/V100_P2_MINI_I05_R01/checkpoint/c05e2c38ece84872a03809ae1bdf2135/code.py,code.py,.py,3338,d7f370e49912a4e3a4a3e03fcd2d0e82a1933fcbb7bd9d307d7d9072f47cbe0d,2026-07-24T07:24:23,True
P2/Mini,study_runs,V100_P2_MINI_I05_R01,study_runs/V100_P2_MINI_I05_R01/checkpoint/c05e2c38ece84872a03809ae1bdf2135/exec_result.pkl,exec_result.pkl,.pkl,1757,f5272cb7cd92f80dc55189f5266c54bea97b89a3e82cfbb1fbeac9857714e3d6,2026-07-24T07:22:54,True
P2/Mini,study_runs,V100_P2_MINI_I05_R01,study_runs/V100_P2_MINI_I05_R01/checkpoint/c05e2c38ece84872a03809ae1bdf2135/out.log,out.log,.log,1598,7b016943f037da17bb709f81207cb4f7f580bb012e129cec323fd1de4ac7dce9,2026-07-24T07:22:54,True
P2/Mini,study_runs,V100_P2_MINI_I05_R01,study_runs/V100_P2_MINI_I05_R01/checkpoint/e785dd986fa94144ba6e5122df1bb2c9/code.py,code.py,.py,3498,7f4d36b082b5c804ecbeaa111289900de56fd109cfc7b371af2704957804efd3,2026-07-24T07:23:23,True
P2/Mini,study_runs,V100_P2_MINI_I05_R01,study_runs/V100_P2_MINI_I05_R01/checkpoint/e785dd986fa94144ba6e5122df1bb2c9/exec_result.pkl,exec_result.pkl,.pkl,3254,855428bb492faf48d1908bef11ede1080ca1cca3184eb2f0cc990ed5affb5a77,2026-07-24T07:22:00,True
P2/Mini,study_runs,V100_P2_MINI_I05_R01,study_runs/V100_P2_MINI_I05_R01/checkpoint/e785dd986fa94144ba6e5122df1bb2c9/out.log,out.log,.log,3057,a2268764e3622336e3890d72eb4bbf0c8dbfa1f4734fa586154272d73ffc37f0,2026-07-24T07:22:00,True
P2/Mini,study_runs,V100_P2_MINI_I05_R01,study_runs/V100_P2_MINI_I05_R01/checkpoint/f4c83afb3a7f4cafae2f26aea4662886/code.py,code.py,.py,8427,d44067fcb5fd87b537018477a1a00a36b51e362a9ed544e993f3f4e64f71eb0c,2026-07-24T07:25:31,True
P2/Mini,study_runs,V100_P2_MINI_I05_R01,study_runs/V100_P2_MINI_I05_R01/checkpoint/f4c83afb3a7f4cafae2f26aea4662886/exec_result.pkl,exec_result.pkl,.pkl,1600,46ef1b6062a5a65a7031dea2f9a34dd3c9870661eb5e7b24d00731e6272878a6,2026-07-24T07:23:57,True
P2/Mini,study_runs,V100_P2_MINI_I05_R01,study_runs/V100_P2_MINI_I05_R01/checkpoint/f4c83afb3a7f4cafae2f26aea4662886/out.log,out.log,.log,1441,76e8dafa285418db5c719160305ccdceaa4d832e8506e0a4d82076eb3b48b04e,2026-07-24T07:23:57,True
P2/Mini,study_runs,V100_P2_MINI_I05_R01,study_runs/V100_P2_MINI_I05_R01/code_requirements_final.json,code_requirements_final.json,.json,2260,097be7d3e13097446de17227605a273a5b1d616ee7fbe7a70ec1332257d88013,2026-07-24T07:35:18,True
P2/Mini,study_runs,V100_P2_MINI_I05_R01,study_runs/V100_P2_MINI_I05_R01/code_requirements_prototype.json,code_requirements_prototype.json,.json,998,8b94f358b4ecc26a68a12cc526da626ec49ecef32a85b2fe4de8d206c6e4b5fd,2026-07-24T07:17:42,True
P2/Mini,study_runs,V100_P2_MINI_I05_R01,study_runs/V100_P2_MINI_I05_R01/config.source.toml,config.source.toml,.toml,386,43ad328d9e971575946598bc6c906a320d878b57103e5825b7bc1b351074558f,2026-07-24T07:16:55,True
P2/Mini,study_runs,V100_P2_MINI_I05_R01,study_runs/V100_P2_MINI_I05_R01/config.toml,config.toml,.toml,416,d471e9200bd2d10beecbb7006e4b11c1a60e18aa300709223b7e87b03bb1f2e6,2026-07-24T07:16:55,True
P2/Mini,study_runs,V100_P2_MINI_I05_R01,study_runs/V100_P2_MINI_I05_R01/costs_log.csv,costs_log.csv,.csv,13368,6b4a343ff442accf88919dcdf3663897f4b4e00614079a3933c0ad1a20bad5aa,2026-07-24T07:47:48,True
P2/Mini,study_runs,V100_P2_MINI_I05_R01,study_runs/V100_P2_MINI_I05_R01/debug.log,debug.log,.log,292730,eaeddbe3fca1f513dab175e2049630afee8a519623464304a24bac1f3672890c,2026-07-24T07:47:53,True
P2/Mini,study_runs,V100_P2_MINI_I05_R01,study_runs/V100_P2_MINI_I05_R01/entered_prompt.txt,entered_prompt.txt,.txt,2147,de158b14873704c34fb7529e3af0e92fc11e8af82c48e4c18605f7f4fb69f7c2,2026-07-24T07:16:55,True
P2/Mini,study_runs,V100_P2_MINI_I05_R01,study_runs/V100_P2_MINI_I05_R01/save.pkl,save.pkl,.pkl,159000,44162dd0d34a96fe4f22be71028b6ae402799799babd354c4c05b40848356a61,2026-07-24T07:34:50,True
P2/Mini,study_runs,V100_P2_MINI_I05_R01,study_runs/V100_P2_MINI_I05_R01/statistics/0_971107bfa8ab4a869f5f22a4e8daf389.txt,0_971107bfa8ab4a869f5f22a4e8daf389.txt,.txt,512,33c4dddc703bae30ab4d80fd3014b0b94a83daf83325b617038581af162304d0,2026-07-24T07:19:44,True
P2/Mini,study_runs,V100_P2_MINI_I05_R01,study_runs/V100_P2_MINI_I05_R01/statistics/1_0b040fb6a3464b07bd0c5471b3c9be53.txt,1_0b040fb6a3464b07bd0c5471b3c9be53.txt,.txt,485,34a7e1d25485e0f0fb2e6eb4414df4cbd49013ea635a978c9425657662d06f80,2026-07-24T07:20:58,True
P2/Mini,study_runs,V100_P2_MINI_I05_R01,study_runs/V100_P2_MINI_I05_R01/statistics/2_e785dd986fa94144ba6e5122df1bb2c9.txt,2_e785dd986fa94144ba6e5122df1bb2c9.txt,.txt,489,494c01a62094261f16d9b2237d6c6e0705b66caa4a335a75d1944dbff39a2cce,2026-07-24T07:22:15,True
P2/Mini,study_runs,V100_P2_MINI_I05_R01,study_runs/V100_P2_MINI_I05_R01/statistics/3_c05e2c38ece84872a03809ae1bdf2135.txt,3_c05e2c38ece84872a03809ae1bdf2135.txt,.txt,478,8f30fcaefd3b81aa4894cc2e8230b5d1e43c55f146a8b5d9dfdd12bdfd4cbb35,2026-07-24T07:23:23,True
P2/Mini,study_runs,V100_P2_MINI_I05_R01,study_runs/V100_P2_MINI_I05_R01/statistics/4_f4c83afb3a7f4cafae2f26aea4662886.txt,4_f4c83afb3a7f4cafae2f26aea4662886.txt,.txt,537,9a18ff2577eb9bcdb0c9bc625916e0bad112552d8c7d28bde9a89533d4818de6,2026-07-24T07:24:23,True
P2/Mini,study_runs,V100_P2_MINI_I05_R01,study_runs/V100_P2_MINI_I05_R01/statistics/5_7a0db98cffcf42d88dea038f01f33b57.txt,5_7a0db98cffcf42d88dea038f01f33b57.txt,.txt,500,5120da95a6250265cbf13142c323968b770cbee6b2037d7e1924fab107d53db6,2026-07-24T07:25:31,True
P2/Mini,study_runs,V100_P2_MINI_I05_R01,study_runs/V100_P2_MINI_I05_R01/statistics/6_a1bcca8153734209b941df4b0639e5e4.txt,6_a1bcca8153734209b941df4b0639e5e4.txt,.txt,523,939c6a7427938c5f9d93b23bf15ed891a0f603e1b700d208cdbfb2f7f3c9ed25,2026-07-24T07:34:43,True
P2/Mini,study_runs,V100_P2_MINI_I05_R01,study_runs/V100_P2_MINI_I05_R01/statistics/7_a1bcca8153734209b941df4b0639e5e4_seed.txt,7_a1bcca8153734209b941df4b0639e5e4_seed.txt,.txt,524,0d6f2b2ad6b60e29fc2288dafb46de80ed2c29ed0407a8e6ba9916248051f0d6,2026-07-24T07:42:57,True
P2/Mini,study_runs,V100_P2_MINI_I05_R01,study_runs/V100_P2_MINI_I05_R01/statistics/8_a1bcca8153734209b941df4b0639e5e4_iteration1.txt,8_a1bcca8153734209b941df4b0639e5e4_iteration1.txt,.txt,569,0fe4b65088bc57837f319ac3918f4a0bfd30d7aa9d43aaaa0d629b26b3419f9b,2026-07-24T07:45:21,True
P2/Mini,study_runs,V100_P2_MINI_I05_R01,study_runs/V100_P2_MINI_I05_R01/statistics/9_a1bcca8153734209b941df4b0639e5e4_iteration2.txt,9_a1bcca8153734209b941df4b0639e5e4_iteration2.txt,.txt,555,d011192728a8a1d426ec965ecf4c003f8a0f4b6ca54ee2e87b0a498dc6333672,2026-07-24T07:47:37,True
P2/Mini,study_runs,V100_P2_MINI_I05_R01,study_runs/V100_P2_MINI_I05_R01/statistics/arguments_per_function.png,arguments_per_function.png,.png,69513,e736d66fc7cb44e2de4506643a5be14a7c4079fc3a7e4ea91af8e0db886d7a1f,2026-07-24T07:47:51,True
P2/Mini,study_runs,V100_P2_MINI_I05_R01,study_runs/V100_P2_MINI_I05_R01/statistics/classes.png,classes.png,.png,40244,ed6f29c81c040e4346cae56df7ab35594ac22efeea93654a25bb85dff8c47ea4,2026-07-24T07:47:51,True
P2/Mini,study_runs,V100_P2_MINI_I05_R01,study_runs/V100_P2_MINI_I05_R01/statistics/comment_lines.png,comment_lines.png,.png,67159,98663b7cd5a6fc838e44519675869f9a7f1742ebe0eaf4e63ceff1804c79d51e,2026-07-24T07:47:50,True
P2/Mini,study_runs,V100_P2_MINI_I05_R01,study_runs/V100_P2_MINI_I05_R01/statistics/conditions.png,conditions.png,.png,56722,50c09ed42751f4e92c58795d19eba8a26b7779339188a7628371b9466df172c7,2026-07-24T07:47:52,True
P2/Mini,study_runs,V100_P2_MINI_I05_R01,study_runs/V100_P2_MINI_I05_R01/statistics/deletions.png,deletions.png,.png,77471,a6072a2e9b64adc60d6e9ff22cb69021edf176e6d9d818c54359a0abdc429da8,2026-07-24T07:47:53,True
P2/Mini,study_runs,V100_P2_MINI_I05_R01,study_runs/V100_P2_MINI_I05_R01/statistics/empty_lines.png,empty_lines.png,.png,56759,df0a0447d07207a2c1baa7e0c8afd99ddbda7d95b848e78b474f69cde814c685,2026-07-24T07:47:49,True
P2/Mini,study_runs,V100_P2_MINI_I05_R01,study_runs/V100_P2_MINI_I05_R01/statistics/execution_time.png,execution_time.png,.png,60668,e26aac3bdebf36fcf6530ab2c0b0a940c02e8c8eddcbc16d7fd1a825aa5f4746,2026-07-24T07:47:49,True
P2/Mini,study_runs,V100_P2_MINI_I05_R01,study_runs/V100_P2_MINI_I05_R01/statistics/functions.png,functions.png,.png,57537,a01c329446dad1153d7a0ba63ee6a5b30dd49bbfde629e4af68fbff072eb7e78,2026-07-24T07:47:51,True
P2/Mini,study_runs,V100_P2_MINI_I05_R01,study_runs/V100_P2_MINI_I05_R01/statistics/insertions.png,insertions.png,.png,73263,8c4a1367632990b04e11ada005c6076a3122a99d521f5ad794e1e14cc46020dd,2026-07-24T07:47:52,True
P2/Mini,study_runs,V100_P2_MINI_I05_R01,study_runs/V100_P2_MINI_I05_R01/statistics/libraries_imported.png,libraries_imported.png,.png,56087,2cadcd48ab21355e18d93c0cea0620715f3771b7dcb508b3ea4dab2bc48a432a,2026-07-24T07:47:50,True
P2/Mini,study_runs,V100_P2_MINI_I05_R01,study_runs/V100_P2_MINI_I05_R01/statistics/lines_of_code.png,lines_of_code.png,.png,63947,8f128db0067d633e9664c5f87bb71029fb63def4c2c1b9cf283b216e885b6a91,2026-07-24T07:47:49,True
P2/Mini,study_runs,V100_P2_MINI_I05_R01,study_runs/V100_P2_MINI_I05_R01/statistics/loops.png,loops.png,.png,54031,6d8be920dd9b00edc154c265140423a588f002f1e495869755e9e4574dbffa83,2026-07-24T07:47:52,True
P2/Mini,study_runs,V100_P2_MINI_I05_R01,study_runs/V100_P2_MINI_I05_R01/statistics/summary_overall_nodes.txt,summary_overall_nodes.txt,.txt,489,498dd72da2bb2b3dd6e21d8fb74cc653116ed0949b5abbb06634664c1af985cb,2026-07-24T07:47:48,True
P2/Mini,study_runs,V100_P2_MINI_I05_R01,study_runs/V100_P2_MINI_I05_R01/statistics/total_characters.png,total_characters.png,.png,71162,3e23b4d332811bc0e2d58f1e7c9253cb3c33a9be56320973eea159b381124465,2026-07-24T07:47:50,True
P2/Mini,study_runs,V100_P2_MINI_I05_R01,study_runs/V100_P2_MINI_I05_R01/statistics/variable_assignments.png,variable_assignments.png,.png,61640,bc10829558c3c85ec832b64b21473941738382d915b0a86c951d18fa019d3881,2026-07-24T07:47:51,True
P2/Mini,study_runs,V100_P2_MINI_I05_R01,study_runs/V100_P2_MINI_I05_R01/summary.md,summary.md,.md,3821,5b96819d36ad604bd4ef8ae68d9da89dfef2b9b62aa6420547ef8c6d1d608539,2026-07-24T07:47:48,True
P2/Mini,study_runs,V100_P2_MINI_I05_R01,study_runs/V100_P2_MINI_I05_R01/tree_render/pdf/combined_tree.pdf,combined_tree.pdf,.pdf,21834,c4bcafede5f48a3fddf1ff9e936a0bdc497dcfcee95e62096e973956c64a9220,2026-07-24T07:34:49,True
P2/Mini,study_runs,V100_P2_MINI_I05_R01,study_runs/V100_P2_MINI_I05_R01/tree_render/pdf/tree_0.pdf,tree_0.pdf,.pdf,20173,517abf755430ba2a150c5ac2680448b99907f2331cbcf6759d7355c3bde30269,2026-07-24T07:34:44,True
P2/Mini,study_runs,V100_P2_MINI_I05_R01,study_runs/V100_P2_MINI_I05_R01/tree_render/pdf/tree_1.pdf,tree_1.pdf,.pdf,21086,50c9cac191befcaa72f1fbd042401c2e2f7b30a15c14301371ef37142180a6d2,2026-07-24T07:34:47,True
P2/Mini,study_runs,V100_P2_MINI_I05_R01,study_runs/V100_P2_MINI_I05_R01/tree_render/png/combined_tree.png,combined_tree.png,.png,80992,a460d0eb464bb231e4a63bcf33a0bddbc6923dadfd2541f01022da7a48417fa3,2026-07-24T07:34:48,True
P2/Mini,study_runs,V100_P2_MINI_I05_R01,study_runs/V100_P2_MINI_I05_R01/tree_render/png/tree_0.png,tree_0.png,.png,22006,86899fbcbf68634277567f8fe539b832f6ff8fccc06df69088382f2988c5da1e,2026-07-24T07:34:43,True
P2/Mini,study_runs,V100_P2_MINI_I05_R01,study_runs/V100_P2_MINI_I05_R01/tree_render/png/tree_1.png,tree_1.png,.png,55987,6a9c9b0cfdb88c39a97e133903e0b17757b85cbf57e1ea9af2ac44215beef8a8,2026-07-24T07:34:46,True
P2/Mini,study_runs,V100_P2_MINI_I05_R01,study_runs/V100_P2_MINI_I05_R01/tree_render/svg/combined_tree.svg,combined_tree.svg,.svg,10599,72fa9d43c3c7b7ea1c279e2dfc0f027b9b092c43b70935613ba8855a59012bc5,2026-07-24T07:34:50,True
P2/Mini,study_runs,V100_P2_MINI_I05_R01,study_runs/V100_P2_MINI_I05_R01/tree_render/svg/tree_0.svg,tree_0.svg,.svg,3176,388a1f45a08c3e44172fa3a09e6e43ac5ad1918a4b2ad8128c5a819f1f9812db,2026-07-24T07:34:45,True
P2/Mini,study_runs,V100_P2_MINI_I05_R01,study_runs/V100_P2_MINI_I05_R01/tree_render/svg/tree_1.svg,tree_1.svg,.svg,7923,562373160c40097fe9aae56c64bf2e9729510831f5f814e9533e7ac0679d549c,2026-07-24T07:34:47,True
P2/Mini,study_runs,V100_P2_MINI_I05_R02,study_runs/V100_P2_MINI_I05_R02/checkpoint/25501a6e1c4f4ddaae10303962299a23/code.py,code.py,.py,7463,a5f88bc6c3446d042372bc4e753b031f1b6ccab3e977fdb299a32503ef1d986a,2026-07-24T07:25:52,True
P2/Mini,study_runs,V100_P2_MINI_I05_R02,study_runs/V100_P2_MINI_I05_R02/checkpoint/25501a6e1c4f4ddaae10303962299a23/exec_result.pkl,exec_result.pkl,.pkl,1757,129d900866498cf2a63098982c672ab94bd39677c63808cdc9200d2f898a195f,2026-07-24T07:23:53,True
P2/Mini,study_runs,V100_P2_MINI_I05_R02,study_runs/V100_P2_MINI_I05_R02/checkpoint/25501a6e1c4f4ddaae10303962299a23/out.log,out.log,.log,1598,89172945b026cd4a543589759014515945e2462165199d86d77f657164ac3eda,2026-07-24T07:23:53,True
P2/Mini,study_runs,V100_P2_MINI_I05_R02,study_runs/V100_P2_MINI_I05_R02/checkpoint/39d1d8b535e34bf79b99eaa203fc9588/code.py,code.py,.py,9114,79ac2ff8a5c4ece39fed58d23ad6b64dc2e3de07834b097deff0b1890330e1a1,2026-07-24T07:30:07,True
P2/Mini,study_runs,V100_P2_MINI_I05_R02,study_runs/V100_P2_MINI_I05_R02/checkpoint/39d1d8b535e34bf79b99eaa203fc9588/exec_result.pkl,exec_result.pkl,.pkl,2179,fe0f21a017a3bec07a8ff1f47a8595c6172a0f2e64762d6892d178b66c1c0445,2026-07-24T07:28:20,True
P2/Mini,study_runs,V100_P2_MINI_I05_R02,study_runs/V100_P2_MINI_I05_R02/checkpoint/39d1d8b535e34bf79b99eaa203fc9588/out.log,out.log,.log,2010,13acf8783577c4fc8c4c8d8ed35e0e34e73523285ce3a55fb69d00983ef36848,2026-07-24T07:28:20,True
P2/Mini,study_runs,V100_P2_MINI_I05_R02,study_runs/V100_P2_MINI_I05_R02/checkpoint/443c4e71b2bf42d6908fa425d51e3fd6/code.py,code.py,.py,5021,e1c4dca519b8b3ec38211069d1777b8c78015038a931b389ca38d91f05ad7c7a,2026-07-24T07:35:07,True
P2/Mini,study_runs,V100_P2_MINI_I05_R02,study_runs/V100_P2_MINI_I05_R02/checkpoint/443c4e71b2bf42d6908fa425d51e3fd6/exec_result.pkl,exec_result.pkl,.pkl,5234,1cc7f80cd70d8ad8ea4137219bdaf4239ffad5db8e30a4923111a69b5f4a763d,2026-07-24T07:32:03,True
P2/Mini,study_runs,V100_P2_MINI_I05_R02,study_runs/V100_P2_MINI_I05_R02/checkpoint/443c4e71b2bf42d6908fa425d51e3fd6/generated/checkpoints/err.log,err.log,.log,1195,4da430e9659bb61bd72765495936d07d95cfc1fd625a65a3cfd549baa46343ae,2026-07-24T07:32:03,True
P2/Mini,study_runs,V100_P2_MINI_I05_R02,study_runs/V100_P2_MINI_I05_R02/checkpoint/443c4e71b2bf42d6908fa425d51e3fd6/generated/checkpoints/MovieLens100K-938abed0/LensKit.ImplicitMFScorer-f0dd7ecb-7/model.bpk,model.bpk,.bpk,1133763,06de82c97a847ed488019321a1d7ec5b72dd2b2b9543e0e493efcb37eb1f3672,2026-07-24T07:30:59,True
P2/Mini,study_runs,V100_P2_MINI_I05_R02,study_runs/V100_P2_MINI_I05_R02/checkpoint/443c4e71b2bf42d6908fa425d51e3fd6/generated/checkpoints/MovieLens100K-938abed0/LensKit.ImplicitMFScorer-f0dd7ecb-7/predictions.json,predictions.json,.json,39354460,396e5a07ae8890a6c5161579c041354cd1c0b50fb72a0c576c784b925f050396,2026-07-24T07:31:55,True
P2/Mini,study_runs,V100_P2_MINI_I05_R02,study_runs/V100_P2_MINI_I05_R02/checkpoint/443c4e71b2bf42d6908fa425d51e3fd6/generated/checkpoints/out.log,out.log,.log,0,e3b0c44298fc1c149afbf4c8996fb92427ae41e4649b934ca495991b7852b855,2026-07-24T07:32:03,True
P2/Mini,study_runs,V100_P2_MINI_I05_R02,study_runs/V100_P2_MINI_I05_R02/checkpoint/443c4e71b2bf42d6908fa425d51e3fd6/generated/checkpoints/progress.json,progress.json,.json,198,962eae551756d4e4e079e06b0c3a2e27676da8e9ac98d09312dd9745f56b0a0e,2026-07-24T07:32:02,True
P2/Mini,study_runs,V100_P2_MINI_I05_R02,study_runs/V100_P2_MINI_I05_R02/checkpoint/443c4e71b2bf42d6908fa425d51e3fd6/generated/checkpoints/results.json,results.json,.json,279,4631f8685235115b27b835dabaf7a14e911451ab69ec44fdb1ee25672d070449,2026-07-24T07:32:03,True
P2/Mini,study_runs,V100_P2_MINI_I05_R02,study_runs/V100_P2_MINI_I05_R02/checkpoint/443c4e71b2bf42d6908fa425d51e3fd6/generated/prototype_results.csv,prototype_results.csv,.csv,95,e99ec4e7ef54d3585edcc0794b9c85fd6dce4eaa137585eee758fedb3fc7008d,2026-07-24T07:32:03,True
P2/Mini,study_runs,V100_P2_MINI_I05_R02,study_runs/V100_P2_MINI_I05_R02/checkpoint/443c4e71b2bf42d6908fa425d51e3fd6/generated/prototype_summary.json,prototype_summary.json,.json,738,fc5d35b40a5595ff26f1b69305d9d537a577c73f11974ec51463b5a59050c928,2026-07-24T07:32:03,True
P2/Mini,study_runs,V100_P2_MINI_I05_R02,study_runs/V100_P2_MINI_I05_R02/checkpoint/443c4e71b2bf42d6908fa425d51e3fd6/out.log,out.log,.log,4977,87806a5bf5b42b724ee307723fb2168ce45a7fe29caee150a4bc2d514ba1fc39,2026-07-24T07:32:03,True
P2/Mini,study_runs,V100_P2_MINI_I05_R02,study_runs/V100_P2_MINI_I05_R02/checkpoint/443c4e71b2bf42d6908fa425d51e3fd6_iteration1/code.py,code.py,.py,8718,fcebd3f01f04ca15bfc4ae14f43552437d148d3683538ff3b3bee2638d80c58e,2026-07-24T07:58:03,True
P2/Mini,study_runs,V100_P2_MINI_I05_R02,study_runs/V100_P2_MINI_I05_R02/checkpoint/443c4e71b2bf42d6908fa425d51e3fd6_iteration1/exec_result.pkl,exec_result.pkl,.pkl,3568,f31f95c46f4ec3af24edec5d3c55ccc92dcc83eefc655be7e7a0339c896ec92d,2026-07-24T07:36:48,True
P2/Mini,study_runs,V100_P2_MINI_I05_R02,study_runs/V100_P2_MINI_I05_R02/checkpoint/443c4e71b2bf42d6908fa425d51e3fd6_iteration1/out.log,out.log,.log,3365,cb129c9b918ca965371fd595236a62c24f4071c17a79c6313909558a6955ab63,2026-07-24T07:36:48,True
P2/Mini,study_runs,V100_P2_MINI_I05_R02,study_runs/V100_P2_MINI_I05_R02/checkpoint/443c4e71b2bf42d6908fa425d51e3fd6_iteration2/code.py,code.py,.py,8063,27f82823aa4112da5650e96c888af9f0c1f2659f4e8d74c02c0022b1e07efe47,2026-07-24T07:58:03,True
P2/Mini,study_runs,V100_P2_MINI_I05_R02,study_runs/V100_P2_MINI_I05_R02/checkpoint/443c4e71b2bf42d6908fa425d51e3fd6_iteration2/exec_result.pkl,exec_result.pkl,.pkl,44733,4d881aae2d92ba11177deeeebf61729991aeb16043a320f1cb72a798bbfb0878,2026-07-24T07:57:18,True
P2/Mini,study_runs,V100_P2_MINI_I05_R02,study_runs/V100_P2_MINI_I05_R02/checkpoint/443c4e71b2bf42d6908fa425d51e3fd6_iteration2/generated/checkpoints/err.log,err.log,.log,16705,681cf2f75ea275aec55970e5eea41f2463fa5fb10a93ac6a91bf43f776093314,2026-07-24T07:57:15,True
P2/Mini,study_runs,V100_P2_MINI_I05_R02,study_runs/V100_P2_MINI_I05_R02/checkpoint/443c4e71b2bf42d6908fa425d51e3fd6_iteration2/generated/checkpoints/MovieLens100K-51d35041/LensKit.ImplicitMFScorer-f0dd7ecb-13/model.bpk,model.bpk,.bpk,1154483,5e2185790c041912ead4e6208994e703e82bc9913d7f82311730077000478d30,2026-07-24T07:43:04,True
P2/Mini,study_runs,V100_P2_MINI_I05_R02,study_runs/V100_P2_MINI_I05_R02/checkpoint/443c4e71b2bf42d6908fa425d51e3fd6_iteration2/generated/checkpoints/MovieLens100K-51d35041/LensKit.ImplicitMFScorer-f0dd7ecb-13/predictions.json,predictions.json,.json,39196757,285319909b2208bc8d0d761cca0e4b0b0d37b38b292b096ff0062cd10d53e8a2,2026-07-24T07:43:59,True
P2/Mini,study_runs,V100_P2_MINI_I05_R02,study_runs/V100_P2_MINI_I05_R02/checkpoint/443c4e71b2bf42d6908fa425d51e3fd6_iteration2/generated/checkpoints/MovieLens100K-51d35041/LensKit.ImplicitMFScorer-f0dd7ecb-29/model.bpk,model.bpk,.bpk,1154441,73fc7deb143ecb3ee6ba2f505031f5ce28ba3f5529b655dff25eca357ec8ec40,2026-07-24T07:46:43,True
P2/Mini,study_runs,V100_P2_MINI_I05_R02,study_runs/V100_P2_MINI_I05_R02/checkpoint/443c4e71b2bf42d6908fa425d51e3fd6_iteration2/generated/checkpoints/MovieLens100K-51d35041/LensKit.ImplicitMFScorer-f0dd7ecb-29/predictions.json,predictions.json,.json,39196468,e0311ea5cba6c7244fe7b83151305374a3accf75a2c5d41ca7ad864cc7076ba9,2026-07-24T07:47:39,True
P2/Mini,study_runs,V100_P2_MINI_I05_R02,study_runs/V100_P2_MINI_I05_R02/checkpoint/443c4e71b2bf42d6908fa425d51e3fd6_iteration2/generated/checkpoints/MovieLens100K-51d35041/LensKit.ImplicitMFScorer-f0dd7ecb-42/model.bpk,model.bpk,.bpk,1154426,4582575e6161f7cd117bc37993529965775f3f08ed6c19dcaf80bf0acd1edd65,2026-07-24T07:50:21,True
P2/Mini,study_runs,V100_P2_MINI_I05_R02,study_runs/V100_P2_MINI_I05_R02/checkpoint/443c4e71b2bf42d6908fa425d51e3fd6_iteration2/generated/checkpoints/MovieLens100K-51d35041/LensKit.ImplicitMFScorer-f0dd7ecb-42/predictions.json,predictions.json,.json,39196631,4bc7001f718ea00f34c1c144e8bda64767074a7ffea0c460aa8851cada69dfcd,2026-07-24T07:51:16,True
P2/Mini,study_runs,V100_P2_MINI_I05_R02,study_runs/V100_P2_MINI_I05_R02/checkpoint/443c4e71b2bf42d6908fa425d51e3fd6_iteration2/generated/checkpoints/MovieLens100K-51d35041/LensKit.ImplicitMFScorer-f0dd7ecb-7/model.bpk,model.bpk,.bpk,1154474,d69b3da7f4ae2215a6f2fe947e78ec65e63b14a8cde7939785bee64928dc1e3b,2026-07-24T07:39:27,True
P2/Mini,study_runs,V100_P2_MINI_I05_R02,study_runs/V100_P2_MINI_I05_R02/checkpoint/443c4e71b2bf42d6908fa425d51e3fd6_iteration2/generated/checkpoints/MovieLens100K-51d35041/LensKit.ImplicitMFScorer-f0dd7ecb-7/predictions.json,predictions.json,.json,39195358,b43d105a03c49c6709c0fc546c391d72aad978cfbdcba30f51fb6836ec875c28,2026-07-24T07:40:20,True
P2/Mini,study_runs,V100_P2_MINI_I05_R02,study_runs/V100_P2_MINI_I05_R02/checkpoint/443c4e71b2bf42d6908fa425d51e3fd6_iteration2/generated/checkpoints/MovieLens100K-51d35041/LensKit.ImplicitMFScorer-f0dd7ecb-87/model.bpk,model.bpk,.bpk,1154676,2a684a56788d29447312578d8f1d2707b5ded84b0ec6e4655c6d40fdf7bc79bb,2026-07-24T07:53:53,True
P2/Mini,study_runs,V100_P2_MINI_I05_R02,study_runs/V100_P2_MINI_I05_R02/checkpoint/443c4e71b2bf42d6908fa425d51e3fd6_iteration2/generated/checkpoints/MovieLens100K-51d35041/LensKit.ImplicitMFScorer-f0dd7ecb-87/predictions.json,predictions.json,.json,39196564,d014838e098975c793030e565311a2ed7bbbd54f3f2cfef010c2f2f6f492e236,2026-07-24T07:54:47,True
P2/Mini,study_runs,V100_P2_MINI_I05_R02,study_runs/V100_P2_MINI_I05_R02/checkpoint/443c4e71b2bf42d6908fa425d51e3fd6_iteration2/generated/checkpoints/MovieLens100K-51d35041/LensKit.ItemKNNScorer-c3d66610-13/model.bpk,model.bpk,.bpk,2960538,c4d15a32f740ab1ce41eb667b0543a171340396671ff379f4a40bd26c5124616,2026-07-24T07:44:26,True
P2/Mini,study_runs,V100_P2_MINI_I05_R02,study_runs/V100_P2_MINI_I05_R02/checkpoint/443c4e71b2bf42d6908fa425d51e3fd6_iteration2/generated/checkpoints/MovieLens100K-51d35041/LensKit.ItemKNNScorer-c3d66610-13/predictions.json,predictions.json,.json,37429886,fb6db24dfe72a79a8c5f0e899b014a370c0c238f91e3553ad5b128c85cbd2517,2026-07-24T07:45:01,True
P2/Mini,study_runs,V100_P2_MINI_I05_R02,study_runs/V100_P2_MINI_I05_R02/checkpoint/443c4e71b2bf42d6908fa425d51e3fd6_iteration2/generated/checkpoints/MovieLens100K-51d35041/LensKit.ItemKNNScorer-c3d66610-29/model.bpk,model.bpk,.bpk,2960530,8980545b462742db315b0b3f1df37d0fe39b1ba41340c1b682bbb4ca17d393bb,2026-07-24T07:48:05,True
P2/Mini,study_runs,V100_P2_MINI_I05_R02,study_runs/V100_P2_MINI_I05_R02/checkpoint/443c4e71b2bf42d6908fa425d51e3fd6_iteration2/generated/checkpoints/MovieLens100K-51d35041/LensKit.ItemKNNScorer-c3d66610-29/predictions.json,predictions.json,.json,37429886,fb6db24dfe72a79a8c5f0e899b014a370c0c238f91e3553ad5b128c85cbd2517,2026-07-24T07:48:39,True
P2/Mini,study_runs,V100_P2_MINI_I05_R02,study_runs/V100_P2_MINI_I05_R02/checkpoint/443c4e71b2bf42d6908fa425d51e3fd6_iteration2/generated/checkpoints/MovieLens100K-51d35041/LensKit.ItemKNNScorer-c3d66610-42/model.bpk,model.bpk,.bpk,2960534,1517b599e0ed71581cf9eac770085123700f8b517295d2d1d67edee8f7796f5f,2026-07-24T07:51:44,True
P2/Mini,study_runs,V100_P2_MINI_I05_R02,study_runs/V100_P2_MINI_I05_R02/checkpoint/443c4e71b2bf42d6908fa425d51e3fd6_iteration2/generated/checkpoints/MovieLens100K-51d35041/LensKit.ItemKNNScorer-c3d66610-42/predictions.json,predictions.json,.json,37429886,fb6db24dfe72a79a8c5f0e899b014a370c0c238f91e3553ad5b128c85cbd2517,2026-07-24T07:52:08,True
P2/Mini,study_runs,V100_P2_MINI_I05_R02,study_runs/V100_P2_MINI_I05_R02/checkpoint/443c4e71b2bf42d6908fa425d51e3fd6_iteration2/generated/checkpoints/MovieLens100K-51d35041/LensKit.ItemKNNScorer-c3d66610-7/model.bpk,model.bpk,.bpk,2960536,7194b085a131699f2965a19a33e9b384c733d788d12909699dc408e089ce659a,2026-07-24T07:40:49,True
P2/Mini,study_runs,V100_P2_MINI_I05_R02,study_runs/V100_P2_MINI_I05_R02/checkpoint/443c4e71b2bf42d6908fa425d51e3fd6_iteration2/generated/checkpoints/MovieLens100K-51d35041/LensKit.ItemKNNScorer-c3d66610-7/predictions.json,predictions.json,.json,37429886,fb6db24dfe72a79a8c5f0e899b014a370c0c238f91e3553ad5b128c85cbd2517,2026-07-24T07:41:24,True
P2/Mini,study_runs,V100_P2_MINI_I05_R02,study_runs/V100_P2_MINI_I05_R02/checkpoint/443c4e71b2bf42d6908fa425d51e3fd6_iteration2/generated/checkpoints/MovieLens100K-51d35041/LensKit.ItemKNNScorer-c3d66610-87/model.bpk,model.bpk,.bpk,2960537,e576ac200a586b5484f3881e230b7c3f41417bcbc7e6f1b16fba1c6a2e33471c,2026-07-24T07:55:15,True
P2/Mini,study_runs,V100_P2_MINI_I05_R02,study_runs/V100_P2_MINI_I05_R02/checkpoint/443c4e71b2bf42d6908fa425d51e3fd6_iteration2/generated/checkpoints/MovieLens100K-51d35041/LensKit.ItemKNNScorer-c3d66610-87/predictions.json,predictions.json,.json,37429886,fb6db24dfe72a79a8c5f0e899b014a370c0c238f91e3553ad5b128c85cbd2517,2026-07-24T07:55:54,True
P2/Mini,study_runs,V100_P2_MINI_I05_R02,study_runs/V100_P2_MINI_I05_R02/checkpoint/443c4e71b2bf42d6908fa425d51e3fd6_iteration2/generated/checkpoints/MovieLens100K-51d35041/LensKit.PopScorer-f4aa5539-13/model.bpk,model.bpk,.bpk,335605,ad437236c00a239061e10f8c050cf788d85ef84838b032944f3f0723bb22545e,2026-07-24T07:45:28,True
P2/Mini,study_runs,V100_P2_MINI_I05_R02,study_runs/V100_P2_MINI_I05_R02/checkpoint/443c4e71b2bf42d6908fa425d51e3fd6_iteration2/generated/checkpoints/MovieLens100K-51d35041/LensKit.PopScorer-f4aa5539-13/predictions.json,predictions.json,.json,38947990,0254fe6a9fffc888d0b018d2e187a1515fa29cba31bd93d24783cda57d4e1ae4,2026-07-24T07:46:14,True
P2/Mini,study_runs,V100_P2_MINI_I05_R02,study_runs/V100_P2_MINI_I05_R02/checkpoint/443c4e71b2bf42d6908fa425d51e3fd6_iteration2/generated/checkpoints/MovieLens100K-51d35041/LensKit.PopScorer-f4aa5539-29/model.bpk,model.bpk,.bpk,335605,8ac3d8bf7bead809a170e1b8ff0580c64e0dab0dd4b690362362231e06d319a1,2026-07-24T07:49:06,True
P2/Mini,study_runs,V100_P2_MINI_I05_R02,study_runs/V100_P2_MINI_I05_R02/checkpoint/443c4e71b2bf42d6908fa425d51e3fd6_iteration2/generated/checkpoints/MovieLens100K-51d35041/LensKit.PopScorer-f4aa5539-29/predictions.json,predictions.json,.json,38947990,0254fe6a9fffc888d0b018d2e187a1515fa29cba31bd93d24783cda57d4e1ae4,2026-07-24T07:49:52,True
P2/Mini,study_runs,V100_P2_MINI_I05_R02,study_runs/V100_P2_MINI_I05_R02/checkpoint/443c4e71b2bf42d6908fa425d51e3fd6_iteration2/generated/checkpoints/MovieLens100K-51d35041/LensKit.PopScorer-f4aa5539-42/model.bpk,model.bpk,.bpk,335603,c819eec0e0c3382c1d797d7955ca4fe3fe2409faa855fdf901a2ca753f5e4851,2026-07-24T07:52:36,True
P2/Mini,study_runs,V100_P2_MINI_I05_R02,study_runs/V100_P2_MINI_I05_R02/checkpoint/443c4e71b2bf42d6908fa425d51e3fd6_iteration2/generated/checkpoints/MovieLens100K-51d35041/LensKit.PopScorer-f4aa5539-42/predictions.json,predictions.json,.json,38947990,0254fe6a9fffc888d0b018d2e187a1515fa29cba31bd93d24783cda57d4e1ae4,2026-07-24T07:53:22,True
P2/Mini,study_runs,V100_P2_MINI_I05_R02,study_runs/V100_P2_MINI_I05_R02/checkpoint/443c4e71b2bf42d6908fa425d51e3fd6_iteration2/generated/checkpoints/MovieLens100K-51d35041/LensKit.PopScorer-f4aa5539-7/model.bpk,model.bpk,.bpk,335606,a10cece02f9c34cd20535a606c9d42c436503fa86e7957138dd22888937c0a97,2026-07-24T07:41:49,True
P2/Mini,study_runs,V100_P2_MINI_I05_R02,study_runs/V100_P2_MINI_I05_R02/checkpoint/443c4e71b2bf42d6908fa425d51e3fd6_iteration2/generated/checkpoints/MovieLens100K-51d35041/LensKit.PopScorer-f4aa5539-7/predictions.json,predictions.json,.json,38947990,0254fe6a9fffc888d0b018d2e187a1515fa29cba31bd93d24783cda57d4e1ae4,2026-07-24T07:42:36,True
P2/Mini,study_runs,V100_P2_MINI_I05_R02,study_runs/V100_P2_MINI_I05_R02/checkpoint/443c4e71b2bf42d6908fa425d51e3fd6_iteration2/generated/checkpoints/MovieLens100K-51d35041/LensKit.PopScorer-f4aa5539-87/model.bpk,model.bpk,.bpk,335607,2c8f3a12b04faa9ca0c86bc9e3def678773114f3fa5c740cfc600715bfca7b40,2026-07-24T07:56:19,True
P2/Mini,study_runs,V100_P2_MINI_I05_R02,study_runs/V100_P2_MINI_I05_R02/checkpoint/443c4e71b2bf42d6908fa425d51e3fd6_iteration2/generated/checkpoints/MovieLens100K-51d35041/LensKit.PopScorer-f4aa5539-87/predictions.json,predictions.json,.json,38947990,0254fe6a9fffc888d0b018d2e187a1515fa29cba31bd93d24783cda57d4e1ae4,2026-07-24T07:57:06,True
P2/Mini,study_runs,V100_P2_MINI_I05_R02,study_runs/V100_P2_MINI_I05_R02/checkpoint/443c4e71b2bf42d6908fa425d51e3fd6_iteration2/generated/checkpoints/out.log,out.log,.log,0,e3b0c44298fc1c149afbf4c8996fb92427ae41e4649b934ca495991b7852b855,2026-07-24T07:40:30,True
P2/Mini,study_runs,V100_P2_MINI_I05_R02,study_runs/V100_P2_MINI_I05_R02/checkpoint/443c4e71b2bf42d6908fa425d51e3fd6_iteration2/generated/checkpoints/progress.json,progress.json,.json,2582,44e0260cc45706cead3990283d8c1691270f2001f0ad53feac3e364a0e6ae946,2026-07-24T07:57:15,True
P2/Mini,study_runs,V100_P2_MINI_I05_R02,study_runs/V100_P2_MINI_I05_R02/checkpoint/443c4e71b2bf42d6908fa425d51e3fd6_iteration2/generated/checkpoints/results.json,results.json,.json,10868,c4e123b1f0b6645f558240bfa1a4a8a11c3d6ad14c572db9a587d7860ab8b876,2026-07-24T07:57:15,True
P2/Mini,study_runs,V100_P2_MINI_I05_R02,study_runs/V100_P2_MINI_I05_R02/checkpoint/443c4e71b2bf42d6908fa425d51e3fd6_iteration2/generated/final_metrics_plot.png,final_metrics_plot.png,.png,53448,d6f573e27bd0a8be49af393656b54bcad62c78f5df3b73a2ea4cb7121a316cb1,2026-07-24T07:57:17,True
P2/Mini,study_runs,V100_P2_MINI_I05_R02,study_runs/V100_P2_MINI_I05_R02/checkpoint/443c4e71b2bf42d6908fa425d51e3fd6_iteration2/generated/final_results.csv,final_results.csv,.csv,21442,849fbbde56f771a7abbadbe7c47f39729d38d5c82e4916c8fd4259efa17c6c09,2026-07-24T07:57:16,True
P2/Mini,study_runs,V100_P2_MINI_I05_R02,study_runs/V100_P2_MINI_I05_R02/checkpoint/443c4e71b2bf42d6908fa425d51e3fd6_iteration2/generated/final_summary.json,final_summary.json,.json,9222,071807f3afd94bb3ce290ee8f1caaf334b02965e6751c265e44ae954b4ce425f,2026-07-24T07:57:17,True
P2/Mini,study_runs,V100_P2_MINI_I05_R02,study_runs/V100_P2_MINI_I05_R02/checkpoint/443c4e71b2bf42d6908fa425d51e3fd6_iteration2/out.log,out.log,.log,43201,04b4717536cdc264cac50686371572b7f79492ed3f3e774effb7b2e1b0e9041c,2026-07-24T07:57:18,True
P2/Mini,study_runs,V100_P2_MINI_I05_R02,study_runs/V100_P2_MINI_I05_R02/checkpoint/443c4e71b2bf42d6908fa425d51e3fd6_seed/code.py,code.py,.py,5021,e1c4dca519b8b3ec38211069d1777b8c78015038a931b389ca38d91f05ad7c7a,2026-07-24T07:37:33,True
P2/Mini,study_runs,V100_P2_MINI_I05_R02,study_runs/V100_P2_MINI_I05_R02/checkpoint/443c4e71b2bf42d6908fa425d51e3fd6_seed/exec_result.pkl,exec_result.pkl,.pkl,5234,29f8cf1b4e6d6b2ce7138652dc6e00afd3b41cda72c8ef91aaf9bb4c37357d88,2026-07-24T07:34:36,True
P2/Mini,study_runs,V100_P2_MINI_I05_R02,study_runs/V100_P2_MINI_I05_R02/checkpoint/443c4e71b2bf42d6908fa425d51e3fd6_seed/generated/checkpoints/err.log,err.log,.log,1195,4da430e9659bb61bd72765495936d07d95cfc1fd625a65a3cfd549baa46343ae,2026-07-24T07:34:35,True
P2/Mini,study_runs,V100_P2_MINI_I05_R02,study_runs/V100_P2_MINI_I05_R02/checkpoint/443c4e71b2bf42d6908fa425d51e3fd6_seed/generated/checkpoints/MovieLens100K-938abed0/LensKit.ImplicitMFScorer-f0dd7ecb-7/model.bpk,model.bpk,.bpk,1133819,ffc72d28172b25f38712b19438b4c6d4bd3066d0c0a300484c2a5cacd0519e96,2026-07-24T07:33:31,True
P2/Mini,study_runs,V100_P2_MINI_I05_R02,study_runs/V100_P2_MINI_I05_R02/checkpoint/443c4e71b2bf42d6908fa425d51e3fd6_seed/generated/checkpoints/MovieLens100K-938abed0/LensKit.ImplicitMFScorer-f0dd7ecb-7/predictions.json,predictions.json,.json,39354804,cfbeadbe6460b1f40378c73b2da20f619d7ca9719eb0755220b1be8a6c1dd288,2026-07-24T07:34:27,True
P2/Mini,study_runs,V100_P2_MINI_I05_R02,study_runs/V100_P2_MINI_I05_R02/checkpoint/443c4e71b2bf42d6908fa425d51e3fd6_seed/generated/checkpoints/out.log,out.log,.log,0,e3b0c44298fc1c149afbf4c8996fb92427ae41e4649b934ca495991b7852b855,2026-07-24T07:34:35,True
P2/Mini,study_runs,V100_P2_MINI_I05_R02,study_runs/V100_P2_MINI_I05_R02/checkpoint/443c4e71b2bf42d6908fa425d51e3fd6_seed/generated/checkpoints/progress.json,progress.json,.json,198,962eae551756d4e4e079e06b0c3a2e27676da8e9ac98d09312dd9745f56b0a0e,2026-07-24T07:34:35,True
P2/Mini,study_runs,V100_P2_MINI_I05_R02,study_runs/V100_P2_MINI_I05_R02/checkpoint/443c4e71b2bf42d6908fa425d51e3fd6_seed/generated/checkpoints/results.json,results.json,.json,278,f3e1c7dcccea5ab9e2786c5a153f070bbfa46bd8f0cdfae421f51b2d2475ab6e,2026-07-24T07:34:35,True
P2/Mini,study_runs,V100_P2_MINI_I05_R02,study_runs/V100_P2_MINI_I05_R02/checkpoint/443c4e71b2bf42d6908fa425d51e3fd6_seed/generated/prototype_results.csv,prototype_results.csv,.csv,94,bbe0bf49aa7a99be08f841f367067dbad4bf13547932a8d03cee335ca26f70fe,2026-07-24T07:34:35,True
P2/Mini,study_runs,V100_P2_MINI_I05_R02,study_runs/V100_P2_MINI_I05_R02/checkpoint/443c4e71b2bf42d6908fa425d51e3fd6_seed/generated/prototype_summary.json,prototype_summary.json,.json,738,fc5d35b40a5595ff26f1b69305d9d537a577c73f11974ec51463b5a59050c928,2026-07-24T07:34:35,True
P2/Mini,study_runs,V100_P2_MINI_I05_R02,study_runs/V100_P2_MINI_I05_R02/checkpoint/443c4e71b2bf42d6908fa425d51e3fd6_seed/out.log,out.log,.log,4977,9fe74f38f0061a2a0d6230881f08b0198d9790be876b823c834e220b0c690daa,2026-07-24T07:34:36,True
P2/Mini,study_runs,V100_P2_MINI_I05_R02,study_runs/V100_P2_MINI_I05_R02/checkpoint/c7024b9c89d04bd0b0d34dfd238b9f65/code.py,code.py,.py,7447,43c816b6fa4325f0a160e7d5c5c7bebe0610d7617f4ffe4a6555a94025a42d2e,2026-07-24T07:28:51,True
P2/Mini,study_runs,V100_P2_MINI_I05_R02,study_runs/V100_P2_MINI_I05_R02/checkpoint/c7024b9c89d04bd0b0d34dfd238b9f65/exec_result.pkl,exec_result.pkl,.pkl,1757,951061ed7032c738e3fcc077d26542cd9b4b9ec41f391dfc3a5f9e4a344a2ef4,2026-07-24T07:27:03,True
P2/Mini,study_runs,V100_P2_MINI_I05_R02,study_runs/V100_P2_MINI_I05_R02/checkpoint/c7024b9c89d04bd0b0d34dfd238b9f65/out.log,out.log,.log,1598,d0a1936966fb9f62429c4a09921f64bcedc53023a6d0f3f79fee1648c9ed8eff,2026-07-24T07:27:03,True
P2/Mini,study_runs,V100_P2_MINI_I05_R02,study_runs/V100_P2_MINI_I05_R02/checkpoint/d396f5f998024b939d73657e08e8ab1f/code.py,code.py,.py,2897,10b07f5b0ea5afda1b9b9e41085902ca3dd460a224849204522b893fd2490c56,2026-07-24T07:24:25,True
P2/Mini,study_runs,V100_P2_MINI_I05_R02,study_runs/V100_P2_MINI_I05_R02/checkpoint/d396f5f998024b939d73657e08e8ab1f/exec_result.pkl,exec_result.pkl,.pkl,3258,9c205e3aa59e79f25d327baa865ab576060187a75f8266ac198be59122f1e37e,2026-07-24T07:21:49,True
P2/Mini,study_runs,V100_P2_MINI_I05_R02,study_runs/V100_P2_MINI_I05_R02/checkpoint/d396f5f998024b939d73657e08e8ab1f/out.log,out.log,.log,3061,00b49b307e7e71e6cd32111476c00e669de71100dac38c73de9e7f0b93dece30,2026-07-24T07:21:49,True
P2/Mini,study_runs,V100_P2_MINI_I05_R02,study_runs/V100_P2_MINI_I05_R02/checkpoint/d939a3795799414faaf5cb48d9966b18/code.py,code.py,.py,4613,99fe24d0b10f3aa4ec3f540768ebabcb51cd1e3ac1a59dc3d3c62e14b33df781,2026-07-24T07:32:29,True
P2/Mini,study_runs,V100_P2_MINI_I05_R02,study_runs/V100_P2_MINI_I05_R02/checkpoint/d939a3795799414faaf5cb48d9966b18/exec_result.pkl,exec_result.pkl,.pkl,3271,743c5f2ef5a14b2963c680ad04ae7f2c684028cea00d7652016bd6c494d497b0,2026-07-24T07:29:28,True
P2/Mini,study_runs,V100_P2_MINI_I05_R02,study_runs/V100_P2_MINI_I05_R02/checkpoint/d939a3795799414faaf5cb48d9966b18/out.log,out.log,.log,3074,deaf52a39aaca5bad2039d00094be8e7a21008792a89325ee3520efdaf2c4aec,2026-07-24T07:29:28,True
P2/Mini,study_runs,V100_P2_MINI_I05_R02,study_runs/V100_P2_MINI_I05_R02/checkpoint/db4fa85f70d2426992901e276f1edb01/code.py,code.py,.py,4832,b77e51968aa99a31bbdeaf5ab03194b5c29983d388be56dbd01c8ba5156ab04b,2026-07-24T07:27:44,True
P2/Mini,study_runs,V100_P2_MINI_I05_R02,study_runs/V100_P2_MINI_I05_R02/checkpoint/db4fa85f70d2426992901e276f1edb01/exec_result.pkl,exec_result.pkl,.pkl,5085,55ffbe5818698a404d5e5816e3994309f29a96f4266e47039a7a80c9e12a8b1d,2026-07-24T07:25:30,True
P2/Mini,study_runs,V100_P2_MINI_I05_R02,study_runs/V100_P2_MINI_I05_R02/checkpoint/db4fa85f70d2426992901e276f1edb01/out.log,out.log,.log,4844,d5be3dc131f97fde566a78f6ceab4a490fbaf6394755bb213d501a4895904405,2026-07-24T07:25:30,True
P2/Mini,study_runs,V100_P2_MINI_I05_R02,study_runs/V100_P2_MINI_I05_R02/code_requirements_final.json,code_requirements_final.json,.json,2128,b6f865e3edefafbb73e9c55a29399a072a3b2f7be4958dd793642bc24b0af771,2026-07-24T07:33:04,True
P2/Mini,study_runs,V100_P2_MINI_I05_R02,study_runs/V100_P2_MINI_I05_R02/code_requirements_prototype.json,code_requirements_prototype.json,.json,1357,ee354844da1ffbf3791bf77534e0a0c7df1f44ef2008846d062aef19cfd2c64e,2026-07-24T07:20:57,True
P2/Mini,study_runs,V100_P2_MINI_I05_R02,study_runs/V100_P2_MINI_I05_R02/config.source.toml,config.source.toml,.toml,386,43ad328d9e971575946598bc6c906a320d878b57103e5825b7bc1b351074558f,2026-07-24T07:19:57,True
P2/Mini,study_runs,V100_P2_MINI_I05_R02,study_runs/V100_P2_MINI_I05_R02/config.toml,config.toml,.toml,416,f4816b4f427134180a49c94af21c5685a894447304e2f950cb0490ce72226167,2026-07-24T07:19:57,True
P2/Mini,study_runs,V100_P2_MINI_I05_R02,study_runs/V100_P2_MINI_I05_R02/costs_log.csv,costs_log.csv,.csv,16266,4fc3ae0081c89f908931794afa8f0ca1203a464c2ad486342065d375cc9aa4b7,2026-07-24T07:58:14,True
P2/Mini,study_runs,V100_P2_MINI_I05_R02,study_runs/V100_P2_MINI_I05_R02/debug.log,debug.log,.log,336576,9f511dd7a34f3cb54c6335df7ef7b5c85082ccdd5046d7ac40f07804a140faee,2026-07-24T07:58:18,True
P2/Mini,study_runs,V100_P2_MINI_I05_R02,study_runs/V100_P2_MINI_I05_R02/entered_prompt.txt,entered_prompt.txt,.txt,2147,de158b14873704c34fb7529e3af0e92fc11e8af82c48e4c18605f7f4fb69f7c2,2026-07-24T07:19:56,True
P2/Mini,study_runs,V100_P2_MINI_I05_R02,study_runs/V100_P2_MINI_I05_R02/save.pkl,save.pkl,.pkl,156901,7b2a04ca610f7c11dad5a9e34ca2e9a94c0c6e55217ba037659484e5f499d2bd,2026-07-24T07:32:37,True
P2/Mini,study_runs,V100_P2_MINI_I05_R02,study_runs/V100_P2_MINI_I05_R02/statistics/0_d396f5f998024b939d73657e08e8ab1f.txt,0_d396f5f998024b939d73657e08e8ab1f.txt,.txt,515,eabb29e959eb523c5bd158a1271e92fb49e28de8745cf5d6a4ffa1bbe0533368,2026-07-24T07:22:32,True
P2/Mini,study_runs,V100_P2_MINI_I05_R02,study_runs/V100_P2_MINI_I05_R02/statistics/1_25501a6e1c4f4ddaae10303962299a23.txt,1_25501a6e1c4f4ddaae10303962299a23.txt,.txt,515,0d729db46148f5425752b1759dea88e2bcd7eb3f448a2540d7a9c35b07a25df1,2026-07-24T07:24:25,True
P2/Mini,study_runs,V100_P2_MINI_I05_R02,study_runs/V100_P2_MINI_I05_R02/statistics/2_db4fa85f70d2426992901e276f1edb01.txt,2_db4fa85f70d2426992901e276f1edb01.txt,.txt,496,b24fde76d8d43e712813787ba1f2db5f852ef0a3fa6061acd61371c8b04ec29c,2026-07-24T07:25:52,True
P2/Mini,study_runs,V100_P2_MINI_I05_R02,study_runs/V100_P2_MINI_I05_R02/statistics/3_c7024b9c89d04bd0b0d34dfd238b9f65.txt,3_c7024b9c89d04bd0b0d34dfd238b9f65.txt,.txt,515,921c3d7c5172ce662aac4e40eb11c71993e3d919ee3d65eb4a9b7a119ce17506,2026-07-24T07:27:44,True
P2/Mini,study_runs,V100_P2_MINI_I05_R02,study_runs/V100_P2_MINI_I05_R02/statistics/4_39d1d8b535e34bf79b99eaa203fc9588.txt,4_39d1d8b535e34bf79b99eaa203fc9588.txt,.txt,500,4223b41957b7c02bd77563146f589f50c256eff34cbb7f08944a867963b6fd20,2026-07-24T07:28:51,True
P2/Mini,study_runs,V100_P2_MINI_I05_R02,study_runs/V100_P2_MINI_I05_R02/statistics/5_d939a3795799414faaf5cb48d9966b18.txt,5_d939a3795799414faaf5cb48d9966b18.txt,.txt,503,97df98fecfc98824af619334c85b62a8676544f22694f1ac4d0e8bcde0fb94a2,2026-07-24T07:30:07,True
P2/Mini,study_runs,V100_P2_MINI_I05_R02,study_runs/V100_P2_MINI_I05_R02/statistics/6_443c4e71b2bf42d6908fa425d51e3fd6.txt,6_443c4e71b2bf42d6908fa425d51e3fd6.txt,.txt,497,5ff5d6ec2a91fa3df9982cca4a8508b9fb6a977a774ce5a9d2125da33cc1241e,2026-07-24T07:32:29,True
P2/Mini,study_runs,V100_P2_MINI_I05_R02,study_runs/V100_P2_MINI_I05_R02/statistics/7_443c4e71b2bf42d6908fa425d51e3fd6_seed.txt,7_443c4e71b2bf42d6908fa425d51e3fd6_seed.txt,.txt,484,712cc9ab4c338e85ea382a50557303e36db88fb2958b961a6f30020c53b87d8c,2026-07-24T07:35:07,True
P2/Mini,study_runs,V100_P2_MINI_I05_R02,study_runs/V100_P2_MINI_I05_R02/statistics/8_443c4e71b2bf42d6908fa425d51e3fd6_iteration1.txt,8_443c4e71b2bf42d6908fa425d51e3fd6_iteration1.txt,.txt,540,8eec6bac088b8b50c34648d0499d138b922da3c895ef266210fab7ec88cdac96,2026-07-24T07:37:33,True
P2/Mini,study_runs,V100_P2_MINI_I05_R02,study_runs/V100_P2_MINI_I05_R02/statistics/9_443c4e71b2bf42d6908fa425d51e3fd6_iteration2.txt,9_443c4e71b2bf42d6908fa425d51e3fd6_iteration2.txt,.txt,528,bc3d0108ccde30d68527274acba08ca8e9567876cc9f4038ebd0e653ab15830b,2026-07-24T07:58:03,True
P2/Mini,study_runs,V100_P2_MINI_I05_R02,study_runs/V100_P2_MINI_I05_R02/statistics/arguments_per_function.png,arguments_per_function.png,.png,64439,0eedee956dc4effb757bdeb75ccd2b1c087911dfa1700fe26fb952656ae852a2,2026-07-24T07:58:16,True
P2/Mini,study_runs,V100_P2_MINI_I05_R02,study_runs/V100_P2_MINI_I05_R02/statistics/classes.png,classes.png,.png,51697,4810f43c4ad4885bb9b8a89cfd9554354364e8a0aea7ab71e4552289f2e24573,2026-07-24T07:58:16,True
P2/Mini,study_runs,V100_P2_MINI_I05_R02,study_runs/V100_P2_MINI_I05_R02/statistics/comment_lines.png,comment_lines.png,.png,54912,b95bca3150bf8039fd53ffbc65d5b5b40c5b242c6021b586a0bdc6b98dafa86f,2026-07-24T07:58:15,True
P2/Mini,study_runs,V100_P2_MINI_I05_R02,study_runs/V100_P2_MINI_I05_R02/statistics/conditions.png,conditions.png,.png,67754,b2d46921326ed2864c55f46214a6ecd797acce9866abef713316795f078ed9d1,2026-07-24T07:58:17,True
P2/Mini,study_runs,V100_P2_MINI_I05_R02,study_runs/V100_P2_MINI_I05_R02/statistics/deletions.png,deletions.png,.png,75110,3b50e764d519b38be6c820e5fdaeec974d7273d0af3f4ad142fa9148d5a5133e,2026-07-24T07:58:18,True
P2/Mini,study_runs,V100_P2_MINI_I05_R02,study_runs/V100_P2_MINI_I05_R02/statistics/empty_lines.png,empty_lines.png,.png,57675,12f084411699121d7ca0435dec2c53b90015f11c25e1a81a4883179b800df602,2026-07-24T07:58:15,True
P2/Mini,study_runs,V100_P2_MINI_I05_R02,study_runs/V100_P2_MINI_I05_R02/statistics/execution_time.png,execution_time.png,.png,59090,c762bc2a1a92f70900576a4cabd7a560f474bdce18f475e5e96ec40d7e3c2daf,2026-07-24T07:58:14,True
P2/Mini,study_runs,V100_P2_MINI_I05_R02,study_runs/V100_P2_MINI_I05_R02/statistics/functions.png,functions.png,.png,51233,c5dfa9d5eb04cdc535eb44a5fdef49bd61b467c705295beceeb5b0f82ed32ed4,2026-07-24T07:58:16,True
P2/Mini,study_runs,V100_P2_MINI_I05_R02,study_runs/V100_P2_MINI_I05_R02/statistics/insertions.png,insertions.png,.png,79639,4fda22e928787b1267a2a47a38c7ecc99137386c0c48e9bf5fb330c4d679c420,2026-07-24T07:58:17,True
P2/Mini,study_runs,V100_P2_MINI_I05_R02,study_runs/V100_P2_MINI_I05_R02/statistics/libraries_imported.png,libraries_imported.png,.png,52361,aec6910806fc1373ee808fbf0a8c80752a697a84a6dc1ded90b5d3ca99443e1f,2026-07-24T07:58:15,True
P2/Mini,study_runs,V100_P2_MINI_I05_R02,study_runs/V100_P2_MINI_I05_R02/statistics/lines_of_code.png,lines_of_code.png,.png,68912,5f65deb18a2c3162c7b28aa079ce572f9c2439763e8484307de99aa9c64cc279,2026-07-24T07:58:14,True
P2/Mini,study_runs,V100_P2_MINI_I05_R02,study_runs/V100_P2_MINI_I05_R02/statistics/loops.png,loops.png,.png,63079,f8be90b3956b6bb3e3751d1d7f92a552c366393ab8c174817138a12e64dc84c3,2026-07-24T07:58:17,True
P2/Mini,study_runs,V100_P2_MINI_I05_R02,study_runs/V100_P2_MINI_I05_R02/statistics/summary_overall_nodes.txt,summary_overall_nodes.txt,.txt,489,dc27dc71e0490cc3516cc41f7ab269908572b7b24de9783eaffa597efa50d71e,2026-07-24T07:58:14,True
P2/Mini,study_runs,V100_P2_MINI_I05_R02,study_runs/V100_P2_MINI_I05_R02/statistics/total_characters.png,total_characters.png,.png,76391,9c52cb08cd23b333a869fb15ffe4d53b4cb520a26d00f38583be6ebeb1a0f6ca,2026-07-24T07:58:15,True
P2/Mini,study_runs,V100_P2_MINI_I05_R02,study_runs/V100_P2_MINI_I05_R02/statistics/variable_assignments.png,variable_assignments.png,.png,68332,f1dedcea018c193aacc4735b0382b86951898ada30c8dcda1df828b5d550ae06,2026-07-24T07:58:16,True
P2/Mini,study_runs,V100_P2_MINI_I05_R02,study_runs/V100_P2_MINI_I05_R02/summary.md,summary.md,.md,6424,1528f53c3a2b1d43c632599658890b6d80cf4c8818e387580cebb188b298c0fb,2026-07-24T07:58:13,True
P2/Mini,study_runs,V100_P2_MINI_I05_R02,study_runs/V100_P2_MINI_I05_R02/tree_render/pdf/combined_tree.pdf,combined_tree.pdf,.pdf,21878,dadb695d98ce11410c5d095e7a62f03cba96f23e29057d4d7d045cc937ee3845,2026-07-24T07:32:37,True
P2/Mini,study_runs,V100_P2_MINI_I05_R02,study_runs/V100_P2_MINI_I05_R02/tree_render/pdf/tree_0.pdf,tree_0.pdf,.pdf,21037,f577b32c202a1f5efbac8da033b5501ef937442b776b13fff1731b213c466880,2026-07-24T07:32:32,True
P2/Mini,study_runs,V100_P2_MINI_I05_R02,study_runs/V100_P2_MINI_I05_R02/tree_render/pdf/tree_1.pdf,tree_1.pdf,.pdf,20733,58762397b35984de664044e51687620cb73eef19c60f8883406df33c1736502e,2026-07-24T07:32:34,True
P2/Mini,study_runs,V100_P2_MINI_I05_R02,study_runs/V100_P2_MINI_I05_R02/tree_render/png/combined_tree.png,combined_tree.png,.png,54720,9a37338baa225673ca95ce8db7112d9570469c4f12651a756b88a069d8bf22b3,2026-07-24T07:32:36,True
P2/Mini,study_runs,V100_P2_MINI_I05_R02,study_runs/V100_P2_MINI_I05_R02/tree_render/png/tree_0.png,tree_0.png,.png,43699,4bee58310b67916c4860b626cafc001bc4dbfe428ce89a4783b43201c22259dc,2026-07-24T07:32:31,True
P2/Mini,study_runs,V100_P2_MINI_I05_R02,study_runs/V100_P2_MINI_I05_R02/tree_render/png/tree_1.png,tree_1.png,.png,34062,6375d62ae350aa4ab7678b17ad1cb2bf6498f7ecf001cbd9c48a0f41ec0730d3,2026-07-24T07:32:33,True
P2/Mini,study_runs,V100_P2_MINI_I05_R02,study_runs/V100_P2_MINI_I05_R02/tree_render/svg/combined_tree.svg,combined_tree.svg,.svg,10664,369c923216bf39925b6b7fb0a8926827c5020fe9f45af1b3d04b7e9b203e0e80,2026-07-24T07:32:37,True
P2/Mini,study_runs,V100_P2_MINI_I05_R02,study_runs/V100_P2_MINI_I05_R02/tree_render/svg/tree_0.svg,tree_0.svg,.svg,6426,21f3da3aba681e0ff480920dc87ecd8ce1e3fe24bc408833107fe7c206be3611,2026-07-24T07:32:32,True
P2/Mini,study_runs,V100_P2_MINI_I05_R02,study_runs/V100_P2_MINI_I05_R02/tree_render/svg/tree_1.svg,tree_1.svg,.svg,4771,c962818da632815d8aa08de2156910be5f271a2d50687f579ece930e4969f7de,2026-07-24T07:32:35,True
P2/Mini,study_runs,V100_P2_MINI_I05_R03,study_runs/V100_P2_MINI_I05_R03/checkpoint/0f65d6e0ff044a9a8a56233fb5c61cf7/code.py,code.py,.py,4051,af48aa6d8d547391fe3caf5512a9d700f1f31551d43c49c682ef790fa57968ba,2026-07-24T07:59:22,True
P2/Mini,study_runs,V100_P2_MINI_I05_R03,study_runs/V100_P2_MINI_I05_R03/checkpoint/0f65d6e0ff044a9a8a56233fb5c61cf7/exec_result.pkl,exec_result.pkl,.pkl,3257,728d836c249a97ded84dbb5039303158335c9dfa811d5c77ff1e0ea60cbb66f2,2026-07-24T07:56:18,True
P2/Mini,study_runs,V100_P2_MINI_I05_R03,study_runs/V100_P2_MINI_I05_R03/checkpoint/0f65d6e0ff044a9a8a56233fb5c61cf7/out.log,out.log,.log,3060,cb88dfffb8fea0e56827d37f3c5496f2f6bccb480a2c307110667cb17f909151,2026-07-24T07:56:18,True
P2/Mini,study_runs,V100_P2_MINI_I05_R03,study_runs/V100_P2_MINI_I05_R03/checkpoint/118dc76560b3433fbe65bd463c78c82a/code.py,code.py,.py,6463,abb0c98e4299cd733993b739b65772aea18a916b630d6b0af6f40c44fdda0457,2026-07-24T08:05:03,True
P2/Mini,study_runs,V100_P2_MINI_I05_R03,study_runs/V100_P2_MINI_I05_R03/checkpoint/118dc76560b3433fbe65bd463c78c82a/exec_result.pkl,exec_result.pkl,.pkl,3170,a04ec8e8467f9cc5921a6ec3a4103bc6608953c5c0d73c4f4b97f84a907fb490,2026-07-24T08:02:25,True
P2/Mini,study_runs,V100_P2_MINI_I05_R03,study_runs/V100_P2_MINI_I05_R03/checkpoint/118dc76560b3433fbe65bd463c78c82a/out.log,out.log,.log,2979,fb0b90a1f33951d2798204df81de0a4ede7c05dd657268a5ef35e3c897269514,2026-07-24T08:02:25,True
P2/Mini,study_runs,V100_P2_MINI_I05_R03,study_runs/V100_P2_MINI_I05_R03/checkpoint/4e8de63c19d24f489ce960292edccdf4/code.py,code.py,.py,7272,62e162253b74d65a2eef0e97f66cd92d0a22ae91ce0eea2a5eacb1f8a823359b,2026-07-24T08:06:21,True
P2/Mini,study_runs,V100_P2_MINI_I05_R03,study_runs/V100_P2_MINI_I05_R03/checkpoint/4e8de63c19d24f489ce960292edccdf4/exec_result.pkl,exec_result.pkl,.pkl,3278,4d61205cf0e0ecde7149a2801464541922a71c37f94bb6462c3747ebcdbce6db,2026-07-24T08:04:33,True
P2/Mini,study_runs,V100_P2_MINI_I05_R03,study_runs/V100_P2_MINI_I05_R03/checkpoint/4e8de63c19d24f489ce960292edccdf4/out.log,out.log,.log,3081,0b9660058798aa923bb5ba1210206c0dea3655363809cabc35b77588ee58cff2,2026-07-24T08:04:33,True
P2/Mini,study_runs,V100_P2_MINI_I05_R03,study_runs/V100_P2_MINI_I05_R03/checkpoint/bb6016818975478f843b11195c1d1b9b/code.py,code.py,.py,4090,971a59655c437ca995bbd3e59c4edd53728ebb7735241ef30a47af889aaa3733,2026-07-24T08:01:00,True
P2/Mini,study_runs,V100_P2_MINI_I05_R03,study_runs/V100_P2_MINI_I05_R03/checkpoint/bb6016818975478f843b11195c1d1b9b/exec_result.pkl,exec_result.pkl,.pkl,4981,887730f0723a0a3bd81dc030d8358b15f255b185f2197e3645062d4925f08a6b,2026-07-24T07:59:03,True
P2/Mini,study_runs,V100_P2_MINI_I05_R03,study_runs/V100_P2_MINI_I05_R03/checkpoint/bb6016818975478f843b11195c1d1b9b/generated/checkpoints/err.log,err.log,.log,1195,4da430e9659bb61bd72765495936d07d95cfc1fd625a65a3cfd549baa46343ae,2026-07-24T07:59:02,True
P2/Mini,study_runs,V100_P2_MINI_I05_R03,study_runs/V100_P2_MINI_I05_R03/checkpoint/bb6016818975478f843b11195c1d1b9b/generated/checkpoints/MovieLens100K-69314d4c/LensKit.ImplicitMFScorer-f0dd7ecb-42/model.bpk,model.bpk,.bpk,1217951,fe833316c708845eec2d93e13384cf8315d3255dbe2dfa6dc5598500fdb2cc26,2026-07-24T07:57:58,True
P2/Mini,study_runs,V100_P2_MINI_I05_R03,study_runs/V100_P2_MINI_I05_R03/checkpoint/bb6016818975478f843b11195c1d1b9b/generated/checkpoints/MovieLens100K-69314d4c/LensKit.ImplicitMFScorer-f0dd7ecb-42/predictions.json,predictions.json,.json,38683682,93a182ba3ea2310e2bf0e042b67cf5358eaa70e5d688387028106dd88e2d15f7,2026-07-24T07:58:52,True
P2/Mini,study_runs,V100_P2_MINI_I05_R03,study_runs/V100_P2_MINI_I05_R03/checkpoint/bb6016818975478f843b11195c1d1b9b/generated/checkpoints/out.log,out.log,.log,0,e3b0c44298fc1c149afbf4c8996fb92427ae41e4649b934ca495991b7852b855,2026-07-24T07:59:02,True
P2/Mini,study_runs,V100_P2_MINI_I05_R03,study_runs/V100_P2_MINI_I05_R03/checkpoint/bb6016818975478f843b11195c1d1b9b/generated/checkpoints/progress.json,progress.json,.json,199,1e34a994efc3b3e696ac033646fcf7cd5e3ecac576fb90af6f825c2c95bf1488,2026-07-24T07:59:01,True
P2/Mini,study_runs,V100_P2_MINI_I05_R03,study_runs/V100_P2_MINI_I05_R03/checkpoint/bb6016818975478f843b11195c1d1b9b/generated/checkpoints/results.json,results.json,.json,281,29bc15001ec6b80b1e2061bcc52a14b16a86238dfefa15e8b6e7f3ca333a08b7,2026-07-24T07:59:02,True
P2/Mini,study_runs,V100_P2_MINI_I05_R03,study_runs/V100_P2_MINI_I05_R03/checkpoint/bb6016818975478f843b11195c1d1b9b/generated/prototype_ml100k_als/prototype_metadata.json,prototype_metadata.json,.json,712,21f827a0365482f38c84d82ae6802c5ab210efe8dfb50542dc7f48f7db24d982,2026-07-24T07:59:02,True
P2/Mini,study_runs,V100_P2_MINI_I05_R03,study_runs/V100_P2_MINI_I05_R03/checkpoint/bb6016818975478f843b11195c1d1b9b/generated/prototype_ml100k_als/prototype_plot.png,prototype_plot.png,.png,23989,b6f3759cb5170eee87b3dc213db9f0c97fdab27dc862f71428632b9d603403fd,2026-07-24T07:59:02,True
P2/Mini,study_runs,V100_P2_MINI_I05_R03,study_runs/V100_P2_MINI_I05_R03/checkpoint/bb6016818975478f843b11195c1d1b9b/generated/prototype_ml100k_als/prototype_results.csv,prototype_results.csv,.csv,29,23e81e95a9d920a4494d7cc2e8ac335e7d6ab24c79f3710f096e1e0b77cc7f63,2026-07-24T07:59:02,True
P2/Mini,study_runs,V100_P2_MINI_I05_R03,study_runs/V100_P2_MINI_I05_R03/checkpoint/bb6016818975478f843b11195c1d1b9b/out.log,out.log,.log,4738,6be3cd0f4e42a2711799310f816271e0930ea63ac44b9206f2895fcecfcc4b58,2026-07-24T07:59:03,True
P2/Mini,study_runs,V100_P2_MINI_I05_R03,study_runs/V100_P2_MINI_I05_R03/checkpoint/bb6016818975478f843b11195c1d1b9b_iteration1/code.py,code.py,.py,11782,2eb9c7a892c8beab123bb31db9f27ac1448c3f62d78d1db24d1afe7f7344a72c,2026-07-24T08:15:45,True
P2/Mini,study_runs,V100_P2_MINI_I05_R03,study_runs/V100_P2_MINI_I05_R03/checkpoint/bb6016818975478f843b11195c1d1b9b_iteration1/exec_result.pkl,exec_result.pkl,.pkl,2150,175ea14bf1fa757adbd9aeac719675c029aef654ce8c4adb61e703b0f33416de,2026-07-24T08:11:51,True
P2/Mini,study_runs,V100_P2_MINI_I05_R03,study_runs/V100_P2_MINI_I05_R03/checkpoint/bb6016818975478f843b11195c1d1b9b_iteration1/out.log,out.log,.log,1979,3bbc6c1596e805a17462bdf9c3e8f18ce5f5e7c51a4a0e23f3657bf2b1655eab,2026-07-24T08:11:51,True
P2/Mini,study_runs,V100_P2_MINI_I05_R03,study_runs/V100_P2_MINI_I05_R03/checkpoint/bb6016818975478f843b11195c1d1b9b_iteration2/code.py,code.py,.py,12646,ce4e5c8cac6b30d2d70363e6f29b3c88ad9699e2b4d8c07fae7da93173612703,2026-07-24T08:15:45,True
P2/Mini,study_runs,V100_P2_MINI_I05_R03,study_runs/V100_P2_MINI_I05_R03/checkpoint/bb6016818975478f843b11195c1d1b9b_iteration2/exec_result.pkl,exec_result.pkl,.pkl,2181,de83bbdfd1dd3547801ab3c7333c062b422659b31b5234176063442b3c3da1a5,2026-07-24T08:14:58,True
P2/Mini,study_runs,V100_P2_MINI_I05_R03,study_runs/V100_P2_MINI_I05_R03/checkpoint/bb6016818975478f843b11195c1d1b9b_iteration2/out.log,out.log,.log,2010,8e5adf78eb4cc3c6e61e7888acaf500600ad7c9d69a08ff4f4b158d89314e4a2,2026-07-24T08:14:58,True
P2/Mini,study_runs,V100_P2_MINI_I05_R03,study_runs/V100_P2_MINI_I05_R03/checkpoint/bb6016818975478f843b11195c1d1b9b_seed/code.py,code.py,.py,4090,971a59655c437ca995bbd3e59c4edd53728ebb7735241ef30a47af889aaa3733,2026-07-24T08:12:27,True
P2/Mini,study_runs,V100_P2_MINI_I05_R03,study_runs/V100_P2_MINI_I05_R03/checkpoint/bb6016818975478f843b11195c1d1b9b_seed/exec_result.pkl,exec_result.pkl,.pkl,4898,ad393eed828043ee35e568c5c46f744fd6f94f4ada7348cb9292586162d2644b,2026-07-24T08:09:09,True
P2/Mini,study_runs,V100_P2_MINI_I05_R03,study_runs/V100_P2_MINI_I05_R03/checkpoint/bb6016818975478f843b11195c1d1b9b_seed/generated/checkpoints/err.log,err.log,.log,1195,4da430e9659bb61bd72765495936d07d95cfc1fd625a65a3cfd549baa46343ae,2026-07-24T08:09:08,True
P2/Mini,study_runs,V100_P2_MINI_I05_R03,study_runs/V100_P2_MINI_I05_R03/checkpoint/bb6016818975478f843b11195c1d1b9b_seed/generated/checkpoints/MovieLens100K-69314d4c/LensKit.ImplicitMFScorer-f0dd7ecb-42/model.bpk,model.bpk,.bpk,1217800,6907e82609f97c1ed3417a8a1956c691db21a71b1a93394fe1591286468b41b8,2026-07-24T08:08:04,True
P2/Mini,study_runs,V100_P2_MINI_I05_R03,study_runs/V100_P2_MINI_I05_R03/checkpoint/bb6016818975478f843b11195c1d1b9b_seed/generated/checkpoints/MovieLens100K-69314d4c/LensKit.ImplicitMFScorer-f0dd7ecb-42/predictions.json,predictions.json,.json,38682819,2e4dc6a29c6f2c880230b2593e60d07e13a13c1398dfa3be98ac98c474036cdd,2026-07-24T08:08:59,True
P2/Mini,study_runs,V100_P2_MINI_I05_R03,study_runs/V100_P2_MINI_I05_R03/checkpoint/bb6016818975478f843b11195c1d1b9b_seed/generated/checkpoints/out.log,out.log,.log,0,e3b0c44298fc1c149afbf4c8996fb92427ae41e4649b934ca495991b7852b855,2026-07-24T08:09:08,True
P2/Mini,study_runs,V100_P2_MINI_I05_R03,study_runs/V100_P2_MINI_I05_R03/checkpoint/bb6016818975478f843b11195c1d1b9b_seed/generated/checkpoints/progress.json,progress.json,.json,199,1e34a994efc3b3e696ac033646fcf7cd5e3ecac576fb90af6f825c2c95bf1488,2026-07-24T08:09:07,True
P2/Mini,study_runs,V100_P2_MINI_I05_R03,study_runs/V100_P2_MINI_I05_R03/checkpoint/bb6016818975478f843b11195c1d1b9b_seed/generated/checkpoints/results.json,results.json,.json,281,140a431b2b572d0cfe7b03a8fcc7c0502962b694d01c544ce5be61bb8aeece2a,2026-07-24T08:09:08,True
P2/Mini,study_runs,V100_P2_MINI_I05_R03,study_runs/V100_P2_MINI_I05_R03/checkpoint/bb6016818975478f843b11195c1d1b9b_seed/generated/prototype_ml100k_als/prototype_metadata.json,prototype_metadata.json,.json,712,21f827a0365482f38c84d82ae6802c5ab210efe8dfb50542dc7f48f7db24d982,2026-07-24T08:09:09,True
P2/Mini,study_runs,V100_P2_MINI_I05_R03,study_runs/V100_P2_MINI_I05_R03/checkpoint/bb6016818975478f843b11195c1d1b9b_seed/generated/prototype_ml100k_als/prototype_plot.png,prototype_plot.png,.png,23989,b6f3759cb5170eee87b3dc213db9f0c97fdab27dc862f71428632b9d603403fd,2026-07-24T08:09:08,True
P2/Mini,study_runs,V100_P2_MINI_I05_R03,study_runs/V100_P2_MINI_I05_R03/checkpoint/bb6016818975478f843b11195c1d1b9b_seed/generated/prototype_ml100k_als/prototype_results.csv,prototype_results.csv,.csv,29,23e81e95a9d920a4494d7cc2e8ac335e7d6ab24c79f3710f096e1e0b77cc7f63,2026-07-24T08:09:08,True
P2/Mini,study_runs,V100_P2_MINI_I05_R03,study_runs/V100_P2_MINI_I05_R03/checkpoint/bb6016818975478f843b11195c1d1b9b_seed/out.log,out.log,.log,4657,69e3cd6093bd5deaa021c680a76f463daf5c8d39aa36aa8c0967d2086ddfc839,2026-07-24T08:09:09,True
P2/Mini,study_runs,V100_P2_MINI_I05_R03,study_runs/V100_P2_MINI_I05_R03/checkpoint/bfa7663983404f24937493600c50592b/code.py,code.py,.py,5162,117eb3136215b1ee66270bdc1b79d15d29c0b80ab0d50cddd612059788076d92,2026-07-24T08:10:03,True
P2/Mini,study_runs,V100_P2_MINI_I05_R03,study_runs/V100_P2_MINI_I05_R03/checkpoint/bfa7663983404f24937493600c50592b/exec_result.pkl,exec_result.pkl,.pkl,3058,74a61bb691edf85d1e18fbd5e407b62b003c4938c9fd2b074331a9038d7eae8a,2026-07-24T08:05:55,True
P2/Mini,study_runs,V100_P2_MINI_I05_R03,study_runs/V100_P2_MINI_I05_R03/checkpoint/bfa7663983404f24937493600c50592b/out.log,out.log,.log,2867,ae897c3f81a791d84489d5fa4d7adbacfd9c87e78a9e995823070c4bdbc37ab6,2026-07-24T08:05:55,True
P2/Mini,study_runs,V100_P2_MINI_I05_R03,study_runs/V100_P2_MINI_I05_R03/checkpoint/d120825e03b64063ac861973b9446c62/code.py,code.py,.py,3321,3fe773d7fb3b168c91a4184b570600eb9e720768cd54b24093be6a3fa81fddef,2026-07-24T07:56:44,True
P2/Mini,study_runs,V100_P2_MINI_I05_R03,study_runs/V100_P2_MINI_I05_R03/checkpoint/d120825e03b64063ac861973b9446c62/exec_result.pkl,exec_result.pkl,.pkl,3264,9067bf671ac42cbaea4a1dfdf12224fed604d538fca80dd2d2fc7228ac6e85ed,2026-07-24T07:54:49,True
P2/Mini,study_runs,V100_P2_MINI_I05_R03,study_runs/V100_P2_MINI_I05_R03/checkpoint/d120825e03b64063ac861973b9446c62/out.log,out.log,.log,3067,773527ca9976dfa5558c0fe0d32f7301ad382aea50167c56a3bac4957b022ad7,2026-07-24T07:54:49,True
P2/Mini,study_runs,V100_P2_MINI_I05_R03,study_runs/V100_P2_MINI_I05_R03/checkpoint/e0c1a41b238744329dd034fc54984f44/code.py,code.py,.py,7643,26337bc3ba0817233e146e48e55aadb0c53d8644c4f5e37349d0ea5c84fbb5d4,2026-07-24T08:02:54,True
P2/Mini,study_runs,V100_P2_MINI_I05_R03,study_runs/V100_P2_MINI_I05_R03/checkpoint/e0c1a41b238744329dd034fc54984f44/exec_result.pkl,exec_result.pkl,.pkl,3271,74411a88c26008b4d1427acb81a47eb49d9cf5e01e07c40788bf31cfb3b131ac,2026-07-24T08:00:41,True
P2/Mini,study_runs,V100_P2_MINI_I05_R03,study_runs/V100_P2_MINI_I05_R03/checkpoint/e0c1a41b238744329dd034fc54984f44/out.log,out.log,.log,3074,c485caa71de4df4173d7a83c3280c8dbd7dce99ae8a3558c53578b3b3455342a,2026-07-24T08:00:41,True
P2/Mini,study_runs,V100_P2_MINI_I05_R03,study_runs/V100_P2_MINI_I05_R03/code_requirements_final.json,code_requirements_final.json,.json,2411,871185fd52e4f5d23d4c0fcdcac7e530aec76bce5cdf13ff7178403e67ea44ed,2026-07-24T08:07:36,True
P2/Mini,study_runs,V100_P2_MINI_I05_R03,study_runs/V100_P2_MINI_I05_R03/code_requirements_prototype.json,code_requirements_prototype.json,.json,1205,e78e87a832f138bfbd7e84593e5e7f851f98392f1caae4784fce4261eea360a0,2026-07-24T07:53:48,True
P2/Mini,study_runs,V100_P2_MINI_I05_R03,study_runs/V100_P2_MINI_I05_R03/config.source.toml,config.source.toml,.toml,386,43ad328d9e971575946598bc6c906a320d878b57103e5825b7bc1b351074558f,2026-07-24T07:53:11,True
P2/Mini,study_runs,V100_P2_MINI_I05_R03,study_runs/V100_P2_MINI_I05_R03/config.toml,config.toml,.toml,416,65e50d1441af94be02507338b5acabbd242471b7478c85566aefbe7154553e37,2026-07-24T07:53:11,True
P2/Mini,study_runs,V100_P2_MINI_I05_R03,study_runs/V100_P2_MINI_I05_R03/costs_log.csv,costs_log.csv,.csv,15718,0c8ebbe902132ccd1df2c4a5ebadfa48766f1098d4b915c1acb73172cf36c777,2026-07-24T08:15:52,True
P2/Mini,study_runs,V100_P2_MINI_I05_R03,study_runs/V100_P2_MINI_I05_R03/debug.log,debug.log,.log,312269,39ae1f673067f73f9e852e4b337b693e088f0a83f76712a9c8669d0ad2239bc9,2026-07-24T08:15:56,True
P2/Mini,study_runs,V100_P2_MINI_I05_R03,study_runs/V100_P2_MINI_I05_R03/entered_prompt.txt,entered_prompt.txt,.txt,2147,de158b14873704c34fb7529e3af0e92fc11e8af82c48e4c18605f7f4fb69f7c2,2026-07-24T07:53:11,True
P2/Mini,study_runs,V100_P2_MINI_I05_R03,study_runs/V100_P2_MINI_I05_R03/save.pkl,save.pkl,.pkl,156144,b2e041ec290bd2b9f8aa0ae7f592eb48e6c0b194b9226e9be946d2b7ab987233,2026-07-24T08:06:29,True
P2/Mini,study_runs,V100_P2_MINI_I05_R03,study_runs/V100_P2_MINI_I05_R03/statistics/0_d120825e03b64063ac861973b9446c62.txt,0_d120825e03b64063ac861973b9446c62.txt,.txt,476,84d6617c2ae626e8c30d3dfeffaeb44f952b5a03f307f753e9d6e9a68798f156,2026-07-24T07:55:08,True
P2/Mini,study_runs,V100_P2_MINI_I05_R03,study_runs/V100_P2_MINI_I05_R03/statistics/1_0f65d6e0ff044a9a8a56233fb5c61cf7.txt,1_0f65d6e0ff044a9a8a56233fb5c61cf7.txt,.txt,479,b02acd7a4f6a05b9e5e2653acf90243cabbf0784c2a8cdf085825a2bdbc1405d,2026-07-24T07:56:45,True
P2/Mini,study_runs,V100_P2_MINI_I05_R03,study_runs/V100_P2_MINI_I05_R03/statistics/2_bb6016818975478f843b11195c1d1b9b.txt,2_bb6016818975478f843b11195c1d1b9b.txt,.txt,484,53699764c347d72514820bed3b4b53605fabf047abe1b7100b8486dfa062ae1a,2026-07-24T07:59:22,True
P2/Mini,study_runs,V100_P2_MINI_I05_R03,study_runs/V100_P2_MINI_I05_R03/statistics/3_e0c1a41b238744329dd034fc54984f44.txt,3_e0c1a41b238744329dd034fc54984f44.txt,.txt,480,bd50b03ead3a4558ab6ea331673145f37863b8046763dcbc84ccff1af043ef60,2026-07-24T08:01:00,True
P2/Mini,study_runs,V100_P2_MINI_I05_R03,study_runs/V100_P2_MINI_I05_R03/statistics/4_118dc76560b3433fbe65bd463c78c82a.txt,4_118dc76560b3433fbe65bd463c78c82a.txt,.txt,485,38d4cbdef39750eaa6771181fe8f597b9665eb4bbc8219cb580dee2597ade3d3,2026-07-24T08:02:54,True
P2/Mini,study_runs,V100_P2_MINI_I05_R03,study_runs/V100_P2_MINI_I05_R03/statistics/5_4e8de63c19d24f489ce960292edccdf4.txt,5_4e8de63c19d24f489ce960292edccdf4.txt,.txt,479,5d9bd024bd769483f29e5ebfa7ef45ae2bd3b74d45cacfe42957af0c277ba3f9,2026-07-24T08:05:03,True
P2/Mini,study_runs,V100_P2_MINI_I05_R03,study_runs/V100_P2_MINI_I05_R03/statistics/6_bfa7663983404f24937493600c50592b.txt,6_bfa7663983404f24937493600c50592b.txt,.txt,502,c2affdee4c1c2898d2da13bd36e293716496daa99e2dd99c7cf3a88f7b4b702e,2026-07-24T08:06:21,True
P2/Mini,study_runs,V100_P2_MINI_I05_R03,study_runs/V100_P2_MINI_I05_R03/statistics/7_bb6016818975478f843b11195c1d1b9b_seed.txt,7_bb6016818975478f843b11195c1d1b9b_seed.txt,.txt,491,204b1c386667bbd7d08079273c2373d386dcdaf53530de1f882ef182b14f53fe,2026-07-24T08:10:03,True
P2/Mini,study_runs,V100_P2_MINI_I05_R03,study_runs/V100_P2_MINI_I05_R03/statistics/8_bb6016818975478f843b11195c1d1b9b_iteration1.txt,8_bb6016818975478f843b11195c1d1b9b_iteration1.txt,.txt,505,9bd0086b30d90d474518004ce4011ba4f5dd950d9d5a281923c1235293a1ee1f,2026-07-24T08:12:27,True
P2/Mini,study_runs,V100_P2_MINI_I05_R03,study_runs/V100_P2_MINI_I05_R03/statistics/9_bb6016818975478f843b11195c1d1b9b_iteration2.txt,9_bb6016818975478f843b11195c1d1b9b_iteration2.txt,.txt,513,bd72d2c88896098a409906b9b727b34f5f2345fbf2212b46b3181b15b81dd319,2026-07-24T08:15:45,True
P2/Mini,study_runs,V100_P2_MINI_I05_R03,study_runs/V100_P2_MINI_I05_R03/statistics/arguments_per_function.png,arguments_per_function.png,.png,67512,8fff192cb65a40311853b6341401ad6eb9bbdc3e5c30fc7d4bd6f428114b4c06,2026-07-24T08:15:54,True
P2/Mini,study_runs,V100_P2_MINI_I05_R03,study_runs/V100_P2_MINI_I05_R03/statistics/classes.png,classes.png,.png,53227,d448df2c0e44377e5ba8853972d35c271be278e63c03d0abd22c1b6cdb60a2cb,2026-07-24T08:15:54,True
P2/Mini,study_runs,V100_P2_MINI_I05_R03,study_runs/V100_P2_MINI_I05_R03/statistics/comment_lines.png,comment_lines.png,.png,54897,6f035d7473747062e5399194efb7665bf8354ccf74d1b12e70d81ff2d36dcafc,2026-07-24T08:15:53,True
P2/Mini,study_runs,V100_P2_MINI_I05_R03,study_runs/V100_P2_MINI_I05_R03/statistics/conditions.png,conditions.png,.png,62540,6f7a7cb81f6272abd16ce351e3bed7c9a70e9f5829e0d1422f1b4f3f90da7394,2026-07-24T08:15:55,True
P2/Mini,study_runs,V100_P2_MINI_I05_R03,study_runs/V100_P2_MINI_I05_R03/statistics/deletions.png,deletions.png,.png,76131,6ce4b7cf03ae2fbf3d05dbc521e358d9a73e5bf4469e3ffe1f131ce7c3d63660,2026-07-24T08:15:56,True
P2/Mini,study_runs,V100_P2_MINI_I05_R03,study_runs/V100_P2_MINI_I05_R03/statistics/empty_lines.png,empty_lines.png,.png,59542,739e40cca33cab8e690bca8e9e9d8481d8072b8f0930e711db213f67eedbc44a,2026-07-24T08:15:53,True
P2/Mini,study_runs,V100_P2_MINI_I05_R03,study_runs/V100_P2_MINI_I05_R03/statistics/execution_time.png,execution_time.png,.png,74384,bd3b44965c8d9e3eec7c13315287f871ebbff57138927f17547143224e34cc0a,2026-07-24T08:15:52,True
P2/Mini,study_runs,V100_P2_MINI_I05_R03,study_runs/V100_P2_MINI_I05_R03/statistics/functions.png,functions.png,.png,57716,ecfa14dc3ef4c4d61e32da5181d368579768fb7ed143c86c6753025ecffab662,2026-07-24T08:15:54,True
P2/Mini,study_runs,V100_P2_MINI_I05_R03,study_runs/V100_P2_MINI_I05_R03/statistics/insertions.png,insertions.png,.png,65520,f6c9073b66ed1d2baa5fc71d421fee8fba7d35109a8bd82e83e26edd97ecbe22,2026-07-24T08:15:56,True
P2/Mini,study_runs,V100_P2_MINI_I05_R03,study_runs/V100_P2_MINI_I05_R03/statistics/libraries_imported.png,libraries_imported.png,.png,55522,37b5bac7867a412db3f8a750559c42332d30671b7e06bfc7c2f49281e0b08633,2026-07-24T08:15:54,True
P2/Mini,study_runs,V100_P2_MINI_I05_R03,study_runs/V100_P2_MINI_I05_R03/statistics/lines_of_code.png,lines_of_code.png,.png,70049,bfff030db32babf7391a7f83daaa08c9750d910e77b85a779142a79a6186def8,2026-07-24T08:15:52,True
P2/Mini,study_runs,V100_P2_MINI_I05_R03,study_runs/V100_P2_MINI_I05_R03/statistics/loops.png,loops.png,.png,58170,4937aa59df28d59fdde5e77afb173a2995fd1819cc1b2095d3abe20c78a17eec,2026-07-24T08:15:55,True
P2/Mini,study_runs,V100_P2_MINI_I05_R03,study_runs/V100_P2_MINI_I05_R03/statistics/summary_overall_nodes.txt,summary_overall_nodes.txt,.txt,488,45336b76e24ba57b46bc4377091ed05c59ebccff180426b3ff179914b978948f,2026-07-24T08:15:52,True
P2/Mini,study_runs,V100_P2_MINI_I05_R03,study_runs/V100_P2_MINI_I05_R03/statistics/total_characters.png,total_characters.png,.png,76013,971f063394b82146a040b4ce2542e9dc4bb4d068fd9c07206a8981c3adaf0411,2026-07-24T08:15:53,True
P2/Mini,study_runs,V100_P2_MINI_I05_R03,study_runs/V100_P2_MINI_I05_R03/statistics/variable_assignments.png,variable_assignments.png,.png,66353,b9a33cf6adf63f03946f4b1aa6003f400079a3d73b9b3f162c0bbccff183d6dc,2026-07-24T08:15:55,True
P2/Mini,study_runs,V100_P2_MINI_I05_R03,study_runs/V100_P2_MINI_I05_R03/summary.md,summary.md,.md,4053,46ebf1ae5fb21e96a8540adf7fa8f146bcb5ff48876c1f6c61b3b90f17958e9e,2026-07-24T08:15:52,True
P2/Mini,study_runs,V100_P2_MINI_I05_R03,study_runs/V100_P2_MINI_I05_R03/tree_render/pdf/combined_tree.pdf,combined_tree.pdf,.pdf,21893,f9f8af5659de270acb358027fa965378169a937d83077542a6ab02ba75b50af3,2026-07-24T08:06:28,True
P2/Mini,study_runs,V100_P2_MINI_I05_R03,study_runs/V100_P2_MINI_I05_R03/tree_render/pdf/tree_0.pdf,tree_0.pdf,.pdf,21579,876a74d015d82e9bb56af85a11f9e0552ac4f5aeefb8c234d835121a5ad8e19e,2026-07-24T08:06:23,True
P2/Mini,study_runs,V100_P2_MINI_I05_R03,study_runs/V100_P2_MINI_I05_R03/tree_render/pdf/tree_1.pdf,tree_1.pdf,.pdf,19164,aa99b1aa28b46fa99c8d4a48195506bb47d50818a83136e1414717d076e21fde,2026-07-24T08:06:25,True
P2/Mini,study_runs,V100_P2_MINI_I05_R03,study_runs/V100_P2_MINI_I05_R03/tree_render/png/combined_tree.png,combined_tree.png,.png,65486,51e44084be4b8b8eac0e93a9dbe6793d47a4ed58288754dac934b7b08ec1a0cc,2026-07-24T08:06:27,True
P2/Mini,study_runs,V100_P2_MINI_I05_R03,study_runs/V100_P2_MINI_I05_R03/tree_render/png/tree_0.png,tree_0.png,.png,49170,2a4ccabc7dd653de8f49c1ddbefb67dbd822a4f1ec53adc7a7af6b380fd49085,2026-07-24T08:06:22,True
P2/Mini,study_runs,V100_P2_MINI_I05_R03,study_runs/V100_P2_MINI_I05_R03/tree_render/png/tree_1.png,tree_1.png,.png,21432,2b8c68dfd857d5a1720b8a60d120d214676759b6700215f2df8bcf9eb97624bc,2026-07-24T08:06:24,True
P2/Mini,study_runs,V100_P2_MINI_I05_R03,study_runs/V100_P2_MINI_I05_R03/tree_render/svg/combined_tree.svg,combined_tree.svg,.svg,10584,2e0a00293eb77492f9ff0e9c60dd352174e08f4c70d35725178ab994f609586e,2026-07-24T08:06:29,True
P2/Mini,study_runs,V100_P2_MINI_I05_R03,study_runs/V100_P2_MINI_I05_R03/tree_render/svg/tree_0.svg,tree_0.svg,.svg,7929,541d5766449a48a6ba7a77765f61ffb42ec977ddbc611bbdaa7d4fc94debf4f1,2026-07-24T08:06:23,True
P2/Mini,study_runs,V100_P2_MINI_I05_R03,study_runs/V100_P2_MINI_I05_R03/tree_render/svg/tree_1.svg,tree_1.svg,.svg,3176,f2e69b3c0608b6edbb0e5a8080b4dbbb1134f9997091ee943cb177bac735342d,2026-07-24T08:06:26,True
P2/Mini,study_runs,V100_P2_MINI_I05_R04,study_runs/V100_P2_MINI_I05_R04/checkpoint/047f8fbab57744baa1ff88133be15718/code.py,code.py,.py,6196,a3485c4aead42e937ef23a46f3484c859e27d10d9bd340b484489bb8a5b632f6,2026-07-24T08:12:21,True
P2/Mini,study_runs,V100_P2_MINI_I05_R04,study_runs/V100_P2_MINI_I05_R04/checkpoint/047f8fbab57744baa1ff88133be15718/exec_result.pkl,exec_result.pkl,.pkl,1925,c138757d097b8fc6a95a9edd80c52eeb0695f1901f4275e0a9120ba3bb95ebdc,2026-07-24T08:09:23,True
P2/Mini,study_runs,V100_P2_MINI_I05_R04,study_runs/V100_P2_MINI_I05_R04/checkpoint/047f8fbab57744baa1ff88133be15718/out.log,out.log,.log,1754,f4ae13bb2f20e3610bba87cbaf7326823b85f560e82f9bea983b1db6b6728f3c,2026-07-24T08:09:23,True
P2/Mini,study_runs,V100_P2_MINI_I05_R04,study_runs/V100_P2_MINI_I05_R04/checkpoint/0a3dd6188e4845cf99ed89465036aa3d/code.py,code.py,.py,7273,d5fc4b66f27f83a0d149929bbd25463b4dcf4a1c25d54725163b12c5e90278e8,2026-07-24T08:10:06,True
P2/Mini,study_runs,V100_P2_MINI_I05_R04,study_runs/V100_P2_MINI_I05_R04/checkpoint/0a3dd6188e4845cf99ed89465036aa3d/exec_result.pkl,exec_result.pkl,.pkl,4904,09c665cd1d01e88e47dac49a69e4e11de9c77de02c55db102238daa8bccd93e4,2026-07-24T08:07:32,True
P2/Mini,study_runs,V100_P2_MINI_I05_R04,study_runs/V100_P2_MINI_I05_R04/checkpoint/0a3dd6188e4845cf99ed89465036aa3d/out.log,out.log,.log,4669,a04f91dfccf29cff18fec099bb398c22ef2c88fb6ca49464a2ef00cf0cc74669,2026-07-24T08:07:32,True
P2/Mini,study_runs,V100_P2_MINI_I05_R04,study_runs/V100_P2_MINI_I05_R04/checkpoint/2dc65852f2f2454f9b7b0eda7918f932/code.py,code.py,.py,5978,aec2f5e66949f3aefd61a94a1eeab1bec30db771dc003947e489f07720a2106e,2026-07-24T08:15:53,True
P2/Mini,study_runs,V100_P2_MINI_I05_R04,study_runs/V100_P2_MINI_I05_R04/checkpoint/2dc65852f2f2454f9b7b0eda7918f932/exec_result.pkl,exec_result.pkl,.pkl,5235,90d64db86ed278338c87fb2b12b5bbea39df5c4f7704b5d6b6609ba092af2fbb,2026-07-24T08:14:06,True
P2/Mini,study_runs,V100_P2_MINI_I05_R04,study_runs/V100_P2_MINI_I05_R04/checkpoint/2dc65852f2f2454f9b7b0eda7918f932/out.log,out.log,.log,4992,d079e92f4e507db3a1442f430f9283ecc0054fbbc5cdae2e093f8d66514b970c,2026-07-24T08:14:06,True
P2/Mini,study_runs,V100_P2_MINI_I05_R04,study_runs/V100_P2_MINI_I05_R04/checkpoint/36f6519c404c434d8abcf236b5052955/code.py,code.py,.py,8440,88e503a9d9b4524c1775241c29c07d64cf3bb1bbf3b17756d8a7ff3a74df5afd,2026-07-24T08:06:11,True
P2/Mini,study_runs,V100_P2_MINI_I05_R04,study_runs/V100_P2_MINI_I05_R04/checkpoint/36f6519c404c434d8abcf236b5052955/exec_result.pkl,exec_result.pkl,.pkl,5098,73376befa1e4eca2b0f776b189cbf0eee3ec52a5d5e65f1249391d616a8cab81,2026-07-24T08:03:47,True
P2/Mini,study_runs,V100_P2_MINI_I05_R04,study_runs/V100_P2_MINI_I05_R04/checkpoint/36f6519c404c434d8abcf236b5052955/out.log,out.log,.log,4857,c68ffc219890ce6dc582ac8bbf94fd0ebc784c86553b0a4b869aadb9656d804f,2026-07-24T08:03:47,True
P2/Mini,study_runs,V100_P2_MINI_I05_R04,study_runs/V100_P2_MINI_I05_R04/checkpoint/a7da6e331d104fd5a77a095434658fdf/code.py,code.py,.py,5471,d2147b2c9693771f071f2c8de73fcbf34b2bbc448eb4bec41d05835c40baea04,2026-07-24T08:08:00,True
P2/Mini,study_runs,V100_P2_MINI_I05_R04,study_runs/V100_P2_MINI_I05_R04/checkpoint/a7da6e331d104fd5a77a095434658fdf/exec_result.pkl,exec_result.pkl,.pkl,5232,afdb6c59653ebd4f0f249d6a387576fc1d407052b60a92abd4adc252eb0d9409,2026-07-24T08:05:41,True
P2/Mini,study_runs,V100_P2_MINI_I05_R04,study_runs/V100_P2_MINI_I05_R04/checkpoint/a7da6e331d104fd5a77a095434658fdf/out.log,out.log,.log,4987,42c751e9093129aa35681e56b45babf25b28f1fa9e736f41ca79f64fac86b093,2026-07-24T08:05:41,True
P2/Mini,study_runs,V100_P2_MINI_I05_R04,study_runs/V100_P2_MINI_I05_R04/checkpoint/a7da6e331d104fd5a77a095434658fdf_iteration1/code.py,code.py,.py,5471,361b8485b0344a6ff4b524d0f8406c3077b06e7c825a002f1eb15d65e5e286be,2026-07-24T08:21:26,True
P2/Mini,study_runs,V100_P2_MINI_I05_R04,study_runs/V100_P2_MINI_I05_R04/checkpoint/a7da6e331d104fd5a77a095434658fdf_iteration1/exec_result.pkl,exec_result.pkl,.pkl,4572,ea1e24f71f327bbbf5c39e18c876aeca91020d7438d532a439a972cc1244eb83,2026-07-24T08:17:26,True
P2/Mini,study_runs,V100_P2_MINI_I05_R04,study_runs/V100_P2_MINI_I05_R04/checkpoint/a7da6e331d104fd5a77a095434658fdf_iteration1/generated/checkpoints/err.log,err.log,.log,1413,b3c5674e1401c21f8e413a5477d8ecf68071b268a0b524f4844ea93aa784187b,2026-07-24T08:17:25,True
P2/Mini,study_runs,V100_P2_MINI_I05_R04,study_runs/V100_P2_MINI_I05_R04/checkpoint/a7da6e331d104fd5a77a095434658fdf_iteration1/generated/checkpoints/MovieLens100K-938abed0/LensKit.ItemKNNScorer-7dcab4cb-7/model.bpk,model.bpk,.bpk,2807580,fbb1854b99141c97b57781ee6b7ca25f2e127e560e8974163cec119793a48847,2026-07-24T08:16:50,True
P2/Mini,study_runs,V100_P2_MINI_I05_R04,study_runs/V100_P2_MINI_I05_R04/checkpoint/a7da6e331d104fd5a77a095434658fdf_iteration1/generated/checkpoints/MovieLens100K-938abed0/LensKit.ItemKNNScorer-7dcab4cb-7/predictions.json,predictions.json,.json,36267902,cf75c215024c504d22969f31b4a5597bfac95bdedb195e91666e5867fcd59bd8,2026-07-24T08:17:16,True
P2/Mini,study_runs,V100_P2_MINI_I05_R04,study_runs/V100_P2_MINI_I05_R04/checkpoint/a7da6e331d104fd5a77a095434658fdf_iteration1/generated/checkpoints/out.log,out.log,.log,0,e3b0c44298fc1c149afbf4c8996fb92427ae41e4649b934ca495991b7852b855,2026-07-24T08:17:25,True
P2/Mini,study_runs,V100_P2_MINI_I05_R04,study_runs/V100_P2_MINI_I05_R04/checkpoint/a7da6e331d104fd5a77a095434658fdf_iteration1/generated/checkpoints/progress.json,progress.json,.json,273,00119299154e2b719130a159dff793ecc217cbcf631230290cb1cb4991782463,2026-07-24T08:17:24,True
P2/Mini,study_runs,V100_P2_MINI_I05_R04,study_runs/V100_P2_MINI_I05_R04/checkpoint/a7da6e331d104fd5a77a095434658fdf_iteration1/generated/checkpoints/results.json,results.json,.json,273,0360ce599969a43540b8b094181f2c597cdf76488fb9a79b1274e1fd88361d59,2026-07-24T08:17:25,True
P2/Mini,study_runs,V100_P2_MINI_I05_R04,study_runs/V100_P2_MINI_I05_R04/checkpoint/a7da6e331d104fd5a77a095434658fdf_iteration1/generated/prototype_metadata.json,prototype_metadata.json,.json,631,670e4385b58525b18f5ae98f687b9216858e2a74ad0f9cbcf2e4c52be4e99edb,2026-07-24T08:17:25,True
P2/Mini,study_runs,V100_P2_MINI_I05_R04,study_runs/V100_P2_MINI_I05_R04/checkpoint/a7da6e331d104fd5a77a095434658fdf_iteration1/out.log,out.log,.log,4355,cec8cf674984a98277702cf59983705ea800905d4c78ba867d637d79a041c0e8,2026-07-24T08:17:26,True
P2/Mini,study_runs,V100_P2_MINI_I05_R04,study_runs/V100_P2_MINI_I05_R04/checkpoint/a7da6e331d104fd5a77a095434658fdf_iteration2/code.py,code.py,.py,12496,e35508979673ddd64025c86aaa6bdcc955b4f0a756f31aac33f4354589de5801,2026-07-24T08:21:26,True
P2/Mini,study_runs,V100_P2_MINI_I05_R04,study_runs/V100_P2_MINI_I05_R04/checkpoint/a7da6e331d104fd5a77a095434658fdf_iteration2/exec_result.pkl,exec_result.pkl,.pkl,3345,b3de10f5e0dabf29c6beeaac7f75ee1a2f53e332653d51a886fdef39a5cd7159,2026-07-24T08:20:49,True
P2/Mini,study_runs,V100_P2_MINI_I05_R04,study_runs/V100_P2_MINI_I05_R04/checkpoint/a7da6e331d104fd5a77a095434658fdf_iteration2/generated/MovieLens100K_canonical.csv,MovieLens100K_canonical.csv,.csv,1259020,b6adede7516c782eed6643148a39921b56c33b9dc6ed4815f8f309ed91debf62,2026-07-24T08:20:49,True
P2/Mini,study_runs,V100_P2_MINI_I05_R04,study_runs/V100_P2_MINI_I05_R04/checkpoint/a7da6e331d104fd5a77a095434658fdf_iteration2/out.log,out.log,.log,3140,04c5e82a93187eb9de29d83d5645c29efdad8c1d1ac8e6a98c009087181e20da,2026-07-24T08:20:49,True
P2/Mini,study_runs,V100_P2_MINI_I05_R04,study_runs/V100_P2_MINI_I05_R04/checkpoint/a7da6e331d104fd5a77a095434658fdf_seed/code.py,code.py,.py,5471,d2147b2c9693771f071f2c8de73fcbf34b2bbc448eb4bec41d05835c40baea04,2026-07-24T08:17:53,True
P2/Mini,study_runs,V100_P2_MINI_I05_R04,study_runs/V100_P2_MINI_I05_R04/checkpoint/a7da6e331d104fd5a77a095434658fdf_seed/exec_result.pkl,exec_result.pkl,.pkl,5232,21a71bbf8e04f638f1aa74c5d6bbf2e93a7f7967cce76a2dbd9b44cd47d9494a,2026-07-24T08:15:09,True
P2/Mini,study_runs,V100_P2_MINI_I05_R04,study_runs/V100_P2_MINI_I05_R04/checkpoint/a7da6e331d104fd5a77a095434658fdf_seed/out.log,out.log,.log,4987,7a0f02c9acee42bcc69b4883ca1fb053b91322d812d358dfd546cec86800aca1,2026-07-24T08:15:09,True
P2/Mini,study_runs,V100_P2_MINI_I05_R04,study_runs/V100_P2_MINI_I05_R04/checkpoint/ee6a34d0626740f2b6338c6760267948/code.py,code.py,.py,7044,8fac1b9a72057acc5dc61543c006679715e4fb94dd68ab9568e9f2279ab60a20,2026-07-24T08:14:27,True
P2/Mini,study_runs,V100_P2_MINI_I05_R04,study_runs/V100_P2_MINI_I05_R04/checkpoint/ee6a34d0626740f2b6338c6760267948/exec_result.pkl,exec_result.pkl,.pkl,2126,18e98150046dfdc3ed683ebcffab2f19c445536ea5157f5a469246849d38a796,2026-07-24T08:13:08,True
P2/Mini,study_runs,V100_P2_MINI_I05_R04,study_runs/V100_P2_MINI_I05_R04/checkpoint/ee6a34d0626740f2b6338c6760267948/out.log,out.log,.log,1955,7ae8dca1e82e945d5c9bada5a3a89e1b42a67104e5a7185e3bc09a706ce65a9a,2026-07-24T08:13:08,True
P2/Mini,study_runs,V100_P2_MINI_I05_R04,study_runs/V100_P2_MINI_I05_R04/checkpoint/f09518c6d4d245dfb82bdffc09481f14/code.py,code.py,.py,7260,486ba4d84913382849d3679f3754e43e3580a55934d9a2a07467c5bcb309381c,2026-07-24T08:13:27,True
P2/Mini,study_runs,V100_P2_MINI_I05_R04,study_runs/V100_P2_MINI_I05_R04/checkpoint/f09518c6d4d245dfb82bdffc09481f14/exec_result.pkl,exec_result.pkl,.pkl,3423,f64d0033344e8666d2abb214c222947910e503f490efa172b1a5c30e0f438ebf,2026-07-24T08:11:35,True
P2/Mini,study_runs,V100_P2_MINI_I05_R04,study_runs/V100_P2_MINI_I05_R04/checkpoint/f09518c6d4d245dfb82bdffc09481f14/out.log,out.log,.log,3224,49d37c10542fda2ed647a63bbc45cfe2cea11c6dd98a7892f3edbaaeb5d080de,2026-07-24T08:11:35,True
P2/Mini,study_runs,V100_P2_MINI_I05_R04,study_runs/V100_P2_MINI_I05_R04/code_requirements_final.json,code_requirements_final.json,.json,2321,4b2486b81236af8c58ae0385e0dc85a067477902e4fd4eec58102e22da60f8c7,2026-07-24T08:15:03,True
P2/Mini,study_runs,V100_P2_MINI_I05_R04,study_runs/V100_P2_MINI_I05_R04/code_requirements_prototype.json,code_requirements_prototype.json,.json,1186,721ba87c53fcedd32f817eacba689a06326b77d20f6e80e9f6085f1538bbf00d,2026-07-24T08:01:40,True
P2/Mini,study_runs,V100_P2_MINI_I05_R04,study_runs/V100_P2_MINI_I05_R04/config.source.toml,config.source.toml,.toml,386,43ad328d9e971575946598bc6c906a320d878b57103e5825b7bc1b351074558f,2026-07-24T08:01:04,True
P2/Mini,study_runs,V100_P2_MINI_I05_R04,study_runs/V100_P2_MINI_I05_R04/config.toml,config.toml,.toml,416,0bd26f6db5e123b63125a2de0bd0dc7575d3689ab25daa030aaecf1915bddbcf,2026-07-24T08:01:04,True
P2/Mini,study_runs,V100_P2_MINI_I05_R04,study_runs/V100_P2_MINI_I05_R04/costs_log.csv,costs_log.csv,.csv,15181,a448e22be811374480b0715c7ad041503c683c2bf10807b4cb62e4d6a377286a,2026-07-24T08:21:31,True
P2/Mini,study_runs,V100_P2_MINI_I05_R04,study_runs/V100_P2_MINI_I05_R04/debug.log,debug.log,.log,293047,783c7f919378bc886061d4304f89a5584ef3717866cde054975c1a01e146abfe,2026-07-24T08:21:35,True
P2/Mini,study_runs,V100_P2_MINI_I05_R04,study_runs/V100_P2_MINI_I05_R04/entered_prompt.txt,entered_prompt.txt,.txt,2147,de158b14873704c34fb7529e3af0e92fc11e8af82c48e4c18605f7f4fb69f7c2,2026-07-24T08:01:04,True
P2/Mini,study_runs,V100_P2_MINI_I05_R04,study_runs/V100_P2_MINI_I05_R04/save.pkl,save.pkl,.pkl,163057,aba88f5fb1111675010fe1aadfa9e3cc3cfffb3912ba6f7eca1b0c634ef7c9a0,2026-07-24T08:14:34,True
P2/Mini,study_runs,V100_P2_MINI_I05_R04,study_runs/V100_P2_MINI_I05_R04/statistics/0_36f6519c404c434d8abcf236b5052955.txt,0_36f6519c404c434d8abcf236b5052955.txt,.txt,505,e571c53e70525c69c21c6b8e24c32be47164e06cc860e9bf73efdee574bbdfd5,2026-07-24T08:04:51,True
P2/Mini,study_runs,V100_P2_MINI_I05_R04,study_runs/V100_P2_MINI_I05_R04/statistics/1_a7da6e331d104fd5a77a095434658fdf.txt,1_a7da6e331d104fd5a77a095434658fdf.txt,.txt,511,aae1e0c4397295e3526454373807005ae91f4c52a8ce0f041382d44a6e0628d4,2026-07-24T08:06:11,True
P2/Mini,study_runs,V100_P2_MINI_I05_R04,study_runs/V100_P2_MINI_I05_R04/statistics/2_0a3dd6188e4845cf99ed89465036aa3d.txt,2_0a3dd6188e4845cf99ed89465036aa3d.txt,.txt,491,02ad83dea872b744bcaf16357ae258e246f17dd1b7d11c4fe7691cc60362497f,2026-07-24T08:08:00,True
P2/Mini,study_runs,V100_P2_MINI_I05_R04,study_runs/V100_P2_MINI_I05_R04/statistics/3_047f8fbab57744baa1ff88133be15718.txt,3_047f8fbab57744baa1ff88133be15718.txt,.txt,489,658e8bf08898655feedfea920ac27bbdcc876a02316764088da6453bfcfd80af,2026-07-24T08:10:07,True
P2/Mini,study_runs,V100_P2_MINI_I05_R04,study_runs/V100_P2_MINI_I05_R04/statistics/4_f09518c6d4d245dfb82bdffc09481f14.txt,4_f09518c6d4d245dfb82bdffc09481f14.txt,.txt,473,1a0d28a5e8cbebd03637fe9983cf75e3f831ffa75da075a21d53f3494f34b1e0,2026-07-24T08:12:21,True
P2/Mini,study_runs,V100_P2_MINI_I05_R04,study_runs/V100_P2_MINI_I05_R04/statistics/5_ee6a34d0626740f2b6338c6760267948.txt,5_ee6a34d0626740f2b6338c6760267948.txt,.txt,493,a7fced9163a74300b6e042b30d87f5333befef9bf6b2b72aae2b5b29cdc627f7,2026-07-24T08:13:27,True
P2/Mini,study_runs,V100_P2_MINI_I05_R04,study_runs/V100_P2_MINI_I05_R04/statistics/6_2dc65852f2f2454f9b7b0eda7918f932.txt,6_2dc65852f2f2454f9b7b0eda7918f932.txt,.txt,481,8d897393a221f06d186899aaf8d5ea771095a986cb998b3f2b94bc67e647b771,2026-07-24T08:14:27,True
P2/Mini,study_runs,V100_P2_MINI_I05_R04,study_runs/V100_P2_MINI_I05_R04/statistics/7_a7da6e331d104fd5a77a095434658fdf_seed.txt,7_a7da6e331d104fd5a77a095434658fdf_seed.txt,.txt,498,8eda71ee6a89a2d188043a48496fb785c86278516658c40608b79d5a43065be0,2026-07-24T08:15:53,True
P2/Mini,study_runs,V100_P2_MINI_I05_R04,study_runs/V100_P2_MINI_I05_R04/statistics/8_a7da6e331d104fd5a77a095434658fdf_iteration1.txt,8_a7da6e331d104fd5a77a095434658fdf_iteration1.txt,.txt,503,cac5d3a11337001de36f6147c377f5cc33d765891f25440a1a507a7710c59c67,2026-07-24T08:17:53,True
P2/Mini,study_runs,V100_P2_MINI_I05_R04,study_runs/V100_P2_MINI_I05_R04/statistics/9_a7da6e331d104fd5a77a095434658fdf_iteration2.txt,9_a7da6e331d104fd5a77a095434658fdf_iteration2.txt,.txt,495,c86816498666545a8b85b26c85cc5f6729c8294ccc0b31c0534dfe68441edb0c,2026-07-24T08:21:26,True
P2/Mini,study_runs,V100_P2_MINI_I05_R04,study_runs/V100_P2_MINI_I05_R04/statistics/arguments_per_function.png,arguments_per_function.png,.png,70082,55f9044c17e71b3d7c5e71194d02550beed7e591dd68d9e59b75d240a984a4a5,2026-07-24T08:21:34,True
P2/Mini,study_runs,V100_P2_MINI_I05_R04,study_runs/V100_P2_MINI_I05_R04/statistics/classes.png,classes.png,.png,41804,8ed235fbf00ef4d88f281a1a3becb2103c861c21768a80e91cabab70f538a258,2026-07-24T08:21:33,True
P2/Mini,study_runs,V100_P2_MINI_I05_R04,study_runs/V100_P2_MINI_I05_R04/statistics/comment_lines.png,comment_lines.png,.png,60098,73b58aeceff699a573a942b6025ae5a2bfaaed72d63571b3e48b73c6a3c4c940,2026-07-24T08:21:32,True
P2/Mini,study_runs,V100_P2_MINI_I05_R04,study_runs/V100_P2_MINI_I05_R04/statistics/conditions.png,conditions.png,.png,54654,ac039e15823c279cdae0d730e4a99454cdfbdbfb2dddbdcde1de2291a0abe578,2026-07-24T08:21:35,True
P2/Mini,study_runs,V100_P2_MINI_I05_R04,study_runs/V100_P2_MINI_I05_R04/statistics/deletions.png,deletions.png,.png,75239,d1db12c00494d9c142383420c337ce34840eaea22468e339724f812d870b88fd,2026-07-24T08:21:35,True
P2/Mini,study_runs,V100_P2_MINI_I05_R04,study_runs/V100_P2_MINI_I05_R04/statistics/empty_lines.png,empty_lines.png,.png,55366,be52fdde3621df5d6a2afeb08ceae96592633f8d55ca94943d01df7486adb9cf,2026-07-24T08:21:32,True
P2/Mini,study_runs,V100_P2_MINI_I05_R04,study_runs/V100_P2_MINI_I05_R04/statistics/execution_time.png,execution_time.png,.png,61707,175dd67590a080454563ff3afff836aa72b63a8598fddc58a1b057b31882db98,2026-07-24T08:21:32,True
P2/Mini,study_runs,V100_P2_MINI_I05_R04,study_runs/V100_P2_MINI_I05_R04/statistics/functions.png,functions.png,.png,48491,78877d1bc9f3b8ef56014a5ce1ad37acda76e045a8e06da5925bacf8aab2e07e,2026-07-24T08:21:33,True
P2/Mini,study_runs,V100_P2_MINI_I05_R04,study_runs/V100_P2_MINI_I05_R04/statistics/insertions.png,insertions.png,.png,68836,95f7612ab5fb9a24c2c81f6dccec044639acb34d0db638462f7c2bb37b9c6930,2026-07-24T08:21:35,True
P2/Mini,study_runs,V100_P2_MINI_I05_R04,study_runs/V100_P2_MINI_I05_R04/statistics/libraries_imported.png,libraries_imported.png,.png,52716,a8ab0a90ef97cd5b2f9c52066d22494e122cee886537aca35ad601e86728773f,2026-07-24T08:21:33,True
P2/Mini,study_runs,V100_P2_MINI_I05_R04,study_runs/V100_P2_MINI_I05_R04/statistics/lines_of_code.png,lines_of_code.png,.png,63774,36e356cec65c84fcd9b0ce9ee0358dde6804b3198da7caa71d96c413dc1352da,2026-07-24T08:21:32,True
P2/Mini,study_runs,V100_P2_MINI_I05_R04,study_runs/V100_P2_MINI_I05_R04/statistics/loops.png,loops.png,.png,54929,8d2db8e84b1253d76a2853111c0685bb53f1d212a0d078fe0ab03ee023b74216,2026-07-24T08:21:34,True
P2/Mini,study_runs,V100_P2_MINI_I05_R04,study_runs/V100_P2_MINI_I05_R04/statistics/summary_overall_nodes.txt,summary_overall_nodes.txt,.txt,492,9fdfdc19156230226ba2c9ad54019cd01187a0c5eda698ab54e124410688b84a,2026-07-24T08:21:31,True
P2/Mini,study_runs,V100_P2_MINI_I05_R04,study_runs/V100_P2_MINI_I05_R04/statistics/total_characters.png,total_characters.png,.png,72139,a6ad4a516db95375abe8782a2f4a037e2b380912da8eea446274f7a758926ce1,2026-07-24T08:21:33,True
P2/Mini,study_runs,V100_P2_MINI_I05_R04,study_runs/V100_P2_MINI_I05_R04/statistics/variable_assignments.png,variable_assignments.png,.png,59151,4ec3411d4a066e84f155e63cbcca90c131157d0cfc54ba06b99ebe52b0f8c726,2026-07-24T08:21:34,True
P2/Mini,study_runs,V100_P2_MINI_I05_R04,study_runs/V100_P2_MINI_I05_R04/summary.md,summary.md,.md,3244,f463886e5fbaab7c438ca22479de9df64566fc3c1f64ad918b220ba1716d9002,2026-07-24T08:21:31,True
P2/Mini,study_runs,V100_P2_MINI_I05_R04,study_runs/V100_P2_MINI_I05_R04/tree_render/pdf/combined_tree.pdf,combined_tree.pdf,.pdf,21891,451bd48feba9527746e87690e72bda0529d4e40935697cbd01e27df918f51cd3,2026-07-24T08:14:33,True
P2/Mini,study_runs,V100_P2_MINI_I05_R04,study_runs/V100_P2_MINI_I05_R04/tree_render/pdf/tree_0.pdf,tree_0.pdf,.pdf,19662,63732df8b05895035b56facc8cf9e095e6bc70afe915e1b571b043fd11f6d55b,2026-07-24T08:14:28,True
P2/Mini,study_runs,V100_P2_MINI_I05_R04,study_runs/V100_P2_MINI_I05_R04/tree_render/pdf/tree_1.pdf,tree_1.pdf,.pdf,21588,afb3e7643a1e96271a6115b3ad5ccbab9e4e4025698960e4b54aef903eaf8bf1,2026-07-24T08:14:31,True
P2/Mini,study_runs,V100_P2_MINI_I05_R04,study_runs/V100_P2_MINI_I05_R04/tree_render/png/combined_tree.png,combined_tree.png,.png,66756,215895e5965d93b9070b96f7b8e65a03daf03d90f06a0d3e48e0a78d0d01d9d3,2026-07-24T08:14:33,True
P2/Mini,study_runs,V100_P2_MINI_I05_R04,study_runs/V100_P2_MINI_I05_R04/tree_render/png/tree_0.png,tree_0.png,.png,21743,95f71abbf106c721d4de478ccaa6db2827bd3e9ccd1b9e62ef8b48b0d3394379,2026-07-24T08:14:28,True
P2/Mini,study_runs,V100_P2_MINI_I05_R04,study_runs/V100_P2_MINI_I05_R04/tree_render/png/tree_1.png,tree_1.png,.png,50034,976a84b9e32eae3a08abc3b587ae75dbf0761a3a2f46f7283cf3861440445d8a,2026-07-24T08:14:30,True
P2/Mini,study_runs,V100_P2_MINI_I05_R04,study_runs/V100_P2_MINI_I05_R04/tree_render/svg/combined_tree.svg,combined_tree.svg,.svg,10722,27fedbbd17354c8410d975766e358687a153e86257cb78ba0105836b03ffbf68,2026-07-24T08:14:34,True
P2/Mini,study_runs,V100_P2_MINI_I05_R04,study_runs/V100_P2_MINI_I05_R04/tree_render/svg/tree_0.svg,tree_0.svg,.svg,3176,181d43d94c9ce22465d385b91362540af13c857035897b72fc17376e3d274781,2026-07-24T08:14:29,True
P2/Mini,study_runs,V100_P2_MINI_I05_R04,study_runs/V100_P2_MINI_I05_R04/tree_render/svg/tree_1.svg,tree_1.svg,.svg,8067,1508fa00e133683a9cf19e9f36b8fc44a08f3bd4c183c1177d3b1a8c5e667605,2026-07-24T08:14:32,True
P2/Mini,study_runs,V100_P2_MINI_I05_R05,study_runs/V100_P2_MINI_I05_R05/checkpoint/09b4df441f8a4a998eea79cad8119b17/code.py,code.py,.py,8503,b354e4f102bcab64ee34d2e0c05efebe97d0eb8de8e4e0403f7796bb5d6585ee,2026-07-24T08:24:20,True
P2/Mini,study_runs,V100_P2_MINI_I05_R05,study_runs/V100_P2_MINI_I05_R05/checkpoint/09b4df441f8a4a998eea79cad8119b17/exec_result.pkl,exec_result.pkl,.pkl,1426,871c036e41006842084353fd776ae726e59072a8cfaf938345fb9e1af5221636,2026-07-24T08:21:54,True
P2/Mini,study_runs,V100_P2_MINI_I05_R05,study_runs/V100_P2_MINI_I05_R05/checkpoint/09b4df441f8a4a998eea79cad8119b17/generated/checkpoints/err.log,err.log,.log,0,e3b0c44298fc1c149afbf4c8996fb92427ae41e4649b934ca495991b7852b855,2026-07-24T08:21:54,True
P2/Mini,study_runs,V100_P2_MINI_I05_R05,study_runs/V100_P2_MINI_I05_R05/checkpoint/09b4df441f8a4a998eea79cad8119b17/generated/checkpoints/out.log,out.log,.log,0,e3b0c44298fc1c149afbf4c8996fb92427ae41e4649b934ca495991b7852b855,2026-07-24T08:21:54,True
P2/Mini,study_runs,V100_P2_MINI_I05_R05,study_runs/V100_P2_MINI_I05_R05/checkpoint/09b4df441f8a4a998eea79cad8119b17/generated/checkpoints/progress.json,progress.json,.json,198,0f86cd5ba19cbedd4981c2126987f8dfc746cc7a81f4cb61c76eedf64c976980,2026-07-24T08:21:54,True
P2/Mini,study_runs,V100_P2_MINI_I05_R05,study_runs/V100_P2_MINI_I05_R05/checkpoint/09b4df441f8a4a998eea79cad8119b17/out.log,out.log,.log,1275,9c0b399eb895860fa219ad19c1178de241ca44cfe68f6fde0245c416985d14a7,2026-07-24T08:21:54,True
P2/Mini,study_runs,V100_P2_MINI_I05_R05,study_runs/V100_P2_MINI_I05_R05/checkpoint/0d5a84f5d3e14c7db160485eecee20b2/code.py,code.py,.py,7972,be90153658e9cf0950092c256208e210c953cc5d73526c1247215ba3657ee5fd,2026-07-24T08:32:25,True
P2/Mini,study_runs,V100_P2_MINI_I05_R05,study_runs/V100_P2_MINI_I05_R05/checkpoint/0d5a84f5d3e14c7db160485eecee20b2/exec_result.pkl,exec_result.pkl,.pkl,624,71b850469b496945a153afafcbb2331c403dc29c96fda0c8c5a5e18a3e89ab7e,2026-07-24T08:29:57,True
P2/Mini,study_runs,V100_P2_MINI_I05_R05,study_runs/V100_P2_MINI_I05_R05/checkpoint/0d5a84f5d3e14c7db160485eecee20b2/generated/prototype_results.jsonl,prototype_results.jsonl,.jsonl,829,cc9a5cfac0f88eb7869deb185f441434d66c1a933a3cdc12f8b15fed7527d26d,2026-07-24T08:29:57,True
P2/Mini,study_runs,V100_P2_MINI_I05_R05,study_runs/V100_P2_MINI_I05_R05/checkpoint/0d5a84f5d3e14c7db160485eecee20b2/out.log,out.log,.log,491,f6f6307bc5efa052bd0fabbe039334d3f3e4efa1c9b044334002801f96de99ca,2026-07-24T08:29:57,True
P2/Mini,study_runs,V100_P2_MINI_I05_R05,study_runs/V100_P2_MINI_I05_R05/checkpoint/121428c6e9264a5195dd3e538a040af7/code.py,code.py,.py,6987,aaa501421f1e07624e4fe25f4bc277244367cfec996c56a135f6eff81f3ca8f7,2026-07-24T08:22:38,True
P2/Mini,study_runs,V100_P2_MINI_I05_R05,study_runs/V100_P2_MINI_I05_R05/checkpoint/121428c6e9264a5195dd3e538a040af7/exec_result.pkl,exec_result.pkl,.pkl,1509,a047d08e60988fe557229024f3a234295ef6cf79ded309ce1e8bc25a9e897e5f,2026-07-24T08:20:34,True
P2/Mini,study_runs,V100_P2_MINI_I05_R05,study_runs/V100_P2_MINI_I05_R05/checkpoint/121428c6e9264a5195dd3e538a040af7/generated/checkpoints/err.log,err.log,.log,0,e3b0c44298fc1c149afbf4c8996fb92427ae41e4649b934ca495991b7852b855,2026-07-24T08:20:34,True
P2/Mini,study_runs,V100_P2_MINI_I05_R05,study_runs/V100_P2_MINI_I05_R05/checkpoint/121428c6e9264a5195dd3e538a040af7/generated/checkpoints/out.log,out.log,.log,0,e3b0c44298fc1c149afbf4c8996fb92427ae41e4649b934ca495991b7852b855,2026-07-24T08:20:34,True
P2/Mini,study_runs,V100_P2_MINI_I05_R05,study_runs/V100_P2_MINI_I05_R05/checkpoint/121428c6e9264a5195dd3e538a040af7/generated/checkpoints/progress.json,progress.json,.json,198,cb0bab37905993aeca9e0d5766e2276e1d5b2e2f18d72f4abc044f053a3093a1,2026-07-24T08:20:34,True
P2/Mini,study_runs,V100_P2_MINI_I05_R05,study_runs/V100_P2_MINI_I05_R05/checkpoint/121428c6e9264a5195dd3e538a040af7/generated/seed_7/test.csv,test.csv,.csv,225020,603c5ea9069f072f72fba8971ae06162fb02bdc7979d8a3408122d90c599d03c,2026-07-24T08:20:27,True
P2/Mini,study_runs,V100_P2_MINI_I05_R05,study_runs/V100_P2_MINI_I05_R05/checkpoint/121428c6e9264a5195dd3e538a040af7/generated/seed_7/train.csv,train.csv,.csv,899526,f45e7de093aa9eb9d91fe96c1876066301bf8fe6b13c32a885a3e0aea2fbd461,2026-07-24T08:20:27,True
P2/Mini,study_runs,V100_P2_MINI_I05_R05,study_runs/V100_P2_MINI_I05_R05/checkpoint/121428c6e9264a5195dd3e538a040af7/out.log,out.log,.log,1356,f252f71bea4dd2984f70bde10a4467fa3d3959f60df8cf1c209cddc752248702,2026-07-24T08:20:34,True
P2/Mini,study_runs,V100_P2_MINI_I05_R05,study_runs/V100_P2_MINI_I05_R05/checkpoint/375288133cb849ebbb3e54b425ffa60c/code.py,code.py,.py,2715,f42132cb7d97af547ee579786aa9206e5c176903498642b96b136df868d12afe,2026-07-24T08:21:05,True
P2/Mini,study_runs,V100_P2_MINI_I05_R05,study_runs/V100_P2_MINI_I05_R05/checkpoint/375288133cb849ebbb3e54b425ffa60c/exec_result.pkl,exec_result.pkl,.pkl,3347,e89af881ebd9f68009f553f2f61ee24d9cc5d7a75cd8c66761b22338ed8d5e90,2026-07-24T08:18:44,True
P2/Mini,study_runs,V100_P2_MINI_I05_R05,study_runs/V100_P2_MINI_I05_R05/checkpoint/375288133cb849ebbb3e54b425ffa60c/out.log,out.log,.log,3146,293fb114a8a3dd037e266765ece3710cb89b06e9200cad662baaa87f2e13bbac,2026-07-24T08:18:44,True
P2/Mini,study_runs,V100_P2_MINI_I05_R05,study_runs/V100_P2_MINI_I05_R05/checkpoint/74bebc6ed868425286f2bcbe9c125f42/code.py,code.py,.py,4065,e8ef111a29c580ab3b12ca8325e7b2575ca8485f5d0fc3883192c279d3ac00ee,2026-07-24T08:26:04,True
P2/Mini,study_runs,V100_P2_MINI_I05_R05,study_runs/V100_P2_MINI_I05_R05/checkpoint/74bebc6ed868425286f2bcbe9c125f42/exec_result.pkl,exec_result.pkl,.pkl,3372,b480627b8839fb4d475e9233681bb5be3c6ac8b9cb4d9bfb04fce741f3bf104a,2026-07-24T08:23:10,True
P2/Mini,study_runs,V100_P2_MINI_I05_R05,study_runs/V100_P2_MINI_I05_R05/checkpoint/74bebc6ed868425286f2bcbe9c125f42/out.log,out.log,.log,3169,7a76f4194cef9f04e59a9c0ff781611390d68490b409774bdb77051febec5116,2026-07-24T08:23:10,True
P2/Mini,study_runs,V100_P2_MINI_I05_R05,study_runs/V100_P2_MINI_I05_R05/checkpoint/a4dbeb50c1954401bea2251891257245/code.py,code.py,.py,6991,cd7482e12cad0ca5ce16c97bb8fb88062018b6273bdfa80cc4588b55e2104bb7,2026-07-24T08:30:59,True
P2/Mini,study_runs,V100_P2_MINI_I05_R05,study_runs/V100_P2_MINI_I05_R05/checkpoint/a4dbeb50c1954401bea2251891257245/exec_result.pkl,exec_result.pkl,.pkl,666,4bcb7fe562246905e21c3980122681423c72c86131cabb36eedaa7cf1e7e3f4b,2026-07-24T08:28:11,True
P2/Mini,study_runs,V100_P2_MINI_I05_R05,study_runs/V100_P2_MINI_I05_R05/checkpoint/a4dbeb50c1954401bea2251891257245/generated/prototype_metadata.json,prototype_metadata.json,.json,592,9367603189174b5582cda4d7e6d62e6a65f07ace5c83fa4bca7761ffbd61a487,2026-07-24T08:28:11,True
P2/Mini,study_runs,V100_P2_MINI_I05_R05,study_runs/V100_P2_MINI_I05_R05/checkpoint/a4dbeb50c1954401bea2251891257245/generated/prototype_results.jsonl,prototype_results.jsonl,.jsonl,829,cc9a5cfac0f88eb7869deb185f441434d66c1a933a3cdc12f8b15fed7527d26d,2026-07-24T08:28:11,True
P2/Mini,study_runs,V100_P2_MINI_I05_R05,study_runs/V100_P2_MINI_I05_R05/checkpoint/a4dbeb50c1954401bea2251891257245/out.log,out.log,.log,538,0f94bb1b65062b17178b71116934ed797274e0fa56d685bd9cdceecd59997f4e,2026-07-24T08:28:11,True
P2/Mini,study_runs,V100_P2_MINI_I05_R05,study_runs/V100_P2_MINI_I05_R05/checkpoint/a4dbeb50c1954401bea2251891257245_iteration1/code.py,code.py,.py,13768,8ba54ede4f750fedd9b9f2762acc06414070070518ef47738a383779c21ed45d,2026-07-24T08:36:54,True
P2/Mini,study_runs,V100_P2_MINI_I05_R05,study_runs/V100_P2_MINI_I05_R05/checkpoint/a4dbeb50c1954401bea2251891257245_iteration1/exec_result.pkl,exec_result.pkl,.pkl,961,1e1d063bd09500e255f59406ed8079ea340ac28d2303e8cd08392b7cf76858ba,2026-07-24T08:33:34,True
P2/Mini,study_runs,V100_P2_MINI_I05_R05,study_runs/V100_P2_MINI_I05_R05/checkpoint/a4dbeb50c1954401bea2251891257245_iteration1/out.log,out.log,.log,822,13cbc31905d280e1b52a93fb40617bebb26699c98fe75ec6574cb61ff8011d86,2026-07-24T08:33:34,True
P2/Mini,study_runs,V100_P2_MINI_I05_R05,study_runs/V100_P2_MINI_I05_R05/checkpoint/a4dbeb50c1954401bea2251891257245_iteration2/code.py,code.py,.py,14622,c97f746268d7b88ec075c99236524916d187ca77d2279463402f47bffce702ea,2026-07-24T08:36:54,True
P2/Mini,study_runs,V100_P2_MINI_I05_R05,study_runs/V100_P2_MINI_I05_R05/checkpoint/a4dbeb50c1954401bea2251891257245_iteration2/exec_result.pkl,exec_result.pkl,.pkl,1251,15dab23b03597c76be795a70a7b3d1498773e6c23bc00386361111632ede6abe,2026-07-24T08:36:21,True
P2/Mini,study_runs,V100_P2_MINI_I05_R05,study_runs/V100_P2_MINI_I05_R05/checkpoint/a4dbeb50c1954401bea2251891257245_iteration2/out.log,out.log,.log,1102,3c3cc0c595d8cb0db54b44421968a4333fb493734ac420634982c7928401d167,2026-07-24T08:36:21,True
P2/Mini,study_runs,V100_P2_MINI_I05_R05,study_runs/V100_P2_MINI_I05_R05/checkpoint/a4dbeb50c1954401bea2251891257245_seed/code.py,code.py,.py,6991,cd7482e12cad0ca5ce16c97bb8fb88062018b6273bdfa80cc4588b55e2104bb7,2026-07-24T08:34:34,True
P2/Mini,study_runs,V100_P2_MINI_I05_R05,study_runs/V100_P2_MINI_I05_R05/checkpoint/a4dbeb50c1954401bea2251891257245_seed/exec_result.pkl,exec_result.pkl,.pkl,665,0b8b83668fddeb23fada49f64216a36204b9491d8aee82e3cc3c47044f058cd2,2026-07-24T08:31:42,True
P2/Mini,study_runs,V100_P2_MINI_I05_R05,study_runs/V100_P2_MINI_I05_R05/checkpoint/a4dbeb50c1954401bea2251891257245_seed/generated/prototype_metadata.json,prototype_metadata.json,.json,592,9367603189174b5582cda4d7e6d62e6a65f07ace5c83fa4bca7761ffbd61a487,2026-07-24T08:31:41,True
P2/Mini,study_runs,V100_P2_MINI_I05_R05,study_runs/V100_P2_MINI_I05_R05/checkpoint/a4dbeb50c1954401bea2251891257245_seed/generated/prototype_results.jsonl,prototype_results.jsonl,.jsonl,829,cc9a5cfac0f88eb7869deb185f441434d66c1a933a3cdc12f8b15fed7527d26d,2026-07-24T08:31:41,True
P2/Mini,study_runs,V100_P2_MINI_I05_R05,study_runs/V100_P2_MINI_I05_R05/checkpoint/a4dbeb50c1954401bea2251891257245_seed/out.log,out.log,.log,537,6960c7afc338a2cd8a0ff956d89b6aa24ff855c4d83488246840174ee9180a83,2026-07-24T08:31:42,True
P2/Mini,study_runs,V100_P2_MINI_I05_R05,study_runs/V100_P2_MINI_I05_R05/checkpoint/d23d365cdb604cbd809974ea52aa5fab/code.py,code.py,.py,8599,e69e35004f791b4e4d1b2bede31c1dcfda742f6d84131a9c6f0090a99a490a94,2026-07-24T08:29:01,True
P2/Mini,study_runs,V100_P2_MINI_I05_R05,study_runs/V100_P2_MINI_I05_R05/checkpoint/d23d365cdb604cbd809974ea52aa5fab/exec_result.pkl,exec_result.pkl,.pkl,2958,99ecbdd40817935293705e69498f1c76c1a602e71eb89360145b4b5467f39296,2026-07-24T08:25:22,True
P2/Mini,study_runs,V100_P2_MINI_I05_R05,study_runs/V100_P2_MINI_I05_R05/checkpoint/d23d365cdb604cbd809974ea52aa5fab/out.log,out.log,.log,2769,948815e0c7f2f865c71804c0548dd557f18f8b020efddc8a03ac14f049385512,2026-07-24T08:25:22,True
P2/Mini,study_runs,V100_P2_MINI_I05_R05,study_runs/V100_P2_MINI_I05_R05/code_requirements_final.json,code_requirements_final.json,.json,2184,d2dde7663db70b1edcb4137e66bc048f14388b646824bec2cf2d1073ec16dbef,2026-07-24T08:31:33,True
P2/Mini,study_runs,V100_P2_MINI_I05_R05,study_runs/V100_P2_MINI_I05_R05/code_requirements_prototype.json,code_requirements_prototype.json,.json,1140,4480ff66e8b77cf8dba2f41889b2bb8e86d5a4ba5c39760c4926b20b4c440eac,2026-07-24T08:17:48,True
P2/Mini,study_runs,V100_P2_MINI_I05_R05,study_runs/V100_P2_MINI_I05_R05/config.source.toml,config.source.toml,.toml,386,43ad328d9e971575946598bc6c906a320d878b57103e5825b7bc1b351074558f,2026-07-24T08:17:12,True
P2/Mini,study_runs,V100_P2_MINI_I05_R05,study_runs/V100_P2_MINI_I05_R05/config.toml,config.toml,.toml,416,45cc348853944b3db5c7dec7f2f1129cc1fb2c7bdecfd6fa482b513af459d8d0,2026-07-24T08:17:12,True
P2/Mini,study_runs,V100_P2_MINI_I05_R05,study_runs/V100_P2_MINI_I05_R05/costs_log.csv,costs_log.csv,.csv,15213,de23f495f159b2e9a31ff4e833cb2e0497c3b5ef59535f5196e011b5c5c4fd88,2026-07-24T08:37:03,True
P2/Mini,study_runs,V100_P2_MINI_I05_R05,study_runs/V100_P2_MINI_I05_R05/debug.log,debug.log,.log,241369,bfd79b104a96245b49132e83987290808927b43929c90e3767287d2880de8009,2026-07-24T08:37:07,True
P2/Mini,study_runs,V100_P2_MINI_I05_R05,study_runs/V100_P2_MINI_I05_R05/entered_prompt.txt,entered_prompt.txt,.txt,2147,de158b14873704c34fb7529e3af0e92fc11e8af82c48e4c18605f7f4fb69f7c2,2026-07-24T08:17:12,True
P2/Mini,study_runs,V100_P2_MINI_I05_R05,study_runs/V100_P2_MINI_I05_R05/save.pkl,save.pkl,.pkl,146182,80aa38d13e546ee7856b09b3e04942b5e206c49b2de17aec00fe84a7224d6b5a,2026-07-24T08:31:06,True
P2/Mini,study_runs,V100_P2_MINI_I05_R05,study_runs/V100_P2_MINI_I05_R05/statistics/0_375288133cb849ebbb3e54b425ffa60c.txt,0_375288133cb849ebbb3e54b425ffa60c.txt,.txt,501,c106669aebb75670f114f9a023b16c46046cccee2659be7e1f8cf93e66d9ab79,2026-07-24T08:19:04,True
P2/Mini,study_runs,V100_P2_MINI_I05_R05,study_runs/V100_P2_MINI_I05_R05/statistics/1_121428c6e9264a5195dd3e538a040af7.txt,1_121428c6e9264a5195dd3e538a040af7.txt,.txt,510,06594007b237638af1037866237c23947814ff85b6a962755ca1cb05ed63f24e,2026-07-24T08:21:05,True
P2/Mini,study_runs,V100_P2_MINI_I05_R05,study_runs/V100_P2_MINI_I05_R05/statistics/2_09b4df441f8a4a998eea79cad8119b17.txt,2_09b4df441f8a4a998eea79cad8119b17.txt,.txt,514,2ecaa43f66cb4f78212a4cd8c862a54162ac4d40313c41a7b84d6d005b27a2f4,2026-07-24T08:22:38,True
P2/Mini,study_runs,V100_P2_MINI_I05_R05,study_runs/V100_P2_MINI_I05_R05/statistics/3_74bebc6ed868425286f2bcbe9c125f42.txt,3_74bebc6ed868425286f2bcbe9c125f42.txt,.txt,489,dd9cb152489944ae209ed97cbbd0536288c5a728cc1092a0f43cd8d81f8c88b9,2026-07-24T08:24:20,True
P2/Mini,study_runs,V100_P2_MINI_I05_R05,study_runs/V100_P2_MINI_I05_R05/statistics/4_d23d365cdb604cbd809974ea52aa5fab.txt,4_d23d365cdb604cbd809974ea52aa5fab.txt,.txt,500,acd34aa24766ebee26ac487eb4c4f7f579a27d7d0ba7b5c534bde951920235b1,2026-07-24T08:26:04,True
P2/Mini,study_runs,V100_P2_MINI_I05_R05,study_runs/V100_P2_MINI_I05_R05/statistics/5_a4dbeb50c1954401bea2251891257245.txt,5_a4dbeb50c1954401bea2251891257245.txt,.txt,489,539bcb507ae1c2dc4db46a5443eb7d9522d3d9ad8d6b74fdba7c1e8c6964df8a,2026-07-24T08:29:01,True
P2/Mini,study_runs,V100_P2_MINI_I05_R05,study_runs/V100_P2_MINI_I05_R05/statistics/6_0d5a84f5d3e14c7db160485eecee20b2.txt,6_0d5a84f5d3e14c7db160485eecee20b2.txt,.txt,481,650ac7c26925d8b6cfaf5b875f4527b4349b2f35893b78c8fffd13d178474ef2,2026-07-24T08:30:59,True
P2/Mini,study_runs,V100_P2_MINI_I05_R05,study_runs/V100_P2_MINI_I05_R05/statistics/7_a4dbeb50c1954401bea2251891257245_seed.txt,7_a4dbeb50c1954401bea2251891257245_seed.txt,.txt,491,38960c49c250b0868595872a58a256adbb09e9d8261a9e65c8eb72c11c1bd700,2026-07-24T08:32:25,True
P2/Mini,study_runs,V100_P2_MINI_I05_R05,study_runs/V100_P2_MINI_I05_R05/statistics/8_a4dbeb50c1954401bea2251891257245_iteration1.txt,8_a4dbeb50c1954401bea2251891257245_iteration1.txt,.txt,517,bf34034f3de59464cdc21ac8ef75fe47bc65374aee76705c4b573a3616827faf,2026-07-24T08:34:34,True
P2/Mini,study_runs,V100_P2_MINI_I05_R05,study_runs/V100_P2_MINI_I05_R05/statistics/9_a4dbeb50c1954401bea2251891257245_iteration2.txt,9_a4dbeb50c1954401bea2251891257245_iteration2.txt,.txt,517,d20acb455b5386a60eb048e82792093531f06137cf925e43751c9e7bca176ddc,2026-07-24T08:36:54,True
P2/Mini,study_runs,V100_P2_MINI_I05_R05,study_runs/V100_P2_MINI_I05_R05/statistics/arguments_per_function.png,arguments_per_function.png,.png,74695,876f3e6e9f0c4533a1ff42829e36cbbf962737a6c7850df7864b7a526943be87,2026-07-24T08:37:05,True
P2/Mini,study_runs,V100_P2_MINI_I05_R05,study_runs/V100_P2_MINI_I05_R05/statistics/classes.png,classes.png,.png,41387,673c2feea6dbb680a1f453594b7bdaa16d53824973307e40c3e4d9163babc60a,2026-07-24T08:37:05,True
P2/Mini,study_runs,V100_P2_MINI_I05_R05,study_runs/V100_P2_MINI_I05_R05/statistics/comment_lines.png,comment_lines.png,.png,59038,a76886a5fd5aa72afabf1e7b3808902edfc4f5d106ba8bc3be109d97362c424f,2026-07-24T08:37:04,True
P2/Mini,study_runs,V100_P2_MINI_I05_R05,study_runs/V100_P2_MINI_I05_R05/statistics/conditions.png,conditions.png,.png,60583,439aaeaa393ae4f63511c5174671ce2c8615d0d2df5e93fa60cd32e59c9c9fe9,2026-07-24T08:37:06,True
P2/Mini,study_runs,V100_P2_MINI_I05_R05,study_runs/V100_P2_MINI_I05_R05/statistics/deletions.png,deletions.png,.png,76780,39f0671d1fc5cfd04e3cc3089a66539eb20e48a0291ef01a9da247b22ab91cf1,2026-07-24T08:37:07,True
P2/Mini,study_runs,V100_P2_MINI_I05_R05,study_runs/V100_P2_MINI_I05_R05/statistics/empty_lines.png,empty_lines.png,.png,61560,5a0fbd661cb3fcf71c10623a3547bacf84bfeb0833abd19645a974e9573723cb,2026-07-24T08:37:04,True
P2/Mini,study_runs,V100_P2_MINI_I05_R05,study_runs/V100_P2_MINI_I05_R05/statistics/execution_time.png,execution_time.png,.png,68387,e6739e4b497cdc1537d54d2c646294643edda0a6b4c80d7c3e23fe4fa4538aab,2026-07-24T08:37:03,True
P2/Mini,study_runs,V100_P2_MINI_I05_R05,study_runs/V100_P2_MINI_I05_R05/statistics/functions.png,functions.png,.png,62551,c2f575e425c831348b51ea18b1236ea31166f9ed5a379e90aff5192f9dd0ce89,2026-07-24T08:37:05,True
P2/Mini,study_runs,V100_P2_MINI_I05_R05,study_runs/V100_P2_MINI_I05_R05/statistics/insertions.png,insertions.png,.png,75571,46195d2eb9cf78cc6c99143ebe91f96c165e1de96f090431095b3e8816b55183,2026-07-24T08:37:06,True
P2/Mini,study_runs,V100_P2_MINI_I05_R05,study_runs/V100_P2_MINI_I05_R05/statistics/libraries_imported.png,libraries_imported.png,.png,60076,be225edc9683aabdc7b5c9541a1c8f3f9e1479a07db0dc924a1270bb4c9b0f66,2026-07-24T08:37:04,True
P2/Mini,study_runs,V100_P2_MINI_I05_R05,study_runs/V100_P2_MINI_I05_R05/statistics/lines_of_code.png,lines_of_code.png,.png,71419,cd87a3a1053b6619c38f376e2084f86dd1af94f65e17a06c96890624e370bd6a,2026-07-24T08:37:03,True
P2/Mini,study_runs,V100_P2_MINI_I05_R05,study_runs/V100_P2_MINI_I05_R05/statistics/loops.png,loops.png,.png,59733,37549a5f0e312450f5aa5ad4635e711c56333cbbb2853d6616ada66eb1778ef1,2026-07-24T08:37:06,True
P2/Mini,study_runs,V100_P2_MINI_I05_R05,study_runs/V100_P2_MINI_I05_R05/statistics/summary_overall_nodes.txt,summary_overall_nodes.txt,.txt,490,43e4833edceaeaf87a8ba3b21189407cf3f37e16370dfacd81a5f8d379032ab4,2026-07-24T08:37:03,True
P2/Mini,study_runs,V100_P2_MINI_I05_R05,study_runs/V100_P2_MINI_I05_R05/statistics/total_characters.png,total_characters.png,.png,77653,3e04a096e19e8d69c6b873b67674e9fe8c10b82067c7aef66dff1a517a8ce3b7,2026-07-24T08:37:04,True
P2/Mini,study_runs,V100_P2_MINI_I05_R05,study_runs/V100_P2_MINI_I05_R05/statistics/variable_assignments.png,variable_assignments.png,.png,69826,a4e1e6881823e156eaeb466cd21034b6a6e24e358973a2eee043f1bafa48dfd3,2026-07-24T08:37:05,True
P2/Mini,study_runs,V100_P2_MINI_I05_R05,study_runs/V100_P2_MINI_I05_R05/summary.md,summary.md,.md,5488,1cb53ff7b2569f08e474737ee039e6b330e40a32a76e9b762f048eb05a7c9546,2026-07-24T08:37:03,True
P2/Mini,study_runs,V100_P2_MINI_I05_R05,study_runs/V100_P2_MINI_I05_R05/tree_render/pdf/combined_tree.pdf,combined_tree.pdf,.pdf,21866,818b3fa4a4a1dbb6afc3afc9a2f422b1c4317059eefa5993e2e56b66a17a3d1f,2026-07-24T08:31:05,True
P2/Mini,study_runs,V100_P2_MINI_I05_R05,study_runs/V100_P2_MINI_I05_R05/tree_render/pdf/tree_0.pdf,tree_0.pdf,.pdf,21395,95aafce6d8463140c44c5986c36056518cf9edbe1cd6e1490d5a92e02a51da5e,2026-07-24T08:31:00,True
P2/Mini,study_runs,V100_P2_MINI_I05_R05,study_runs/V100_P2_MINI_I05_R05/tree_render/pdf/tree_1.pdf,tree_1.pdf,.pdf,19358,6931fa05081d40f5e03eaf27f92d8299dc91802e0cdc8ee9d95d644e3f4bdc83,2026-07-24T08:31:03,True
P2/Mini,study_runs,V100_P2_MINI_I05_R05,study_runs/V100_P2_MINI_I05_R05/tree_render/png/combined_tree.png,combined_tree.png,.png,54967,1f3e57024ad74d8288995a34d1c0c965ccb1b2b9b7564082307f57e848664c89,2026-07-24T08:31:04,True
P2/Mini,study_runs,V100_P2_MINI_I05_R05,study_runs/V100_P2_MINI_I05_R05/tree_render/png/tree_0.png,tree_0.png,.png,43826,7e67a47396e71fbd62126107e53ca3cb5f5a94860eeda7376eb67759a5e6db3d,2026-07-24T08:30:59,True
P2/Mini,study_runs,V100_P2_MINI_I05_R05,study_runs/V100_P2_MINI_I05_R05/tree_render/png/tree_1.png,tree_1.png,.png,33543,e3c9942af9f97062511bf9d7f81b716aabf9da024078c26d07b8a0af73da238e,2026-07-24T08:31:02,True
P2/Mini,study_runs,V100_P2_MINI_I05_R05,study_runs/V100_P2_MINI_I05_R05/tree_render/svg/combined_tree.svg,combined_tree.svg,.svg,10628,f3f97a5b35277fe654c83639bd8056930ebfa861217e0cb765edff4aca09ae02,2026-07-24T08:31:06,True
P2/Mini,study_runs,V100_P2_MINI_I05_R05,study_runs/V100_P2_MINI_I05_R05/tree_render/svg/tree_0.svg,tree_0.svg,.svg,6390,9b99dbdf879ce9aa2bc990412b2335dbaff71cbeb09ed2c80c21bf7cda57def5,2026-07-24T08:31:01,True
P2/Mini,study_runs,V100_P2_MINI_I05_R05,study_runs/V100_P2_MINI_I05_R05/tree_render/svg/tree_1.svg,tree_1.svg,.svg,4771,c8b5ee2a5f7672d663b4b06e880dbfb30357ee8fef8deb1ef0c7e935e8c6a614,2026-07-24T08:31:03,True
P3/Mini,study_runs,V100_P3_MINI_I05_R01,study_runs/V100_P3_MINI_I05_R01/checkpoint/075eaf260afc4aa5a28a4dc85320799b/code.py,code.py,.py,8233,9987809c3fd29ea0b42976685bcaa2ac964ed65d010edd0ca170d9dbcc1be3d9,2026-07-24T08:55:12,True
P3/Mini,study_runs,V100_P3_MINI_I05_R01,study_runs/V100_P3_MINI_I05_R01/checkpoint/075eaf260afc4aa5a28a4dc85320799b/exec_result.pkl,exec_result.pkl,.pkl,2671,f2a3f1d31fddc62fb0410964ba3f1c7e35d1fb80945b0fc56604945ad357b4d2,2026-07-24T08:53:21,True
P3/Mini,study_runs,V100_P3_MINI_I05_R01,study_runs/V100_P3_MINI_I05_R01/checkpoint/075eaf260afc4aa5a28a4dc85320799b/generated/checkpoints/err.log,err.log,.log,0,e3b0c44298fc1c149afbf4c8996fb92427ae41e4649b934ca495991b7852b855,2026-07-24T08:53:20,True
P3/Mini,study_runs,V100_P3_MINI_I05_R01,study_runs/V100_P3_MINI_I05_R01/checkpoint/075eaf260afc4aa5a28a4dc85320799b/generated/checkpoints/out.log,out.log,.log,0,e3b0c44298fc1c149afbf4c8996fb92427ae41e4649b934ca495991b7852b855,2026-07-24T08:53:20,True
P3/Mini,study_runs,V100_P3_MINI_I05_R01,study_runs/V100_P3_MINI_I05_R01/checkpoint/075eaf260afc4aa5a28a4dc85320799b/generated/checkpoints/progress.json,progress.json,.json,322,a316615c314f0f0160c06cd65aaa5ece9d511d5b7e2e9445f58f57dd486d4644,2026-07-24T08:53:20,True
P3/Mini,study_runs,V100_P3_MINI_I05_R01,study_runs/V100_P3_MINI_I05_R01/checkpoint/075eaf260afc4aa5a28a4dc85320799b/out.log,out.log,.log,2490,d3dde8179520a230bf71bed2e69e8951bf11a9a87d224b6c66ff23a56b4bc80a,2026-07-24T08:53:21,True
P3/Mini,study_runs,V100_P3_MINI_I05_R01,study_runs/V100_P3_MINI_I05_R01/checkpoint/075eaf260afc4aa5a28a4dc85320799b_iteration1/code.py,code.py,.py,13549,96fe48b3209672d426a16679aee8ba51e64903df89ab7c776d811f6a6eda8335,2026-07-24T08:59:32,True
P3/Mini,study_runs,V100_P3_MINI_I05_R01,study_runs/V100_P3_MINI_I05_R01/checkpoint/075eaf260afc4aa5a28a4dc85320799b_iteration1/exec_result.pkl,exec_result.pkl,.pkl,2605,ebffe364682166f149f33845b535253779c59a8df5339ec38d7d91d00081016d,2026-07-24T08:57:33,True
P3/Mini,study_runs,V100_P3_MINI_I05_R01,study_runs/V100_P3_MINI_I05_R01/checkpoint/075eaf260afc4aa5a28a4dc85320799b_iteration1/out.log,out.log,.log,2426,271a27d441cea933415e4f913be87aacdaa9228b222db6e6227b7283b476868a,2026-07-24T08:57:33,True
P3/Mini,study_runs,V100_P3_MINI_I05_R01,study_runs/V100_P3_MINI_I05_R01/checkpoint/075eaf260afc4aa5a28a4dc85320799b_iteration2/code.py,code.py,.py,13822,9496d94d5cb75c53f72a9cd3ed1ca5dcb2a213b55d778360957caf04937da003,2026-07-24T08:59:32,True
P3/Mini,study_runs,V100_P3_MINI_I05_R01,study_runs/V100_P3_MINI_I05_R01/checkpoint/075eaf260afc4aa5a28a4dc85320799b_iteration2/exec_result.pkl,exec_result.pkl,.pkl,2021,cb21a1d66262d59567249e214e18db01b96545495641242e3c7fc3ac5d52fabf,2026-07-24T08:59:03,True
P3/Mini,study_runs,V100_P3_MINI_I05_R01,study_runs/V100_P3_MINI_I05_R01/checkpoint/075eaf260afc4aa5a28a4dc85320799b_iteration2/out.log,out.log,.log,1858,48a1eea3f777a0cf3d80016f7a8ae3104809d2e79652e627f90c68aaf1fd149c,2026-07-24T08:59:03,True
P3/Mini,study_runs,V100_P3_MINI_I05_R01,study_runs/V100_P3_MINI_I05_R01/checkpoint/075eaf260afc4aa5a28a4dc85320799b_seed/code.py,code.py,.py,8233,9987809c3fd29ea0b42976685bcaa2ac964ed65d010edd0ca170d9dbcc1be3d9,2026-07-24T08:58:15,True
P3/Mini,study_runs,V100_P3_MINI_I05_R01,study_runs/V100_P3_MINI_I05_R01/checkpoint/075eaf260afc4aa5a28a4dc85320799b_seed/exec_result.pkl,exec_result.pkl,.pkl,2671,afa31b92dafa877a817ea33eabe030fa28498a762d6a3db3734d855cf8807b68,2026-07-24T08:54:27,True
P3/Mini,study_runs,V100_P3_MINI_I05_R01,study_runs/V100_P3_MINI_I05_R01/checkpoint/075eaf260afc4aa5a28a4dc85320799b_seed/generated/checkpoints/err.log,err.log,.log,0,e3b0c44298fc1c149afbf4c8996fb92427ae41e4649b934ca495991b7852b855,2026-07-24T08:54:26,True
P3/Mini,study_runs,V100_P3_MINI_I05_R01,study_runs/V100_P3_MINI_I05_R01/checkpoint/075eaf260afc4aa5a28a4dc85320799b_seed/generated/checkpoints/out.log,out.log,.log,0,e3b0c44298fc1c149afbf4c8996fb92427ae41e4649b934ca495991b7852b855,2026-07-24T08:54:26,True
P3/Mini,study_runs,V100_P3_MINI_I05_R01,study_runs/V100_P3_MINI_I05_R01/checkpoint/075eaf260afc4aa5a28a4dc85320799b_seed/generated/checkpoints/progress.json,progress.json,.json,322,a316615c314f0f0160c06cd65aaa5ece9d511d5b7e2e9445f58f57dd486d4644,2026-07-24T08:54:26,True
P3/Mini,study_runs,V100_P3_MINI_I05_R01,study_runs/V100_P3_MINI_I05_R01/checkpoint/075eaf260afc4aa5a28a4dc85320799b_seed/out.log,out.log,.log,2490,c95e53edf349575f6905ffec4917003d455e2b23b7c1f1d2da51ae2b82728ff5,2026-07-24T08:54:27,True
P3/Mini,study_runs,V100_P3_MINI_I05_R01,study_runs/V100_P3_MINI_I05_R01/checkpoint/3f5825ae247f41abb4b522a295104195/code.py,code.py,.py,795,9f9e0ece9a28521f8f3ff13bb2dc7642efde68d7e3ee0dd6b430e0c934a3c210,2026-07-24T08:47:45,True
P3/Mini,study_runs,V100_P3_MINI_I05_R01,study_runs/V100_P3_MINI_I05_R01/checkpoint/3f5825ae247f41abb4b522a295104195/exec_result.pkl,exec_result.pkl,.pkl,311,ea69543548bfaab8939d9781468d107c8edec58e0368616b206fe74d7ee1880e,2026-07-24T08:46:04,True
P3/Mini,study_runs,V100_P3_MINI_I05_R01,study_runs/V100_P3_MINI_I05_R01/checkpoint/3f5825ae247f41abb4b522a295104195/out.log,out.log,.log,188,e52496d4ebeab1fa4157b2090101d452699f6ff8b7812104058f944f62bd3781,2026-07-24T08:46:04,True
P3/Mini,study_runs,V100_P3_MINI_I05_R01,study_runs/V100_P3_MINI_I05_R01/checkpoint/42ace93605da4f7d8c3adf16376b2dfa/code.py,code.py,.py,9943,ac7a7c703ae2fa434dafbff14d35d26dadb136231c725c74b0d8f49be5dfb953,2026-07-24T08:50:34,True
P3/Mini,study_runs,V100_P3_MINI_I05_R01,study_runs/V100_P3_MINI_I05_R01/checkpoint/42ace93605da4f7d8c3adf16376b2dfa/exec_result.pkl,exec_result.pkl,.pkl,1592,482768047d33e32ae1cb816cc3bd0cb06b211f62e8ab2dcfc476396c9eb17291,2026-07-24T08:48:46,True
P3/Mini,study_runs,V100_P3_MINI_I05_R01,study_runs/V100_P3_MINI_I05_R01/checkpoint/42ace93605da4f7d8c3adf16376b2dfa/generated/checkpoints/err.log,err.log,.log,0,e3b0c44298fc1c149afbf4c8996fb92427ae41e4649b934ca495991b7852b855,2026-07-24T08:48:46,True
P3/Mini,study_runs,V100_P3_MINI_I05_R01,study_runs/V100_P3_MINI_I05_R01/checkpoint/42ace93605da4f7d8c3adf16376b2dfa/generated/checkpoints/out.log,out.log,.log,0,e3b0c44298fc1c149afbf4c8996fb92427ae41e4649b934ca495991b7852b855,2026-07-24T08:48:46,True
P3/Mini,study_runs,V100_P3_MINI_I05_R01,study_runs/V100_P3_MINI_I05_R01/checkpoint/42ace93605da4f7d8c3adf16376b2dfa/generated/checkpoints/progress.json,progress.json,.json,198,52d8508eada3e0d926f6689f8a1a4b19d63863c6953661d3a268566f8099a7df,2026-07-24T08:48:46,True
P3/Mini,study_runs,V100_P3_MINI_I05_R01,study_runs/V100_P3_MINI_I05_R01/checkpoint/42ace93605da4f7d8c3adf16376b2dfa/generated/MovieLens100K_ALS_seed_7/test.csv,test.csv,.csv,225460,6d988ab057a153c802de292498994a3007f1407844d3ff9998a6985ed8896c07,2026-07-24T08:48:38,True
P3/Mini,study_runs,V100_P3_MINI_I05_R01,study_runs/V100_P3_MINI_I05_R01/checkpoint/42ace93605da4f7d8c3adf16376b2dfa/generated/MovieLens100K_ALS_seed_7/train.csv,train.csv,.csv,902130,efaaa6e83a448de3573b398b67a0d93797a14722ed3835a0254f39cc36771e6a,2026-07-24T08:48:38,True
P3/Mini,study_runs,V100_P3_MINI_I05_R01,study_runs/V100_P3_MINI_I05_R01/checkpoint/42ace93605da4f7d8c3adf16376b2dfa/out.log,out.log,.log,1437,333bc83a72cbe25b4f98a59a5dacb2e2f0d88566f5a5c9c1b5719f11b6478c84,2026-07-24T08:48:46,True
P3/Mini,study_runs,V100_P3_MINI_I05_R01,study_runs/V100_P3_MINI_I05_R01/checkpoint/43662f80a69c46d0b69f89e73358505b/code.py,code.py,.py,3836,843aa254c46d0f05fed39e996c7f1585306291dddedfed3d3318e744da1a582a,2026-07-24T08:51:50,True
P3/Mini,study_runs,V100_P3_MINI_I05_R01,study_runs/V100_P3_MINI_I05_R01/checkpoint/43662f80a69c46d0b69f89e73358505b/exec_result.pkl,exec_result.pkl,.pkl,3269,8b5878427fdd6b1500b66c2f5e790d4c7a4c4d24436e34bd55b34dd06bf84817,2026-07-24T08:50:21,True
P3/Mini,study_runs,V100_P3_MINI_I05_R01,study_runs/V100_P3_MINI_I05_R01/checkpoint/43662f80a69c46d0b69f89e73358505b/out.log,out.log,.log,3072,531e125b864079092546929cd9b6642a83834b20f107d5aaab8d393226f658b1,2026-07-24T08:50:21,True
P3/Mini,study_runs,V100_P3_MINI_I05_R01,study_runs/V100_P3_MINI_I05_R01/checkpoint/728d2c10356b4ff4a3fe013781d33952/code.py,code.py,.py,8679,948e46988a996a9e7e03d88fdac88e2c8e115a853fd76577035351e029dcda10,2026-07-24T08:49:18,True
P3/Mini,study_runs,V100_P3_MINI_I05_R01,study_runs/V100_P3_MINI_I05_R01/checkpoint/728d2c10356b4ff4a3fe013781d33952/exec_result.pkl,exec_result.pkl,.pkl,1086,d4e116be6bf0a4ae85dd365b53dde679b3203bd9ce1530cc2e52265b998da8cb,2026-07-24T08:47:31,True
P3/Mini,study_runs,V100_P3_MINI_I05_R01,study_runs/V100_P3_MINI_I05_R01/checkpoint/728d2c10356b4ff4a3fe013781d33952/generated/MovieLens100K_seed_7/test.csv,test.csv,.csv,225460,6d988ab057a153c802de292498994a3007f1407844d3ff9998a6985ed8896c07,2026-07-24T08:47:31,True
P3/Mini,study_runs,V100_P3_MINI_I05_R01,study_runs/V100_P3_MINI_I05_R01/checkpoint/728d2c10356b4ff4a3fe013781d33952/generated/MovieLens100K_seed_7/train.csv,train.csv,.csv,902130,efaaa6e83a448de3573b398b67a0d93797a14722ed3835a0254f39cc36771e6a,2026-07-24T08:47:31,True
P3/Mini,study_runs,V100_P3_MINI_I05_R01,study_runs/V100_P3_MINI_I05_R01/checkpoint/728d2c10356b4ff4a3fe013781d33952/out.log,out.log,.log,943,b55cbb973e2720d0fc5f7cc727e8415f3b3728a23d855cc10cb6a6a6d9b837f4,2026-07-24T08:47:31,True
P3/Mini,study_runs,V100_P3_MINI_I05_R01,study_runs/V100_P3_MINI_I05_R01/checkpoint/753146c71abd4ca3a07c9008e40d631d/code.py,code.py,.py,2726,75644fffe3a44578116894c92ac52b789c06a044e55563a2ab80e412c5949afb,2026-07-24T08:46:15,True
P3/Mini,study_runs,V100_P3_MINI_I05_R01,study_runs/V100_P3_MINI_I05_R01/checkpoint/753146c71abd4ca3a07c9008e40d631d/exec_result.pkl,exec_result.pkl,.pkl,3258,4f21526fd12180ebc6791ce2fd1ea246687c87a7b6898ad047bfbaedea26b5d8,2026-07-24T08:44:59,True
P3/Mini,study_runs,V100_P3_MINI_I05_R01,study_runs/V100_P3_MINI_I05_R01/checkpoint/753146c71abd4ca3a07c9008e40d631d/out.log,out.log,.log,3061,6ebb8668ca88ac9297ed5166d08134819bb99e552888ac0795688ffe01a301f8,2026-07-24T08:44:59,True
P3/Mini,study_runs,V100_P3_MINI_I05_R01,study_runs/V100_P3_MINI_I05_R01/checkpoint/c8f15c02f3b543f8979f42791a278dff/code.py,code.py,.py,3492,07f8234dca2acc284e2ca2653f32d2ceb59ae4b71b40dfd1a4af63f0570f0986,2026-07-24T08:53:36,True
P3/Mini,study_runs,V100_P3_MINI_I05_R01,study_runs/V100_P3_MINI_I05_R01/checkpoint/c8f15c02f3b543f8979f42791a278dff/exec_result.pkl,exec_result.pkl,.pkl,1509,071770348eda0fa8f0198998b17f27e5324fe0f278cb792045ed3ede513d5674,2026-07-24T08:51:26,True
P3/Mini,study_runs,V100_P3_MINI_I05_R01,study_runs/V100_P3_MINI_I05_R01/checkpoint/c8f15c02f3b543f8979f42791a278dff/generated/checkpoints/err.log,err.log,.log,0,e3b0c44298fc1c149afbf4c8996fb92427ae41e4649b934ca495991b7852b855,2026-07-24T08:51:26,True
P3/Mini,study_runs,V100_P3_MINI_I05_R01,study_runs/V100_P3_MINI_I05_R01/checkpoint/c8f15c02f3b543f8979f42791a278dff/generated/checkpoints/out.log,out.log,.log,0,e3b0c44298fc1c149afbf4c8996fb92427ae41e4649b934ca495991b7852b855,2026-07-24T08:51:26,True
P3/Mini,study_runs,V100_P3_MINI_I05_R01,study_runs/V100_P3_MINI_I05_R01/checkpoint/c8f15c02f3b543f8979f42791a278dff/generated/checkpoints/progress.json,progress.json,.json,281,c1259b710f450e68fec3aa8a8ab7cf1cef9104869e2ed7090e23b814dbf2d2ec,2026-07-24T08:51:26,True
P3/Mini,study_runs,V100_P3_MINI_I05_R01,study_runs/V100_P3_MINI_I05_R01/checkpoint/c8f15c02f3b543f8979f42791a278dff/generated/prototype_plot.png,prototype_plot.png,.png,29539,f1a38b14e22342a5915b846b5ab12b66881705fe5523d7f6533408b15b51e711,2026-07-24T08:51:18,True
P3/Mini,study_runs,V100_P3_MINI_I05_R01,study_runs/V100_P3_MINI_I05_R01/checkpoint/c8f15c02f3b543f8979f42791a278dff/out.log,out.log,.log,1356,80c5dfa353c0c1344707bc757281617de9e8534d717273bc31bf7df615e793e8,2026-07-24T08:51:26,True
P3/Mini,study_runs,V100_P3_MINI_I05_R01,study_runs/V100_P3_MINI_I05_R01/code_requirements_final.json,code_requirements_final.json,.json,2295,5a4b8c107283efc02e6a04473add3a53ee06b7ef7200605f85c4e47405bfdd9e,2026-07-24T08:54:13,True
P3/Mini,study_runs,V100_P3_MINI_I05_R01,study_runs/V100_P3_MINI_I05_R01/code_requirements_prototype.json,code_requirements_prototype.json,.json,882,5c25dc104e0d354b792bf0648d763b2b1556dc47e80a64396ea067e47d7b44d1,2026-07-24T08:44:20,True
P3/Mini,study_runs,V100_P3_MINI_I05_R01,study_runs/V100_P3_MINI_I05_R01/config.source.toml,config.source.toml,.toml,386,43ad328d9e971575946598bc6c906a320d878b57103e5825b7bc1b351074558f,2026-07-24T08:43:44,True
P3/Mini,study_runs,V100_P3_MINI_I05_R01,study_runs/V100_P3_MINI_I05_R01/config.toml,config.toml,.toml,416,11b6330da026e67fea895c8fc5affadefd12f0b4b0cd99baca1d2e85ce8c2332,2026-07-24T08:43:44,True
P3/Mini,study_runs,V100_P3_MINI_I05_R01,study_runs/V100_P3_MINI_I05_R01/costs_log.csv,costs_log.csv,.csv,12961,b044b240aa5c6427adcd3e2d56bb3f53f56ba3c83e7c4ae0a6e46265731574fa,2026-07-24T08:59:38,True
P3/Mini,study_runs,V100_P3_MINI_I05_R01,study_runs/V100_P3_MINI_I05_R01/debug.log,debug.log,.log,232781,0597c944443fb6525a719fc05b2803e7e524bd90468c666d0f54eac89a3e2478,2026-07-24T08:59:42,True
P3/Mini,study_runs,V100_P3_MINI_I05_R01,study_runs/V100_P3_MINI_I05_R01/entered_prompt.txt,entered_prompt.txt,.txt,8121,58a89d576dbcf4958b231024c16fc02b706ddf74985bf968a054006b3b063354,2026-07-24T08:43:44,True
P3/Mini,study_runs,V100_P3_MINI_I05_R01,study_runs/V100_P3_MINI_I05_R01/save.pkl,save.pkl,.pkl,120986,bd31753d56a5445475fb51e45fa821ba6820933d12938d5fecc394d4b39471d0,2026-07-24T08:53:44,True
P3/Mini,study_runs,V100_P3_MINI_I05_R01,study_runs/V100_P3_MINI_I05_R01/statistics/0_753146c71abd4ca3a07c9008e40d631d.txt,0_753146c71abd4ca3a07c9008e40d631d.txt,.txt,473,d6e268be9df6cc6fb1dddf6d32ef24766140713bf0cef5a37a155ce031a2096e,2026-07-24T08:45:21,True
P3/Mini,study_runs,V100_P3_MINI_I05_R01,study_runs/V100_P3_MINI_I05_R01/statistics/1_3f5825ae247f41abb4b522a295104195.txt,1_3f5825ae247f41abb4b522a295104195.txt,.txt,478,3418edf460fc038ec2c7b1d982ecbea07f11d49975aa2bf363cfdbbac21f8a54,2026-07-24T08:46:16,True
P3/Mini,study_runs,V100_P3_MINI_I05_R01,study_runs/V100_P3_MINI_I05_R01/statistics/2_728d2c10356b4ff4a3fe013781d33952.txt,2_728d2c10356b4ff4a3fe013781d33952.txt,.txt,508,0a2b361eb7d579c1483a742955142db870c229107d3e74ab2d8c5c1018767adb,2026-07-24T08:47:45,True
P3/Mini,study_runs,V100_P3_MINI_I05_R01,study_runs/V100_P3_MINI_I05_R01/statistics/3_42ace93605da4f7d8c3adf16376b2dfa.txt,3_42ace93605da4f7d8c3adf16376b2dfa.txt,.txt,503,1b335f5438862664618c3325a75801db707a3f93bb79f797b0d973b2dd3a2be8,2026-07-24T08:49:18,True
P3/Mini,study_runs,V100_P3_MINI_I05_R01,study_runs/V100_P3_MINI_I05_R01/statistics/4_43662f80a69c46d0b69f89e73358505b.txt,4_43662f80a69c46d0b69f89e73358505b.txt,.txt,492,4b4a6e909d331863d83b08f51eb9dfff41bbc3654cf877c43805fefc91470b39,2026-07-24T08:50:34,True
P3/Mini,study_runs,V100_P3_MINI_I05_R01,study_runs/V100_P3_MINI_I05_R01/statistics/5_c8f15c02f3b543f8979f42791a278dff.txt,5_c8f15c02f3b543f8979f42791a278dff.txt,.txt,505,20e159ba7598cb21344cd8a13ad4c00f44350ec73a4bb5382dc1e23e92869360,2026-07-24T08:51:50,True
P3/Mini,study_runs,V100_P3_MINI_I05_R01,study_runs/V100_P3_MINI_I05_R01/statistics/6_075eaf260afc4aa5a28a4dc85320799b.txt,6_075eaf260afc4aa5a28a4dc85320799b.txt,.txt,501,4f1a3661b26e1ab419993264e79794d4d08f9ee40c35458be8b28d92fa0f0453,2026-07-24T08:53:36,True
P3/Mini,study_runs,V100_P3_MINI_I05_R01,study_runs/V100_P3_MINI_I05_R01/statistics/7_075eaf260afc4aa5a28a4dc85320799b_seed.txt,7_075eaf260afc4aa5a28a4dc85320799b_seed.txt,.txt,503,f21b3847482878c98a5f0e8a0c35a9cd10c1921c2ce55ea2936d1266fed5c517,2026-07-24T08:55:12,True
P3/Mini,study_runs,V100_P3_MINI_I05_R01,study_runs/V100_P3_MINI_I05_R01/statistics/8_075eaf260afc4aa5a28a4dc85320799b_iteration1.txt,8_075eaf260afc4aa5a28a4dc85320799b_iteration1.txt,.txt,527,74f4875b343f526e93df91c61249e1bb846b48b1a83baf39bdeb858386ded14a,2026-07-24T08:58:15,True
P3/Mini,study_runs,V100_P3_MINI_I05_R01,study_runs/V100_P3_MINI_I05_R01/statistics/9_075eaf260afc4aa5a28a4dc85320799b_iteration2.txt,9_075eaf260afc4aa5a28a4dc85320799b_iteration2.txt,.txt,505,35abcc2ee19ffac1f3128aa8a0ee6b4bed8e91feedc6b81981a40028caa1be32,2026-07-24T08:59:32,True
P3/Mini,study_runs,V100_P3_MINI_I05_R01,study_runs/V100_P3_MINI_I05_R01/statistics/arguments_per_function.png,arguments_per_function.png,.png,70834,32c89294a88e3ddd71c392ba3e7fcc205ccddb88e80248aea323c267cd007887,2026-07-24T08:59:40,True
P3/Mini,study_runs,V100_P3_MINI_I05_R01,study_runs/V100_P3_MINI_I05_R01/statistics/classes.png,classes.png,.png,50726,25ead7a72c017a594a8995da01ddd851c8779501cab9ca4506b4333c0ce09860,2026-07-24T08:59:40,True
P3/Mini,study_runs,V100_P3_MINI_I05_R01,study_runs/V100_P3_MINI_I05_R01/statistics/comment_lines.png,comment_lines.png,.png,64553,e86ea295c9f0662b39dbd355b1c9bcac5fc82e872cedb7447dac5a51b83c3008,2026-07-24T08:59:39,True
P3/Mini,study_runs,V100_P3_MINI_I05_R01,study_runs/V100_P3_MINI_I05_R01/statistics/conditions.png,conditions.png,.png,60456,744009d909696b930889822d08ffdeb7ad39c2471e68fd89f39bad9b5f167e2c,2026-07-24T08:59:41,True
P3/Mini,study_runs,V100_P3_MINI_I05_R01,study_runs/V100_P3_MINI_I05_R01/statistics/deletions.png,deletions.png,.png,72375,e91563f1c9b1438ce72831fb9f4a6ab575a1070f07515987dbb052b84b2463d6,2026-07-24T08:59:42,True
P3/Mini,study_runs,V100_P3_MINI_I05_R01,study_runs/V100_P3_MINI_I05_R01/statistics/empty_lines.png,empty_lines.png,.png,68594,99ad6cdf48bc7ebe77c044f80e74a25e84c678124b1a3e431afb82f8e2fedf9e,2026-07-24T08:59:39,True
P3/Mini,study_runs,V100_P3_MINI_I05_R01,study_runs/V100_P3_MINI_I05_R01/statistics/execution_time.png,execution_time.png,.png,71418,1f210a4f7fdc34646e78245439e9e1149cdd1267813a34568539c61a943f6b89,2026-07-24T08:59:38,True
P3/Mini,study_runs,V100_P3_MINI_I05_R01,study_runs/V100_P3_MINI_I05_R01/statistics/functions.png,functions.png,.png,59926,e69adcc1efe455b93a2bb19104e8af31af1ef20c3121a0746579a9460b1b56fe,2026-07-24T08:59:40,True
P3/Mini,study_runs,V100_P3_MINI_I05_R01,study_runs/V100_P3_MINI_I05_R01/statistics/insertions.png,insertions.png,.png,79565,3ccd21a0f1778f17fbdd72a88d0ab55df5fc13bb7bb6a76cabcd39b69c5778cb,2026-07-24T08:59:41,True
P3/Mini,study_runs,V100_P3_MINI_I05_R01,study_runs/V100_P3_MINI_I05_R01/statistics/libraries_imported.png,libraries_imported.png,.png,53597,00c19b3c9de62a4c3fc1b122a3b75bf009cf811e2d87f7f688900c2544e249da,2026-07-24T08:59:39,True
P3/Mini,study_runs,V100_P3_MINI_I05_R01,study_runs/V100_P3_MINI_I05_R01/statistics/lines_of_code.png,lines_of_code.png,.png,71422,72e5ddc673d5ab92f3f1a361d5bdb0af71f3e7b32f38c196e01acc3c92bce018,2026-07-24T08:59:38,True
P3/Mini,study_runs,V100_P3_MINI_I05_R01,study_runs/V100_P3_MINI_I05_R01/statistics/loops.png,loops.png,.png,60345,a164446fff1559785f0c8ef012853db9923065cf354f9aa6025e7181e66baa98,2026-07-24T08:59:41,True
P3/Mini,study_runs,V100_P3_MINI_I05_R01,study_runs/V100_P3_MINI_I05_R01/statistics/summary_overall_nodes.txt,summary_overall_nodes.txt,.txt,472,c98f7b1088fe005f94be49225710928bc408b0cce00e7cf539f488592f2d219a,2026-07-24T08:59:38,True
P3/Mini,study_runs,V100_P3_MINI_I05_R01,study_runs/V100_P3_MINI_I05_R01/statistics/total_characters.png,total_characters.png,.png,77593,65e156ea61f470827be1d689a6f1274705a556d2d06fc024ff0c07b37d23f014,2026-07-24T08:59:39,True
P3/Mini,study_runs,V100_P3_MINI_I05_R01,study_runs/V100_P3_MINI_I05_R01/statistics/variable_assignments.png,variable_assignments.png,.png,71477,907d1a247fe483ec3600460a3250a2cea7e863a1a72326ff8ebaa48b3bedb64e,2026-07-24T08:59:40,True
P3/Mini,study_runs,V100_P3_MINI_I05_R01,study_runs/V100_P3_MINI_I05_R01/summary.md,summary.md,.md,3117,18c85058b99d5ed300c2006aa5b3d36eb35483685a70c3c8368453882d6c4824,2026-07-24T08:59:38,True
P3/Mini,study_runs,V100_P3_MINI_I05_R01,study_runs/V100_P3_MINI_I05_R01/tree_render/pdf/combined_tree.pdf,combined_tree.pdf,.pdf,21911,62dd44f5d1eeeb49ca0e2d78b01d7d6df628ca80285ff245b5d57acbbbd36d4b,2026-07-24T08:53:44,True
P3/Mini,study_runs,V100_P3_MINI_I05_R01,study_runs/V100_P3_MINI_I05_R01/tree_render/pdf/tree_0.pdf,tree_0.pdf,.pdf,21601,ca9e1ad7c939ecba9ddc8746a05a7e854fd48694f56530e26f8128206a2e3403,2026-07-24T08:53:38,True
P3/Mini,study_runs,V100_P3_MINI_I05_R01,study_runs/V100_P3_MINI_I05_R01/tree_render/pdf/tree_1.pdf,tree_1.pdf,.pdf,20373,9d94173a4bd85ad4148f5ea45a3382e822a9e829a4aba0ebbcd21561dc4813f9,2026-07-24T08:53:41,True
P3/Mini,study_runs,V100_P3_MINI_I05_R01,study_runs/V100_P3_MINI_I05_R01/tree_render/png/combined_tree.png,combined_tree.png,.png,65244,dc5b58bfa571dcf12a32606c54beadc9854547413a8314de7e86000311c5066e,2026-07-24T08:53:43,True
P3/Mini,study_runs,V100_P3_MINI_I05_R01,study_runs/V100_P3_MINI_I05_R01/tree_render/png/tree_0.png,tree_0.png,.png,48558,02d1a4204770af19e8606283c254d407d9520984e4bafd2d7f652c4a9e1e2634,2026-07-24T08:53:37,True
P3/Mini,study_runs,V100_P3_MINI_I05_R01,study_runs/V100_P3_MINI_I05_R01/tree_render/png/tree_1.png,tree_1.png,.png,21891,58f47e2243a1e3936f1ed0cae0e1c669e907801f319114459f9db0c0d981cc45,2026-07-24T08:53:40,True
P3/Mini,study_runs,V100_P3_MINI_I05_R01,study_runs/V100_P3_MINI_I05_R01/tree_render/svg/combined_tree.svg,combined_tree.svg,.svg,10686,8e76fcf95d2658d6a9c198266773ba6f00ec46dd296205c32420a0ef4e9ec98e,2026-07-24T08:53:44,True
P3/Mini,study_runs,V100_P3_MINI_I05_R01,study_runs/V100_P3_MINI_I05_R01/tree_render/svg/tree_0.svg,tree_0.svg,.svg,8031,2087ea5aa7eb1b2cd59323a08d1286864a52f762575b3de73353e1fda61aeb0d,2026-07-24T08:53:39,True
P3/Mini,study_runs,V100_P3_MINI_I05_R01,study_runs/V100_P3_MINI_I05_R01/tree_render/svg/tree_1.svg,tree_1.svg,.svg,3176,43e38f42151e42a4e976d5cd9a214b33cb557a7f035cd29944e9feaeb03ad2dc,2026-07-24T08:53:41,True
P3/Mini,study_runs,V100_P3_MINI_I05_R02,study_runs/V100_P3_MINI_I05_R02/checkpoint/1a43d0f3777b4a938ec9d573e7e6aa87/code.py,code.py,.py,10138,4fe7a092b9ba446b2de2040a680ba3e05bdf94f699f0e6183181ab8fcaf5e8e8,2026-07-24T08:54:25,True
P3/Mini,study_runs,V100_P3_MINI_I05_R02,study_runs/V100_P3_MINI_I05_R02/checkpoint/1a43d0f3777b4a938ec9d573e7e6aa87/exec_result.pkl,exec_result.pkl,.pkl,2671,99133dc22854657d1213e48a2715fbc56a0b6e8c136c793072e2362c5bfcdb8d,2026-07-24T08:53:08,True
P3/Mini,study_runs,V100_P3_MINI_I05_R02,study_runs/V100_P3_MINI_I05_R02/checkpoint/1a43d0f3777b4a938ec9d573e7e6aa87/generated/checkpoints/err.log,err.log,.log,0,e3b0c44298fc1c149afbf4c8996fb92427ae41e4649b934ca495991b7852b855,2026-07-24T08:53:08,True
P3/Mini,study_runs,V100_P3_MINI_I05_R02,study_runs/V100_P3_MINI_I05_R02/checkpoint/1a43d0f3777b4a938ec9d573e7e6aa87/generated/checkpoints/out.log,out.log,.log,0,e3b0c44298fc1c149afbf4c8996fb92427ae41e4649b934ca495991b7852b855,2026-07-24T08:53:08,True
P3/Mini,study_runs,V100_P3_MINI_I05_R02,study_runs/V100_P3_MINI_I05_R02/checkpoint/1a43d0f3777b4a938ec9d573e7e6aa87/generated/checkpoints/progress.json,progress.json,.json,273,c13af1281186c2d4eaba1a992e7947f5991b2507c4db47ec98c1add1dc1df1c5,2026-07-24T08:53:08,True
P3/Mini,study_runs,V100_P3_MINI_I05_R02,study_runs/V100_P3_MINI_I05_R02/checkpoint/1a43d0f3777b4a938ec9d573e7e6aa87/out.log,out.log,.log,2490,59f2e430b5788c1fe5518a2369a4c659fb0612d5c6eb0ed49cf8269272730ff8,2026-07-24T08:53:08,True
P3/Mini,study_runs,V100_P3_MINI_I05_R02,study_runs/V100_P3_MINI_I05_R02/checkpoint/21d81ee94fc0419f9687e959c418ccc7/code.py,code.py,.py,513,e07ac418fd56cd58bd3f64a8779c58681f6f71ebb0ea3919e32626add2f59a0f,2026-07-24T08:49:44,True
P3/Mini,study_runs,V100_P3_MINI_I05_R02,study_runs/V100_P3_MINI_I05_R02/checkpoint/21d81ee94fc0419f9687e959c418ccc7/exec_result.pkl,exec_result.pkl,.pkl,169,05093fd4a601fc01a6ca78b3b16f2cda4213ab5e81fca48977092bf4c8bae160,2026-07-24T08:46:52,True
P3/Mini,study_runs,V100_P3_MINI_I05_R02,study_runs/V100_P3_MINI_I05_R02/checkpoint/21d81ee94fc0419f9687e959c418ccc7/out.log,out.log,.log,49,b999c05453cbce1dd7fa3d0ee70d14f3b54a511d7b134eda76c99d23181d0525,2026-07-24T08:46:52,True
P3/Mini,study_runs,V100_P3_MINI_I05_R02,study_runs/V100_P3_MINI_I05_R02/checkpoint/21d81ee94fc0419f9687e959c418ccc7_iteration1/code.py,code.py,.py,616,b1ae87123aece1a424090340e52f5d9b4538604ea15ffb5794962991b2e3b985,2026-07-24T09:02:26,True
P3/Mini,study_runs,V100_P3_MINI_I05_R02,study_runs/V100_P3_MINI_I05_R02/checkpoint/21d81ee94fc0419f9687e959c418ccc7_iteration1/exec_result.pkl,exec_result.pkl,.pkl,447,4751c8f4938a215ef72c721f8cd951aa7a2743241baf4d15a966108f113692b7,2026-07-24T08:59:49,True
P3/Mini,study_runs,V100_P3_MINI_I05_R02,study_runs/V100_P3_MINI_I05_R02/checkpoint/21d81ee94fc0419f9687e959c418ccc7_iteration1/out.log,out.log,.log,322,94b816b661bffdf484618f23d73919f96eccd1d03aa2141691049a86c9213c73,2026-07-24T08:59:49,True
P3/Mini,study_runs,V100_P3_MINI_I05_R02,study_runs/V100_P3_MINI_I05_R02/checkpoint/21d81ee94fc0419f9687e959c418ccc7_iteration2/code.py,code.py,.py,11098,a420e3ea027cd178c92469a47d43bd5115a8efd94ac78f9e54dbae6422aed5d1,2026-07-24T09:02:26,True
P3/Mini,study_runs,V100_P3_MINI_I05_R02,study_runs/V100_P3_MINI_I05_R02/checkpoint/21d81ee94fc0419f9687e959c418ccc7_iteration2/exec_result.pkl,exec_result.pkl,.pkl,1750,d6853a9a6f4b1752794f1c600f40a06c225a2927655cb180fc405139c32cbb10,2026-07-24T09:01:48,True
P3/Mini,study_runs,V100_P3_MINI_I05_R02,study_runs/V100_P3_MINI_I05_R02/checkpoint/21d81ee94fc0419f9687e959c418ccc7_iteration2/generated/results_long.csv,results_long.csv,.csv,298669,b8e885ef7aa2bc8236aebea70661778e599bf53deab8a514c161b2fa787bf8dd,2026-07-24T09:01:45,True
P3/Mini,study_runs,V100_P3_MINI_I05_R02,study_runs/V100_P3_MINI_I05_R02/checkpoint/21d81ee94fc0419f9687e959c418ccc7_iteration2/out.log,out.log,.log,1595,29d1926137861b62330db436be8b4aabd121fe2ed97e3940ba45e239475bac8d,2026-07-24T09:01:48,True
P3/Mini,study_runs,V100_P3_MINI_I05_R02,study_runs/V100_P3_MINI_I05_R02/checkpoint/21d81ee94fc0419f9687e959c418ccc7_seed/code.py,code.py,.py,513,e07ac418fd56cd58bd3f64a8779c58681f6f71ebb0ea3919e32626add2f59a0f,2026-07-24T09:00:20,True
P3/Mini,study_runs,V100_P3_MINI_I05_R02,study_runs/V100_P3_MINI_I05_R02/checkpoint/21d81ee94fc0419f9687e959c418ccc7_seed/exec_result.pkl,exec_result.pkl,.pkl,169,252361fc7c03ad39e9f7bd41d86f8aef4c70d9746c2600eb2827080e9c7e7d94,2026-07-24T08:56:53,True
P3/Mini,study_runs,V100_P3_MINI_I05_R02,study_runs/V100_P3_MINI_I05_R02/checkpoint/21d81ee94fc0419f9687e959c418ccc7_seed/out.log,out.log,.log,49,b999c05453cbce1dd7fa3d0ee70d14f3b54a511d7b134eda76c99d23181d0525,2026-07-24T08:56:53,True
P3/Mini,study_runs,V100_P3_MINI_I05_R02,study_runs/V100_P3_MINI_I05_R02/checkpoint/229ce064c7d24b95889430c33dbe97f1/code.py,code.py,.py,9204,db21207e437d00469a5afe9e260ff67a3c9b3c07655f3bbef390c1cdb1795195,2026-07-24T08:51:05,True
P3/Mini,study_runs,V100_P3_MINI_I05_R02,study_runs/V100_P3_MINI_I05_R02/checkpoint/229ce064c7d24b95889430c33dbe97f1/exec_result.pkl,exec_result.pkl,.pkl,135792,0be95e3ca3c2be315f094626deba70e84f6e329b3d1e9073f8517018ab72374e,2026-07-24T08:49:27,True
P3/Mini,study_runs,V100_P3_MINI_I05_R02,study_runs/V100_P3_MINI_I05_R02/checkpoint/229ce064c7d24b95889430c33dbe97f1/out.log,out.log,.log,135607,4457f666ff4c34fd0de264532fdda2ffc8b219fc110874baf0e88267937f0c0b,2026-07-24T08:49:27,True
P3/Mini,study_runs,V100_P3_MINI_I05_R02,study_runs/V100_P3_MINI_I05_R02/checkpoint/450e9e5b2e494a0f9edb54fe0b07979f/code.py,code.py,.py,2110,c9c365ea65c9b24332cdb21fe385596637172561471836e07aa8de758d16b011,2026-07-24T08:48:01,True
P3/Mini,study_runs,V100_P3_MINI_I05_R02,study_runs/V100_P3_MINI_I05_R02/checkpoint/450e9e5b2e494a0f9edb54fe0b07979f/exec_result.pkl,exec_result.pkl,.pkl,2588,3935da1c7f58c4c49b9ecfb9f4ce7b7e9896756189e4bfde4e2ae8529a48e4df,2026-07-24T08:46:05,True
P3/Mini,study_runs,V100_P3_MINI_I05_R02,study_runs/V100_P3_MINI_I05_R02/checkpoint/450e9e5b2e494a0f9edb54fe0b07979f/generated/checkpoints/err.log,err.log,.log,0,e3b0c44298fc1c149afbf4c8996fb92427ae41e4649b934ca495991b7852b855,2026-07-24T08:46:05,True
P3/Mini,study_runs,V100_P3_MINI_I05_R02,study_runs/V100_P3_MINI_I05_R02/checkpoint/450e9e5b2e494a0f9edb54fe0b07979f/generated/checkpoints/out.log,out.log,.log,0,e3b0c44298fc1c149afbf4c8996fb92427ae41e4649b934ca495991b7852b855,2026-07-24T08:46:05,True
P3/Mini,study_runs,V100_P3_MINI_I05_R02,study_runs/V100_P3_MINI_I05_R02/checkpoint/450e9e5b2e494a0f9edb54fe0b07979f/generated/checkpoints/progress.json,progress.json,.json,273,18af72abdc69b6e695287c9d2cf6e259e698199e8a9b0fa76a0df5c48242faa2,2026-07-24T08:46:05,True
P3/Mini,study_runs,V100_P3_MINI_I05_R02,study_runs/V100_P3_MINI_I05_R02/checkpoint/450e9e5b2e494a0f9edb54fe0b07979f/out.log,out.log,.log,2409,b9dea2fccb2fe7d94bacab0cb9f2de9c77053b4e554a3d5f84b95cfc12223e96,2026-07-24T08:46:05,True
P3/Mini,study_runs,V100_P3_MINI_I05_R02,study_runs/V100_P3_MINI_I05_R02/checkpoint/7f0cd90d8e31446f95f8651142f3ba78/code.py,code.py,.py,5958,16ff2cd45f08f804107c03be525e4499ea9816b46a7ae189ab3dd610e8a120b6,2026-07-24T08:53:25,True
P3/Mini,study_runs,V100_P3_MINI_I05_R02,study_runs/V100_P3_MINI_I05_R02/checkpoint/7f0cd90d8e31446f95f8651142f3ba78/exec_result.pkl,exec_result.pkl,.pkl,1158,7c58d27768671cb213a6a80bff24173df05ddf0ffbad15b68bf074db423194dc,2026-07-24T08:50:44,True
P3/Mini,study_runs,V100_P3_MINI_I05_R02,study_runs/V100_P3_MINI_I05_R02/checkpoint/7f0cd90d8e31446f95f8651142f3ba78/generated/ml100k_test_seed7.csv,ml100k_test_seed7.csv,.csv,225452,580fe7d9404bdc5a681a1fd81155def4f264c12732cdaf565e1d0450b43cb9b8,2026-07-24T08:50:42,True
P3/Mini,study_runs,V100_P3_MINI_I05_R02,study_runs/V100_P3_MINI_I05_R02/checkpoint/7f0cd90d8e31446f95f8651142f3ba78/generated/ml100k_train_seed7.csv,ml100k_train_seed7.csv,.csv,902138,75d967ef9096f764d1fd25f3a03e466e559c8dbaf2a9449ca2a6cf972d05c25b,2026-07-24T08:50:42,True
P3/Mini,study_runs,V100_P3_MINI_I05_R02,study_runs/V100_P3_MINI_I05_R02/checkpoint/7f0cd90d8e31446f95f8651142f3ba78/generated/prototype_plot.png,prototype_plot.png,.png,13790,948d2d67931abafbd3ca4ad8fca978c64f146cee51488cc6a5ec2617644472bc,2026-07-24T08:50:43,True
P3/Mini,study_runs,V100_P3_MINI_I05_R02,study_runs/V100_P3_MINI_I05_R02/checkpoint/7f0cd90d8e31446f95f8651142f3ba78/generated/prototype_results.csv,prototype_results.csv,.csv,2,7eb70257593da06f682a3ddda54a9d260d4fc514f645237f5ca74b08f8da61a6,2026-07-24T08:50:42,True
P3/Mini,study_runs,V100_P3_MINI_I05_R02,study_runs/V100_P3_MINI_I05_R02/checkpoint/7f0cd90d8e31446f95f8651142f3ba78/generated/prototype_summary.json,prototype_summary.json,.json,929,49e531ebcc559c275d4545bd216cd2194b14f3a8bccf848e18a6090fe4f56916,2026-07-24T08:50:43,True
P3/Mini,study_runs,V100_P3_MINI_I05_R02,study_runs/V100_P3_MINI_I05_R02/checkpoint/7f0cd90d8e31446f95f8651142f3ba78/out.log,out.log,.log,981,b7aae1e6af0f030b3a9c976e72ef842210b3fea40a25b59f61ad9b5d531bebfb,2026-07-24T08:50:44,True
P3/Mini,study_runs,V100_P3_MINI_I05_R02,study_runs/V100_P3_MINI_I05_R02/checkpoint/e105e94f20af4eae81c5d19b89302e96/code.py,code.py,.py,11365,d23a5a066a12b4108f2ca7d2e7de0c0373f1fee05e070977a9851f5c6f6b78cd,2026-07-24T08:59:12,True
P3/Mini,study_runs,V100_P3_MINI_I05_R02,study_runs/V100_P3_MINI_I05_R02/checkpoint/e105e94f20af4eae81c5d19b89302e96/exec_result.pkl,exec_result.pkl,.pkl,2671,a1db4e7891613584746ecdd1aea023e9c8b03cebf9bf6bd2a8deb10f2ef06b34,2026-07-24T08:55:59,True
P3/Mini,study_runs,V100_P3_MINI_I05_R02,study_runs/V100_P3_MINI_I05_R02/checkpoint/e105e94f20af4eae81c5d19b89302e96/generated/checkpoints/err.log,err.log,.log,0,e3b0c44298fc1c149afbf4c8996fb92427ae41e4649b934ca495991b7852b855,2026-07-24T08:55:58,True
P3/Mini,study_runs,V100_P3_MINI_I05_R02,study_runs/V100_P3_MINI_I05_R02/checkpoint/e105e94f20af4eae81c5d19b89302e96/generated/checkpoints/out.log,out.log,.log,0,e3b0c44298fc1c149afbf4c8996fb92427ae41e4649b934ca495991b7852b855,2026-07-24T08:55:58,True
P3/Mini,study_runs,V100_P3_MINI_I05_R02,study_runs/V100_P3_MINI_I05_R02/checkpoint/e105e94f20af4eae81c5d19b89302e96/generated/checkpoints/progress.json,progress.json,.json,273,8d77bb2374698c5aca1f7ac228312faa8b2ba699fc8412ff03a7241bbf247481,2026-07-24T08:55:58,True
P3/Mini,study_runs,V100_P3_MINI_I05_R02,study_runs/V100_P3_MINI_I05_R02/checkpoint/e105e94f20af4eae81c5d19b89302e96/out.log,out.log,.log,2490,2db3505d00a8764adb9e347d49527843a3c6b5dab5f8743b325286dedbf39def,2026-07-24T08:55:59,True
P3/Mini,study_runs,V100_P3_MINI_I05_R02,study_runs/V100_P3_MINI_I05_R02/checkpoint/e5fc509feffe4a6ea4c89b328f48b339/code.py,code.py,.py,6373,9474e519b21ea40f8e86578131bf854c51035c4c914cbc015463cc238aa803b7,2026-07-24T08:56:17,True
P3/Mini,study_runs,V100_P3_MINI_I05_R02,study_runs/V100_P3_MINI_I05_R02/checkpoint/e5fc509feffe4a6ea4c89b328f48b339/exec_result.pkl,exec_result.pkl,.pkl,1427,87e8cf02faaf12987a2c9960616f8b217a12d356d05538d90885bd41af662c4f,2026-07-24T08:54:09,True
P3/Mini,study_runs,V100_P3_MINI_I05_R02,study_runs/V100_P3_MINI_I05_R02/checkpoint/e5fc509feffe4a6ea4c89b328f48b339/out.log,out.log,.log,1274,23697685d74d74b1e09b608ee4c2d8c012c426121f55c407c62383fbc9546d12,2026-07-24T08:54:09,True
P3/Mini,study_runs,V100_P3_MINI_I05_R02,study_runs/V100_P3_MINI_I05_R02/code_requirements_final.json,code_requirements_final.json,.json,2619,3aa4dc85cc012bdec620a61535f742b47bca5a2ae63a21a7ff0156c50c346205,2026-07-24T08:56:52,True
P3/Mini,study_runs,V100_P3_MINI_I05_R02,study_runs/V100_P3_MINI_I05_R02/code_requirements_prototype.json,code_requirements_prototype.json,.json,1091,f296172fa5fe0005aaace8f824af4fae4a392c770eac606c939788515e511efd,2026-07-24T08:44:51,True
P3/Mini,study_runs,V100_P3_MINI_I05_R02,study_runs/V100_P3_MINI_I05_R02/config.source.toml,config.source.toml,.toml,386,43ad328d9e971575946598bc6c906a320d878b57103e5825b7bc1b351074558f,2026-07-24T08:44:18,True
P3/Mini,study_runs,V100_P3_MINI_I05_R02,study_runs/V100_P3_MINI_I05_R02/config.toml,config.toml,.toml,416,d1beb018332e17d823c501088c52378adec4f68604bdef48eaed6e953c4668c5,2026-07-24T08:44:18,True
P3/Mini,study_runs,V100_P3_MINI_I05_R02,study_runs/V100_P3_MINI_I05_R02/costs_log.csv,costs_log.csv,.csv,15058,bda14a89c2d7ac2a753e8c50236359173bdb8c2a136becb970ae5fe646897526,2026-07-24T09:02:32,True
P3/Mini,study_runs,V100_P3_MINI_I05_R02,study_runs/V100_P3_MINI_I05_R02/debug.log,debug.log,.log,379241,b4659e488b03a3e2cad26c01c77e9ee6c161f15a2fe5584f9351fe02892cf20e,2026-07-24T09:02:36,True
P3/Mini,study_runs,V100_P3_MINI_I05_R02,study_runs/V100_P3_MINI_I05_R02/entered_prompt.txt,entered_prompt.txt,.txt,8121,58a89d576dbcf4958b231024c16fc02b706ddf74985bf968a054006b3b063354,2026-07-24T08:44:18,True
P3/Mini,study_runs,V100_P3_MINI_I05_R02,study_runs/V100_P3_MINI_I05_R02/save.pkl,save.pkl,.pkl,277631,8e7d60a67f96c7e4de03094b8df1e833350238989c1b84ef3460f14805767475,2026-07-24T08:56:25,True
P3/Mini,study_runs,V100_P3_MINI_I05_R02,study_runs/V100_P3_MINI_I05_R02/statistics/0_450e9e5b2e494a0f9edb54fe0b07979f.txt,0_450e9e5b2e494a0f9edb54fe0b07979f.txt,.txt,467,b106890bc5883e4567afa4a9296bdc05812006b19d52f6cf75eddcfc1eff631e,2026-07-24T08:46:24,True
P3/Mini,study_runs,V100_P3_MINI_I05_R02,study_runs/V100_P3_MINI_I05_R02/statistics/1_21d81ee94fc0419f9687e959c418ccc7.txt,1_21d81ee94fc0419f9687e959c418ccc7.txt,.txt,430,37a698862034ef2c15eb6b64a47e0ad73014d7cc9b909efabb854c4590571e9c,2026-07-24T08:48:02,True
P3/Mini,study_runs,V100_P3_MINI_I05_R02,study_runs/V100_P3_MINI_I05_R02/statistics/2_229ce064c7d24b95889430c33dbe97f1.txt,2_229ce064c7d24b95889430c33dbe97f1.txt,.txt,514,342e488c983e505248edec4a9ecbbf5805dd3190f764c8b9d880a31402751d0c,2026-07-24T08:49:44,True
P3/Mini,study_runs,V100_P3_MINI_I05_R02,study_runs/V100_P3_MINI_I05_R02/statistics/3_7f0cd90d8e31446f95f8651142f3ba78.txt,3_7f0cd90d8e31446f95f8651142f3ba78.txt,.txt,532,784d5e4d9e974e60e35f90ebca032dca9f3705dccdaf31ed221681dda5329e5d,2026-07-24T08:51:05,True
P3/Mini,study_runs,V100_P3_MINI_I05_R02,study_runs/V100_P3_MINI_I05_R02/statistics/4_1a43d0f3777b4a938ec9d573e7e6aa87.txt,4_1a43d0f3777b4a938ec9d573e7e6aa87.txt,.txt,528,3230efb17a5b682b1003ad7d3069ae36ac1f2dd34dc4423e27865f4227db7390,2026-07-24T08:53:25,True
P3/Mini,study_runs,V100_P3_MINI_I05_R02,study_runs/V100_P3_MINI_I05_R02/statistics/5_e5fc509feffe4a6ea4c89b328f48b339.txt,5_e5fc509feffe4a6ea4c89b328f48b339.txt,.txt,518,97f1989bd01e1bdf99a9acc083f6d08efafd001088a0730290be579aff875b8b,2026-07-24T08:54:25,True
P3/Mini,study_runs,V100_P3_MINI_I05_R02,study_runs/V100_P3_MINI_I05_R02/statistics/6_e105e94f20af4eae81c5d19b89302e96.txt,6_e105e94f20af4eae81c5d19b89302e96.txt,.txt,523,703af9e6f6bd5fe4d7b863d877df2cca5be37f66fbae5c06a435965cda32226c,2026-07-24T08:56:17,True
P3/Mini,study_runs,V100_P3_MINI_I05_R02,study_runs/V100_P3_MINI_I05_R02/statistics/7_21d81ee94fc0419f9687e959c418ccc7_seed.txt,7_21d81ee94fc0419f9687e959c418ccc7_seed.txt,.txt,419,86892d9546c4bc214f22544f3588dbbb5151617728a539dbaa8de4d60616b1b8,2026-07-24T08:59:13,True
P3/Mini,study_runs,V100_P3_MINI_I05_R02,study_runs/V100_P3_MINI_I05_R02/statistics/8_21d81ee94fc0419f9687e959c418ccc7_iteration1.txt,8_21d81ee94fc0419f9687e959c418ccc7_iteration1.txt,.txt,456,e9f5107bd85bcbaec48414b1dbfa5203a200c5daa696b02bbb9e44b701d3ae1a,2026-07-24T09:00:20,True
P3/Mini,study_runs,V100_P3_MINI_I05_R02,study_runs/V100_P3_MINI_I05_R02/statistics/9_21d81ee94fc0419f9687e959c418ccc7_iteration2.txt,9_21d81ee94fc0419f9687e959c418ccc7_iteration2.txt,.txt,529,b42b746ffef9957f7890dfd1ef31f13a560103530072f524d081fabdb87d9c17,2026-07-24T09:02:26,True
P3/Mini,study_runs,V100_P3_MINI_I05_R02,study_runs/V100_P3_MINI_I05_R02/statistics/arguments_per_function.png,arguments_per_function.png,.png,69914,415e3ab0e05bcd76abf20a36b628ff7ba9383025f89f39f13e94a505d9235c53,2026-07-24T09:02:34,True
P3/Mini,study_runs,V100_P3_MINI_I05_R02,study_runs/V100_P3_MINI_I05_R02/statistics/classes.png,classes.png,.png,41899,02b8b7dca73235964973baba74333befd51b10bacfec25938280b4169f8ee71d,2026-07-24T09:02:34,True
P3/Mini,study_runs,V100_P3_MINI_I05_R02,study_runs/V100_P3_MINI_I05_R02/statistics/comment_lines.png,comment_lines.png,.png,69047,00615d7b5a71e2582d874e2464a91c93248ff5339eeff30361600234587e64a9,2026-07-24T09:02:33,True
P3/Mini,study_runs,V100_P3_MINI_I05_R02,study_runs/V100_P3_MINI_I05_R02/statistics/conditions.png,conditions.png,.png,65000,9ba6fe735e56421169588a426bd0158f0ed472328fddec61e7b907cf3aa39bc9,2026-07-24T09:02:35,True
P3/Mini,study_runs,V100_P3_MINI_I05_R02,study_runs/V100_P3_MINI_I05_R02/statistics/deletions.png,deletions.png,.png,77874,0802348f56bb1dee1d2b6b34bb83de3c6f61eb23a6c0fea43164b47472e0b8f4,2026-07-24T09:02:36,True
P3/Mini,study_runs,V100_P3_MINI_I05_R02,study_runs/V100_P3_MINI_I05_R02/statistics/empty_lines.png,empty_lines.png,.png,73079,a682f98c9ed736fb24204cbe6283d6ac88c21d5ec06a7688dd9c721ae57d09a3,2026-07-24T09:02:33,True
P3/Mini,study_runs,V100_P3_MINI_I05_R02,study_runs/V100_P3_MINI_I05_R02/statistics/execution_time.png,execution_time.png,.png,79935,85b12b2659cc17b44c3df1ec76c2890357ab637a61285d58a0e8372a9aa006e9,2026-07-24T09:02:32,True
P3/Mini,study_runs,V100_P3_MINI_I05_R02,study_runs/V100_P3_MINI_I05_R02/statistics/functions.png,functions.png,.png,62681,e72cf303fa69e09c05730fb22832db290d568cc5b9a93a7e7b90ba1dd031b746,2026-07-24T09:02:34,True
P3/Mini,study_runs,V100_P3_MINI_I05_R02,study_runs/V100_P3_MINI_I05_R02/statistics/insertions.png,insertions.png,.png,75479,1ae0c45d627ffb7176fb9a751b83c84c6ffb2dd445ef6f7b585c4ec55252c9de,2026-07-24T09:02:35,True
P3/Mini,study_runs,V100_P3_MINI_I05_R02,study_runs/V100_P3_MINI_I05_R02/statistics/libraries_imported.png,libraries_imported.png,.png,69414,d3859cd18738039e5cabfd4343c0f2654c34fb5a874bc05cfb4a76aebbe7871a,2026-07-24T09:02:33,True
P3/Mini,study_runs,V100_P3_MINI_I05_R02,study_runs/V100_P3_MINI_I05_R02/statistics/lines_of_code.png,lines_of_code.png,.png,78192,025d52119d04cbacb1ece97d560eede65a59125abdc490040fd7ffca5798194f,2026-07-24T09:02:32,True
P3/Mini,study_runs,V100_P3_MINI_I05_R02,study_runs/V100_P3_MINI_I05_R02/statistics/loops.png,loops.png,.png,72120,b06ed0495cff7713c11c7f525c257ca04eaf92ee3ef188dbefff400f61d7785f,2026-07-24T09:02:35,True
P3/Mini,study_runs,V100_P3_MINI_I05_R02,study_runs/V100_P3_MINI_I05_R02/statistics/summary_overall_nodes.txt,summary_overall_nodes.txt,.txt,488,ac9cb2dcc45eb70f9706ec51272edaeb0f8e70f04c9eabafac8e70c5bd91f8ce,2026-07-24T09:02:32,True
P3/Mini,study_runs,V100_P3_MINI_I05_R02,study_runs/V100_P3_MINI_I05_R02/statistics/total_characters.png,total_characters.png,.png,88080,416f2da66289ef1356c49e6aaa3aefbeeaaeddedc6a0248b92f98e7a2b4f721a,2026-07-24T09:02:33,True
P3/Mini,study_runs,V100_P3_MINI_I05_R02,study_runs/V100_P3_MINI_I05_R02/statistics/variable_assignments.png,variable_assignments.png,.png,75922,6b4cdc39ecf6d84ab6fa052cc049fae264455f0726af0c1b5063acb7614d6ca1,2026-07-24T09:02:34,True
P3/Mini,study_runs,V100_P3_MINI_I05_R02,study_runs/V100_P3_MINI_I05_R02/summary.md,summary.md,.md,3479,dc53e30236af4b3a17344f31617cda288d27dfcde80060366d574894f571e071,2026-07-24T09:02:32,True
P3/Mini,study_runs,V100_P3_MINI_I05_R02,study_runs/V100_P3_MINI_I05_R02/tree_render/pdf/combined_tree.pdf,combined_tree.pdf,.pdf,23411,813329194ad6bb1418a8bcf9c686a255db106644c3122a0156e1a9c5ad495a6f,2026-07-24T08:56:24,True
P3/Mini,study_runs,V100_P3_MINI_I05_R02,study_runs/V100_P3_MINI_I05_R02/tree_render/pdf/tree_0.pdf,tree_0.pdf,.pdf,18517,b84491846c80f2c129edaa74fb00616d5a46588bc2c69b6e36180faa150ea260,2026-07-24T08:56:19,True
P3/Mini,study_runs,V100_P3_MINI_I05_R02,study_runs/V100_P3_MINI_I05_R02/tree_render/pdf/tree_1.pdf,tree_1.pdf,.pdf,23279,5ffb4888ca87aff4e4c3cf354d6e354c602b4be93b461c1b2d63d6a139eb147d,2026-07-24T08:56:21,True
P3/Mini,study_runs,V100_P3_MINI_I05_R02,study_runs/V100_P3_MINI_I05_R02/tree_render/png/combined_tree.png,combined_tree.png,.png,60309,f233e2b3bb48f3621bf657365e2259ad63bdc4b8fbe7db2ac032069f4c623992,2026-07-24T08:56:23,True
P3/Mini,study_runs,V100_P3_MINI_I05_R02,study_runs/V100_P3_MINI_I05_R02/tree_render/png/tree_0.png,tree_0.png,.png,10924,2cbc01306adb71a885820d6d0daece43fb7009e2a5b4e21feea7f962055c5cbf,2026-07-24T08:56:18,True
P3/Mini,study_runs,V100_P3_MINI_I05_R02,study_runs/V100_P3_MINI_I05_R02/tree_render/png/tree_1.png,tree_1.png,.png,59448,5fe5b500a8288174ab72ec912e98d788b19e3546bfeb5cb7895caba249ed8ffe,2026-07-24T08:56:21,True
P3/Mini,study_runs,V100_P3_MINI_I05_R02,study_runs/V100_P3_MINI_I05_R02/tree_render/svg/combined_tree.svg,combined_tree.svg,.svg,10714,491c82594b3b75a0e12da578c8061d9048ea2d004e854b96fba866fe33b1079e,2026-07-24T08:56:25,True
P3/Mini,study_runs,V100_P3_MINI_I05_R02,study_runs/V100_P3_MINI_I05_R02/tree_render/svg/tree_0.svg,tree_0.svg,.svg,1611,a71083991db5afab0a6d7f1c64e91873a9dc8db827765c1de1ec56e8d84eb38c,2026-07-24T08:56:20,True
P3/Mini,study_runs,V100_P3_MINI_I05_R02,study_runs/V100_P3_MINI_I05_R02/tree_render/svg/tree_1.svg,tree_1.svg,.svg,9669,40f510889d427471a7d83a86ed36350f5eda78dd9e6167924301d6ab1df1e8cf,2026-07-24T08:56:22,True
P3/Mini,study_runs,V100_P3_MINI_I05_R03,study_runs/V100_P3_MINI_I05_R03/checkpoint/651fbb8978bc413c88ad1b4eaeffa66d/code.py,code.py,.py,2262,1dc57651d601a500ea8eac235cab391deb35b802f6ca860d614e73879baf7b7f,2026-07-24T09:10:49,True
P3/Mini,study_runs,V100_P3_MINI_I05_R03,study_runs/V100_P3_MINI_I05_R03/checkpoint/651fbb8978bc413c88ad1b4eaeffa66d/exec_result.pkl,exec_result.pkl,.pkl,2671,f62a983e3a1cd36a8dd9b893201608d0d072c0229298ade9424fa8d4d200834c,2026-07-24T09:08:39,True
P3/Mini,study_runs,V100_P3_MINI_I05_R03,study_runs/V100_P3_MINI_I05_R03/checkpoint/651fbb8978bc413c88ad1b4eaeffa66d/generated/checkpoints/err.log,err.log,.log,0,e3b0c44298fc1c149afbf4c8996fb92427ae41e4649b934ca495991b7852b855,2026-07-24T09:08:38,True
P3/Mini,study_runs,V100_P3_MINI_I05_R03,study_runs/V100_P3_MINI_I05_R03/checkpoint/651fbb8978bc413c88ad1b4eaeffa66d/generated/checkpoints/out.log,out.log,.log,0,e3b0c44298fc1c149afbf4c8996fb92427ae41e4649b934ca495991b7852b855,2026-07-24T09:08:38,True
P3/Mini,study_runs,V100_P3_MINI_I05_R03,study_runs/V100_P3_MINI_I05_R03/checkpoint/651fbb8978bc413c88ad1b4eaeffa66d/generated/checkpoints/progress.json,progress.json,.json,191,d90502a4f5e288c215f8d1bec40da1d8afa6f12972a60f082d02c06711ef7a20,2026-07-24T09:08:38,True
P3/Mini,study_runs,V100_P3_MINI_I05_R03,study_runs/V100_P3_MINI_I05_R03/checkpoint/651fbb8978bc413c88ad1b4eaeffa66d/out.log,out.log,.log,2490,2aebc18c3bd05ba398403d347db005e566e5b2c3ff6cdf8d7c0e36e553caa508,2026-07-24T09:08:39,True
P3/Mini,study_runs,V100_P3_MINI_I05_R03,study_runs/V100_P3_MINI_I05_R03/checkpoint/6653452947524b418572a1d3337b7e83/code.py,code.py,.py,8347,632481e33a2fb4d459a9d67321841315db94c6143c04d923eaf0f709fd0dc79f,2026-07-24T09:17:26,True
P3/Mini,study_runs,V100_P3_MINI_I05_R03,study_runs/V100_P3_MINI_I05_R03/checkpoint/6653452947524b418572a1d3337b7e83/exec_result.pkl,exec_result.pkl,.pkl,2671,d7d4ea5e0cbc4677ee77731465f6e9fd0783791a4effaa8d32a3f7f70a79848c,2026-07-24T09:14:12,True
P3/Mini,study_runs,V100_P3_MINI_I05_R03,study_runs/V100_P3_MINI_I05_R03/checkpoint/6653452947524b418572a1d3337b7e83/generated/checkpoints/err.log,err.log,.log,0,e3b0c44298fc1c149afbf4c8996fb92427ae41e4649b934ca495991b7852b855,2026-07-24T09:14:12,True
P3/Mini,study_runs,V100_P3_MINI_I05_R03,study_runs/V100_P3_MINI_I05_R03/checkpoint/6653452947524b418572a1d3337b7e83/generated/checkpoints/out.log,out.log,.log,0,e3b0c44298fc1c149afbf4c8996fb92427ae41e4649b934ca495991b7852b855,2026-07-24T09:14:12,True
P3/Mini,study_runs,V100_P3_MINI_I05_R03,study_runs/V100_P3_MINI_I05_R03/checkpoint/6653452947524b418572a1d3337b7e83/generated/checkpoints/progress.json,progress.json,.json,314,02e73a8b08a11faa5132c1d2139749ff7c145d7f091267de12a6ef75e883a272,2026-07-24T09:14:12,True
P3/Mini,study_runs,V100_P3_MINI_I05_R03,study_runs/V100_P3_MINI_I05_R03/checkpoint/6653452947524b418572a1d3337b7e83/generated/results/MovieLens100K_LensKit_ItemKNNScorer_seed7/run_meta.json,run_meta.json,.json,344,ed4423e5b6ecfe7c78ba9096bbec0342b02cfa990b14b96413bf1069a50e49fb,2026-07-24T09:14:04,True
P3/Mini,study_runs,V100_P3_MINI_I05_R03,study_runs/V100_P3_MINI_I05_R03/checkpoint/6653452947524b418572a1d3337b7e83/out.log,out.log,.log,2490,e89000bbc0e55bf8237c3688c75ec4dff307c7c2fb11edacab575474943e7360,2026-07-24T09:14:12,True
P3/Mini,study_runs,V100_P3_MINI_I05_R03,study_runs/V100_P3_MINI_I05_R03/checkpoint/73c574951e8e43cf8b7c4a0431d1a913/code.py,code.py,.py,472,d14ad1aa3b2a01f721a5229c6732b77c087661e141b1eb864928ad12bcbf1538,2026-07-24T09:09:02,True
P3/Mini,study_runs,V100_P3_MINI_I05_R03,study_runs/V100_P3_MINI_I05_R03/checkpoint/73c574951e8e43cf8b7c4a0431d1a913/exec_result.pkl,exec_result.pkl,.pkl,385,7e2e333c44446f34de8be6b8bc299bf7ed5d05796c09f456a3ae21b8a76a2ed1,2026-07-24T09:07:04,True
P3/Mini,study_runs,V100_P3_MINI_I05_R03,study_runs/V100_P3_MINI_I05_R03/checkpoint/73c574951e8e43cf8b7c4a0431d1a913/out.log,out.log,.log,260,9f5311cf52b2175681a7d0314c7d8f7d286c415e6600a3fcdc6c1787226aa830,2026-07-24T09:07:04,True
P3/Mini,study_runs,V100_P3_MINI_I05_R03,study_runs/V100_P3_MINI_I05_R03/checkpoint/8e6d696a8819472ab80054279b561c70/code.py,code.py,.py,8656,895fc20edcc219c515e3ce182a31d8430b4c56e784e416f1e63f96be0e06be11,2026-07-24T09:14:49,True
P3/Mini,study_runs,V100_P3_MINI_I05_R03,study_runs/V100_P3_MINI_I05_R03/checkpoint/8e6d696a8819472ab80054279b561c70/exec_result.pkl,exec_result.pkl,.pkl,1242,8beaed5b8280fc2b7964ef3a90221eaac51b31e992cdbc465089883a3f9cad33,2026-07-24T09:12:27,True
P3/Mini,study_runs,V100_P3_MINI_I05_R03,study_runs/V100_P3_MINI_I05_R03/checkpoint/8e6d696a8819472ab80054279b561c70/out.log,out.log,.log,1095,8302ff44b281beca96434025c9f509f763d213e292b613955aacf63cf145e1a6,2026-07-24T09:12:27,True
P3/Mini,study_runs,V100_P3_MINI_I05_R03,study_runs/V100_P3_MINI_I05_R03/checkpoint/9deb4fdf484e455888958bc45494ca3e/code.py,code.py,.py,10776,e2172542e20c800ae252e70a24b58ec16861d233fdeb6af3d10467c5cdb35641,2026-07-24T09:19:27,True
P3/Mini,study_runs,V100_P3_MINI_I05_R03,study_runs/V100_P3_MINI_I05_R03/checkpoint/9deb4fdf484e455888958bc45494ca3e/exec_result.pkl,exec_result.pkl,.pkl,5393,678641fad998cfcaff9365fb78fcc9cd80a278626d11d440fb4f2f838a0086ce,2026-07-24T09:17:01,True
P3/Mini,study_runs,V100_P3_MINI_I05_R03,study_runs/V100_P3_MINI_I05_R03/checkpoint/9deb4fdf484e455888958bc45494ca3e/generated/plots/ndcg_at10_by_seed.png,ndcg_at10_by_seed.png,.png,50722,35c11bc006022adb04212588d89bde5ca923d589690dc149a961f1a1660d1069,2026-07-24T09:17:00,True
P3/Mini,study_runs,V100_P3_MINI_I05_R03,study_runs/V100_P3_MINI_I05_R03/checkpoint/9deb4fdf484e455888958bc45494ca3e/generated/results/prototype_results.csv,prototype_results.csv,.csv,2583,dd3dee70991bc45feb3ae13235abe5ba33d3bba2bd805d9dd177f783172ed38c,2026-07-24T09:17:00,True
P3/Mini,study_runs,V100_P3_MINI_I05_R03,study_runs/V100_P3_MINI_I05_R03/checkpoint/9deb4fdf484e455888958bc45494ca3e/generated/results/prototype_summary.csv,prototype_summary.csv,.csv,881,b0818bbb77cc806c9751bf70e23f4e4ccf6618301f736fdb4fae59c44fe6508f,2026-07-24T09:17:00,True
P3/Mini,study_runs,V100_P3_MINI_I05_R03,study_runs/V100_P3_MINI_I05_R03/checkpoint/9deb4fdf484e455888958bc45494ca3e/generated/results/validation_report.json,validation_report.json,.json,1501,0b1d39e9ca427763b8bb6acaa4fa7cb70c21767818e2cb0b6d9c503cc0c054a1,2026-07-24T09:17:00,True
P3/Mini,study_runs,V100_P3_MINI_I05_R03,study_runs/V100_P3_MINI_I05_R03/checkpoint/9deb4fdf484e455888958bc45494ca3e/out.log,out.log,.log,5072,eaf557e0ca282764ee81524744fb836b8dc14e3a1204ec40b6b067fc7ea619d7,2026-07-24T09:17:01,True
P3/Mini,study_runs,V100_P3_MINI_I05_R03,study_runs/V100_P3_MINI_I05_R03/checkpoint/a732ddb5255f4356abc71fe0a4bb14b8/code.py,code.py,.py,7106,c46a5cd472179a9fc655ae650a6851e05407d89840adfbf1f12333947a4f61ee,2026-07-24T09:20:48,True
P3/Mini,study_runs,V100_P3_MINI_I05_R03,study_runs/V100_P3_MINI_I05_R03/checkpoint/a732ddb5255f4356abc71fe0a4bb14b8/exec_result.pkl,exec_result.pkl,.pkl,3262,ec8db1a23ec1a30982886dfc3b24da32af4d3c412fd9a93a4a5ec5512222bf3b,2026-07-24T09:19:05,True
P3/Mini,study_runs,V100_P3_MINI_I05_R03,study_runs/V100_P3_MINI_I05_R03/checkpoint/a732ddb5255f4356abc71fe0a4bb14b8/generated/package_versions.json,package_versions.json,.json,179,a6b858b4f4ae6d63334b0ee2252e95237b3c100406bb0413885aceab32093d32,2026-07-24T09:19:04,True
P3/Mini,study_runs,V100_P3_MINI_I05_R03,study_runs/V100_P3_MINI_I05_R03/checkpoint/a732ddb5255f4356abc71fe0a4bb14b8/out.log,out.log,.log,3067,a64dd205d8b7d5f150703e68c371121578d6acf9e6569a98e6702fdf4631de31,2026-07-24T09:19:05,True
P3/Mini,study_runs,V100_P3_MINI_I05_R03,study_runs/V100_P3_MINI_I05_R03/checkpoint/a732ddb5255f4356abc71fe0a4bb14b8_iteration1/code.py,code.py,.py,8495,149a25dcb9c62c2620dcc915edae6cca0329244e52ffdf425bd6e9262e605ac9,2026-07-24T09:24:33,True
P3/Mini,study_runs,V100_P3_MINI_I05_R03,study_runs/V100_P3_MINI_I05_R03/checkpoint/a732ddb5255f4356abc71fe0a4bb14b8_iteration1/exec_result.pkl,exec_result.pkl,.pkl,1501,ed55c4e38e0311caa64c804b2cc77326ac863d3199b0041a3779346219b55f3b,2026-07-24T09:22:16,True
P3/Mini,study_runs,V100_P3_MINI_I05_R03,study_runs/V100_P3_MINI_I05_R03/checkpoint/a732ddb5255f4356abc71fe0a4bb14b8_iteration1/generated/package_versions.json,package_versions.json,.json,179,a6b858b4f4ae6d63334b0ee2252e95237b3c100406bb0413885aceab32093d32,2026-07-24T09:22:15,True
P3/Mini,study_runs,V100_P3_MINI_I05_R03,study_runs/V100_P3_MINI_I05_R03/checkpoint/a732ddb5255f4356abc71fe0a4bb14b8_iteration1/out.log,out.log,.log,1346,e4d2047f7aa794af9e7915ea0bc51408cb96f1aefe083dc70be24f68a48b7d86,2026-07-24T09:22:16,True
P3/Mini,study_runs,V100_P3_MINI_I05_R03,study_runs/V100_P3_MINI_I05_R03/checkpoint/a732ddb5255f4356abc71fe0a4bb14b8_iteration2/code.py,code.py,.py,8176,dd2746b545ff78c78357fbf3ea3a73c4dd450736eb6bf67c7b2a75137d85d4e4,2026-07-24T09:24:33,True
P3/Mini,study_runs,V100_P3_MINI_I05_R03,study_runs/V100_P3_MINI_I05_R03/checkpoint/a732ddb5255f4356abc71fe0a4bb14b8_iteration2/exec_result.pkl,exec_result.pkl,.pkl,2516,f8c9af0b261d5769a0faf5f0f21358fd2e806d224ca7ce87797705b2f003a559,2026-07-24T09:23:48,True
P3/Mini,study_runs,V100_P3_MINI_I05_R03,study_runs/V100_P3_MINI_I05_R03/checkpoint/a732ddb5255f4356abc71fe0a4bb14b8_iteration2/generated/package_versions.json,package_versions.json,.json,179,a6b858b4f4ae6d63334b0ee2252e95237b3c100406bb0413885aceab32093d32,2026-07-24T09:23:47,True
P3/Mini,study_runs,V100_P3_MINI_I05_R03,study_runs/V100_P3_MINI_I05_R03/checkpoint/a732ddb5255f4356abc71fe0a4bb14b8_iteration2/out.log,out.log,.log,2337,3dd685a638191b469f2bd5fb878673f4f3bb04983f5700d5d064ad617a936090,2026-07-24T09:23:48,True
P3/Mini,study_runs,V100_P3_MINI_I05_R03,study_runs/V100_P3_MINI_I05_R03/checkpoint/a732ddb5255f4356abc71fe0a4bb14b8_seed/code.py,code.py,.py,7106,c46a5cd472179a9fc655ae650a6851e05407d89840adfbf1f12333947a4f61ee,2026-07-24T09:22:47,True
P3/Mini,study_runs,V100_P3_MINI_I05_R03,study_runs/V100_P3_MINI_I05_R03/checkpoint/a732ddb5255f4356abc71fe0a4bb14b8_seed/exec_result.pkl,exec_result.pkl,.pkl,3262,855ab888a25bb21492c2263f206ce3423ab673db84f6b71083ae7c2ec0693cc8,2026-07-24T09:20:13,True
P3/Mini,study_runs,V100_P3_MINI_I05_R03,study_runs/V100_P3_MINI_I05_R03/checkpoint/a732ddb5255f4356abc71fe0a4bb14b8_seed/generated/package_versions.json,package_versions.json,.json,179,a6b858b4f4ae6d63334b0ee2252e95237b3c100406bb0413885aceab32093d32,2026-07-24T09:20:12,True
P3/Mini,study_runs,V100_P3_MINI_I05_R03,study_runs/V100_P3_MINI_I05_R03/checkpoint/a732ddb5255f4356abc71fe0a4bb14b8_seed/out.log,out.log,.log,3067,2414d375577472f6ac5a38d99b52118fee0fbd3ef3cc0c68ad54ae1b38975523,2026-07-24T09:20:13,True
P3/Mini,study_runs,V100_P3_MINI_I05_R03,study_runs/V100_P3_MINI_I05_R03/checkpoint/bec301fec1e94c25bda958dc1c61cd57/code.py,code.py,.py,9623,77d99406b177740aedae2cd184dcb678d30b31cbc3d00cf586605f6c2c320894,2026-07-24T09:12:52,True
P3/Mini,study_runs,V100_P3_MINI_I05_R03,study_runs/V100_P3_MINI_I05_R03/checkpoint/bec301fec1e94c25bda958dc1c61cd57/exec_result.pkl,exec_result.pkl,.pkl,7053,4fd29a1534bb06763a1af474ed2b8ce8d084ae94afec47e31f0b3ae64e1962f6,2026-07-24T09:10:23,True
P3/Mini,study_runs,V100_P3_MINI_I05_R03,study_runs/V100_P3_MINI_I05_R03/checkpoint/bec301fec1e94c25bda958dc1c61cd57/generated/prototype_pilot/results_long.csv,results_long.csv,.csv,3131,8cedd2ff1a0905d06cc6953f894ed5a88d79b203a715b069144ed73af24472ef,2026-07-24T09:10:22,True
P3/Mini,study_runs,V100_P3_MINI_I05_R03,study_runs/V100_P3_MINI_I05_R03/checkpoint/bec301fec1e94c25bda958dc1c61cd57/generated/prototype_pilot/seed_effect_plot.png,seed_effect_plot.png,.png,63601,20a67317c76ce0cc07830a94d9f60c42bdad3048a462aa17a5375c99cb87cd0c,2026-07-24T09:10:23,True
P3/Mini,study_runs,V100_P3_MINI_I05_R03,study_runs/V100_P3_MINI_I05_R03/checkpoint/bec301fec1e94c25bda958dc1c61cd57/generated/prototype_pilot/summary.csv,summary.csv,.csv,885,b8d0e8c0e70810d95854ef72d78acec7ee9a6296fa295c55a3187e87fc3eb5a0,2026-07-24T09:10:22,True
P3/Mini,study_runs,V100_P3_MINI_I05_R03,study_runs/V100_P3_MINI_I05_R03/checkpoint/bec301fec1e94c25bda958dc1c61cd57/generated/prototype_pilot/validation.json,validation.json,.json,2360,920a4539d3bc693cb846f9af6be4ba4c0e1869d1294377eaa4b732370441d3e5,2026-07-24T09:10:23,True
P3/Mini,study_runs,V100_P3_MINI_I05_R03,study_runs/V100_P3_MINI_I05_R03/checkpoint/bec301fec1e94c25bda958dc1c61cd57/out.log,out.log,.log,6648,d30b5ede22e9e9ca7b1cc2c3b7ba52136edd501138e3e282b1c6f702ef363c42,2026-07-24T09:10:23,True
P3/Mini,study_runs,V100_P3_MINI_I05_R03,study_runs/V100_P3_MINI_I05_R03/code_requirements_final.json,code_requirements_final.json,.json,2440,1f41e7542b1ea0b8c453ed55dd7ec795f9c689c3c7560bd2ce91c52081dcddd7,2026-07-24T09:20:04,True
P3/Mini,study_runs,V100_P3_MINI_I05_R03,study_runs/V100_P3_MINI_I05_R03/code_requirements_prototype.json,code_requirements_prototype.json,.json,1206,750630c4005b5d85cdf3499b75c52b0e132fd3c02bbf99d285a51aa3f75a350d,2026-07-24T09:06:22,True
P3/Mini,study_runs,V100_P3_MINI_I05_R03,study_runs/V100_P3_MINI_I05_R03/config.source.toml,config.source.toml,.toml,386,43ad328d9e971575946598bc6c906a320d878b57103e5825b7bc1b351074558f,2026-07-24T09:05:42,True
P3/Mini,study_runs,V100_P3_MINI_I05_R03,study_runs/V100_P3_MINI_I05_R03/config.toml,config.toml,.toml,416,0500559cf63745238c1581bd7bdeac17bc85be42fda4bbf42489a375e6b51760,2026-07-24T09:05:42,True
P3/Mini,study_runs,V100_P3_MINI_I05_R03,study_runs/V100_P3_MINI_I05_R03/costs_log.csv,costs_log.csv,.csv,15769,fb5e84350f706861fc6633407068840cd286fdb5ec0d8aa45606d9b9ce830b0c,2026-07-24T09:24:41,True
P3/Mini,study_runs,V100_P3_MINI_I05_R03,study_runs/V100_P3_MINI_I05_R03/debug.log,debug.log,.log,292014,a1d20f91fe22da4e2a1f152986e1a108e2744ee1afb366146c4462f1e8ce47e4,2026-07-24T09:24:44,True
P3/Mini,study_runs,V100_P3_MINI_I05_R03,study_runs/V100_P3_MINI_I05_R03/entered_prompt.txt,entered_prompt.txt,.txt,8121,58a89d576dbcf4958b231024c16fc02b706ddf74985bf968a054006b3b063354,2026-07-24T09:05:42,True
P3/Mini,study_runs,V100_P3_MINI_I05_R03,study_runs/V100_P3_MINI_I05_R03/save.pkl,save.pkl,.pkl,176893,af0ea7b7dc0c1f03fce4b60e3c97eea059515b45c784162384dc3e05f459784f,2026-07-24T09:19:35,True
P3/Mini,study_runs,V100_P3_MINI_I05_R03,study_runs/V100_P3_MINI_I05_R03/statistics/0_73c574951e8e43cf8b7c4a0431d1a913.txt,0_73c574951e8e43cf8b7c4a0431d1a913.txt,.txt,469,40a05156e37136bfe3a909a6c7d884d4663b61097b1bb2e404c8ce44ff68f88c,2026-07-24T09:07:26,True
P3/Mini,study_runs,V100_P3_MINI_I05_R03,study_runs/V100_P3_MINI_I05_R03/statistics/1_651fbb8978bc413c88ad1b4eaeffa66d.txt,1_651fbb8978bc413c88ad1b4eaeffa66d.txt,.txt,483,398d14e834305bc667e9e90487e19f3126189acc256402cebae92190fc2c318a,2026-07-24T09:09:02,True
P3/Mini,study_runs,V100_P3_MINI_I05_R03,study_runs/V100_P3_MINI_I05_R03/statistics/2_bec301fec1e94c25bda958dc1c61cd57.txt,2_bec301fec1e94c25bda958dc1c61cd57.txt,.txt,524,0419a759dc2ababdbc0757e3ebae1020f03cbe38eae91a424fe3ed798affa887,2026-07-24T09:10:49,True
P3/Mini,study_runs,V100_P3_MINI_I05_R03,study_runs/V100_P3_MINI_I05_R03/statistics/3_8e6d696a8819472ab80054279b561c70.txt,3_8e6d696a8819472ab80054279b561c70.txt,.txt,537,e7ec1f1d7a25f8ad992b7f9667636881c16b9e8843ab19b7cc669871703e6b9d,2026-07-24T09:12:52,True
P3/Mini,study_runs,V100_P3_MINI_I05_R03,study_runs/V100_P3_MINI_I05_R03/statistics/4_6653452947524b418572a1d3337b7e83.txt,4_6653452947524b418572a1d3337b7e83.txt,.txt,528,2eedf7f38b892dbe38956d0e6b73cb18a48e54daaa881f9d775c607fa922c7f9,2026-07-24T09:14:49,True
P3/Mini,study_runs,V100_P3_MINI_I05_R03,study_runs/V100_P3_MINI_I05_R03/statistics/5_9deb4fdf484e455888958bc45494ca3e.txt,5_9deb4fdf484e455888958bc45494ca3e.txt,.txt,561,9a055fdc4ca2c287326d1df79ba644234785e8e9fcedd837a45cdedce0388a95,2026-07-24T09:17:26,True
P3/Mini,study_runs,V100_P3_MINI_I05_R03,study_runs/V100_P3_MINI_I05_R03/statistics/6_a732ddb5255f4356abc71fe0a4bb14b8.txt,6_a732ddb5255f4356abc71fe0a4bb14b8.txt,.txt,514,41ad71e7bb1da3fa4fed63768cb426af11ba8f27861be58671841da9a57fdc68,2026-07-24T09:19:27,True
P3/Mini,study_runs,V100_P3_MINI_I05_R03,study_runs/V100_P3_MINI_I05_R03/statistics/7_a732ddb5255f4356abc71fe0a4bb14b8_seed.txt,7_a732ddb5255f4356abc71fe0a4bb14b8_seed.txt,.txt,514,d309192df46e9f353e658ee5174a72a4a0bcb86ee785a4b3ac02733a1f0ef374,2026-07-24T09:20:48,True
P3/Mini,study_runs,V100_P3_MINI_I05_R03,study_runs/V100_P3_MINI_I05_R03/statistics/8_a732ddb5255f4356abc71fe0a4bb14b8_iteration1.txt,8_a732ddb5255f4356abc71fe0a4bb14b8_iteration1.txt,.txt,526,e4e4efb6a1338fc31fe8e169399df34ff48cceb85e07e76174a123750baaed9a,2026-07-24T09:22:47,True
P3/Mini,study_runs,V100_P3_MINI_I05_R03,study_runs/V100_P3_MINI_I05_R03/statistics/9_a732ddb5255f4356abc71fe0a4bb14b8_iteration2.txt,9_a732ddb5255f4356abc71fe0a4bb14b8_iteration2.txt,.txt,510,943a4d35d481465e8a231f346576c466f97f241b6ced55d8d6c07a05c3d13343,2026-07-24T09:24:33,True
P3/Mini,study_runs,V100_P3_MINI_I05_R03,study_runs/V100_P3_MINI_I05_R03/statistics/arguments_per_function.png,arguments_per_function.png,.png,75736,8daebf8fe7df898a673e7585c2d48763e6a9dfc75f11251e0ea102d6c168ff23,2026-07-24T09:24:43,True
P3/Mini,study_runs,V100_P3_MINI_I05_R03,study_runs/V100_P3_MINI_I05_R03/statistics/classes.png,classes.png,.png,41147,ea90bda877bb48d9c075da09faa650562ad2d2561274782c4983ae6c64614727,2026-07-24T09:24:43,True
P3/Mini,study_runs,V100_P3_MINI_I05_R03,study_runs/V100_P3_MINI_I05_R03/statistics/comment_lines.png,comment_lines.png,.png,63402,80e72310edb6d05a2ba7c44526cb2bb89c123e8e2ae69bdcb7c17c640228d110,2026-07-24T09:24:42,True
P3/Mini,study_runs,V100_P3_MINI_I05_R03,study_runs/V100_P3_MINI_I05_R03/statistics/conditions.png,conditions.png,.png,63186,9d5253b6a28721b2a48ca6c567a78d89a0ae892f1a7f33f2d9a13f829b3eaef2,2026-07-24T09:24:44,True
P3/Mini,study_runs,V100_P3_MINI_I05_R03,study_runs/V100_P3_MINI_I05_R03/statistics/deletions.png,deletions.png,.png,71487,3ecb6c0782766bee818f56575beb211c86a2a331581c48be0f1f17d21a6bcbc1,2026-07-24T09:24:44,True
P3/Mini,study_runs,V100_P3_MINI_I05_R03,study_runs/V100_P3_MINI_I05_R03/statistics/empty_lines.png,empty_lines.png,.png,61703,de8c56cf3b02c85846ec6a751668443a0073c9044f5b1fcf7fc2b2d5d4fecb67,2026-07-24T09:24:42,True
P3/Mini,study_runs,V100_P3_MINI_I05_R03,study_runs/V100_P3_MINI_I05_R03/statistics/execution_time.png,execution_time.png,.png,72528,463f2aead5ce79645efabe03d0f05d9e39b8562d87443a0d27ce2a1c237f9645,2026-07-24T09:24:41,True
P3/Mini,study_runs,V100_P3_MINI_I05_R03,study_runs/V100_P3_MINI_I05_R03/statistics/functions.png,functions.png,.png,64525,fb3d58d462041abd9c79f10ff78952c3ab5128be43a2360ce5d206a0f9c7caa4,2026-07-24T09:24:43,True
P3/Mini,study_runs,V100_P3_MINI_I05_R03,study_runs/V100_P3_MINI_I05_R03/statistics/insertions.png,insertions.png,.png,74081,acc25c1bf08ab53bb6218b2f931148497beffcd18ce0ce037fdf74abd6d34fd4,2026-07-24T09:24:44,True
P3/Mini,study_runs,V100_P3_MINI_I05_R03,study_runs/V100_P3_MINI_I05_R03/statistics/libraries_imported.png,libraries_imported.png,.png,56084,4674f1676cf050339780cc50c6574d72f50d790c5e51cad349f98b9942e75656,2026-07-24T09:24:42,True
P3/Mini,study_runs,V100_P3_MINI_I05_R03,study_runs/V100_P3_MINI_I05_R03/statistics/lines_of_code.png,lines_of_code.png,.png,65980,26f03c3cb74ac635e280253a1f6b786cf188d097253110de1d6d89b2d0aa65b3,2026-07-24T09:24:41,True
P3/Mini,study_runs,V100_P3_MINI_I05_R03,study_runs/V100_P3_MINI_I05_R03/statistics/loops.png,loops.png,.png,55250,06d62439ed3c3498dd67b8437583eed5a3276a48891cd9e4c2f54e8f31fd4ae2,2026-07-24T09:24:44,True
P3/Mini,study_runs,V100_P3_MINI_I05_R03,study_runs/V100_P3_MINI_I05_R03/statistics/summary_overall_nodes.txt,summary_overall_nodes.txt,.txt,473,fab03292333c3f700b8b7e197546872ebd23ef1a1aaa39bdae319588c4ebc259,2026-07-24T09:24:41,True
P3/Mini,study_runs,V100_P3_MINI_I05_R03,study_runs/V100_P3_MINI_I05_R03/statistics/total_characters.png,total_characters.png,.png,75673,736b3affe5187ae705e0513ce49687a659a34192eca61f182c127f87dd5a344e,2026-07-24T09:24:42,True
P3/Mini,study_runs,V100_P3_MINI_I05_R03,study_runs/V100_P3_MINI_I05_R03/statistics/variable_assignments.png,variable_assignments.png,.png,69370,d25616abc8b259d7c9fbfeb36680b2d6506fe8c538f726bfe4538314c313ea9d,2026-07-24T09:24:43,True
P3/Mini,study_runs,V100_P3_MINI_I05_R03,study_runs/V100_P3_MINI_I05_R03/summary.md,summary.md,.md,4010,81d1d6cd31b3e4850a5463b9e9847bd4d77e43d73a31870e627e3fa39860aac8,2026-07-24T09:24:41,True
P3/Mini,study_runs,V100_P3_MINI_I05_R03,study_runs/V100_P3_MINI_I05_R03/tree_render/pdf/combined_tree.pdf,combined_tree.pdf,.pdf,21976,e52f19eb5df2dc79b5fb2853fa11d39793845eca295368364d10e801f3a9583d,2026-07-24T09:19:34,True
P3/Mini,study_runs,V100_P3_MINI_I05_R03,study_runs/V100_P3_MINI_I05_R03/tree_render/pdf/tree_0.pdf,tree_0.pdf,.pdf,21527,581db761d9c924f522bf54d99291fba713aee4067737a8a81dd400a57fd6abf3,2026-07-24T09:19:29,True
P3/Mini,study_runs,V100_P3_MINI_I05_R03,study_runs/V100_P3_MINI_I05_R03/tree_render/pdf/tree_1.pdf,tree_1.pdf,.pdf,18836,8746ec89213d33d38d2106ddfda393626894a8e3cc6d68e7b9cab40aa5bc139c,2026-07-24T09:19:31,True
P3/Mini,study_runs,V100_P3_MINI_I05_R03,study_runs/V100_P3_MINI_I05_R03/tree_render/png/combined_tree.png,combined_tree.png,.png,66046,ffc1e6922b979874e5fcfbf7d81bdd052d7203995b8c94438abb56a121f446f7,2026-07-24T09:19:33,True
P3/Mini,study_runs,V100_P3_MINI_I05_R03,study_runs/V100_P3_MINI_I05_R03/tree_render/png/tree_0.png,tree_0.png,.png,50737,e83f60b02d91511d6d9f3ad0e049d8fc8c1cdb9544d30959693c5b4de4fe80cd,2026-07-24T09:19:28,True
P3/Mini,study_runs,V100_P3_MINI_I05_R03,study_runs/V100_P3_MINI_I05_R03/tree_render/png/tree_1.png,tree_1.png,.png,10909,91a0b85c26e620ef498a89cbc3a4aa96d0b1e075be7aacd2647eb6604739ec27,2026-07-24T09:19:30,True
P3/Mini,study_runs,V100_P3_MINI_I05_R03,study_runs/V100_P3_MINI_I05_R03/tree_render/svg/combined_tree.svg,combined_tree.svg,.svg,10495,5e93aa5d5a6ff7263288defde2918d5af0d648d6d30c5beefc439856d2603186,2026-07-24T09:19:35,True
P3/Mini,study_runs,V100_P3_MINI_I05_R03,study_runs/V100_P3_MINI_I05_R03/tree_render/svg/tree_0.svg,tree_0.svg,.svg,9463,570d705ffbaa7d9e9ceb0d9b10c247b8d10b6a2e30ab84075d7ee22a4f3fa83d,2026-07-24T09:19:29,True
P3/Mini,study_runs,V100_P3_MINI_I05_R03,study_runs/V100_P3_MINI_I05_R03/tree_render/svg/tree_1.svg,tree_1.svg,.svg,1611,e68a674205a2eb68226190f481ad0b37a63cad29e2176530cad367d3719fb734,2026-07-24T09:19:32,True
P3/Mini,study_runs,V100_P3_MINI_I05_R04,study_runs/V100_P3_MINI_I05_R04/checkpoint/178e7bc835a14709b60d7d407a88c568/code.py,code.py,.py,989,47e68789256fe44567241e17e6fdf9c66ed2b84239fe6db26a8c35b8e6c5de09,2026-07-24T09:10:29,True
P3/Mini,study_runs,V100_P3_MINI_I05_R04,study_runs/V100_P3_MINI_I05_R04/checkpoint/178e7bc835a14709b60d7d407a88c568/exec_result.pkl,exec_result.pkl,.pkl,676,0e88d8925b7a88921de51ba0a42988757f77ab27e315710a6a445921a88326b7,2026-07-24T09:08:14,True
P3/Mini,study_runs,V100_P3_MINI_I05_R04,study_runs/V100_P3_MINI_I05_R04/checkpoint/178e7bc835a14709b60d7d407a88c568/out.log,out.log,.log,517,7ef8e3b56d38570a6c99bcccd4756d1b90767177faad7eec5bb6b1589edfbfd5,2026-07-24T09:08:14,True
P3/Mini,study_runs,V100_P3_MINI_I05_R04,study_runs/V100_P3_MINI_I05_R04/checkpoint/616618e2fb024188b5f926ea8eb4f527/code.py,code.py,.py,10060,d601644b6c5ab43f0649d794cea940359b912adffe9c11400bc00f83480fa95c,2026-07-24T09:14:40,True
P3/Mini,study_runs,V100_P3_MINI_I05_R04,study_runs/V100_P3_MINI_I05_R04/checkpoint/616618e2fb024188b5f926ea8eb4f527/exec_result.pkl,exec_result.pkl,.pkl,1791,415a876135ec396a0a79bd13b90863a6ad453fd11b8241f3215bff6b40c25a61,2026-07-24T09:12:22,True
P3/Mini,study_runs,V100_P3_MINI_I05_R04,study_runs/V100_P3_MINI_I05_R04/checkpoint/616618e2fb024188b5f926ea8eb4f527/generated/results_long.csv,results_long.csv,.csv,2551,5b189e6fb63439ebc227b9dba1cab47019cfe5537a2dd72cbdae248b8eb2286b,2026-07-24T09:12:21,True
P3/Mini,study_runs,V100_P3_MINI_I05_R04,study_runs/V100_P3_MINI_I05_R04/checkpoint/616618e2fb024188b5f926ea8eb4f527/generated/results_summary.csv,results_summary.csv,.csv,556,24ff109faafd4b982be0a5acd961dda1ec345a783925386694fc85188bb54126,2026-07-24T09:12:21,True
P3/Mini,study_runs,V100_P3_MINI_I05_R04,study_runs/V100_P3_MINI_I05_R04/checkpoint/616618e2fb024188b5f926ea8eb4f527/generated/seed_effect_plot.png,seed_effect_plot.png,.png,44410,c37eac36c7b8ce216d1b4d34d0f533e0e13410b79d357990cc424e9ac352f87a,2026-07-24T09:12:21,True
P3/Mini,study_runs,V100_P3_MINI_I05_R04,study_runs/V100_P3_MINI_I05_R04/checkpoint/616618e2fb024188b5f926ea8eb4f527/generated/validation_report.json,validation_report.json,.json,38,2e5bb3125eae4ca0176e69d397c99daffb900d0bbecb7849c0a1d7331554306c,2026-07-24T09:12:21,True
P3/Mini,study_runs,V100_P3_MINI_I05_R04,study_runs/V100_P3_MINI_I05_R04/checkpoint/616618e2fb024188b5f926ea8eb4f527/out.log,out.log,.log,1628,ffd180233f6a75ebc17ef134c67af1bdf578c4fbd7e02c7f204e130ec6ee76f4,2026-07-24T09:12:22,True
P3/Mini,study_runs,V100_P3_MINI_I05_R04,study_runs/V100_P3_MINI_I05_R04/checkpoint/a8752555da954d139804e75770410067/code.py,code.py,.py,7556,ea70cafda864f5793c445a6c806fe39ff92a440bb1934f630cc134ae278d9213,2026-07-24T09:12:38,True
P3/Mini,study_runs,V100_P3_MINI_I05_R04,study_runs/V100_P3_MINI_I05_R04/checkpoint/a8752555da954d139804e75770410067/exec_result.pkl,exec_result.pkl,.pkl,3234,2d80ef0add6656f63d26e61d48b06d1c899941266187b82ed3765f5632e1c2ad,2026-07-24T09:10:14,True
P3/Mini,study_runs,V100_P3_MINI_I05_R04,study_runs/V100_P3_MINI_I05_R04/checkpoint/a8752555da954d139804e75770410067/generated/checkpoints/err.log,err.log,.log,0,e3b0c44298fc1c149afbf4c8996fb92427ae41e4649b934ca495991b7852b855,2026-07-24T09:10:13,True
P3/Mini,study_runs,V100_P3_MINI_I05_R04,study_runs/V100_P3_MINI_I05_R04/checkpoint/a8752555da954d139804e75770410067/generated/checkpoints/out.log,out.log,.log,0,e3b0c44298fc1c149afbf4c8996fb92427ae41e4649b934ca495991b7852b855,2026-07-24T09:10:13,True
P3/Mini,study_runs,V100_P3_MINI_I05_R04,study_runs/V100_P3_MINI_I05_R04/checkpoint/a8752555da954d139804e75770410067/generated/checkpoints/progress.json,progress.json,.json,273,c13af1281186c2d4eaba1a992e7947f5991b2507c4db47ec98c1add1dc1df1c5,2026-07-24T09:10:13,True
P3/Mini,study_runs,V100_P3_MINI_I05_R04,study_runs/V100_P3_MINI_I05_R04/checkpoint/a8752555da954d139804e75770410067/generated/movielens_test_seed7.csv,movielens_test_seed7.csv,.csv,255751,95425e986bf1985069fe8aae540f6921c959271de624d4ac07d60ce9f39ea049,2026-07-24T09:10:05,True
P3/Mini,study_runs,V100_P3_MINI_I05_R04,study_runs/V100_P3_MINI_I05_R04/checkpoint/a8752555da954d139804e75770410067/generated/movielens_train_seed7.csv,movielens_train_seed7.csv,.csv,980665,dbf3665dc639ea1b44fbdff39e4198cf0ad0fd1ba4d44dfac71c021387703f15,2026-07-24T09:10:05,True
P3/Mini,study_runs,V100_P3_MINI_I05_R04,study_runs/V100_P3_MINI_I05_R04/checkpoint/a8752555da954d139804e75770410067/out.log,out.log,.log,3038,2fbf1274eb3362346e5ae5358563b2dad94d97cfe7ab97c2242ec273104da113,2026-07-24T09:10:14,True
P3/Mini,study_runs,V100_P3_MINI_I05_R04,study_runs/V100_P3_MINI_I05_R04/checkpoint/b4a973ac4b0640f28276051e005da9dc/code.py,code.py,.py,2956,38f8386a6370e7ab6e2d5d216162901186836186cbf28b8de074e498359b42fe,2026-07-24T09:08:42,True
P3/Mini,study_runs,V100_P3_MINI_I05_R04,study_runs/V100_P3_MINI_I05_R04/checkpoint/b4a973ac4b0640f28276051e005da9dc/exec_result.pkl,exec_result.pkl,.pkl,985,5b93e773b53e6a857808e229e6d5320a66e0328a0849957e44428592fb6f520a,2026-07-24T09:07:13,True
P3/Mini,study_runs,V100_P3_MINI_I05_R04,study_runs/V100_P3_MINI_I05_R04/checkpoint/b4a973ac4b0640f28276051e005da9dc/generated/prototype_artifact.json,prototype_artifact.json,.json,138,d64f23ffee852e20ae832145d92df6612a968c3f9aacf4d9223870cfa32bc30a,2026-07-24T09:07:13,True
P3/Mini,study_runs,V100_P3_MINI_I05_R04,study_runs/V100_P3_MINI_I05_R04/checkpoint/b4a973ac4b0640f28276051e005da9dc/generated/prototype_split_counts.png,prototype_split_counts.png,.png,15352,808193f3d0e9dfd5a57b4c7edface3d9231ead808056fa7bcffc61ec84675141,2026-07-24T09:07:13,True
P3/Mini,study_runs,V100_P3_MINI_I05_R04,study_runs/V100_P3_MINI_I05_R04/checkpoint/b4a973ac4b0640f28276051e005da9dc/out.log,out.log,.log,845,3fa21fcfbb7a96e2ef44274be9a021765c5edf9666d4869f37ab620055052a56,2026-07-24T09:07:13,True
P3/Mini,study_runs,V100_P3_MINI_I05_R04,study_runs/V100_P3_MINI_I05_R04/checkpoint/b4a973ac4b0640f28276051e005da9dc_iteration1/code.py,code.py,.py,10217,ff44b9904a4f16c02d8746a9a5046619a77f50e54d765d42f85d9d45f50ff826,2026-07-24T09:23:48,True
P3/Mini,study_runs,V100_P3_MINI_I05_R04,study_runs/V100_P3_MINI_I05_R04/checkpoint/b4a973ac4b0640f28276051e005da9dc_iteration1/exec_result.pkl,exec_result.pkl,.pkl,1173,e77ecf48249080fc016841976b9f1aa919551819741a4b1bb4345d4634bb564f,2026-07-24T09:20:43,True
P3/Mini,study_runs,V100_P3_MINI_I05_R04,study_runs/V100_P3_MINI_I05_R04/checkpoint/b4a973ac4b0640f28276051e005da9dc_iteration1/out.log,out.log,.log,1026,8e9dd1e96d279294c19d1f798b1e2c66fd0b90f656f77221f5ac624f84a3921a,2026-07-24T09:20:43,True
P3/Mini,study_runs,V100_P3_MINI_I05_R04,study_runs/V100_P3_MINI_I05_R04/checkpoint/b4a973ac4b0640f28276051e005da9dc_iteration2/code.py,code.py,.py,10350,e2ba1c31c059a490d84773f15a3f77667eb7d584b09e0bbd7b081cad6413f3d2,2026-07-24T09:23:48,True
P3/Mini,study_runs,V100_P3_MINI_I05_R04,study_runs/V100_P3_MINI_I05_R04/checkpoint/b4a973ac4b0640f28276051e005da9dc_iteration2/exec_result.pkl,exec_result.pkl,.pkl,2551,26b7326d3b6e614bbfdaea72c5944d0962788d112a93a4b0d2443488e5e6ffd3,2026-07-24T09:23:12,True
P3/Mini,study_runs,V100_P3_MINI_I05_R04,study_runs/V100_P3_MINI_I05_R04/checkpoint/b4a973ac4b0640f28276051e005da9dc_iteration2/out.log,out.log,.log,2370,4e66006fd25bb5d405ac88a94f01bda39378d78fdaf463374b73ce8a322aa0f3,2026-07-24T09:23:12,True
P3/Mini,study_runs,V100_P3_MINI_I05_R04,study_runs/V100_P3_MINI_I05_R04/checkpoint/b4a973ac4b0640f28276051e005da9dc_seed/code.py,code.py,.py,2956,38f8386a6370e7ab6e2d5d216162901186836186cbf28b8de074e498359b42fe,2026-07-24T09:21:32,True
P3/Mini,study_runs,V100_P3_MINI_I05_R04,study_runs/V100_P3_MINI_I05_R04/checkpoint/b4a973ac4b0640f28276051e005da9dc_seed/exec_result.pkl,exec_result.pkl,.pkl,985,fc9deba1e633b7bd4a695af4448f54f8fe20ec99b985e97dcf3542192cdbf206,2026-07-24T09:18:28,True
P3/Mini,study_runs,V100_P3_MINI_I05_R04,study_runs/V100_P3_MINI_I05_R04/checkpoint/b4a973ac4b0640f28276051e005da9dc_seed/generated/prototype_artifact.json,prototype_artifact.json,.json,138,d64f23ffee852e20ae832145d92df6612a968c3f9aacf4d9223870cfa32bc30a,2026-07-24T09:18:27,True
P3/Mini,study_runs,V100_P3_MINI_I05_R04,study_runs/V100_P3_MINI_I05_R04/checkpoint/b4a973ac4b0640f28276051e005da9dc_seed/generated/prototype_split_counts.png,prototype_split_counts.png,.png,15352,808193f3d0e9dfd5a57b4c7edface3d9231ead808056fa7bcffc61ec84675141,2026-07-24T09:18:27,True
P3/Mini,study_runs,V100_P3_MINI_I05_R04,study_runs/V100_P3_MINI_I05_R04/checkpoint/b4a973ac4b0640f28276051e005da9dc_seed/out.log,out.log,.log,845,3fa21fcfbb7a96e2ef44274be9a021765c5edf9666d4869f37ab620055052a56,2026-07-24T09:18:28,True
P3/Mini,study_runs,V100_P3_MINI_I05_R04,study_runs/V100_P3_MINI_I05_R04/checkpoint/dfeff510813e4ab58be755a127fdc7f0/code.py,code.py,.py,8343,e5b3976dd74c024201824da4187ef28bda924220353b7b565fd60687f2325f25,2026-07-24T09:16:23,True
P3/Mini,study_runs,V100_P3_MINI_I05_R04,study_runs/V100_P3_MINI_I05_R04/checkpoint/dfeff510813e4ab58be755a127fdc7f0/exec_result.pkl,exec_result.pkl,.pkl,1617,479a94cf4c60fcfea9d9e2641765df1f03771f2de8be367789e7fce5d923499b,2026-07-24T09:14:13,True
P3/Mini,study_runs,V100_P3_MINI_I05_R04,study_runs/V100_P3_MINI_I05_R04/checkpoint/dfeff510813e4ab58be755a127fdc7f0/generated/checkpoints/err.log,err.log,.log,0,e3b0c44298fc1c149afbf4c8996fb92427ae41e4649b934ca495991b7852b855,2026-07-24T09:14:13,True
P3/Mini,study_runs,V100_P3_MINI_I05_R04,study_runs/V100_P3_MINI_I05_R04/checkpoint/dfeff510813e4ab58be755a127fdc7f0/generated/checkpoints/out.log,out.log,.log,0,e3b0c44298fc1c149afbf4c8996fb92427ae41e4649b934ca495991b7852b855,2026-07-24T09:14:13,True
P3/Mini,study_runs,V100_P3_MINI_I05_R04,study_runs/V100_P3_MINI_I05_R04/checkpoint/dfeff510813e4ab58be755a127fdc7f0/generated/checkpoints/progress.json,progress.json,.json,245,bf01625e8be5e3c376236a9c75db43ca988d02b811898421e70b9aef926fabd8,2026-07-24T09:14:13,True
P3/Mini,study_runs,V100_P3_MINI_I05_R04,study_runs/V100_P3_MINI_I05_R04/checkpoint/dfeff510813e4ab58be755a127fdc7f0/out.log,out.log,.log,1462,f9eb793ea21a0bda9206606f96f29d4170d8d0e9699fce9ee6a3e8833a94a611,2026-07-24T09:14:13,True
P3/Mini,study_runs,V100_P3_MINI_I05_R04,study_runs/V100_P3_MINI_I05_R04/checkpoint/e38fa544c2b3439e91503ea8cce05685/code.py,code.py,.py,8357,024d5eb1974cedf096bb8045a74bb5b78f2ba336f74640a781ddec7e05ad728e,2026-07-24T09:17:36,True
P3/Mini,study_runs,V100_P3_MINI_I05_R04,study_runs/V100_P3_MINI_I05_R04/checkpoint/e38fa544c2b3439e91503ea8cce05685/exec_result.pkl,exec_result.pkl,.pkl,2182,766f55cd334bbb9c2efda95c5b29681fd45d04e01523b20c9694a939cafc18ab,2026-07-24T09:16:05,True
P3/Mini,study_runs,V100_P3_MINI_I05_R04,study_runs/V100_P3_MINI_I05_R04/checkpoint/e38fa544c2b3439e91503ea8cce05685/generated/checkpoints/err.log,err.log,.log,0,e3b0c44298fc1c149afbf4c8996fb92427ae41e4649b934ca495991b7852b855,2026-07-24T09:16:05,True
P3/Mini,study_runs,V100_P3_MINI_I05_R04,study_runs/V100_P3_MINI_I05_R04/checkpoint/e38fa544c2b3439e91503ea8cce05685/generated/checkpoints/out.log,out.log,.log,0,e3b0c44298fc1c149afbf4c8996fb92427ae41e4649b934ca495991b7852b855,2026-07-24T09:16:05,True
P3/Mini,study_runs,V100_P3_MINI_I05_R04,study_runs/V100_P3_MINI_I05_R04/checkpoint/e38fa544c2b3439e91503ea8cce05685/generated/checkpoints/progress.json,progress.json,.json,273,4eb588dc34db24f73bdd2d4dbbfffe98f30010cb948a51c4f577dd9ca4234c16,2026-07-24T09:16:05,True
P3/Mini,study_runs,V100_P3_MINI_I05_R04,study_runs/V100_P3_MINI_I05_R04/checkpoint/e38fa544c2b3439e91503ea8cce05685/generated/prototype_counts.png,prototype_counts.png,.png,25788,fdf1ae5601fefbfb68baf829d435e9941f71ecc03879c89e736b58eea48af853,2026-07-24T09:15:57,True
P3/Mini,study_runs,V100_P3_MINI_I05_R04,study_runs/V100_P3_MINI_I05_R04/checkpoint/e38fa544c2b3439e91503ea8cce05685/out.log,out.log,.log,2012,8acdbc720f2c268aedf9169171de054a831f91908d5ffcff5ac8d6261ea35c76,2026-07-24T09:16:05,True
P3/Mini,study_runs,V100_P3_MINI_I05_R04,study_runs/V100_P3_MINI_I05_R04/checkpoint/fabd9936a15749c2b1423214aecc063e/code.py,code.py,.py,2167,cd23f44399d371a3374c584b55c54daa59273b2bda59bead07d5014f29a0f0b2,2026-07-24T09:19:24,True
P3/Mini,study_runs,V100_P3_MINI_I05_R04,study_runs/V100_P3_MINI_I05_R04/checkpoint/fabd9936a15749c2b1423214aecc063e/exec_result.pkl,exec_result.pkl,.pkl,2671,ca0659cc563a187a534c307d68f332e46b10c7ace9ebfb991f2bc914fc576945,2026-07-24T09:17:11,True
P3/Mini,study_runs,V100_P3_MINI_I05_R04,study_runs/V100_P3_MINI_I05_R04/checkpoint/fabd9936a15749c2b1423214aecc063e/generated/checkpoints/err.log,err.log,.log,0,e3b0c44298fc1c149afbf4c8996fb92427ae41e4649b934ca495991b7852b855,2026-07-24T09:17:11,True
P3/Mini,study_runs,V100_P3_MINI_I05_R04,study_runs/V100_P3_MINI_I05_R04/checkpoint/fabd9936a15749c2b1423214aecc063e/generated/checkpoints/out.log,out.log,.log,0,e3b0c44298fc1c149afbf4c8996fb92427ae41e4649b934ca495991b7852b855,2026-07-24T09:17:11,True
P3/Mini,study_runs,V100_P3_MINI_I05_R04,study_runs/V100_P3_MINI_I05_R04/checkpoint/fabd9936a15749c2b1423214aecc063e/generated/checkpoints/progress.json,progress.json,.json,252,3caecb67383989be00151392a970800bf7929345d3957fbcc8b61fff0b76487a,2026-07-24T09:17:11,True
P3/Mini,study_runs,V100_P3_MINI_I05_R04,study_runs/V100_P3_MINI_I05_R04/checkpoint/fabd9936a15749c2b1423214aecc063e/out.log,out.log,.log,2490,04ad21e5e93a05c8d76e50cb7429f6d632b54020e73ddda64ef91dc3fb333e12,2026-07-24T09:17:11,True
P3/Mini,study_runs,V100_P3_MINI_I05_R04,study_runs/V100_P3_MINI_I05_R04/code_requirements_final.json,code_requirements_final.json,.json,2289,d044b94ba30611c47454c0f8cbea99f3007e618befecb3aa423f9ad3ca51df50,2026-07-24T09:18:23,True
P3/Mini,study_runs,V100_P3_MINI_I05_R04,study_runs/V100_P3_MINI_I05_R04/code_requirements_prototype.json,code_requirements_prototype.json,.json,781,51df89ec9c6d1409363f9ac3a94fbd6b7e76a6c1aa879de7aa615b9d241d207c,2026-07-24T09:06:26,True
P3/Mini,study_runs,V100_P3_MINI_I05_R04,study_runs/V100_P3_MINI_I05_R04/config.source.toml,config.source.toml,.toml,386,43ad328d9e971575946598bc6c906a320d878b57103e5825b7bc1b351074558f,2026-07-24T09:05:51,True
P3/Mini,study_runs,V100_P3_MINI_I05_R04,study_runs/V100_P3_MINI_I05_R04/config.toml,config.toml,.toml,416,ba6933276964135399130960fab25af049607a95a1dc9a6896e857a801b83565,2026-07-24T09:05:51,True
P3/Mini,study_runs,V100_P3_MINI_I05_R04,study_runs/V100_P3_MINI_I05_R04/costs_log.csv,costs_log.csv,.csv,13438,de3e87d4a7092b62d81f8c9c2e212fd494abaea732f9b57caae33acf3fbbd401,2026-07-24T09:23:54,True
P3/Mini,study_runs,V100_P3_MINI_I05_R04,study_runs/V100_P3_MINI_I05_R04/debug.log,debug.log,.log,244732,b3d0c8503acffc7c1cbb5d09defb94f6c64f55f2152d21a600eec13e34e10c5e,2026-07-24T09:23:58,True
P3/Mini,study_runs,V100_P3_MINI_I05_R04,study_runs/V100_P3_MINI_I05_R04/entered_prompt.txt,entered_prompt.txt,.txt,8121,58a89d576dbcf4958b231024c16fc02b706ddf74985bf968a054006b3b063354,2026-07-24T09:05:51,True
P3/Mini,study_runs,V100_P3_MINI_I05_R04,study_runs/V100_P3_MINI_I05_R04/save.pkl,save.pkl,.pkl,136559,bfed39a8015bfa6d709263a21d4f7a3beacda037dbbce53b40b10055ba5e7b01,2026-07-24T09:17:44,True
P3/Mini,study_runs,V100_P3_MINI_I05_R04,study_runs/V100_P3_MINI_I05_R04/statistics/0_b4a973ac4b0640f28276051e005da9dc.txt,0_b4a973ac4b0640f28276051e005da9dc.txt,.txt,488,ec71794f2e800b81bd9f71c1862b31243f584d3f915e4506d11e12a5fb698205,2026-07-24T09:07:31,True
P3/Mini,study_runs,V100_P3_MINI_I05_R04,study_runs/V100_P3_MINI_I05_R04/statistics/1_178e7bc835a14709b60d7d407a88c568.txt,1_178e7bc835a14709b60d7d407a88c568.txt,.txt,469,b9e635f4b294c541e3187e3eb573088078ecbee68b1e3de085bbc72e84c4dd13,2026-07-24T09:08:42,True
P3/Mini,study_runs,V100_P3_MINI_I05_R04,study_runs/V100_P3_MINI_I05_R04/statistics/2_a8752555da954d139804e75770410067.txt,2_a8752555da954d139804e75770410067.txt,.txt,490,f5f265519e9d92758082eca02cca7c6bbe501b8bb94ab279b3adfa2d49b442b1,2026-07-24T09:10:29,True
P3/Mini,study_runs,V100_P3_MINI_I05_R04,study_runs/V100_P3_MINI_I05_R04/statistics/3_616618e2fb024188b5f926ea8eb4f527.txt,3_616618e2fb024188b5f926ea8eb4f527.txt,.txt,537,6498882b7955976559c02a9390f12d59f0cba55db1f17470fe812fec446c61a4,2026-07-24T09:12:38,True
P3/Mini,study_runs,V100_P3_MINI_I05_R04,study_runs/V100_P3_MINI_I05_R04/statistics/4_dfeff510813e4ab58be755a127fdc7f0.txt,4_dfeff510813e4ab58be755a127fdc7f0.txt,.txt,533,a0ebf0c86049d10e3533a7c0cbc6575f4347e76fbb575fe360c866b76453c1df,2026-07-24T09:14:40,True
P3/Mini,study_runs,V100_P3_MINI_I05_R04,study_runs/V100_P3_MINI_I05_R04/statistics/5_e38fa544c2b3439e91503ea8cce05685.txt,5_e38fa544c2b3439e91503ea8cce05685.txt,.txt,526,00dfe984bdf0da79a5384f392fe04e613392ef2555dff92a5da81cfae827da3a,2026-07-24T09:16:23,True
P3/Mini,study_runs,V100_P3_MINI_I05_R04,study_runs/V100_P3_MINI_I05_R04/statistics/6_fabd9936a15749c2b1423214aecc063e.txt,6_fabd9936a15749c2b1423214aecc063e.txt,.txt,504,3a4f4bbebe0ec42fa61b1b999b9dbeae29bc96587ab46f979bff586df75eaa1f,2026-07-24T09:17:36,True
P3/Mini,study_runs,V100_P3_MINI_I05_R04,study_runs/V100_P3_MINI_I05_R04/statistics/7_b4a973ac4b0640f28276051e005da9dc_seed.txt,7_b4a973ac4b0640f28276051e005da9dc_seed.txt,.txt,479,0aa6f9c02e34c5fcc91c30a012962089e18a6bbb0930b0a4bfaef4965d6ade19,2026-07-24T09:19:24,True
P3/Mini,study_runs,V100_P3_MINI_I05_R04,study_runs/V100_P3_MINI_I05_R04/statistics/8_b4a973ac4b0640f28276051e005da9dc_iteration1.txt,8_b4a973ac4b0640f28276051e005da9dc_iteration1.txt,.txt,499,282d314319e73188ee9ba32df6bbbec1eeeb1be912c418bf7b23cd5637142d4d,2026-07-24T09:21:32,True
P3/Mini,study_runs,V100_P3_MINI_I05_R04,study_runs/V100_P3_MINI_I05_R04/statistics/9_b4a973ac4b0640f28276051e005da9dc_iteration2.txt,9_b4a973ac4b0640f28276051e005da9dc_iteration2.txt,.txt,497,7ef6f8620823b77a8a969f7ec6b9479f3e3c03524ea8ec807f1afef7593bbf19,2026-07-24T09:23:48,True
P3/Mini,study_runs,V100_P3_MINI_I05_R04,study_runs/V100_P3_MINI_I05_R04/statistics/arguments_per_function.png,arguments_per_function.png,.png,79208,a8a9f63047626e4b335ef30dbe3d7493fc0b06a3bfeb415a65005f81e70247d5,2026-07-24T09:23:56,True
P3/Mini,study_runs,V100_P3_MINI_I05_R04,study_runs/V100_P3_MINI_I05_R04/statistics/classes.png,classes.png,.png,41228,1c3160ed13ada66cc7d9c6bc45fcd3d6d85acb2d363d2e3d12624e7fbab04303,2026-07-24T09:23:56,True
P3/Mini,study_runs,V100_P3_MINI_I05_R04,study_runs/V100_P3_MINI_I05_R04/statistics/comment_lines.png,comment_lines.png,.png,71535,3ea56a2dd5277f279a673588aad376d3f159672caccc15849be1e8eb57e6dff9,2026-07-24T09:23:55,True
P3/Mini,study_runs,V100_P3_MINI_I05_R04,study_runs/V100_P3_MINI_I05_R04/statistics/conditions.png,conditions.png,.png,64541,48e8c82f443243d6eee89252423b021b5d613680debf028ae0eca571e1f4b4fe,2026-07-24T09:23:57,True
P3/Mini,study_runs,V100_P3_MINI_I05_R04,study_runs/V100_P3_MINI_I05_R04/statistics/deletions.png,deletions.png,.png,75117,6e0eb700e49890d3d69c72ed3d86efbe82fe8010ee36d28f8a6f5002571a26d6,2026-07-24T09:23:58,True
P3/Mini,study_runs,V100_P3_MINI_I05_R04,study_runs/V100_P3_MINI_I05_R04/statistics/empty_lines.png,empty_lines.png,.png,64600,8967577f39b4b9902a04c2e3165fa72f58a31492da85bbdfd746b0e917f083f5,2026-07-24T09:23:54,True
P3/Mini,study_runs,V100_P3_MINI_I05_R04,study_runs/V100_P3_MINI_I05_R04/statistics/execution_time.png,execution_time.png,.png,74045,c3c06b3e38fed2f02f0eb05fb85296661d957015c7e978ee80b006ed1e87ac4c,2026-07-24T09:23:54,True
P3/Mini,study_runs,V100_P3_MINI_I05_R04,study_runs/V100_P3_MINI_I05_R04/statistics/functions.png,functions.png,.png,69322,bf1287168110633048fd5dc082fc42c36c9b17e627eea7acb5cedc6052ea81d9,2026-07-24T09:23:56,True
P3/Mini,study_runs,V100_P3_MINI_I05_R04,study_runs/V100_P3_MINI_I05_R04/statistics/insertions.png,insertions.png,.png,77447,a68cfbf3a2f1b3fd87c050333bab0a095177dc7e0125e09e794f1147d3e99fc3,2026-07-24T09:23:57,True
P3/Mini,study_runs,V100_P3_MINI_I05_R04,study_runs/V100_P3_MINI_I05_R04/statistics/libraries_imported.png,libraries_imported.png,.png,58010,5712eab12449c2dc96cb2d3c7a64ce9eb09ce3d626c6a09aa67b5f4640de8237,2026-07-24T09:23:55,True
P3/Mini,study_runs,V100_P3_MINI_I05_R04,study_runs/V100_P3_MINI_I05_R04/statistics/lines_of_code.png,lines_of_code.png,.png,72473,78a4c00456741b61ba569adadeb12ba6503e4ebcbeb570aea7c49a6e9562d22f,2026-07-24T09:23:54,True
P3/Mini,study_runs,V100_P3_MINI_I05_R04,study_runs/V100_P3_MINI_I05_R04/statistics/loops.png,loops.png,.png,66285,d4cfc3fc3d9322a4dd6cc87f239af817f32e04d72bfb0e6d4ecbf13d010b1944,2026-07-24T09:23:57,True
P3/Mini,study_runs,V100_P3_MINI_I05_R04,study_runs/V100_P3_MINI_I05_R04/statistics/summary_overall_nodes.txt,summary_overall_nodes.txt,.txt,487,a2eaf15950bb462a10bd4d6f40ca1f1dbacd72548454a3e3be60ad8b04aec617,2026-07-24T09:23:54,True
P3/Mini,study_runs,V100_P3_MINI_I05_R04,study_runs/V100_P3_MINI_I05_R04/statistics/total_characters.png,total_characters.png,.png,78854,43b8ac2a99c42a14a4da51c1a47a5abb82af1cc18d53d8948ebc8fe25cebe249,2026-07-24T09:23:55,True
P3/Mini,study_runs,V100_P3_MINI_I05_R04,study_runs/V100_P3_MINI_I05_R04/statistics/variable_assignments.png,variable_assignments.png,.png,75466,f848a5f729a76a2860d168ffdea630106c14234f41de32166d5bcb3b045bd887,2026-07-24T09:23:56,True
P3/Mini,study_runs,V100_P3_MINI_I05_R04,study_runs/V100_P3_MINI_I05_R04/summary.md,summary.md,.md,2708,fcffb0914748ab8508a28395edf9611d4ce3ab09e6772be1fb8724889b44a5ac,2026-07-24T09:23:54,True
P3/Mini,study_runs,V100_P3_MINI_I05_R04,study_runs/V100_P3_MINI_I05_R04/tree_render/pdf/combined_tree.pdf,combined_tree.pdf,.pdf,21903,242dffcbb2f79d99c70a52efd3055f80b5dddbdbf12b352ae793906769f4a3b8,2026-07-24T09:17:43,True
P3/Mini,study_runs,V100_P3_MINI_I05_R04,study_runs/V100_P3_MINI_I05_R04/tree_render/pdf/tree_0.pdf,tree_0.pdf,.pdf,21584,2429ec18ab6d6bbf7e84b11322bf119e8242e6ea2977ee02aa402824634942b5,2026-07-24T09:17:38,True
P3/Mini,study_runs,V100_P3_MINI_I05_R04,study_runs/V100_P3_MINI_I05_R04/tree_render/pdf/tree_1.pdf,tree_1.pdf,.pdf,19686,2796044a870d5ff759cb770fb9b3e8b1ac9b711a80f01920a803cbc3a72f84fc,2026-07-24T09:17:40,True
P3/Mini,study_runs,V100_P3_MINI_I05_R04,study_runs/V100_P3_MINI_I05_R04/tree_render/png/combined_tree.png,combined_tree.png,.png,66605,7c1fb3dee1a58e9b5ed2bbf45fbd9969bee414d94085fb457d4a894401714a8b,2026-07-24T09:17:42,True
P3/Mini,study_runs,V100_P3_MINI_I05_R04,study_runs/V100_P3_MINI_I05_R04/tree_render/png/tree_0.png,tree_0.png,.png,49564,06191f3ad5565cb68f0887fc525cb21e2c76dddc7a81dd6f844bc23c4f4c8bdf,2026-07-24T09:17:37,True
P3/Mini,study_runs,V100_P3_MINI_I05_R04,study_runs/V100_P3_MINI_I05_R04/tree_render/png/tree_1.png,tree_1.png,.png,22211,32cfe2c9d8b129c6caf610676149758157a25dec12e1480bccb26548398117e3,2026-07-24T09:17:40,True
P3/Mini,study_runs,V100_P3_MINI_I05_R04,study_runs/V100_P3_MINI_I05_R04/tree_render/svg/combined_tree.svg,combined_tree.svg,.svg,10722,0f4ef339cf0368682368ce1d54658bff99b65870685814136416d24a66a67164,2026-07-24T09:17:44,True
P3/Mini,study_runs,V100_P3_MINI_I05_R04,study_runs/V100_P3_MINI_I05_R04/tree_render/svg/tree_0.svg,tree_0.svg,.svg,8067,1c69a385765cbd341257eaa04d26fc56462a677c52241b843592ceb436e2f3d6,2026-07-24T09:17:39,True
P3/Mini,study_runs,V100_P3_MINI_I05_R04,study_runs/V100_P3_MINI_I05_R04/tree_render/svg/tree_1.svg,tree_1.svg,.svg,3176,7f84edb5d4706ae4f9e9ce8d94e160bda7dcb2bbfadcf669a2cf3d3cc34390e2,2026-07-24T09:17:41,True
P3/Mini,study_runs,V100_P3_MINI_I05_R05,study_runs/V100_P3_MINI_I05_R05/checkpoint/1abbdd18be6f4d04a996c09d20ecb5f1/code.py,code.py,.py,766,070b765bcfb07848f4567555a2aa7bf3b10b69cfa787eb15ea063ea061e5d123,2026-07-24T09:31:40,True
P3/Mini,study_runs,V100_P3_MINI_I05_R05,study_runs/V100_P3_MINI_I05_R05/checkpoint/1abbdd18be6f4d04a996c09d20ecb5f1/exec_result.pkl,exec_result.pkl,.pkl,431,8f06203125f421dd88dece1c79654f29441212ceb8bf358e0cf4dda5a369b14f,2026-07-24T09:29:06,True
P3/Mini,study_runs,V100_P3_MINI_I05_R05,study_runs/V100_P3_MINI_I05_R05/checkpoint/1abbdd18be6f4d04a996c09d20ecb5f1/out.log,out.log,.log,302,4cf3254f3a6a4556fbe861aa8e9cad0a14e62f0515afddb90caceff1dc01f0b6,2026-07-24T09:29:06,True
P3/Mini,study_runs,V100_P3_MINI_I05_R05,study_runs/V100_P3_MINI_I05_R05/checkpoint/1fc86317478e49d48b082c4465f7a6db/code.py,code.py,.py,3811,d96eb7820f09784a7eed762e9c1e8a28146a6f5b775e60c1f517c0eb8bcbaca9,2026-07-24T09:39:04,True
P3/Mini,study_runs,V100_P3_MINI_I05_R05,study_runs/V100_P3_MINI_I05_R05/checkpoint/1fc86317478e49d48b082c4465f7a6db/exec_result.pkl,exec_result.pkl,.pkl,6016,3d4044ad8fcb129075b177a25f5857bfeefc3f1e0852642e259f27b9601b4b70,2026-07-24T09:37:22,True
P3/Mini,study_runs,V100_P3_MINI_I05_R05,study_runs/V100_P3_MINI_I05_R05/checkpoint/1fc86317478e49d48b082c4465f7a6db/out.log,out.log,.log,5727,8eeb95c0a442876fdd54e59063e53bf1dfe3446598a32648f446501df4222f3f,2026-07-24T09:37:22,True
P3/Mini,study_runs,V100_P3_MINI_I05_R05,study_runs/V100_P3_MINI_I05_R05/checkpoint/1fc86317478e49d48b082c4465f7a6db_iteration1/code.py,code.py,.py,10322,5f7ca338e612f99a57107257c3793f6bca8c4f8e5e20945a6f631e2574db50e4,2026-07-24T09:42:09,True
P3/Mini,study_runs,V100_P3_MINI_I05_R05,study_runs/V100_P3_MINI_I05_R05/checkpoint/1fc86317478e49d48b082c4465f7a6db_iteration1/exec_result.pkl,exec_result.pkl,.pkl,1071,26f332232dfc43c2da46312e6412d73891d9b392b5a30cefac5ec2fd2234c9a7,2026-07-24T09:40:11,True
P3/Mini,study_runs,V100_P3_MINI_I05_R05,study_runs/V100_P3_MINI_I05_R05/checkpoint/1fc86317478e49d48b082c4465f7a6db_iteration1/out.log,out.log,.log,912,733ab09caf6b6ab6955b673e44ab00ad7db6ffb36ad951b32043cf239daa6226,2026-07-24T09:40:11,True
P3/Mini,study_runs,V100_P3_MINI_I05_R05,study_runs/V100_P3_MINI_I05_R05/checkpoint/1fc86317478e49d48b082c4465f7a6db_iteration2/code.py,code.py,.py,10434,c304acb4f277054119093ee75684c38ff39a891d671368a38dd020dfce460dee,2026-07-24T09:42:09,True
P3/Mini,study_runs,V100_P3_MINI_I05_R05,study_runs/V100_P3_MINI_I05_R05/checkpoint/1fc86317478e49d48b082c4465f7a6db_iteration2/exec_result.pkl,exec_result.pkl,.pkl,1850,b91aafff61e34cea2b7b7f0b53b6ddde9dae923a3dcf6dcd3d857960b48d2430,2026-07-24T09:41:26,True
P3/Mini,study_runs,V100_P3_MINI_I05_R05,study_runs/V100_P3_MINI_I05_R05/checkpoint/1fc86317478e49d48b082c4465f7a6db_iteration2/out.log,out.log,.log,1671,325c7215aa5c7227cded316cfbbfaafcf25ffb2bb37a9a2659cbc3b9e24521ba,2026-07-24T09:41:26,True
P3/Mini,study_runs,V100_P3_MINI_I05_R05,study_runs/V100_P3_MINI_I05_R05/checkpoint/1fc86317478e49d48b082c4465f7a6db_seed/code.py,code.py,.py,3811,d96eb7820f09784a7eed762e9c1e8a28146a6f5b775e60c1f517c0eb8bcbaca9,2026-07-24T09:40:45,True
P3/Mini,study_runs,V100_P3_MINI_I05_R05,study_runs/V100_P3_MINI_I05_R05/checkpoint/1fc86317478e49d48b082c4465f7a6db_seed/exec_result.pkl,exec_result.pkl,.pkl,6016,1df9d8694a1018217ecc4b07d32211aa52fe9e12fa3c1133a9a19b73a1fe8264,2026-07-24T09:38:28,True
P3/Mini,study_runs,V100_P3_MINI_I05_R05,study_runs/V100_P3_MINI_I05_R05/checkpoint/1fc86317478e49d48b082c4465f7a6db_seed/out.log,out.log,.log,5727,1e268661f02688aefe403b760bc6abe224712d6e6aa2d908959ae5c2b874984f,2026-07-24T09:38:28,True
P3/Mini,study_runs,V100_P3_MINI_I05_R05,study_runs/V100_P3_MINI_I05_R05/checkpoint/21c5990436754ea9924b1f6d4ba88220/code.py,code.py,.py,1319,8f28062b839c8f952060fcdfe1ed89146722053fe799850f309cab0e83d1c286,2026-07-24T09:29:38,True
P3/Mini,study_runs,V100_P3_MINI_I05_R05,study_runs/V100_P3_MINI_I05_R05/checkpoint/21c5990436754ea9924b1f6d4ba88220/exec_result.pkl,exec_result.pkl,.pkl,367,74deaddd5191bb65f6b0bd950ede3f1552dee78182f42e24b0ad25d4f86c6176,2026-07-24T09:28:12,True
P3/Mini,study_runs,V100_P3_MINI_I05_R05,study_runs/V100_P3_MINI_I05_R05/checkpoint/21c5990436754ea9924b1f6d4ba88220/out.log,out.log,.log,228,af25c03c814367f8cef0a96bf6c21a8e7f09d7ece2c32547b100e3e9ea9a3bb4,2026-07-24T09:28:12,True
P3/Mini,study_runs,V100_P3_MINI_I05_R05,study_runs/V100_P3_MINI_I05_R05/checkpoint/222e3861e0cf4780b8cb2c5773309b0d/code.py,code.py,.py,7725,c984443bf5b0f9f5345d431162405ee9d3cdb18d7fd723e8bb760dd9497eadc0,2026-07-24T09:32:38,True
P3/Mini,study_runs,V100_P3_MINI_I05_R05,study_runs/V100_P3_MINI_I05_R05/checkpoint/222e3861e0cf4780b8cb2c5773309b0d/exec_result.pkl,exec_result.pkl,.pkl,469,2b22ffef191385c440d66f16ba08dbc7b2fc0dd03f01c5a2654f2f4324a3e41f,2026-07-24T09:31:05,True
P3/Mini,study_runs,V100_P3_MINI_I05_R05,study_runs/V100_P3_MINI_I05_R05/checkpoint/222e3861e0cf4780b8cb2c5773309b0d/generated/prototype_results.csv,prototype_results.csv,.csv,2799,ea757bd11711af229611d585d82289dc502bbb291bd596888373b00800420abd,2026-07-24T09:31:04,True
P3/Mini,study_runs,V100_P3_MINI_I05_R05,study_runs/V100_P3_MINI_I05_R05/checkpoint/222e3861e0cf4780b8cb2c5773309b0d/generated/seed_sensitivity.png,seed_sensitivity.png,.png,26916,731f7803b4f01b992d5a7b4c20c009538bcaf32bb1c79a9e1882e6897dbae57d,2026-07-24T09:31:05,True
P3/Mini,study_runs,V100_P3_MINI_I05_R05,study_runs/V100_P3_MINI_I05_R05/checkpoint/222e3861e0cf4780b8cb2c5773309b0d/out.log,out.log,.log,332,3ead426b0e2ca883a44fdfcd1fd57d28c64b0edb684065138a447e4cd5e4757e,2026-07-24T09:31:05,True
P3/Mini,study_runs,V100_P3_MINI_I05_R05,study_runs/V100_P3_MINI_I05_R05/checkpoint/77d1cf7691d940938ba63f8f3ab8e79c/code.py,code.py,.py,8861,32465a2795f63a0a8e6f3e367651a46bab9a0d3e56dc4b9629f64c9a45f23ef1,2026-07-24T09:36:10,True
P3/Mini,study_runs,V100_P3_MINI_I05_R05,study_runs/V100_P3_MINI_I05_R05/checkpoint/77d1cf7691d940938ba63f8f3ab8e79c/exec_result.pkl,exec_result.pkl,.pkl,1128,dba3c4f15e81adbfb90c71219b50b31a850f0e913148e5acec2d914631a932cd,2026-07-24T09:33:55,True
P3/Mini,study_runs,V100_P3_MINI_I05_R05,study_runs/V100_P3_MINI_I05_R05/checkpoint/77d1cf7691d940938ba63f8f3ab8e79c/out.log,out.log,.log,983,2443023445898d2a63b2ca6d56279a33a71adcbba9e2f051c45209f4db2da3ef,2026-07-24T09:33:55,True
P3/Mini,study_runs,V100_P3_MINI_I05_R05,study_runs/V100_P3_MINI_I05_R05/checkpoint/8b8fa2486199411299ea07d705d84302/code.py,code.py,.py,8187,c344794228b82b3cbb71328e5c81fdfc6638dcebab79c8bc4f4f5fd793c4e2c5,2026-07-24T09:37:45,True
P3/Mini,study_runs,V100_P3_MINI_I05_R05,study_runs/V100_P3_MINI_I05_R05/checkpoint/8b8fa2486199411299ea07d705d84302/exec_result.pkl,exec_result.pkl,.pkl,2671,0b192f7d7c3b580c8b40c564096e15128ebf049d8168368e6685cc2d4ef00c9f,2026-07-24T09:35:48,True
P3/Mini,study_runs,V100_P3_MINI_I05_R05,study_runs/V100_P3_MINI_I05_R05/checkpoint/8b8fa2486199411299ea07d705d84302/generated/MovieLens100K_LensKit.ImplicitMFScorer_seed_7/checkpoints/err.log,err.log,.log,0,e3b0c44298fc1c149afbf4c8996fb92427ae41e4649b934ca495991b7852b855,2026-07-24T09:35:48,True
P3/Mini,study_runs,V100_P3_MINI_I05_R05,study_runs/V100_P3_MINI_I05_R05/checkpoint/8b8fa2486199411299ea07d705d84302/generated/MovieLens100K_LensKit.ImplicitMFScorer_seed_7/checkpoints/out.log,out.log,.log,0,e3b0c44298fc1c149afbf4c8996fb92427ae41e4649b934ca495991b7852b855,2026-07-24T09:35:48,True
P3/Mini,study_runs,V100_P3_MINI_I05_R05,study_runs/V100_P3_MINI_I05_R05/checkpoint/8b8fa2486199411299ea07d705d84302/generated/MovieLens100K_LensKit.ImplicitMFScorer_seed_7/checkpoints/progress.json,progress.json,.json,322,1319400c2c9d8df9c2136482a72a570687bbd549a52b80d3d7086f9146ebb2f0,2026-07-24T09:35:48,True
P3/Mini,study_runs,V100_P3_MINI_I05_R05,study_runs/V100_P3_MINI_I05_R05/checkpoint/8b8fa2486199411299ea07d705d84302/out.log,out.log,.log,2490,a8408ea5b6a4444c2a0cbf3406a4f6ba2602ec33304bd759516d4a573bda2458,2026-07-24T09:35:48,True
P3/Mini,study_runs,V100_P3_MINI_I05_R05,study_runs/V100_P3_MINI_I05_R05/checkpoint/fde624adcab34ba3bb6a372ae5cd07f4/code.py,code.py,.py,821,9fd615d150c8617819ef9182639e4e117d8b3ffab90316369962ead3ccafbc32,2026-07-24T09:34:27,True
P3/Mini,study_runs,V100_P3_MINI_I05_R05,study_runs/V100_P3_MINI_I05_R05/checkpoint/fde624adcab34ba3bb6a372ae5cd07f4/exec_result.pkl,exec_result.pkl,.pkl,336,99104830a0e0ac73cbbf48aae837f6e890330c29c596a3c5866a801903e16452,2026-07-24T09:32:17,True
P3/Mini,study_runs,V100_P3_MINI_I05_R05,study_runs/V100_P3_MINI_I05_R05/checkpoint/fde624adcab34ba3bb6a372ae5cd07f4/out.log,out.log,.log,207,20ddbdba88577bce26de08ea959c7ed0a73f9bd7e691c37fae3593209b19506a,2026-07-24T09:32:17,True
P3/Mini,study_runs,V100_P3_MINI_I05_R05,study_runs/V100_P3_MINI_I05_R05/code_requirements_final.json,code_requirements_final.json,.json,3151,d87eb91c7ca7a756fc720ff917dcf6ce5dca1b97adaef0333e430603f605b98d,2026-07-24T09:38:22,True
P3/Mini,study_runs,V100_P3_MINI_I05_R05,study_runs/V100_P3_MINI_I05_R05/code_requirements_prototype.json,code_requirements_prototype.json,.json,1111,a3f63fb78ee23bc456bd36eba156e68ed4ec107e12a707ac0abe9eeffb03edf8,2026-07-24T09:27:30,True
P3/Mini,study_runs,V100_P3_MINI_I05_R05,study_runs/V100_P3_MINI_I05_R05/config.source.toml,config.source.toml,.toml,386,43ad328d9e971575946598bc6c906a320d878b57103e5825b7bc1b351074558f,2026-07-24T09:26:56,True
P3/Mini,study_runs,V100_P3_MINI_I05_R05,study_runs/V100_P3_MINI_I05_R05/config.toml,config.toml,.toml,416,756fdef5a47302b3240c47a08ef7f619d7c37956f9f42fa346201bc86890fb0e,2026-07-24T09:26:56,True
P3/Mini,study_runs,V100_P3_MINI_I05_R05,study_runs/V100_P3_MINI_I05_R05/costs_log.csv,costs_log.csv,.csv,17061,a8f676a68bed8a2ce0baba7ed9b1004951d8e0b4203e0d7fe1bf135fabe599cc,2026-07-24T09:42:16,True
P3/Mini,study_runs,V100_P3_MINI_I05_R05,study_runs/V100_P3_MINI_I05_R05/debug.log,debug.log,.log,278921,7b239e8babbd2635031228fa9220447baccd6b0d2cc058846dae7bb08519c9e1,2026-07-24T09:42:20,True
P3/Mini,study_runs,V100_P3_MINI_I05_R05,study_runs/V100_P3_MINI_I05_R05/entered_prompt.txt,entered_prompt.txt,.txt,8121,58a89d576dbcf4958b231024c16fc02b706ddf74985bf968a054006b3b063354,2026-07-24T09:26:55,True
P3/Mini,study_runs,V100_P3_MINI_I05_R05,study_runs/V100_P3_MINI_I05_R05/save.pkl,save.pkl,.pkl,137104,6b50dc37417c60c2242d35ea9d03e69027474bb9d37adeee3b27eb4a24f4ba6c,2026-07-24T09:37:52,True
P3/Mini,study_runs,V100_P3_MINI_I05_R05,study_runs/V100_P3_MINI_I05_R05/statistics/0_21c5990436754ea9924b1f6d4ba88220.txt,0_21c5990436754ea9924b1f6d4ba88220.txt,.txt,482,b989b51f311df868f839a570c2cfb4f9db84e33c99ab203a4a88d72e3787f94f,2026-07-24T09:28:33,True
P3/Mini,study_runs,V100_P3_MINI_I05_R05,study_runs/V100_P3_MINI_I05_R05/statistics/1_1abbdd18be6f4d04a996c09d20ecb5f1.txt,1_1abbdd18be6f4d04a996c09d20ecb5f1.txt,.txt,494,b572a286a3c055506605bbf022bebd5fa601db3c25c5638efb3e73cae62b366b,2026-07-24T09:29:38,True
P3/Mini,study_runs,V100_P3_MINI_I05_R05,study_runs/V100_P3_MINI_I05_R05/statistics/2_222e3861e0cf4780b8cb2c5773309b0d.txt,2_222e3861e0cf4780b8cb2c5773309b0d.txt,.txt,511,8ff031b36f9c0cd3970a4a978c61af5ec59c2a176889016982e04b8c8c6cb619,2026-07-24T09:31:40,True
P3/Mini,study_runs,V100_P3_MINI_I05_R05,study_runs/V100_P3_MINI_I05_R05/statistics/3_fde624adcab34ba3bb6a372ae5cd07f4.txt,3_fde624adcab34ba3bb6a372ae5cd07f4.txt,.txt,471,86bdcc9abb71452654ba28c0e4844c7c1c7ae05c5cb998c3a94d161e7074ff6f,2026-07-24T09:32:38,True
P3/Mini,study_runs,V100_P3_MINI_I05_R05,study_runs/V100_P3_MINI_I05_R05/statistics/4_77d1cf7691d940938ba63f8f3ab8e79c.txt,4_77d1cf7691d940938ba63f8f3ab8e79c.txt,.txt,511,d1a37d3238bce36160583b5c011e12d2d49e9233fb6112878cf64731d4dee5dd,2026-07-24T09:34:27,True
P3/Mini,study_runs,V100_P3_MINI_I05_R05,study_runs/V100_P3_MINI_I05_R05/statistics/5_8b8fa2486199411299ea07d705d84302.txt,5_8b8fa2486199411299ea07d705d84302.txt,.txt,491,484634b8427038feb243d3c32c5a9b24ca16fda5354b3fbd3f8f0adcd627b834,2026-07-24T09:36:10,True
P3/Mini,study_runs,V100_P3_MINI_I05_R05,study_runs/V100_P3_MINI_I05_R05/statistics/6_1fc86317478e49d48b082c4465f7a6db.txt,6_1fc86317478e49d48b082c4465f7a6db.txt,.txt,497,1584f73de276be4d82345469afeb775c22af2bd4d636729d458b4801dd23de6b,2026-07-24T09:37:45,True
P3/Mini,study_runs,V100_P3_MINI_I05_R05,study_runs/V100_P3_MINI_I05_R05/statistics/7_1fc86317478e49d48b082c4465f7a6db_seed.txt,7_1fc86317478e49d48b082c4465f7a6db_seed.txt,.txt,498,ce50a5a013cc1ec654963f6d833c4e9bdf0b1a4e74d73783ec62978f997e69ff,2026-07-24T09:39:04,True
P3/Mini,study_runs,V100_P3_MINI_I05_R05,study_runs/V100_P3_MINI_I05_R05/statistics/8_1fc86317478e49d48b082c4465f7a6db_iteration1.txt,8_1fc86317478e49d48b082c4465f7a6db_iteration1.txt,.txt,536,1aaf8c8df05263894666efee3fbeb74ff2d068b67c3d7545ed759eefbc8df526,2026-07-24T09:40:45,True
P3/Mini,study_runs,V100_P3_MINI_I05_R05,study_runs/V100_P3_MINI_I05_R05/statistics/9_1fc86317478e49d48b082c4465f7a6db_iteration2.txt,9_1fc86317478e49d48b082c4465f7a6db_iteration2.txt,.txt,508,10da687d28058d298fcf95c7c31d1398cc7c05a5afa929144e09bc3a1847b0c4,2026-07-24T09:42:09,True
P3/Mini,study_runs,V100_P3_MINI_I05_R05,study_runs/V100_P3_MINI_I05_R05/statistics/arguments_per_function.png,arguments_per_function.png,.png,81616,897fc2eaef0db1018952bba7e660a6be1d39a8bcb4951b1d39746f336e20e32d,2026-07-24T09:42:19,True
P3/Mini,study_runs,V100_P3_MINI_I05_R05,study_runs/V100_P3_MINI_I05_R05/statistics/classes.png,classes.png,.png,40965,8e4debfd0d2ad5b880fb3261aa1ef5cbf7938b4eb74110fbb465edbe0a35de2f,2026-07-24T09:42:18,True
P3/Mini,study_runs,V100_P3_MINI_I05_R05,study_runs/V100_P3_MINI_I05_R05/statistics/comment_lines.png,comment_lines.png,.png,62312,9c8bb736954bf5e1c7069182543d81acc4f4ede841ab42f8c62070a3f8a3fa3c,2026-07-24T09:42:17,True
P3/Mini,study_runs,V100_P3_MINI_I05_R05,study_runs/V100_P3_MINI_I05_R05/statistics/conditions.png,conditions.png,.png,71494,55b2746e3e7b3463ae5400f5a1077b923b14f4d8652ad46d1c28e55330a2405e,2026-07-24T09:42:20,True
P3/Mini,study_runs,V100_P3_MINI_I05_R05,study_runs/V100_P3_MINI_I05_R05/statistics/deletions.png,deletions.png,.png,76440,2fb46f0390703e5cb4b5fa315577358f69ad9a26e2b748f157f0ea77e030c8c6,2026-07-24T09:42:20,True
P3/Mini,study_runs,V100_P3_MINI_I05_R05,study_runs/V100_P3_MINI_I05_R05/statistics/empty_lines.png,empty_lines.png,.png,65952,31ac15d81f85ad3c107db8db7f65233b7bc84a3ea5ef8973e6d6e6334b187aea,2026-07-24T09:42:17,True
P3/Mini,study_runs,V100_P3_MINI_I05_R05,study_runs/V100_P3_MINI_I05_R05/statistics/execution_time.png,execution_time.png,.png,69870,956ec6ef8f91f58b63ea1285514635d0d74fb915cd29544fd4998919c69dc898,2026-07-24T09:42:16,True
P3/Mini,study_runs,V100_P3_MINI_I05_R05,study_runs/V100_P3_MINI_I05_R05/statistics/functions.png,functions.png,.png,58250,13cdd365c991a5993842288fe35d6ff68b749c9f0b5d9883063bab057ee13ca6,2026-07-24T09:42:18,True
P3/Mini,study_runs,V100_P3_MINI_I05_R05,study_runs/V100_P3_MINI_I05_R05/statistics/insertions.png,insertions.png,.png,81579,91f0d8f2059235a876046473bf6a224b74d29a9d9399a64c7e6f542116bb89d7,2026-07-24T09:42:20,True
P3/Mini,study_runs,V100_P3_MINI_I05_R05,study_runs/V100_P3_MINI_I05_R05/statistics/libraries_imported.png,libraries_imported.png,.png,53848,f675115407c175b7255a427f9873943cae1e4f69913bcbf0cd443ff82a70dcc1,2026-07-24T09:42:18,True
P3/Mini,study_runs,V100_P3_MINI_I05_R05,study_runs/V100_P3_MINI_I05_R05/statistics/lines_of_code.png,lines_of_code.png,.png,71708,9123ecd822a811cdd8fccf9caee29cd378cd724853484dd33ca57c62c6c54c34,2026-07-24T09:42:17,True
P3/Mini,study_runs,V100_P3_MINI_I05_R05,study_runs/V100_P3_MINI_I05_R05/statistics/loops.png,loops.png,.png,61383,358d0c6824cea89fc80016a31caf1ea68b1c8fd436fc59b6c9b640dc3ac1c8b9,2026-07-24T09:42:19,True
P3/Mini,study_runs,V100_P3_MINI_I05_R05,study_runs/V100_P3_MINI_I05_R05/statistics/summary_overall_nodes.txt,summary_overall_nodes.txt,.txt,471,9788f10a993ec1268847e6ceaa6ac2e0f12a4f6e24e532d7d165d83a32f8e98e,2026-07-24T09:42:16,True
P3/Mini,study_runs,V100_P3_MINI_I05_R05,study_runs/V100_P3_MINI_I05_R05/statistics/total_characters.png,total_characters.png,.png,79777,659b9ae37790f2de6459c3f8d968d53466c13d8e3ac6f30fef0e7bfe9a5ff79c,2026-07-24T09:42:18,True
P3/Mini,study_runs,V100_P3_MINI_I05_R05,study_runs/V100_P3_MINI_I05_R05/statistics/variable_assignments.png,variable_assignments.png,.png,74536,ce5530db123deacf93d83abebe07b637aaad7e20d180a45e783d575180b90c85,2026-07-24T09:42:19,True
P3/Mini,study_runs,V100_P3_MINI_I05_R05,study_runs/V100_P3_MINI_I05_R05/summary.md,summary.md,.md,3551,29cf50c6c1abe177a7798b1d0c941e2220fa948e93065be433421334f99ea7ec,2026-07-24T09:42:16,True
P3/Mini,study_runs,V100_P3_MINI_I05_R05,study_runs/V100_P3_MINI_I05_R05/tree_render/pdf/combined_tree.pdf,combined_tree.pdf,.pdf,21885,ac6bd45a7dc35b876a80124880ff68880548c788d707f33130e2cb1308b21c72,2026-07-24T09:37:51,True
P3/Mini,study_runs,V100_P3_MINI_I05_R05,study_runs/V100_P3_MINI_I05_R05/tree_render/pdf/tree_0.pdf,tree_0.pdf,.pdf,21568,e6f0b0f4eeb59962639535a219cd3a31baf73df46d4ca26cee398a2dc8f53dd3,2026-07-24T09:37:47,True
P3/Mini,study_runs,V100_P3_MINI_I05_R05,study_runs/V100_P3_MINI_I05_R05/tree_render/pdf/tree_1.pdf,tree_1.pdf,.pdf,19143,79c4c43e3b3c95410c0f58edbe0d8fdece266f5872575ab8cd83b98005f85f0b,2026-07-24T09:37:49,True
P3/Mini,study_runs,V100_P3_MINI_I05_R05,study_runs/V100_P3_MINI_I05_R05/tree_render/png/combined_tree.png,combined_tree.png,.png,64986,b1cd6bdf9e1fb7ac9e5590a867141e6e3e3f5694a7b7c8368c8f25435db7b4c8,2026-07-24T09:37:51,True
P3/Mini,study_runs,V100_P3_MINI_I05_R05,study_runs/V100_P3_MINI_I05_R05/tree_render/png/tree_0.png,tree_0.png,.png,49105,656060b162e209eacd0a0ddcb484d4f51f222b334de5ae3a31bd3a2bec8c4c1d,2026-07-24T09:37:46,True
P3/Mini,study_runs,V100_P3_MINI_I05_R05,study_runs/V100_P3_MINI_I05_R05/tree_render/png/tree_1.png,tree_1.png,.png,21120,cde9cacb74461075e4f4c3642dab324bdab36b8d0416543ce2efd7786448e7ae,2026-07-24T09:37:48,True
P3/Mini,study_runs,V100_P3_MINI_I05_R05,study_runs/V100_P3_MINI_I05_R05/tree_render/svg/combined_tree.svg,combined_tree.svg,.svg,10686,f385a911e41d899df833b6eff3e56895e54283e75377e599afbeb49c799cedbb,2026-07-24T09:37:52,True
P3/Mini,study_runs,V100_P3_MINI_I05_R05,study_runs/V100_P3_MINI_I05_R05/tree_render/svg/tree_0.svg,tree_0.svg,.svg,8031,53bbb8bfe389398da95a13b81b937f30e207847289cc2045fd395fe47ddcd3d1,2026-07-24T09:37:47,True
P3/Mini,study_runs,V100_P3_MINI_I05_R05,study_runs/V100_P3_MINI_I05_R05/tree_render/svg/tree_1.svg,tree_1.svg,.svg,3176,f0df49082c91090d70dfe3004db8ddf5ecc6b07679a27ed087749bd2960620ba,2026-07-24T09:37:50,True
