dataset,algorithm,algorithm_class,seed,metric,k,value
MovieLens100K,ALS,omnirec.runner.algos.LensKit,7,nDCG,1,0.0
MovieLens100K,ALS,omnirec.runner.algos.LensKit,7,Precision,1,0.0
MovieLens100K,ALS,omnirec.runner.algos.LensKit,7,nDCG,5,0.0
MovieLens100K,ALS,omnirec.runner.algos.LensKit,7,Precision,5,0.0
MovieLens100K,ALS,omnirec.runner.algos.LensKit,7,nDCG,10,0.06943122193677727
MovieLens100K,ALS,omnirec.runner.algos.LensKit,7,Precision,10,0.1
MovieLens100K,ALS,omnirec.runner.algos.LensKit,7,nDCG,10,0.0
MovieLens100K,ALS,omnirec.runner.algos.LensKit,7,Precision,10,0.0
MovieLens100K,ALS,omnirec.runner.algos.LensKit,7,nDCG,10,0.14465249243306436
MovieLens100K,ALS,omnirec.runner.algos.LensKit,7,Precision,10,0.2
MovieLens100K,ALS,omnirec.runner.algos.LensKit,7,nDCG,10,0.14926017916129347
MovieLens100K,ALS,omnirec.runner.algos.LensKit,7,nDCG,1,1.0
MovieLens100K,ALS,omnirec.runner.algos.LensKit,7,Precision,1,1.0
MovieLens100K,ALS,omnirec.runner.algos.LensKit,7,nDCG,5,0.4703652827859579
MovieLens100K,ALS,omnirec.runner.algos.LensKit,7,Precision,5,0.4
MovieLens100K,ALS,omnirec.runner.algos.LensKit,7,nDCG,10,0.36885567213865283
MovieLens100K,ALS,omnirec.runner.algos.LensKit,7,Precision,10,0.3
MovieLens100K,ALS,omnirec.runner.algos.LensKit,7,nDCG,10,0.07834851647149513
MovieLens100K,ALS,omnirec.runner.algos.LensKit,7,nDCG,5,0.13120507751234178
MovieLens100K,ALS,omnirec.runner.algos.LensKit,7,Precision,5,0.2
MovieLens100K,ALS,omnirec.runner.algos.LensKit,7,nDCG,10,0.15850703974098102
MovieLens100K,ALS,omnirec.runner.algos.LensKit,7,nDCG,5,0.21398626473452756
MovieLens100K,ALS,omnirec.runner.algos.LensKit,7,nDCG,10,0.13886244387355454
MovieLens100K,ALS,omnirec.runner.algos.LensKit,7,nDCG,5,0.34519134224686937
MovieLens100K,ALS,omnirec.runner.algos.LensKit,7,nDCG,10,0.2973694836145356
MovieLens100K,ALS,omnirec.runner.algos.LensKit,7,nDCG,10,0.06362078819895171
MovieLens100K,ALS,omnirec.runner.algos.LensKit,7,nDCG,10,0.13305201013572898
MovieLens100K,ALS,omnirec.runner.algos.LensKit,7,nDCG,10,0.1635413866202963
MovieLens100K,ALS,omnirec.runner.algos.LensKit,7,nDCG,10,0.08514311764162098
MovieLens100K,ALS,omnirec.runner.algos.LensKit,7,nDCG,5,0.14606834984270645
MovieLens100K,ALS,omnirec.runner.algos.LensKit,7,nDCG,10,0.1681522864689108
MovieLens100K,ALS,omnirec.runner.algos.LensKit,7,nDCG,5,0.3391602052736161
MovieLens100K,ALS,omnirec.runner.algos.LensKit,7,nDCG,10,0.3391602052736161
MovieLens100K,ALS,omnirec.runner.algos.LensKit,7,nDCG,10,0.38121301394452073
MovieLens100K,ALS,omnirec.runner.algos.LensKit,7,nDCG,5,0.8539316501572937
MovieLens100K,ALS,omnirec.runner.algos.LensKit,7,Precision,5,0.8
MovieLens100K,ALS,omnirec.runner.algos.LensKit,7,nDCG,10,0.7787926658840254
MovieLens100K,ALS,omnirec.runner.algos.LensKit,7,Precision,10,0.5
MovieLens100K,ALS,omnirec.runner.algos.LensKit,7,nDCG,10,0.15139734109601002
MovieLens100K,ALS,omnirec.runner.algos.LensKit,7,nDCG,10,0.22009176629808017
MovieLens100K,ALS,omnirec.runner.algos.LensKit,7,nDCG,10,0.13698471029831175
MovieLens100K,ALS,omnirec.runner.algos.LensKit,7,nDCG,10,0.07839826897867533
MovieLens100K,ALS,omnirec.runner.algos.LensKit,7,nDCG,5,0.15101961822780524
MovieLens100K,ALS,omnirec.runner.algos.LensKit,7,nDCG,10,0.15101961822780524
MovieLens100K,ALS,omnirec.runner.algos.LensKit,7,nDCG,10,0.15958907712489637
MovieLens100K,ALS,omnirec.runner.algos.LensKit,7,nDCG,5,0.23719771276929622
MovieLens100K,ALS,omnirec.runner.algos.LensKit,7,nDCG,10,0.23719771276929622
MovieLens100K,ALS,omnirec.runner.algos.LensKit,7,nDCG,10,0.28371255449703187
MovieLens100K,ALS,omnirec.runner.algos.LensKit,7,nDCG,10,0.06625422345438903
MovieLens100K,ALS,omnirec.runner.algos.LensKit,7,nDCG,10,0.3562071871080222
MovieLens100K,ALS,omnirec.runner.algos.LensKit,7,nDCG,10,0.09478836436955078
MovieLens100K,ALS,omnirec.runner.algos.LensKit,7,nDCG,10,0.20248323207250624
MovieLens100K,ALS,omnirec.runner.algos.LensKit,7,nDCG,10,0.07336392209936005
MovieLens100K,ALS,omnirec.runner.algos.LensKit,7,nDCG,5,0.46927872602275644
MovieLens100K,ALS,omnirec.runner.algos.LensKit,7,nDCG,10,0.46927872602275644
MovieLens100K,ALS,omnirec.runner.algos.LensKit,7,nDCG,10,0.0901000086523677
MovieLens100K,ALS,omnirec.runner.algos.LensKit,7,nDCG,10,0.09803928583135704
MovieLens100K,ALS,omnirec.runner.algos.LensKit,7,nDCG,10,0.1012286082123002
MovieLens100K,ALS,omnirec.runner.algos.LensKit,7,nDCG,10,0.07979453856244818
MovieLens100K,ALS,omnirec.runner.algos.LensKit,7,nDCG,10,0.16045757497326923
MovieLens100K,ALS,omnirec.runner.algos.LensKit,7,nDCG,10,0.08431423425588572
MovieLens100K,ALS,omnirec.runner.algos.LensKit,7,nDCG,5,0.30078518014914984
MovieLens100K,ALS,omnirec.runner.algos.LensKit,7,nDCG,10,0.2614432242450501
MovieLens100K,ALS,omnirec.runner.algos.LensKit,7,nDCG,5,0.6992148198508501
MovieLens100K,ALS,omnirec.runner.algos.LensKit,7,Precision,5,0.6
MovieLens100K,ALS,omnirec.runner.algos.LensKit,7,nDCG,10,0.4537425745411855
MovieLens100K,ALS,omnirec.runner.algos.LensKit,7,nDCG,5,0.16958010263680806
MovieLens100K,ALS,omnirec.runner.algos.LensKit,7,nDCG,10,0.11004588314904008
MovieLens100K,ALS,omnirec.runner.algos.LensKit,7,nDCG,10,0.09092803061897885
MovieLens100K,ALS,omnirec.runner.algos.LensKit,7,nDCG,10,0.2618080742270754
MovieLens100K,ALS,omnirec.runner.algos.LensKit,7,nDCG,10,0.13905617951077562
MovieLens100K,ALS,omnirec.runner.algos.LensKit,7,nDCG,10,0.16958010263680806
MovieLens100K,ALS,omnirec.runner.algos.LensKit,7,nDCG,5,0.2960819109658652
MovieLens100K,ALS,omnirec.runner.algos.LensKit,7,nDCG,10,0.2960819109658652
MovieLens100K,ALS,omnirec.runner.algos.LensKit,7,nDCG,10,0.21222636597291458
MovieLens100K,ALS,omnirec.runner.algos.LensKit,7,nDCG,10,0.21398626473452756
MovieLens100K,ALS,omnirec.runner.algos.LensKit,7,nDCG,10,0.2051166673279436
MovieLens100K,ALS,omnirec.runner.algos.LensKit,7,nDCG,10,0.07311683844390995
MovieLens100K,ALS,omnirec.runner.algos.LensKit,7,nDCG,5,0.639945385422766
MovieLens100K,ALS,omnirec.runner.algos.LensKit,7,nDCG,10,0.41528076708874123
MovieLens100K,ALS,omnirec.runner.algos.LensKit,7,nDCG,10,0.16716045496620227
MovieLens100K,ALS,omnirec.runner.algos.LensKit,7,nDCG,10,0.3133940658859805
MovieLens100K,ALS,omnirec.runner.algos.LensKit,7,nDCG,10,0.11838279295536293
MovieLens100K,ALS,omnirec.runner.algos.LensKit,7,nDCG,10,0.2520649403266671
MovieLens100K,ALS,omnirec.runner.algos.LensKit,7,nDCG,10,0.1480409554829326
MovieLens100K,ALS,omnirec.runner.algos.LensKit,7,nDCG,10,0.2381129204348816
MovieLens100K,ALS,omnirec.runner.algos.LensKit,7,nDCG,10,0.13568544539116628
MovieLens100K,ALS,omnirec.runner.algos.LensKit,7,nDCG,10,0.2530614822099702
MovieLens100K,ALS,omnirec.runner.algos.LensKit,7,nDCG,10,0.3026024134988135
MovieLens100K,ALS,omnirec.runner.algos.LensKit,7,nDCG,5,0.38685280723454163
MovieLens100K,ALS,omnirec.runner.algos.LensKit,7,nDCG,10,0.38685280723454163
MovieLens100K,ALS,omnirec.runner.algos.LensKit,7,nDCG,10,0.2765732350040718
MovieLens100K,ALS,omnirec.runner.algos.LensKit,7,nDCG,10,0.17723928678404774
MovieLens100K,ALS,omnirec.runner.algos.LensKit,7,nDCG,5,0.19519002499605084
MovieLens100K,ALS,omnirec.runner.algos.LensKit,7,nDCG,10,0.19519002499605084
MovieLens100K,ALS,omnirec.runner.algos.LensKit,7,nDCG,10,0.21840743681816419
MovieLens100K,ALS,omnirec.runner.algos.LensKit,7,nDCG,10,0.17342765698823948
MovieLens100K,ALS,omnirec.runner.algos.LensKit,7,nDCG,10,0.1208113026994942
MovieLens100K,ALS,omnirec.runner.algos.LensKit,7,nDCG,10,0.14606834984270645
MovieLens100K,ALS,omnirec.runner.algos.LensKit,7,nDCG,10,0.14629191738978586
MovieLens100K,ALS,omnirec.runner.algos.LensKit,7,nDCG,10,0.2529427027676571
MovieLens100K,ALS,omnirec.runner.algos.LensKit,7,nDCG,5,0.24630238874073
MovieLens100K,ALS,omnirec.runner.algos.LensKit,7,nDCG,10,0.24630238874073
MovieLens100K,ALS,omnirec.runner.algos.LensKit,7,nDCG,5,0.36005461457723403
MovieLens100K,ALS,omnirec.runner.algos.LensKit,7,nDCG,10,0.26852556974265224
MovieLens100K,ALS,omnirec.runner.algos.LensKit,7,nDCG,5,0.20210734650054757
MovieLens100K,ALS,omnirec.runner.algos.LensKit,7,nDCG,10,0.20210734650054757
MovieLens100K,ALS,omnirec.runner.algos.LensKit,7,nDCG,10,0.17630010660342912
MovieLens100K,ALS,omnirec.runner.algos.LensKit,7,nDCG,10,0.11305340175787204
MovieLens100K,ALS,omnirec.runner.algos.LensKit,7,nDCG,10,0.09791292534996782
MovieLens100K,ALS,omnirec.runner.algos.LensKit,7,nDCG,5,0.5531464700081437
MovieLens100K,ALS,omnirec.runner.algos.LensKit,7,nDCG,10,0.44830398990253034
MovieLens100K,ALS,omnirec.runner.algos.LensKit,7,nDCG,5,0.3156484524795145
MovieLens100K,ALS,omnirec.runner.algos.LensKit,7,nDCG,10,0.20483424751859086
MovieLens100K,ALS,omnirec.runner.algos.LensKit,7,nDCG,10,0.1089364926177559
MovieLens100K,ALS,omnirec.runner.algos.LensKit,7,nDCG,10,0.2082936658103318
MovieLens100K,ALS,omnirec.runner.algos.LensKit,7,nDCG,5,0.6131471927654584
MovieLens100K,ALS,omnirec.runner.algos.LensKit,7,nDCG,10,0.6131471927654584
MovieLens100K,ALS,omnirec.runner.algos.LensKit,7,nDCG,10,0.123151194370365
MovieLens100K,ALS,omnirec.runner.algos.LensKit,7,nDCG,10,0.2917883373452058
MovieLens100K,ALS,omnirec.runner.algos.LensKit,7,nDCG,10,0.1478294909154526
MovieLens100K,ALS,omnirec.runner.algos.LensKit,7,nDCG,10,0.3589542101716347
MovieLens100K,ALS,omnirec.runner.algos.LensKit,7,nDCG,10,0.30580131013556605
MovieLens100K,ALS,omnirec.runner.algos.LensKit,7,nDCG,5,0.48522855511632257
MovieLens100K,ALS,omnirec.runner.algos.LensKit,7,nDCG,10,0.31488013066763093
MovieLens100K,ALS,omnirec.runner.algos.LensKit,7,nDCG,10,0.25190132085971084
MovieLens100K,ALS,omnirec.runner.algos.LensKit,7,nDCG,10,0.08274602130532004
MovieLens100K,ALS,omnirec.runner.algos.LensKit,7,nDCG,5,0.27727342735504823
MovieLens100K,ALS,omnirec.runner.algos.LensKit,7,nDCG,10,0.2435522702101235
MovieLens100K,ALS,omnirec.runner.algos.LensKit,7,nDCG,10,0.06794340091829076
MovieLens100K,ALS,omnirec.runner.algos.LensKit,7,nDCG,10,0.13120507751234178
MovieLens100K,ALS,omnirec.runner.algos.LensKit,7,nDCG,10,0.2350455494144854
MovieLens100K,ALS,omnirec.runner.algos.LensKit,7,nDCG,10,0.2934556883974402
MovieLens100K,ALS,omnirec.runner.algos.LensKit,7,nDCG,10,0.23365080824310533
MovieLens100K,ALS,omnirec.runner.algos.LensKit,7,nDCG,5,0.38356636737133565
MovieLens100K,ALS,omnirec.runner.algos.LensKit,7,nDCG,10,0.31516255047698366
MovieLens100K,ALS,omnirec.runner.algos.LensKit,7,nDCG,10,0.29062463495158997
MovieLens100K,ALS,omnirec.runner.algos.LensKit,7,nDCG,5,0.5087403079104241
MovieLens100K,ALS,omnirec.runner.algos.LensKit,7,nDCG,10,0.40350157154648025
MovieLens100K,ALS,omnirec.runner.algos.LensKit,7,nDCG,10,0.2781981696179509
MovieLens100K,ALS,omnirec.runner.algos.LensKit,7,nDCG,10,0.13961814555374907
MovieLens100K,ALS,omnirec.runner.algos.LensKit,7,nDCG,10,0.18340980524840012
MovieLens100K,ALS,omnirec.runner.algos.LensKit,7,nDCG,10,0.1731866333482261
MovieLens100K,ALS,omnirec.runner.algos.LensKit,7,nDCG,10,0.24309789328476902
MovieLens100K,ALS,omnirec.runner.algos.LensKit,7,nDCG,10,0.36159016140841066
MovieLens100K,ALS,omnirec.runner.algos.LensKit,7,nDCG,5,0.6164336326286644
MovieLens100K,ALS,omnirec.runner.algos.LensKit,7,nDCG,10,0.40002324830925196
MovieLens100K,ALS,omnirec.runner.algos.LensKit,7,nDCG,10,0.3499667779514209
MovieLens100K,ALS,omnirec.runner.algos.LensKit,7,nDCG,10,0.1909208661789347
MovieLens100K,ALS,omnirec.runner.algos.LensKit,7,nDCG,10,0.43735247915031
MovieLens100K,ALS,omnirec.runner.algos.LensKit,7,nDCG,10,0.3080351663449861
MovieLens100K,ALS,omnirec.runner.algos.LensKit,7,nDCG,10,0.44619342964129877
MovieLens100K,ALS,omnirec.runner.algos.LensKit,7,nDCG,10,0.11284514134893527
MovieLens100K,ALS,omnirec.runner.algos.LensKit,7,nDCG,10,0.19518900079066107
MovieLens100K,ALS,omnirec.runner.algos.LensKit,7,nDCG,10,0.40853591842579556
MovieLens100K,ALS,omnirec.runner.algos.LensKit,7,nDCG,5,0.4912596920895758
MovieLens100K,ALS,omnirec.runner.algos.LensKit,7,nDCG,10,0.49606005632380007
MovieLens100K,ALS,omnirec.runner.algos.LensKit,7,Precision,10,0.4
MovieLens100K,ALS,omnirec.runner.algos.LensKit,7,nDCG,10,0.26462022272743835
MovieLens100K,ALS,omnirec.runner.algos.LensKit,7,nDCG,10,0.07614334071738352
MovieLens100K,ALS,omnirec.runner.algos.LensKit,7,nDCG,10,0.3222722491219547
MovieLens100K,ALS,omnirec.runner.algos.LensKit,7,nDCG,10,0.21078558563971428
MovieLens100K,ALS,omnirec.runner.algos.LensKit,7,nDCG,10,0.2583297509898471
MovieLens100K,ALS,omnirec.runner.algos.LensKit,7,nDCG,10,0.22212782793993274
MovieLens100K,ALS,omnirec.runner.algos.LensKit,7,nDCG,5,0.6843515475204855
MovieLens100K,ALS,omnirec.runner.algos.LensKit,7,nDCG,10,0.4440973278132557
MovieLens100K,ALS,omnirec.runner.algos.LensKit,7,nDCG,10,0.2863459897524692
MovieLens100K,ALS,omnirec.runner.algos.LensKit,7,nDCG,10,0.3260595412115671
MovieLens100K,ALS,omnirec.runner.algos.LensKit,7,nDCG,10,0.1736666713479918
MovieLens100K,ALS,omnirec.runner.algos.LensKit,7,nDCG,10,0.13032376591037065
MovieLens100K,ALS,omnirec.runner.algos.LensKit,7,nDCG,10,0.43231813227099475
MovieLens100K,ALS,omnirec.runner.algos.LensKit,7,nDCG,10,0.23922526118912799
MovieLens100K,ALS,omnirec.runner.algos.LensKit,7,nDCG,10,0.14829723057014912
MovieLens100K,ALS,omnirec.runner.algos.LensKit,7,nDCG,10,0.2578753740644927
MovieLens100K,ALS,omnirec.runner.algos.LensKit,7,nDCG,10,0.14201905717762703
MovieLens100K,ALS,omnirec.runner.algos.LensKit,7,nDCG,10,0.32124463208930537
MovieLens100K,ALS,omnirec.runner.algos.LensKit,7,nDCG,10,0.09785159463516042
MovieLens100K,ALS,omnirec.runner.algos.LensKit,7,nDCG,10,0.2758471541718663
MovieLens100K,ALS,omnirec.runner.algos.LensKit,7,nDCG,5,0.16812753627111746
MovieLens100K,ALS,omnirec.runner.algos.LensKit,7,nDCG,10,0.16812753627111746
MovieLens100K,ALS,omnirec.runner.algos.LensKit,7,nDCG,10,0.09162544430476362
MovieLens100K,ALS,omnirec.runner.algos.LensKit,7,nDCG,10,0.4125317798925535
MovieLens100K,ALS,omnirec.runner.algos.LensKit,7,nDCG,10,0.1884441521277154
MovieLens100K,ALS,omnirec.runner.algos.LensKit,7,nDCG,10,0.39375843764607193
MovieLens100K,ALS,omnirec.runner.algos.LensKit,7,nDCG,10,0.17993148201117176
MovieLens100K,ALS,omnirec.runner.algos.LensKit,7,nDCG,10,0.19215663883127906
MovieLens100K,ALS,omnirec.runner.algos.LensKit,7,nDCG,10,0.1990365012701236
MovieLens100K,ALS,omnirec.runner.algos.LensKit,7,nDCG,10,0.6364391809889587
MovieLens100K,ALS,omnirec.runner.algos.LensKit,7,nDCG,10,0.5498307986729412
MovieLens100K,ALS,omnirec.runner.algos.LensKit,7,nDCG,10,0.20438239758848611
MovieLens100K,ALS,omnirec.runner.algos.LensKit,7,nDCG,10,0.10699313236726378
MovieLens100K,ALS,omnirec.runner.algos.LensKit,7,nDCG,10,0.6105456988825855
MovieLens100K,ALS,omnirec.runner.algos.LensKit,7,nDCG,10,0.1610425878239398
MovieLens100K,ALS,omnirec.runner.algos.LensKit,7,nDCG,10,0.33013764944712026
MovieLens100K,ALS,omnirec.runner.algos.LensKit,7,nDCG,10,0.42838543210841196
MovieLens100K,ALS,omnirec.runner.algos.LensKit,7,nDCG,10,0.12647135138382856
MovieLens100K,ALS,omnirec.runner.algos.LensKit,7,nDCG,5,0.3065735963827292
MovieLens100K,ALS,omnirec.runner.algos.LensKit,7,nDCG,10,0.3065735963827292
MovieLens100K,ALS,omnirec.runner.algos.LensKit,7,nDCG,10,0.22400556151517553
MovieLens100K,ALS,omnirec.runner.algos.LensKit,7,nDCG,10,0.17947710508581735
MovieLens100K,ALS,omnirec.runner.algos.LensKit,7,nDCG,10,0.35970991185182927
MovieLens100K,ALS,omnirec.runner.algos.LensKit,7,nDCG,10,0.28952298823485745
MovieLens100K,ALS,omnirec.runner.algos.LensKit,7,nDCG,10,0.20904936749052636
MovieLens100K,ALS,omnirec.runner.algos.LensKit,7,nDCG,5,0.23463936301137822
MovieLens100K,ALS,omnirec.runner.algos.LensKit,7,nDCG,10,0.23463936301137822
MovieLens100K,ALS,omnirec.runner.algos.LensKit,7,nDCG,10,0.1487639058405727
MovieLens100K,ALS,omnirec.runner.algos.LensKit,7,nDCG,10,0.13743816645714543
MovieLens100K,ALS,omnirec.runner.algos.LensKit,7,nDCG,10,0.23721994800876472
MovieLens100K,ALS,omnirec.runner.algos.LensKit,7,nDCG,10,0.36005461457723403
MovieLens100K,ALS,omnirec.runner.algos.LensKit,7,nDCG,10,0.08372491399919348
MovieLens100K,ALS,omnirec.runner.algos.LensKit,7,nDCG,10,0.2685529228900211
MovieLens100K,ALS,omnirec.runner.algos.LensKit,7,nDCG,5,0.3903800499921017
MovieLens100K,ALS,omnirec.runner.algos.LensKit,7,nDCG,10,0.3903800499921017
MovieLens100K,ALS,omnirec.runner.algos.LensKit,7,nDCG,5,0.2640681225725909
MovieLens100K,ALS,omnirec.runner.algos.LensKit,7,nDCG,10,0.2640681225725909
MovieLens100K,ALS,omnirec.runner.algos.LensKit,7,nDCG,10,0.5173087569496825
MovieLens100K,ALS,omnirec.runner.algos.LensKit,7,nDCG,10,0.1559378792798317
MovieLens100K,ALS,omnirec.runner.algos.LensKit,7,nDCG,10,0.23690530871965634
MovieLens100K,ALS,omnirec.runner.algos.LensKit,7,nDCG,10,0.29039140533630226
MovieLens100K,ALS,omnirec.runner.algos.LensKit,7,nDCG,10,0.16945984979943976
MovieLens100K,ALS,omnirec.runner.algos.LensKit,7,nDCG,10,0.388244052766991
MovieLens100K,ALS,omnirec.runner.algos.LensKit,7,nDCG,10,0.09546043308946735
MovieLens100K,ALS,omnirec.runner.algos.LensKit,7,nDCG,10,0.2836929289153804
MovieLens100K,ALS,omnirec.runner.algos.LensKit,7,nDCG,5,0.6713860725233041
MovieLens100K,ALS,omnirec.runner.algos.LensKit,7,nDCG,10,0.6713860725233041
MovieLens100K,ALS,omnirec.runner.algos.LensKit,7,nDCG,10,0.27487633291429087
MovieLens100K,ALS,omnirec.runner.algos.LensKit,7,nDCG,5,1.0
MovieLens100K,ALS,omnirec.runner.algos.LensKit,7,nDCG,10,1.0
MovieLens100K,ALS,omnirec.runner.algos.LensKit,7,nDCG,5,0.18154179253735267
MovieLens100K,ALS,omnirec.runner.algos.LensKit,7,nDCG,10,0.18154179253735267
MovieLens100K,ALS,omnirec.runner.algos.LensKit,7,nDCG,10,0.17441424290825341
MovieLens100K,ALS,omnirec.runner.algos.LensKit,7,nDCG,10,0.16421958630632802
MovieLens100K,ALS,omnirec.runner.algos.LensKit,7,nDCG,10,0.3618791953854131
MovieLens100K,ALS,omnirec.runner.algos.LensKit,7,nDCG,10,0.10633668103022986
MovieLens100K,ALS,omnirec.runner.algos.LensKit,7,nDCG,10,0.15457433957839825
MovieLens100K,ALS,omnirec.runner.algos.LensKit,7,nDCG,10,0.47600514717497383
MovieLens100K,ALS,omnirec.runner.algos.LensKit,7,nDCG,10,0.31834121936641585
MovieLens100K,ALS,omnirec.runner.algos.LensKit,7,nDCG,10,0.10778915452451095
MovieLens100K,ALS,omnirec.runner.algos.LensKit,7,nDCG,10,0.3706355185414171
MovieLens100K,ALS,omnirec.runner.algos.LensKit,7,nDCG,10,0.14279514403613733
MovieLens100K,ALS,omnirec.runner.algos.LensKit,7,nDCG,10,0.2001366809542687
MovieLens100K,ALS,omnirec.runner.algos.LensKit,7,nDCG,10,0.3963918729015093
MovieLens100K,ALS,omnirec.runner.algos.LensKit,7,nDCG,10,0.21779548001177887
MovieLens100K,ALS,omnirec.runner.algos.LensKit,7,nDCG,10,0.4966757172046536
MovieLens100K,ALS,omnirec.runner.algos.LensKit,7,Precision,10,0.6
MovieLens100K,ALS,omnirec.runner.algos.LensKit,7,nDCG,10,0.08747171410140821
MovieLens100K,ALS,omnirec.runner.algos.LensKit,7,nDCG,5,0.5147714448836774
MovieLens100K,ALS,omnirec.runner.algos.LensKit,7,nDCG,10,0.3340514446642156
MovieLens100K,ItemKNN,omnirec.runner.algos.LensKit,7,nDCG,1,0.0
MovieLens100K,ItemKNN,omnirec.runner.algos.LensKit,7,Precision,1,0.0
MovieLens100K,ItemKNN,omnirec.runner.algos.LensKit,7,nDCG,5,0.0
MovieLens100K,ItemKNN,omnirec.runner.algos.LensKit,7,Precision,5,0.0
MovieLens100K,ItemKNN,omnirec.runner.algos.LensKit,7,nDCG,10,0.06943122193677727
MovieLens100K,ItemKNN,omnirec.runner.algos.LensKit,7,Precision,10,0.1
MovieLens100K,ItemKNN,omnirec.runner.algos.LensKit,7,nDCG,10,0.0
MovieLens100K,ItemKNN,omnirec.runner.algos.LensKit,7,Precision,10,0.0
MovieLens100K,ItemKNN,omnirec.runner.algos.LensKit,7,nDCG,10,0.14465249243306436
MovieLens100K,ItemKNN,omnirec.runner.algos.LensKit,7,Precision,10,0.2
MovieLens100K,ItemKNN,omnirec.runner.algos.LensKit,7,nDCG,10,0.14926017916129347
MovieLens100K,ItemKNN,omnirec.runner.algos.LensKit,7,nDCG,1,1.0
MovieLens100K,ItemKNN,omnirec.runner.algos.LensKit,7,Precision,1,1.0
MovieLens100K,ItemKNN,omnirec.runner.algos.LensKit,7,nDCG,5,0.4703652827859579
MovieLens100K,ItemKNN,omnirec.runner.algos.LensKit,7,Precision,5,0.4
MovieLens100K,ItemKNN,omnirec.runner.algos.LensKit,7,nDCG,10,0.36885567213865283
MovieLens100K,ItemKNN,omnirec.runner.algos.LensKit,7,Precision,10,0.3
MovieLens100K,ItemKNN,omnirec.runner.algos.LensKit,7,nDCG,10,0.07834851647149513
MovieLens100K,ItemKNN,omnirec.runner.algos.LensKit,7,nDCG,5,0.13120507751234178
MovieLens100K,ItemKNN,omnirec.runner.algos.LensKit,7,Precision,5,0.2
MovieLens100K,ItemKNN,omnirec.runner.algos.LensKit,7,nDCG,10,0.15850703974098102
MovieLens100K,ItemKNN,omnirec.runner.algos.LensKit,7,nDCG,5,0.21398626473452756
MovieLens100K,ItemKNN,omnirec.runner.algos.LensKit,7,nDCG,10,0.13886244387355454
MovieLens100K,ItemKNN,omnirec.runner.algos.LensKit,7,nDCG,5,0.34519134224686937
MovieLens100K,ItemKNN,omnirec.runner.algos.LensKit,7,nDCG,10,0.2973694836145356
MovieLens100K,ItemKNN,omnirec.runner.algos.LensKit,7,nDCG,10,0.06362078819895171
MovieLens100K,ItemKNN,omnirec.runner.algos.LensKit,7,nDCG,10,0.13305201013572898
MovieLens100K,ItemKNN,omnirec.runner.algos.LensKit,7,nDCG,10,0.1635413866202963
MovieLens100K,ItemKNN,omnirec.runner.algos.LensKit,7,nDCG,10,0.08514311764162098
MovieLens100K,ItemKNN,omnirec.runner.algos.LensKit,7,nDCG,5,0.14606834984270645
MovieLens100K,ItemKNN,omnirec.runner.algos.LensKit,7,nDCG,10,0.1681522864689108
MovieLens100K,ItemKNN,omnirec.runner.algos.LensKit,7,nDCG,5,0.3391602052736161
MovieLens100K,ItemKNN,omnirec.runner.algos.LensKit,7,nDCG,10,0.3391602052736161
MovieLens100K,ItemKNN,omnirec.runner.algos.LensKit,7,nDCG,10,0.38121301394452073
MovieLens100K,ItemKNN,omnirec.runner.algos.LensKit,7,nDCG,5,0.8539316501572937
MovieLens100K,ItemKNN,omnirec.runner.algos.LensKit,7,Precision,5,0.8
MovieLens100K,ItemKNN,omnirec.runner.algos.LensKit,7,nDCG,10,0.7787926658840254
MovieLens100K,ItemKNN,omnirec.runner.algos.LensKit,7,Precision,10,0.5
MovieLens100K,ItemKNN,omnirec.runner.algos.LensKit,7,nDCG,10,0.15139734109601002
MovieLens100K,ItemKNN,omnirec.runner.algos.LensKit,7,nDCG,10,0.22009176629808017
MovieLens100K,ItemKNN,omnirec.runner.algos.LensKit,7,nDCG,10,0.13698471029831175
MovieLens100K,ItemKNN,omnirec.runner.algos.LensKit,7,nDCG,10,0.07839826897867533
MovieLens100K,ItemKNN,omnirec.runner.algos.LensKit,7,nDCG,5,0.15101961822780524
MovieLens100K,ItemKNN,omnirec.runner.algos.LensKit,7,nDCG,10,0.15101961822780524
MovieLens100K,ItemKNN,omnirec.runner.algos.LensKit,7,nDCG,10,0.15958907712489637
MovieLens100K,ItemKNN,omnirec.runner.algos.LensKit,7,nDCG,5,0.23719771276929622
MovieLens100K,ItemKNN,omnirec.runner.algos.LensKit,7,nDCG,10,0.23719771276929622
MovieLens100K,ItemKNN,omnirec.runner.algos.LensKit,7,nDCG,10,0.28371255449703187
MovieLens100K,ItemKNN,omnirec.runner.algos.LensKit,7,nDCG,10,0.06625422345438903
MovieLens100K,ItemKNN,omnirec.runner.algos.LensKit,7,nDCG,10,0.3562071871080222
MovieLens100K,ItemKNN,omnirec.runner.algos.LensKit,7,nDCG,10,0.09478836436955078
MovieLens100K,ItemKNN,omnirec.runner.algos.LensKit,7,nDCG,10,0.20248323207250624
MovieLens100K,ItemKNN,omnirec.runner.algos.LensKit,7,nDCG,10,0.07336392209936005
MovieLens100K,ItemKNN,omnirec.runner.algos.LensKit,7,nDCG,5,0.46927872602275644
MovieLens100K,ItemKNN,omnirec.runner.algos.LensKit,7,nDCG,10,0.46927872602275644
MovieLens100K,ItemKNN,omnirec.runner.algos.LensKit,7,nDCG,10,0.0901000086523677
MovieLens100K,ItemKNN,omnirec.runner.algos.LensKit,7,nDCG,10,0.09803928583135704
MovieLens100K,ItemKNN,omnirec.runner.algos.LensKit,7,nDCG,10,0.1012286082123002
MovieLens100K,ItemKNN,omnirec.runner.algos.LensKit,7,nDCG,10,0.07979453856244818
MovieLens100K,ItemKNN,omnirec.runner.algos.LensKit,7,nDCG,10,0.16045757497326923
MovieLens100K,ItemKNN,omnirec.runner.algos.LensKit,7,nDCG,10,0.08431423425588572
MovieLens100K,ItemKNN,omnirec.runner.algos.LensKit,7,nDCG,5,0.30078518014914984
MovieLens100K,ItemKNN,omnirec.runner.algos.LensKit,7,nDCG,10,0.2614432242450501
MovieLens100K,ItemKNN,omnirec.runner.algos.LensKit,7,nDCG,5,0.6992148198508501
MovieLens100K,ItemKNN,omnirec.runner.algos.LensKit,7,Precision,5,0.6
MovieLens100K,ItemKNN,omnirec.runner.algos.LensKit,7,nDCG,10,0.4537425745411855
MovieLens100K,ItemKNN,omnirec.runner.algos.LensKit,7,nDCG,5,0.16958010263680806
MovieLens100K,ItemKNN,omnirec.runner.algos.LensKit,7,nDCG,10,0.11004588314904008
MovieLens100K,ItemKNN,omnirec.runner.algos.LensKit,7,nDCG,10,0.09092803061897885
MovieLens100K,ItemKNN,omnirec.runner.algos.LensKit,7,nDCG,10,0.2618080742270754
MovieLens100K,ItemKNN,omnirec.runner.algos.LensKit,7,nDCG,10,0.13905617951077562
MovieLens100K,ItemKNN,omnirec.runner.algos.LensKit,7,nDCG,10,0.16958010263680806
MovieLens100K,ItemKNN,omnirec.runner.algos.LensKit,7,nDCG,5,0.2960819109658652
MovieLens100K,ItemKNN,omnirec.runner.algos.LensKit,7,nDCG,10,0.2960819109658652
MovieLens100K,ItemKNN,omnirec.runner.algos.LensKit,7,nDCG,10,0.21222636597291458
MovieLens100K,ItemKNN,omnirec.runner.algos.LensKit,7,nDCG,10,0.21398626473452756
MovieLens100K,ItemKNN,omnirec.runner.algos.LensKit,7,nDCG,10,0.2051166673279436
MovieLens100K,ItemKNN,omnirec.runner.algos.LensKit,7,nDCG,10,0.07311683844390995
MovieLens100K,ItemKNN,omnirec.runner.algos.LensKit,7,nDCG,5,0.639945385422766
MovieLens100K,ItemKNN,omnirec.runner.algos.LensKit,7,nDCG,10,0.41528076708874123
MovieLens100K,ItemKNN,omnirec.runner.algos.LensKit,7,nDCG,10,0.16716045496620227
MovieLens100K,ItemKNN,omnirec.runner.algos.LensKit,7,nDCG,10,0.3133940658859805
MovieLens100K,ItemKNN,omnirec.runner.algos.LensKit,7,nDCG,10,0.11838279295536293
MovieLens100K,ItemKNN,omnirec.runner.algos.LensKit,7,nDCG,10,0.2520649403266671
MovieLens100K,ItemKNN,omnirec.runner.algos.LensKit,7,nDCG,10,0.1480409554829326
MovieLens100K,ItemKNN,omnirec.runner.algos.LensKit,7,nDCG,10,0.2381129204348816
MovieLens100K,ItemKNN,omnirec.runner.algos.LensKit,7,nDCG,10,0.13568544539116628
MovieLens100K,ItemKNN,omnirec.runner.algos.LensKit,7,nDCG,10,0.2530614822099702
MovieLens100K,ItemKNN,omnirec.runner.algos.LensKit,7,nDCG,10,0.3026024134988135
MovieLens100K,ItemKNN,omnirec.runner.algos.LensKit,7,nDCG,5,0.38685280723454163
MovieLens100K,ItemKNN,omnirec.runner.algos.LensKit,7,nDCG,10,0.38685280723454163
MovieLens100K,ItemKNN,omnirec.runner.algos.LensKit,7,nDCG,10,0.2765732350040718
MovieLens100K,ItemKNN,omnirec.runner.algos.LensKit,7,nDCG,10,0.17723928678404774
MovieLens100K,ItemKNN,omnirec.runner.algos.LensKit,7,nDCG,5,0.19519002499605084
MovieLens100K,ItemKNN,omnirec.runner.algos.LensKit,7,nDCG,10,0.19519002499605084
MovieLens100K,ItemKNN,omnirec.runner.algos.LensKit,7,nDCG,10,0.21840743681816419
MovieLens100K,ItemKNN,omnirec.runner.algos.LensKit,7,nDCG,10,0.17342765698823948
MovieLens100K,ItemKNN,omnirec.runner.algos.LensKit,7,nDCG,10,0.1208113026994942
MovieLens100K,ItemKNN,omnirec.runner.algos.LensKit,7,nDCG,10,0.14606834984270645
MovieLens100K,ItemKNN,omnirec.runner.algos.LensKit,7,nDCG,10,0.14629191738978586
MovieLens100K,ItemKNN,omnirec.runner.algos.LensKit,7,nDCG,10,0.2529427027676571
MovieLens100K,ItemKNN,omnirec.runner.algos.LensKit,7,nDCG,5,0.24630238874073
MovieLens100K,ItemKNN,omnirec.runner.algos.LensKit,7,nDCG,10,0.24630238874073
MovieLens100K,ItemKNN,omnirec.runner.algos.LensKit,7,nDCG,5,0.36005461457723403
MovieLens100K,ItemKNN,omnirec.runner.algos.LensKit,7,nDCG,10,0.26852556974265224
MovieLens100K,ItemKNN,omnirec.runner.algos.LensKit,7,nDCG,5,0.20210734650054757
MovieLens100K,ItemKNN,omnirec.runner.algos.LensKit,7,nDCG,10,0.20210734650054757
MovieLens100K,ItemKNN,omnirec.runner.algos.LensKit,7,nDCG,10,0.17630010660342912
MovieLens100K,ItemKNN,omnirec.runner.algos.LensKit,7,nDCG,10,0.11305340175787204
MovieLens100K,ItemKNN,omnirec.runner.algos.LensKit,7,nDCG,10,0.09791292534996782
MovieLens100K,ItemKNN,omnirec.runner.algos.LensKit,7,nDCG,5,0.5531464700081437
MovieLens100K,ItemKNN,omnirec.runner.algos.LensKit,7,nDCG,10,0.44830398990253034
MovieLens100K,ItemKNN,omnirec.runner.algos.LensKit,7,nDCG,5,0.3156484524795145
MovieLens100K,ItemKNN,omnirec.runner.algos.LensKit,7,nDCG,10,0.20483424751859086
MovieLens100K,ItemKNN,omnirec.runner.algos.LensKit,7,nDCG,10,0.1089364926177559
MovieLens100K,ItemKNN,omnirec.runner.algos.LensKit,7,nDCG,10,0.2082936658103318
MovieLens100K,ItemKNN,omnirec.runner.algos.LensKit,7,nDCG,5,0.6131471927654584
MovieLens100K,ItemKNN,omnirec.runner.algos.LensKit,7,nDCG,10,0.6131471927654584
MovieLens100K,ItemKNN,omnirec.runner.algos.LensKit,7,nDCG,10,0.123151194370365
MovieLens100K,ItemKNN,omnirec.runner.algos.LensKit,7,nDCG,10,0.2917883373452058
MovieLens100K,ItemKNN,omnirec.runner.algos.LensKit,7,nDCG,10,0.1478294909154526
MovieLens100K,ItemKNN,omnirec.runner.algos.LensKit,7,nDCG,10,0.3589542101716347
MovieLens100K,ItemKNN,omnirec.runner.algos.LensKit,7,nDCG,10,0.30580131013556605
MovieLens100K,ItemKNN,omnirec.runner.algos.LensKit,7,nDCG,5,0.48522855511632257
MovieLens100K,ItemKNN,omnirec.runner.algos.LensKit,7,nDCG,10,0.31488013066763093
MovieLens100K,ItemKNN,omnirec.runner.algos.LensKit,7,nDCG,10,0.25190132085971084
MovieLens100K,ItemKNN,omnirec.runner.algos.LensKit,7,nDCG,10,0.08274602130532004
MovieLens100K,ItemKNN,omnirec.runner.algos.LensKit,7,nDCG,5,0.27727342735504823
MovieLens100K,ItemKNN,omnirec.runner.algos.LensKit,7,nDCG,10,0.2435522702101235
MovieLens100K,ItemKNN,omnirec.runner.algos.LensKit,7,nDCG,10,0.06794340091829076
MovieLens100K,ItemKNN,omnirec.runner.algos.LensKit,7,nDCG,10,0.13120507751234178
MovieLens100K,ItemKNN,omnirec.runner.algos.LensKit,7,nDCG,10,0.2350455494144854
MovieLens100K,ItemKNN,omnirec.runner.algos.LensKit,7,nDCG,10,0.2934556883974402
MovieLens100K,ItemKNN,omnirec.runner.algos.LensKit,7,nDCG,10,0.23365080824310533
MovieLens100K,ItemKNN,omnirec.runner.algos.LensKit,7,nDCG,5,0.38356636737133565
MovieLens100K,ItemKNN,omnirec.runner.algos.LensKit,7,nDCG,10,0.31516255047698366
MovieLens100K,ItemKNN,omnirec.runner.algos.LensKit,7,nDCG,10,0.29062463495158997
MovieLens100K,ItemKNN,omnirec.runner.algos.LensKit,7,nDCG,5,0.5087403079104241
MovieLens100K,ItemKNN,omnirec.runner.algos.LensKit,7,nDCG,10,0.40350157154648025
MovieLens100K,ItemKNN,omnirec.runner.algos.LensKit,7,nDCG,10,0.2781981696179509
MovieLens100K,ItemKNN,omnirec.runner.algos.LensKit,7,nDCG,10,0.13961814555374907
MovieLens100K,ItemKNN,omnirec.runner.algos.LensKit,7,nDCG,10,0.18340980524840012
MovieLens100K,ItemKNN,omnirec.runner.algos.LensKit,7,nDCG,10,0.1731866333482261
MovieLens100K,ItemKNN,omnirec.runner.algos.LensKit,7,nDCG,10,0.24309789328476902
MovieLens100K,ItemKNN,omnirec.runner.algos.LensKit,7,nDCG,10,0.36159016140841066
MovieLens100K,ItemKNN,omnirec.runner.algos.LensKit,7,nDCG,5,0.6164336326286644
MovieLens100K,ItemKNN,omnirec.runner.algos.LensKit,7,nDCG,10,0.40002324830925196
MovieLens100K,ItemKNN,omnirec.runner.algos.LensKit,7,nDCG,10,0.3499667779514209
MovieLens100K,ItemKNN,omnirec.runner.algos.LensKit,7,nDCG,10,0.1909208661789347
MovieLens100K,ItemKNN,omnirec.runner.algos.LensKit,7,nDCG,10,0.43735247915031
MovieLens100K,ItemKNN,omnirec.runner.algos.LensKit,7,nDCG,10,0.3080351663449861
MovieLens100K,ItemKNN,omnirec.runner.algos.LensKit,7,nDCG,10,0.44619342964129877
MovieLens100K,ItemKNN,omnirec.runner.algos.LensKit,7,nDCG,10,0.11284514134893527
MovieLens100K,ItemKNN,omnirec.runner.algos.LensKit,7,nDCG,10,0.19518900079066107
MovieLens100K,ItemKNN,omnirec.runner.algos.LensKit,7,nDCG,10,0.40853591842579556
MovieLens100K,ItemKNN,omnirec.runner.algos.LensKit,7,nDCG,5,0.4912596920895758
MovieLens100K,ItemKNN,omnirec.runner.algos.LensKit,7,nDCG,10,0.49606005632380007
MovieLens100K,ItemKNN,omnirec.runner.algos.LensKit,7,Precision,10,0.4
MovieLens100K,ItemKNN,omnirec.runner.algos.LensKit,7,nDCG,10,0.26462022272743835
MovieLens100K,ItemKNN,omnirec.runner.algos.LensKit,7,nDCG,10,0.07614334071738352
MovieLens100K,ItemKNN,omnirec.runner.algos.LensKit,7,nDCG,10,0.3222722491219547
MovieLens100K,ItemKNN,omnirec.runner.algos.LensKit,7,nDCG,10,0.21078558563971428
MovieLens100K,ItemKNN,omnirec.runner.algos.LensKit,7,nDCG,10,0.2583297509898471
MovieLens100K,ItemKNN,omnirec.runner.algos.LensKit,7,nDCG,10,0.22212782793993274
MovieLens100K,ItemKNN,omnirec.runner.algos.LensKit,7,nDCG,5,0.6843515475204855
MovieLens100K,ItemKNN,omnirec.runner.algos.LensKit,7,nDCG,10,0.4440973278132557
MovieLens100K,ItemKNN,omnirec.runner.algos.LensKit,7,nDCG,10,0.2863459897524692
MovieLens100K,ItemKNN,omnirec.runner.algos.LensKit,7,nDCG,10,0.3260595412115671
MovieLens100K,ItemKNN,omnirec.runner.algos.LensKit,7,nDCG,10,0.1736666713479918
MovieLens100K,ItemKNN,omnirec.runner.algos.LensKit,7,nDCG,10,0.13032376591037065
MovieLens100K,ItemKNN,omnirec.runner.algos.LensKit,7,nDCG,10,0.43231813227099475
MovieLens100K,ItemKNN,omnirec.runner.algos.LensKit,7,nDCG,10,0.23922526118912799
MovieLens100K,ItemKNN,omnirec.runner.algos.LensKit,7,nDCG,10,0.14829723057014912
MovieLens100K,ItemKNN,omnirec.runner.algos.LensKit,7,nDCG,10,0.2578753740644927
MovieLens100K,ItemKNN,omnirec.runner.algos.LensKit,7,nDCG,10,0.14201905717762703
MovieLens100K,ItemKNN,omnirec.runner.algos.LensKit,7,nDCG,10,0.32124463208930537
MovieLens100K,ItemKNN,omnirec.runner.algos.LensKit,7,nDCG,10,0.09785159463516042
MovieLens100K,ItemKNN,omnirec.runner.algos.LensKit,7,nDCG,10,0.2758471541718663
MovieLens100K,ItemKNN,omnirec.runner.algos.LensKit,7,nDCG,5,0.16812753627111746
MovieLens100K,ItemKNN,omnirec.runner.algos.LensKit,7,nDCG,10,0.16812753627111746
MovieLens100K,ItemKNN,omnirec.runner.algos.LensKit,7,nDCG,10,0.09162544430476362
MovieLens100K,ItemKNN,omnirec.runner.algos.LensKit,7,nDCG,10,0.4125317798925535
MovieLens100K,ItemKNN,omnirec.runner.algos.LensKit,7,nDCG,10,0.1884441521277154
MovieLens100K,ItemKNN,omnirec.runner.algos.LensKit,7,nDCG,10,0.39375843764607193
MovieLens100K,ItemKNN,omnirec.runner.algos.LensKit,7,nDCG,10,0.17993148201117176
MovieLens100K,ItemKNN,omnirec.runner.algos.LensKit,7,nDCG,10,0.19215663883127906
MovieLens100K,ItemKNN,omnirec.runner.algos.LensKit,7,nDCG,10,0.1990365012701236
MovieLens100K,ItemKNN,omnirec.runner.algos.LensKit,7,nDCG,10,0.6364391809889587
MovieLens100K,ItemKNN,omnirec.runner.algos.LensKit,7,nDCG,10,0.5498307986729412
MovieLens100K,ItemKNN,omnirec.runner.algos.LensKit,7,nDCG,10,0.20438239758848611
MovieLens100K,ItemKNN,omnirec.runner.algos.LensKit,7,nDCG,10,0.10699313236726378
MovieLens100K,ItemKNN,omnirec.runner.algos.LensKit,7,nDCG,10,0.6105456988825855
MovieLens100K,ItemKNN,omnirec.runner.algos.LensKit,7,nDCG,10,0.1610425878239398
MovieLens100K,ItemKNN,omnirec.runner.algos.LensKit,7,nDCG,10,0.33013764944712026
MovieLens100K,ItemKNN,omnirec.runner.algos.LensKit,7,nDCG,10,0.42838543210841196
MovieLens100K,ItemKNN,omnirec.runner.algos.LensKit,7,nDCG,10,0.12647135138382856
MovieLens100K,ItemKNN,omnirec.runner.algos.LensKit,7,nDCG,5,0.3065735963827292
MovieLens100K,ItemKNN,omnirec.runner.algos.LensKit,7,nDCG,10,0.3065735963827292
MovieLens100K,ItemKNN,omnirec.runner.algos.LensKit,7,nDCG,10,0.22400556151517553
MovieLens100K,ItemKNN,omnirec.runner.algos.LensKit,7,nDCG,10,0.17947710508581735
MovieLens100K,ItemKNN,omnirec.runner.algos.LensKit,7,nDCG,10,0.35970991185182927
MovieLens100K,ItemKNN,omnirec.runner.algos.LensKit,7,nDCG,10,0.28952298823485745
MovieLens100K,ItemKNN,omnirec.runner.algos.LensKit,7,nDCG,10,0.20904936749052636
MovieLens100K,ItemKNN,omnirec.runner.algos.LensKit,7,nDCG,5,0.23463936301137822
MovieLens100K,ItemKNN,omnirec.runner.algos.LensKit,7,nDCG,10,0.23463936301137822
MovieLens100K,ItemKNN,omnirec.runner.algos.LensKit,7,nDCG,10,0.1487639058405727
MovieLens100K,ItemKNN,omnirec.runner.algos.LensKit,7,nDCG,10,0.13743816645714543
MovieLens100K,ItemKNN,omnirec.runner.algos.LensKit,7,nDCG,10,0.23721994800876472
MovieLens100K,ItemKNN,omnirec.runner.algos.LensKit,7,nDCG,10,0.36005461457723403
MovieLens100K,ItemKNN,omnirec.runner.algos.LensKit,7,nDCG,10,0.08372491399919348
MovieLens100K,ItemKNN,omnirec.runner.algos.LensKit,7,nDCG,10,0.2685529228900211
MovieLens100K,ItemKNN,omnirec.runner.algos.LensKit,7,nDCG,5,0.3903800499921017
MovieLens100K,ItemKNN,omnirec.runner.algos.LensKit,7,nDCG,10,0.3903800499921017
MovieLens100K,ItemKNN,omnirec.runner.algos.LensKit,7,nDCG,5,0.2640681225725909
MovieLens100K,ItemKNN,omnirec.runner.algos.LensKit,7,nDCG,10,0.2640681225725909
MovieLens100K,ItemKNN,omnirec.runner.algos.LensKit,7,nDCG,10,0.5173087569496825
MovieLens100K,ItemKNN,omnirec.runner.algos.LensKit,7,nDCG,10,0.1559378792798317
MovieLens100K,ItemKNN,omnirec.runner.algos.LensKit,7,nDCG,10,0.23690530871965634
MovieLens100K,ItemKNN,omnirec.runner.algos.LensKit,7,nDCG,10,0.29039140533630226
MovieLens100K,ItemKNN,omnirec.runner.algos.LensKit,7,nDCG,10,0.16945984979943976
MovieLens100K,ItemKNN,omnirec.runner.algos.LensKit,7,nDCG,10,0.388244052766991
MovieLens100K,ItemKNN,omnirec.runner.algos.LensKit,7,nDCG,10,0.09546043308946735
MovieLens100K,ItemKNN,omnirec.runner.algos.LensKit,7,nDCG,10,0.2836929289153804
MovieLens100K,ItemKNN,omnirec.runner.algos.LensKit,7,nDCG,5,0.6713860725233041
MovieLens100K,ItemKNN,omnirec.runner.algos.LensKit,7,nDCG,10,0.6713860725233041
MovieLens100K,ItemKNN,omnirec.runner.algos.LensKit,7,nDCG,10,0.27487633291429087
MovieLens100K,ItemKNN,omnirec.runner.algos.LensKit,7,nDCG,5,1.0
MovieLens100K,ItemKNN,omnirec.runner.algos.LensKit,7,nDCG,10,1.0
MovieLens100K,ItemKNN,omnirec.runner.algos.LensKit,7,nDCG,5,0.18154179253735267
MovieLens100K,ItemKNN,omnirec.runner.algos.LensKit,7,nDCG,10,0.18154179253735267
MovieLens100K,ItemKNN,omnirec.runner.algos.LensKit,7,nDCG,10,0.17441424290825341
MovieLens100K,ItemKNN,omnirec.runner.algos.LensKit,7,nDCG,10,0.16421958630632802
MovieLens100K,ItemKNN,omnirec.runner.algos.LensKit,7,nDCG,10,0.3618791953854131
MovieLens100K,ItemKNN,omnirec.runner.algos.LensKit,7,nDCG,10,0.10633668103022986
MovieLens100K,ItemKNN,omnirec.runner.algos.LensKit,7,nDCG,10,0.15457433957839825
MovieLens100K,ItemKNN,omnirec.runner.algos.LensKit,7,nDCG,10,0.47600514717497383
MovieLens100K,ItemKNN,omnirec.runner.algos.LensKit,7,nDCG,10,0.31834121936641585
MovieLens100K,ItemKNN,omnirec.runner.algos.LensKit,7,nDCG,10,0.10778915452451095
MovieLens100K,ItemKNN,omnirec.runner.algos.LensKit,7,nDCG,10,0.3706355185414171
MovieLens100K,ItemKNN,omnirec.runner.algos.LensKit,7,nDCG,10,0.14279514403613733
MovieLens100K,ItemKNN,omnirec.runner.algos.LensKit,7,nDCG,10,0.2001366809542687
MovieLens100K,ItemKNN,omnirec.runner.algos.LensKit,7,nDCG,10,0.3963918729015093
MovieLens100K,ItemKNN,omnirec.runner.algos.LensKit,7,nDCG,10,0.21779548001177887
MovieLens100K,ItemKNN,omnirec.runner.algos.LensKit,7,nDCG,10,0.4966757172046536
MovieLens100K,ItemKNN,omnirec.runner.algos.LensKit,7,Precision,10,0.6
MovieLens100K,ItemKNN,omnirec.runner.algos.LensKit,7,nDCG,10,0.08747171410140821
MovieLens100K,ItemKNN,omnirec.runner.algos.LensKit,7,nDCG,5,0.5147714448836774
MovieLens100K,ItemKNN,omnirec.runner.algos.LensKit,7,nDCG,10,0.3340514446642156
MovieLens100K,MostPopular,omnirec.runner.algos.LensKit,7,nDCG,1,0.0
MovieLens100K,MostPopular,omnirec.runner.algos.LensKit,7,Precision,1,0.0
MovieLens100K,MostPopular,omnirec.runner.algos.LensKit,7,nDCG,5,0.0
MovieLens100K,MostPopular,omnirec.runner.algos.LensKit,7,Precision,5,0.0
MovieLens100K,MostPopular,omnirec.runner.algos.LensKit,7,nDCG,10,0.06943122193677727
MovieLens100K,MostPopular,omnirec.runner.algos.LensKit,7,Precision,10,0.1
MovieLens100K,MostPopular,omnirec.runner.algos.LensKit,7,nDCG,10,0.0
MovieLens100K,MostPopular,omnirec.runner.algos.LensKit,7,Precision,10,0.0
MovieLens100K,MostPopular,omnirec.runner.algos.LensKit,7,nDCG,10,0.14465249243306436
MovieLens100K,MostPopular,omnirec.runner.algos.LensKit,7,Precision,10,0.2
MovieLens100K,MostPopular,omnirec.runner.algos.LensKit,7,nDCG,10,0.14926017916129347
MovieLens100K,MostPopular,omnirec.runner.algos.LensKit,7,nDCG,1,1.0
MovieLens100K,MostPopular,omnirec.runner.algos.LensKit,7,Precision,1,1.0
MovieLens100K,MostPopular,omnirec.runner.algos.LensKit,7,nDCG,5,0.4703652827859579
MovieLens100K,MostPopular,omnirec.runner.algos.LensKit,7,Precision,5,0.4
MovieLens100K,MostPopular,omnirec.runner.algos.LensKit,7,nDCG,10,0.36885567213865283
MovieLens100K,MostPopular,omnirec.runner.algos.LensKit,7,Precision,10,0.3
MovieLens100K,MostPopular,omnirec.runner.algos.LensKit,7,nDCG,10,0.07834851647149513
MovieLens100K,MostPopular,omnirec.runner.algos.LensKit,7,nDCG,5,0.13120507751234178
MovieLens100K,MostPopular,omnirec.runner.algos.LensKit,7,Precision,5,0.2
MovieLens100K,MostPopular,omnirec.runner.algos.LensKit,7,nDCG,10,0.15850703974098102
MovieLens100K,MostPopular,omnirec.runner.algos.LensKit,7,nDCG,5,0.21398626473452756
MovieLens100K,MostPopular,omnirec.runner.algos.LensKit,7,nDCG,10,0.13886244387355454
MovieLens100K,MostPopular,omnirec.runner.algos.LensKit,7,nDCG,5,0.34519134224686937
MovieLens100K,MostPopular,omnirec.runner.algos.LensKit,7,nDCG,10,0.2973694836145356
MovieLens100K,MostPopular,omnirec.runner.algos.LensKit,7,nDCG,10,0.06362078819895171
MovieLens100K,MostPopular,omnirec.runner.algos.LensKit,7,nDCG,10,0.13305201013572898
MovieLens100K,MostPopular,omnirec.runner.algos.LensKit,7,nDCG,10,0.1635413866202963
MovieLens100K,MostPopular,omnirec.runner.algos.LensKit,7,nDCG,10,0.08514311764162098
MovieLens100K,MostPopular,omnirec.runner.algos.LensKit,7,nDCG,5,0.14606834984270645
MovieLens100K,MostPopular,omnirec.runner.algos.LensKit,7,nDCG,10,0.1681522864689108
MovieLens100K,MostPopular,omnirec.runner.algos.LensKit,7,nDCG,5,0.3391602052736161
MovieLens100K,MostPopular,omnirec.runner.algos.LensKit,7,nDCG,10,0.3391602052736161
MovieLens100K,MostPopular,omnirec.runner.algos.LensKit,7,nDCG,10,0.38121301394452073
MovieLens100K,MostPopular,omnirec.runner.algos.LensKit,7,nDCG,5,0.8539316501572937
MovieLens100K,MostPopular,omnirec.runner.algos.LensKit,7,Precision,5,0.8
MovieLens100K,MostPopular,omnirec.runner.algos.LensKit,7,nDCG,10,0.7787926658840254
MovieLens100K,MostPopular,omnirec.runner.algos.LensKit,7,Precision,10,0.5
MovieLens100K,MostPopular,omnirec.runner.algos.LensKit,7,nDCG,10,0.15139734109601002
MovieLens100K,MostPopular,omnirec.runner.algos.LensKit,7,nDCG,10,0.22009176629808017
MovieLens100K,MostPopular,omnirec.runner.algos.LensKit,7,nDCG,10,0.13698471029831175
MovieLens100K,MostPopular,omnirec.runner.algos.LensKit,7,nDCG,10,0.07839826897867533
MovieLens100K,MostPopular,omnirec.runner.algos.LensKit,7,nDCG,5,0.15101961822780524
MovieLens100K,MostPopular,omnirec.runner.algos.LensKit,7,nDCG,10,0.15101961822780524
MovieLens100K,MostPopular,omnirec.runner.algos.LensKit,7,nDCG,10,0.15958907712489637
MovieLens100K,MostPopular,omnirec.runner.algos.LensKit,7,nDCG,5,0.23719771276929622
MovieLens100K,MostPopular,omnirec.runner.algos.LensKit,7,nDCG,10,0.23719771276929622
MovieLens100K,MostPopular,omnirec.runner.algos.LensKit,7,nDCG,10,0.28371255449703187
MovieLens100K,MostPopular,omnirec.runner.algos.LensKit,7,nDCG,10,0.06625422345438903
MovieLens100K,MostPopular,omnirec.runner.algos.LensKit,7,nDCG,10,0.3562071871080222
MovieLens100K,MostPopular,omnirec.runner.algos.LensKit,7,nDCG,10,0.09478836436955078
MovieLens100K,MostPopular,omnirec.runner.algos.LensKit,7,nDCG,10,0.20248323207250624
MovieLens100K,MostPopular,omnirec.runner.algos.LensKit,7,nDCG,10,0.07336392209936005
MovieLens100K,MostPopular,omnirec.runner.algos.LensKit,7,nDCG,5,0.46927872602275644
MovieLens100K,MostPopular,omnirec.runner.algos.LensKit,7,nDCG,10,0.46927872602275644
MovieLens100K,MostPopular,omnirec.runner.algos.LensKit,7,nDCG,10,0.0901000086523677
MovieLens100K,MostPopular,omnirec.runner.algos.LensKit,7,nDCG,10,0.09803928583135704
MovieLens100K,MostPopular,omnirec.runner.algos.LensKit,7,nDCG,10,0.1012286082123002
MovieLens100K,MostPopular,omnirec.runner.algos.LensKit,7,nDCG,10,0.07979453856244818
MovieLens100K,MostPopular,omnirec.runner.algos.LensKit,7,nDCG,10,0.16045757497326923
MovieLens100K,MostPopular,omnirec.runner.algos.LensKit,7,nDCG,10,0.08431423425588572
MovieLens100K,MostPopular,omnirec.runner.algos.LensKit,7,nDCG,5,0.30078518014914984
MovieLens100K,MostPopular,omnirec.runner.algos.LensKit,7,nDCG,10,0.2614432242450501
MovieLens100K,MostPopular,omnirec.runner.algos.LensKit,7,nDCG,5,0.6992148198508501
MovieLens100K,MostPopular,omnirec.runner.algos.LensKit,7,Precision,5,0.6
MovieLens100K,MostPopular,omnirec.runner.algos.LensKit,7,nDCG,10,0.4537425745411855
MovieLens100K,MostPopular,omnirec.runner.algos.LensKit,7,nDCG,5,0.16958010263680806
MovieLens100K,MostPopular,omnirec.runner.algos.LensKit,7,nDCG,10,0.11004588314904008
MovieLens100K,MostPopular,omnirec.runner.algos.LensKit,7,nDCG,10,0.09092803061897885
MovieLens100K,MostPopular,omnirec.runner.algos.LensKit,7,nDCG,10,0.2618080742270754
MovieLens100K,MostPopular,omnirec.runner.algos.LensKit,7,nDCG,10,0.13905617951077562
MovieLens100K,MostPopular,omnirec.runner.algos.LensKit,7,nDCG,10,0.16958010263680806
MovieLens100K,MostPopular,omnirec.runner.algos.LensKit,7,nDCG,5,0.2960819109658652
MovieLens100K,MostPopular,omnirec.runner.algos.LensKit,7,nDCG,10,0.2960819109658652
MovieLens100K,MostPopular,omnirec.runner.algos.LensKit,7,nDCG,10,0.21222636597291458
MovieLens100K,MostPopular,omnirec.runner.algos.LensKit,7,nDCG,10,0.21398626473452756
MovieLens100K,MostPopular,omnirec.runner.algos.LensKit,7,nDCG,10,0.2051166673279436
MovieLens100K,MostPopular,omnirec.runner.algos.LensKit,7,nDCG,10,0.07311683844390995
MovieLens100K,MostPopular,omnirec.runner.algos.LensKit,7,nDCG,5,0.639945385422766
MovieLens100K,MostPopular,omnirec.runner.algos.LensKit,7,nDCG,10,0.41528076708874123
MovieLens100K,MostPopular,omnirec.runner.algos.LensKit,7,nDCG,10,0.16716045496620227
MovieLens100K,MostPopular,omnirec.runner.algos.LensKit,7,nDCG,10,0.3133940658859805
MovieLens100K,MostPopular,omnirec.runner.algos.LensKit,7,nDCG,10,0.11838279295536293
MovieLens100K,MostPopular,omnirec.runner.algos.LensKit,7,nDCG,10,0.2520649403266671
MovieLens100K,MostPopular,omnirec.runner.algos.LensKit,7,nDCG,10,0.1480409554829326
MovieLens100K,MostPopular,omnirec.runner.algos.LensKit,7,nDCG,10,0.2381129204348816
MovieLens100K,MostPopular,omnirec.runner.algos.LensKit,7,nDCG,10,0.13568544539116628
MovieLens100K,MostPopular,omnirec.runner.algos.LensKit,7,nDCG,10,0.2530614822099702
MovieLens100K,MostPopular,omnirec.runner.algos.LensKit,7,nDCG,10,0.3026024134988135
MovieLens100K,MostPopular,omnirec.runner.algos.LensKit,7,nDCG,5,0.38685280723454163
MovieLens100K,MostPopular,omnirec.runner.algos.LensKit,7,nDCG,10,0.38685280723454163
MovieLens100K,MostPopular,omnirec.runner.algos.LensKit,7,nDCG,10,0.2765732350040718
MovieLens100K,MostPopular,omnirec.runner.algos.LensKit,7,nDCG,10,0.17723928678404774
MovieLens100K,MostPopular,omnirec.runner.algos.LensKit,7,nDCG,5,0.19519002499605084
MovieLens100K,MostPopular,omnirec.runner.algos.LensKit,7,nDCG,10,0.19519002499605084
MovieLens100K,MostPopular,omnirec.runner.algos.LensKit,7,nDCG,10,0.21840743681816419
MovieLens100K,MostPopular,omnirec.runner.algos.LensKit,7,nDCG,10,0.17342765698823948
MovieLens100K,MostPopular,omnirec.runner.algos.LensKit,7,nDCG,10,0.1208113026994942
MovieLens100K,MostPopular,omnirec.runner.algos.LensKit,7,nDCG,10,0.14606834984270645
MovieLens100K,MostPopular,omnirec.runner.algos.LensKit,7,nDCG,10,0.14629191738978586
MovieLens100K,MostPopular,omnirec.runner.algos.LensKit,7,nDCG,10,0.2529427027676571
MovieLens100K,MostPopular,omnirec.runner.algos.LensKit,7,nDCG,5,0.24630238874073
MovieLens100K,MostPopular,omnirec.runner.algos.LensKit,7,nDCG,10,0.24630238874073
MovieLens100K,MostPopular,omnirec.runner.algos.LensKit,7,nDCG,5,0.36005461457723403
MovieLens100K,MostPopular,omnirec.runner.algos.LensKit,7,nDCG,10,0.26852556974265224
MovieLens100K,MostPopular,omnirec.runner.algos.LensKit,7,nDCG,5,0.20210734650054757
MovieLens100K,MostPopular,omnirec.runner.algos.LensKit,7,nDCG,10,0.20210734650054757
MovieLens100K,MostPopular,omnirec.runner.algos.LensKit,7,nDCG,10,0.17630010660342912
MovieLens100K,MostPopular,omnirec.runner.algos.LensKit,7,nDCG,10,0.11305340175787204
MovieLens100K,MostPopular,omnirec.runner.algos.LensKit,7,nDCG,10,0.09791292534996782
MovieLens100K,MostPopular,omnirec.runner.algos.LensKit,7,nDCG,5,0.5531464700081437
MovieLens100K,MostPopular,omnirec.runner.algos.LensKit,7,nDCG,10,0.44830398990253034
MovieLens100K,MostPopular,omnirec.runner.algos.LensKit,7,nDCG,5,0.3156484524795145
MovieLens100K,MostPopular,omnirec.runner.algos.LensKit,7,nDCG,10,0.20483424751859086
MovieLens100K,MostPopular,omnirec.runner.algos.LensKit,7,nDCG,10,0.1089364926177559
MovieLens100K,MostPopular,omnirec.runner.algos.LensKit,7,nDCG,10,0.2082936658103318
MovieLens100K,MostPopular,omnirec.runner.algos.LensKit,7,nDCG,5,0.6131471927654584
MovieLens100K,MostPopular,omnirec.runner.algos.LensKit,7,nDCG,10,0.6131471927654584
MovieLens100K,MostPopular,omnirec.runner.algos.LensKit,7,nDCG,10,0.123151194370365
MovieLens100K,MostPopular,omnirec.runner.algos.LensKit,7,nDCG,10,0.2917883373452058
MovieLens100K,MostPopular,omnirec.runner.algos.LensKit,7,nDCG,10,0.1478294909154526
MovieLens100K,MostPopular,omnirec.runner.algos.LensKit,7,nDCG,10,0.3589542101716347
MovieLens100K,MostPopular,omnirec.runner.algos.LensKit,7,nDCG,10,0.30580131013556605
MovieLens100K,MostPopular,omnirec.runner.algos.LensKit,7,nDCG,5,0.48522855511632257
MovieLens100K,MostPopular,omnirec.runner.algos.LensKit,7,nDCG,10,0.31488013066763093
MovieLens100K,MostPopular,omnirec.runner.algos.LensKit,7,nDCG,10,0.25190132085971084
MovieLens100K,MostPopular,omnirec.runner.algos.LensKit,7,nDCG,10,0.08274602130532004
MovieLens100K,MostPopular,omnirec.runner.algos.LensKit,7,nDCG,5,0.27727342735504823
MovieLens100K,MostPopular,omnirec.runner.algos.LensKit,7,nDCG,10,0.2435522702101235
MovieLens100K,MostPopular,omnirec.runner.algos.LensKit,7,nDCG,10,0.06794340091829076
MovieLens100K,MostPopular,omnirec.runner.algos.LensKit,7,nDCG,10,0.13120507751234178
MovieLens100K,MostPopular,omnirec.runner.algos.LensKit,7,nDCG,10,0.2350455494144854
MovieLens100K,MostPopular,omnirec.runner.algos.LensKit,7,nDCG,10,0.2934556883974402
MovieLens100K,MostPopular,omnirec.runner.algos.LensKit,7,nDCG,10,0.23365080824310533
MovieLens100K,MostPopular,omnirec.runner.algos.LensKit,7,nDCG,5,0.38356636737133565
MovieLens100K,MostPopular,omnirec.runner.algos.LensKit,7,nDCG,10,0.31516255047698366
MovieLens100K,MostPopular,omnirec.runner.algos.LensKit,7,nDCG,10,0.29062463495158997
MovieLens100K,MostPopular,omnirec.runner.algos.LensKit,7,nDCG,5,0.5087403079104241
MovieLens100K,MostPopular,omnirec.runner.algos.LensKit,7,nDCG,10,0.40350157154648025
MovieLens100K,MostPopular,omnirec.runner.algos.LensKit,7,nDCG,10,0.2781981696179509
MovieLens100K,MostPopular,omnirec.runner.algos.LensKit,7,nDCG,10,0.13961814555374907
MovieLens100K,MostPopular,omnirec.runner.algos.LensKit,7,nDCG,10,0.18340980524840012
MovieLens100K,MostPopular,omnirec.runner.algos.LensKit,7,nDCG,10,0.1731866333482261
MovieLens100K,MostPopular,omnirec.runner.algos.LensKit,7,nDCG,10,0.24309789328476902
MovieLens100K,MostPopular,omnirec.runner.algos.LensKit,7,nDCG,10,0.36159016140841066
MovieLens100K,MostPopular,omnirec.runner.algos.LensKit,7,nDCG,5,0.6164336326286644
MovieLens100K,MostPopular,omnirec.runner.algos.LensKit,7,nDCG,10,0.40002324830925196
MovieLens100K,MostPopular,omnirec.runner.algos.LensKit,7,nDCG,10,0.3499667779514209
MovieLens100K,MostPopular,omnirec.runner.algos.LensKit,7,nDCG,10,0.1909208661789347
MovieLens100K,MostPopular,omnirec.runner.algos.LensKit,7,nDCG,10,0.43735247915031
MovieLens100K,MostPopular,omnirec.runner.algos.LensKit,7,nDCG,10,0.3080351663449861
MovieLens100K,MostPopular,omnirec.runner.algos.LensKit,7,nDCG,10,0.44619342964129877
MovieLens100K,MostPopular,omnirec.runner.algos.LensKit,7,nDCG,10,0.11284514134893527
MovieLens100K,MostPopular,omnirec.runner.algos.LensKit,7,nDCG,10,0.19518900079066107
MovieLens100K,MostPopular,omnirec.runner.algos.LensKit,7,nDCG,10,0.40853591842579556
MovieLens100K,MostPopular,omnirec.runner.algos.LensKit,7,nDCG,5,0.4912596920895758
MovieLens100K,MostPopular,omnirec.runner.algos.LensKit,7,nDCG,10,0.49606005632380007
MovieLens100K,MostPopular,omnirec.runner.algos.LensKit,7,Precision,10,0.4
MovieLens100K,MostPopular,omnirec.runner.algos.LensKit,7,nDCG,10,0.26462022272743835
MovieLens100K,MostPopular,omnirec.runner.algos.LensKit,7,nDCG,10,0.07614334071738352
MovieLens100K,MostPopular,omnirec.runner.algos.LensKit,7,nDCG,10,0.3222722491219547
MovieLens100K,MostPopular,omnirec.runner.algos.LensKit,7,nDCG,10,0.21078558563971428
MovieLens100K,MostPopular,omnirec.runner.algos.LensKit,7,nDCG,10,0.2583297509898471
MovieLens100K,MostPopular,omnirec.runner.algos.LensKit,7,nDCG,10,0.22212782793993274
MovieLens100K,MostPopular,omnirec.runner.algos.LensKit,7,nDCG,5,0.6843515475204855
MovieLens100K,MostPopular,omnirec.runner.algos.LensKit,7,nDCG,10,0.4440973278132557
MovieLens100K,MostPopular,omnirec.runner.algos.LensKit,7,nDCG,10,0.2863459897524692
MovieLens100K,MostPopular,omnirec.runner.algos.LensKit,7,nDCG,10,0.3260595412115671
MovieLens100K,MostPopular,omnirec.runner.algos.LensKit,7,nDCG,10,0.1736666713479918
MovieLens100K,MostPopular,omnirec.runner.algos.LensKit,7,nDCG,10,0.13032376591037065
MovieLens100K,MostPopular,omnirec.runner.algos.LensKit,7,nDCG,10,0.43231813227099475
MovieLens100K,MostPopular,omnirec.runner.algos.LensKit,7,nDCG,10,0.23922526118912799
MovieLens100K,MostPopular,omnirec.runner.algos.LensKit,7,nDCG,10,0.14829723057014912
MovieLens100K,MostPopular,omnirec.runner.algos.LensKit,7,nDCG,10,0.2578753740644927
MovieLens100K,MostPopular,omnirec.runner.algos.LensKit,7,nDCG,10,0.14201905717762703
MovieLens100K,MostPopular,omnirec.runner.algos.LensKit,7,nDCG,10,0.32124463208930537
MovieLens100K,MostPopular,omnirec.runner.algos.LensKit,7,nDCG,10,0.09785159463516042
MovieLens100K,MostPopular,omnirec.runner.algos.LensKit,7,nDCG,10,0.2758471541718663
MovieLens100K,MostPopular,omnirec.runner.algos.LensKit,7,nDCG,5,0.16812753627111746
MovieLens100K,MostPopular,omnirec.runner.algos.LensKit,7,nDCG,10,0.16812753627111746
MovieLens100K,MostPopular,omnirec.runner.algos.LensKit,7,nDCG,10,0.09162544430476362
MovieLens100K,MostPopular,omnirec.runner.algos.LensKit,7,nDCG,10,0.4125317798925535
MovieLens100K,MostPopular,omnirec.runner.algos.LensKit,7,nDCG,10,0.1884441521277154
MovieLens100K,MostPopular,omnirec.runner.algos.LensKit,7,nDCG,10,0.39375843764607193
MovieLens100K,MostPopular,omnirec.runner.algos.LensKit,7,nDCG,10,0.17993148201117176
MovieLens100K,MostPopular,omnirec.runner.algos.LensKit,7,nDCG,10,0.19215663883127906
MovieLens100K,MostPopular,omnirec.runner.algos.LensKit,7,nDCG,10,0.1990365012701236
MovieLens100K,MostPopular,omnirec.runner.algos.LensKit,7,nDCG,10,0.6364391809889587
MovieLens100K,MostPopular,omnirec.runner.algos.LensKit,7,nDCG,10,0.5498307986729412
MovieLens100K,MostPopular,omnirec.runner.algos.LensKit,7,nDCG,10,0.20438239758848611
MovieLens100K,MostPopular,omnirec.runner.algos.LensKit,7,nDCG,10,0.10699313236726378
MovieLens100K,MostPopular,omnirec.runner.algos.LensKit,7,nDCG,10,0.6105456988825855
MovieLens100K,MostPopular,omnirec.runner.algos.LensKit,7,nDCG,10,0.1610425878239398
MovieLens100K,MostPopular,omnirec.runner.algos.LensKit,7,nDCG,10,0.33013764944712026
MovieLens100K,MostPopular,omnirec.runner.algos.LensKit,7,nDCG,10,0.42838543210841196
MovieLens100K,MostPopular,omnirec.runner.algos.LensKit,7,nDCG,10,0.12647135138382856
MovieLens100K,MostPopular,omnirec.runner.algos.LensKit,7,nDCG,5,0.3065735963827292
MovieLens100K,MostPopular,omnirec.runner.algos.LensKit,7,nDCG,10,0.3065735963827292
MovieLens100K,MostPopular,omnirec.runner.algos.LensKit,7,nDCG,10,0.22400556151517553
MovieLens100K,MostPopular,omnirec.runner.algos.LensKit,7,nDCG,10,0.17947710508581735
MovieLens100K,MostPopular,omnirec.runner.algos.LensKit,7,nDCG,10,0.35970991185182927
MovieLens100K,MostPopular,omnirec.runner.algos.LensKit,7,nDCG,10,0.28952298823485745
MovieLens100K,MostPopular,omnirec.runner.algos.LensKit,7,nDCG,10,0.20904936749052636
MovieLens100K,MostPopular,omnirec.runner.algos.LensKit,7,nDCG,5,0.23463936301137822
MovieLens100K,MostPopular,omnirec.runner.algos.LensKit,7,nDCG,10,0.23463936301137822
MovieLens100K,MostPopular,omnirec.runner.algos.LensKit,7,nDCG,10,0.1487639058405727
MovieLens100K,MostPopular,omnirec.runner.algos.LensKit,7,nDCG,10,0.13743816645714543
MovieLens100K,MostPopular,omnirec.runner.algos.LensKit,7,nDCG,10,0.23721994800876472
MovieLens100K,MostPopular,omnirec.runner.algos.LensKit,7,nDCG,10,0.36005461457723403
MovieLens100K,MostPopular,omnirec.runner.algos.LensKit,7,nDCG,10,0.08372491399919348
MovieLens100K,MostPopular,omnirec.runner.algos.LensKit,7,nDCG,10,0.2685529228900211
MovieLens100K,MostPopular,omnirec.runner.algos.LensKit,7,nDCG,5,0.3903800499921017
MovieLens100K,MostPopular,omnirec.runner.algos.LensKit,7,nDCG,10,0.3903800499921017
MovieLens100K,MostPopular,omnirec.runner.algos.LensKit,7,nDCG,5,0.2640681225725909
MovieLens100K,MostPopular,omnirec.runner.algos.LensKit,7,nDCG,10,0.2640681225725909
MovieLens100K,MostPopular,omnirec.runner.algos.LensKit,7,nDCG,10,0.5173087569496825
MovieLens100K,MostPopular,omnirec.runner.algos.LensKit,7,nDCG,10,0.1559378792798317
MovieLens100K,MostPopular,omnirec.runner.algos.LensKit,7,nDCG,10,0.23690530871965634
MovieLens100K,MostPopular,omnirec.runner.algos.LensKit,7,nDCG,10,0.29039140533630226
MovieLens100K,MostPopular,omnirec.runner.algos.LensKit,7,nDCG,10,0.16945984979943976
MovieLens100K,MostPopular,omnirec.runner.algos.LensKit,7,nDCG,10,0.388244052766991
MovieLens100K,MostPopular,omnirec.runner.algos.LensKit,7,nDCG,10,0.09546043308946735
MovieLens100K,MostPopular,omnirec.runner.algos.LensKit,7,nDCG,10,0.2836929289153804
MovieLens100K,MostPopular,omnirec.runner.algos.LensKit,7,nDCG,5,0.6713860725233041
MovieLens100K,MostPopular,omnirec.runner.algos.LensKit,7,nDCG,10,0.6713860725233041
MovieLens100K,MostPopular,omnirec.runner.algos.LensKit,7,nDCG,10,0.27487633291429087
MovieLens100K,MostPopular,omnirec.runner.algos.LensKit,7,nDCG,5,1.0
MovieLens100K,MostPopular,omnirec.runner.algos.LensKit,7,nDCG,10,1.0
MovieLens100K,MostPopular,omnirec.runner.algos.LensKit,7,nDCG,5,0.18154179253735267
MovieLens100K,MostPopular,omnirec.runner.algos.LensKit,7,nDCG,10,0.18154179253735267
MovieLens100K,MostPopular,omnirec.runner.algos.LensKit,7,nDCG,10,0.17441424290825341
MovieLens100K,MostPopular,omnirec.runner.algos.LensKit,7,nDCG,10,0.16421958630632802
MovieLens100K,MostPopular,omnirec.runner.algos.LensKit,7,nDCG,10,0.3618791953854131
MovieLens100K,MostPopular,omnirec.runner.algos.LensKit,7,nDCG,10,0.10633668103022986
MovieLens100K,MostPopular,omnirec.runner.algos.LensKit,7,nDCG,10,0.15457433957839825
MovieLens100K,MostPopular,omnirec.runner.algos.LensKit,7,nDCG,10,0.47600514717497383
MovieLens100K,MostPopular,omnirec.runner.algos.LensKit,7,nDCG,10,0.31834121936641585
MovieLens100K,MostPopular,omnirec.runner.algos.LensKit,7,nDCG,10,0.10778915452451095
MovieLens100K,MostPopular,omnirec.runner.algos.LensKit,7,nDCG,10,0.3706355185414171
MovieLens100K,MostPopular,omnirec.runner.algos.LensKit,7,nDCG,10,0.14279514403613733
MovieLens100K,MostPopular,omnirec.runner.algos.LensKit,7,nDCG,10,0.2001366809542687
MovieLens100K,MostPopular,omnirec.runner.algos.LensKit,7,nDCG,10,0.3963918729015093
MovieLens100K,MostPopular,omnirec.runner.algos.LensKit,7,nDCG,10,0.21779548001177887
MovieLens100K,MostPopular,omnirec.runner.algos.LensKit,7,nDCG,10,0.4966757172046536
MovieLens100K,MostPopular,omnirec.runner.algos.LensKit,7,Precision,10,0.6
MovieLens100K,MostPopular,omnirec.runner.algos.LensKit,7,nDCG,10,0.08747171410140821
MovieLens100K,MostPopular,omnirec.runner.algos.LensKit,7,nDCG,5,0.5147714448836774
MovieLens100K,MostPopular,omnirec.runner.algos.LensKit,7,nDCG,10,0.3340514446642156
MovieLens100K,ALS,omnirec.runner.algos.LensKit,13,nDCG,1,0.0
MovieLens100K,ALS,omnirec.runner.algos.LensKit,13,Precision,1,0.0
MovieLens100K,ALS,omnirec.runner.algos.LensKit,13,nDCG,5,0.21398626473452756
MovieLens100K,ALS,omnirec.runner.algos.LensKit,13,Precision,5,0.2
MovieLens100K,ALS,omnirec.runner.algos.LensKit,13,nDCG,10,0.13886244387355454
MovieLens100K,ALS,omnirec.runner.algos.LensKit,13,Precision,10,0.1
MovieLens100K,ALS,omnirec.runner.algos.LensKit,13,nDCG,5,0.0
MovieLens100K,ALS,omnirec.runner.algos.LensKit,13,Precision,5,0.0
MovieLens100K,ALS,omnirec.runner.algos.LensKit,13,nDCG,10,0.0
MovieLens100K,ALS,omnirec.runner.algos.LensKit,13,Precision,10,0.0
MovieLens100K,ALS,omnirec.runner.algos.LensKit,13,nDCG,5,0.14606834984270645
MovieLens100K,ALS,omnirec.runner.algos.LensKit,13,nDCG,10,0.09478836436955078
MovieLens100K,ALS,omnirec.runner.algos.LensKit,13,nDCG,1,1.0
MovieLens100K,ALS,omnirec.runner.algos.LensKit,13,Precision,1,1.0
MovieLens100K,ALS,omnirec.runner.algos.LensKit,13,nDCG,5,0.4703652827859579
MovieLens100K,ALS,omnirec.runner.algos.LensKit,13,Precision,5,0.4
MovieLens100K,ALS,omnirec.runner.algos.LensKit,13,nDCG,10,0.3507942974028176
MovieLens100K,ALS,omnirec.runner.algos.LensKit,13,Precision,10,0.2
MovieLens100K,ALS,omnirec.runner.algos.LensKit,13,nDCG,5,0.13120507751234178
MovieLens100K,ALS,omnirec.runner.algos.LensKit,13,nDCG,10,0.09092803061897885
MovieLens100K,ALS,omnirec.runner.algos.LensKit,13,nDCG,5,0.36005461457723403
MovieLens100K,ALS,omnirec.runner.algos.LensKit,13,nDCG,10,0.23365080824310533
MovieLens100K,ALS,omnirec.runner.algos.LensKit,13,nDCG,10,0.1478294909154526
MovieLens100K,ALS,omnirec.runner.algos.LensKit,13,nDCG,5,0.3391602052736161
MovieLens100K,ALS,omnirec.runner.algos.LensKit,13,nDCG,10,0.22009176629808017
MovieLens100K,ALS,omnirec.runner.algos.LensKit,13,nDCG,5,0.15101961822780524
MovieLens100K,ALS,omnirec.runner.algos.LensKit,13,nDCG,10,0.15101961822780524
MovieLens100K,ALS,omnirec.runner.algos.LensKit,13,nDCG,10,0.14201905717762703
MovieLens100K,ALS,omnirec.runner.algos.LensKit,13,nDCG,5,0.5087403079104241
MovieLens100K,ALS,omnirec.runner.algos.LensKit,13,nDCG,10,0.33013764944712026
MovieLens100K,ALS,omnirec.runner.algos.LensKit,13,nDCG,10,0.06943122193677727
MovieLens100K,ALS,omnirec.runner.algos.LensKit,13,nDCG,10,0.14606834984270645
MovieLens100K,ALS,omnirec.runner.algos.LensKit,13,nDCG,10,0.2934556883974402
MovieLens100K,ALS,omnirec.runner.algos.LensKit,13,nDCG,10,0.09109240322345807
MovieLens100K,ALS,omnirec.runner.algos.LensKit,13,nDCG,10,0.15642624200758548
MovieLens100K,ALS,omnirec.runner.algos.LensKit,13,nDCG,10,0.07945707943276742
MovieLens100K,ALS,omnirec.runner.algos.LensKit,13,nDCG,10,0.08514311764162098
MovieLens100K,ALS,omnirec.runner.algos.LensKit,13,nDCG,10,0.06362078819895171
MovieLens100K,ALS,omnirec.runner.algos.LensKit,13,nDCG,5,0.44149241373678083
MovieLens100K,ALS,omnirec.runner.algos.LensKit,13,nDCG,10,0.44149241373678083
MovieLens100K,ALS,omnirec.runner.algos.LensKit,13,nDCG,5,0.48522855511632257
MovieLens100K,ALS,omnirec.runner.algos.LensKit,13,nDCG,10,0.45197920403778075
MovieLens100K,ALS,omnirec.runner.algos.LensKit,13,Precision,10,0.3
MovieLens100K,ALS,omnirec.runner.algos.LensKit,13,nDCG,5,0.4144299250118475
MovieLens100K,ALS,omnirec.runner.algos.LensKit,13,nDCG,10,0.544556608342548
MovieLens100K,ALS,omnirec.runner.algos.LensKit,13,nDCG,10,0.1089364926177559
MovieLens100K,ALS,omnirec.runner.algos.LensKit,13,nDCG,10,0.1731866333482261
MovieLens100K,ALS,omnirec.runner.algos.LensKit,13,nDCG,5,0.16958010263680806
MovieLens100K,ALS,omnirec.runner.algos.LensKit,13,nDCG,10,0.17630010660342912
MovieLens100K,ALS,omnirec.runner.algos.LensKit,13,nDCG,10,0.3333333333333333
MovieLens100K,ALS,omnirec.runner.algos.LensKit,13,nDCG,10,0.07839826897867533
MovieLens100K,ALS,omnirec.runner.algos.LensKit,13,nDCG,10,0.3026024134988135
MovieLens100K,ALS,omnirec.runner.algos.LensKit,13,nDCG,5,0.19519002499605084
MovieLens100K,ALS,omnirec.runner.algos.LensKit,13,nDCG,10,0.19519002499605084
MovieLens100K,ALS,omnirec.runner.algos.LensKit,13,nDCG,10,0.2327059155688063
MovieLens100K,ALS,omnirec.runner.algos.LensKit,13,nDCG,10,0.15139734109601002
MovieLens100K,ALS,omnirec.runner.algos.LensKit,13,nDCG,10,0.14829723057014912
MovieLens100K,ALS,omnirec.runner.algos.LensKit,13,nDCG,10,0.11751610475642714
MovieLens100K,ALS,omnirec.runner.algos.LensKit,13,nDCG,10,0.07979453856244818
MovieLens100K,ALS,omnirec.runner.algos.LensKit,13,nDCG,10,0.0901000086523677
MovieLens100K,ALS,omnirec.runner.algos.LensKit,13,nDCG,10,0.07336392209936005
MovieLens100K,ALS,omnirec.runner.algos.LensKit,13,nDCG,5,0.6548086577531307
MovieLens100K,ALS,omnirec.runner.algos.LensKit,13,Precision,5,0.6
MovieLens100K,ALS,omnirec.runner.algos.LensKit,13,nDCG,10,0.424926013816671
MovieLens100K,ALS,omnirec.runner.algos.LensKit,13,nDCG,10,0.14279514403613733
MovieLens100K,ALS,omnirec.runner.algos.LensKit,13,nDCG,10,0.20248323207250624
MovieLens100K,ALS,omnirec.runner.algos.LensKit,13,nDCG,5,0.30078518014914984
MovieLens100K,ALS,omnirec.runner.algos.LensKit,13,nDCG,10,0.19518900079066107
MovieLens100K,ALS,omnirec.runner.algos.LensKit,13,nDCG,5,0.4468535299918563
MovieLens100K,ALS,omnirec.runner.algos.LensKit,13,nDCG,10,0.3096794135385218
MovieLens100K,ALS,omnirec.runner.algos.LensKit,13,nDCG,10,0.30523488393970116
MovieLens100K,ALS,omnirec.runner.algos.LensKit,13,nDCG,10,0.3391602052736161
MovieLens100K,ALS,omnirec.runner.algos.LensKit,13,nDCG,5,0.20210734650054757
MovieLens100K,ALS,omnirec.runner.algos.LensKit,13,nDCG,10,0.20210734650054757
MovieLens100K,ALS,omnirec.runner.algos.LensKit,13,nDCG,10,0.20438239758848611
MovieLens100K,ALS,omnirec.runner.algos.LensKit,13,nDCG,5,0.2960819109658652
MovieLens100K,ALS,omnirec.runner.algos.LensKit,13,nDCG,10,0.4441228664487979
MovieLens100K,ALS,omnirec.runner.algos.LensKit,13,nDCG,10,0.17198436893338082
MovieLens100K,ALS,omnirec.runner.algos.LensKit,13,nDCG,10,0.21840743681816419
MovieLens100K,ALS,omnirec.runner.algos.LensKit,13,nDCG,10,0.2984900352767555
MovieLens100K,ALS,omnirec.runner.algos.LensKit,13,nDCG,10,0.10209739512291163
MovieLens100K,ALS,omnirec.runner.algos.LensKit,13,nDCG,10,0.2917883373452058
MovieLens100K,ALS,omnirec.runner.algos.LensKit,13,nDCG,10,0.09785159463516042
MovieLens100K,ALS,omnirec.runner.algos.LensKit,13,nDCG,10,0.2816372027313761
MovieLens100K,ALS,omnirec.runner.algos.LensKit,13,Precision,10,0.4
MovieLens100K,ALS,omnirec.runner.algos.LensKit,13,nDCG,10,0.22119341301481266
MovieLens100K,ALS,omnirec.runner.algos.LensKit,13,nDCG,10,0.11004588314904008
MovieLens100K,ALS,omnirec.runner.algos.LensKit,13,nDCG,5,0.16812753627111746
MovieLens100K,ALS,omnirec.runner.algos.LensKit,13,nDCG,10,0.16812753627111746
MovieLens100K,ALS,omnirec.runner.algos.LensKit,13,nDCG,10,0.11838279295536293
MovieLens100K,ALS,omnirec.runner.algos.LensKit,13,nDCG,10,0.2529427027676571
MovieLens100K,ALS,omnirec.runner.algos.LensKit,13,nDCG,10,0.37326895379685443
MovieLens100K,ALS,omnirec.runner.algos.LensKit,13,nDCG,10,0.06794340091829076
MovieLens100K,ALS,omnirec.runner.algos.LensKit,13,nDCG,10,0.21398626473452756
MovieLens100K,ALS,omnirec.runner.algos.LensKit,13,nDCG,5,0.3903800499921017
MovieLens100K,ALS,omnirec.runner.algos.LensKit,13,nDCG,10,0.3903800499921017
MovieLens100K,ALS,omnirec.runner.algos.LensKit,13,nDCG,10,0.19325072687364162
MovieLens100K,ALS,omnirec.runner.algos.LensKit,13,nDCG,10,0.13012668333070054
MovieLens100K,ALS,omnirec.runner.algos.LensKit,13,nDCG,10,0.12987501165334076
MovieLens100K,ALS,omnirec.runner.algos.LensKit,13,nDCG,10,0.06625422345438903
MovieLens100K,ALS,omnirec.runner.algos.LensKit,13,nDCG,5,0.23463936301137822
MovieLens100K,ALS,omnirec.runner.algos.LensKit,13,nDCG,10,0.23463936301137822
MovieLens100K,ALS,omnirec.runner.algos.LensKit,13,nDCG,10,0.1635413866202963
MovieLens100K,ALS,omnirec.runner.algos.LensKit,13,nDCG,10,0.12647135138382856
MovieLens100K,ALS,omnirec.runner.algos.LensKit,13,nDCG,10,0.18457569677956817
MovieLens100K,ALS,omnirec.runner.algos.LensKit,13,nDCG,10,0.123151194370365
MovieLens100K,ALS,omnirec.runner.algos.LensKit,13,nDCG,10,0.13032376591037065
MovieLens100K,ALS,omnirec.runner.algos.LensKit,13,nDCG,10,0.15176219107803537
MovieLens100K,ALS,omnirec.runner.algos.LensKit,13,nDCG,10,0.29727159644205703
MovieLens100K,ALS,omnirec.runner.algos.LensKit,13,nDCG,10,0.1012286082123002
MovieLens100K,ALS,omnirec.runner.algos.LensKit,13,nDCG,10,0.13905617951077562
MovieLens100K,ALS,omnirec.runner.algos.LensKit,13,nDCG,5,0.8687949224876582
MovieLens100K,ALS,omnirec.runner.algos.LensKit,13,Precision,5,0.8
MovieLens100K,ALS,omnirec.runner.algos.LensKit,13,nDCG,10,0.5637884576902256
MovieLens100K,ALS,omnirec.runner.algos.LensKit,13,nDCG,10,0.15958907712489637
MovieLens100K,ALS,omnirec.runner.algos.LensKit,13,nDCG,10,0.14126697285982898
MovieLens100K,ALS,omnirec.runner.algos.LensKit,13,nDCG,10,0.1584091525685025
MovieLens100K,ALS,omnirec.runner.algos.LensKit,13,nDCG,10,0.1588714315372696
MovieLens100K,ALS,omnirec.runner.algos.LensKit,13,nDCG,10,0.24655055544758614
MovieLens100K,ALS,omnirec.runner.algos.LensKit,13,nDCG,10,0.24309789328476902
MovieLens100K,ALS,omnirec.runner.algos.LensKit,13,nDCG,10,0.2162406314884399
MovieLens100K,ALS,omnirec.runner.algos.LensKit,13,nDCG,10,0.17947710508581735
MovieLens100K,ALS,omnirec.runner.algos.LensKit,13,nDCG,10,0.28952298823485745
MovieLens100K,ALS,omnirec.runner.algos.LensKit,13,nDCG,10,0.3557772116892465
MovieLens100K,ALS,omnirec.runner.algos.LensKit,13,nDCG,10,0.4530643748551537
MovieLens100K,ALS,omnirec.runner.algos.LensKit,13,nDCG,10,0.3746661058764784
MovieLens100K,ALS,omnirec.runner.algos.LensKit,13,nDCG,5,0.5531464700081437
MovieLens100K,ALS,omnirec.runner.algos.LensKit,13,nDCG,10,0.42838543210841196
MovieLens100K,ALS,omnirec.runner.algos.LensKit,13,nDCG,5,0.27727342735504823
MovieLens100K,ALS,omnirec.runner.algos.LensKit,13,nDCG,10,0.24936270394794902
MovieLens100K,ALS,omnirec.runner.algos.LensKit,13,nDCG,5,0.6713860725233041
MovieLens100K,ALS,omnirec.runner.algos.LensKit,13,nDCG,10,0.6713860725233041
MovieLens100K,ALS,omnirec.runner.algos.LensKit,13,nDCG,10,0.3589542101716347
MovieLens100K,ALS,omnirec.runner.algos.LensKit,13,nDCG,10,0.28371255449703187
MovieLens100K,ALS,omnirec.runner.algos.LensKit,13,nDCG,10,0.16421958630632802
MovieLens100K,ALS,omnirec.runner.algos.LensKit,13,nDCG,10,0.11706259313796355
MovieLens100K,ALS,omnirec.runner.algos.LensKit,13,nDCG,5,0.639945385422766
MovieLens100K,ALS,omnirec.runner.algos.LensKit,13,nDCG,10,0.48864468918810133
MovieLens100K,ALS,omnirec.runner.algos.LensKit,13,nDCG,5,0.3156484524795145
MovieLens100K,ALS,omnirec.runner.algos.LensKit,13,nDCG,10,0.20483424751859086
MovieLens100K,ALS,omnirec.runner.algos.LensKit,13,nDCG,10,0.2520649403266671
MovieLens100K,ALS,omnirec.runner.algos.LensKit,13,nDCG,5,0.34519134224686937
MovieLens100K,ALS,omnirec.runner.algos.LensKit,13,nDCG,10,0.2973694836145356
MovieLens100K,ALS,omnirec.runner.algos.LensKit,13,nDCG,10,0.1849535222114937
MovieLens100K,ALS,omnirec.runner.algos.LensKit,13,nDCG,10,0.26687965254220064
MovieLens100K,ALS,omnirec.runner.algos.LensKit,13,nDCG,5,0.5147714448836774
MovieLens100K,ALS,omnirec.runner.algos.LensKit,13,nDCG,10,0.3340514446642156
MovieLens100K,ALS,omnirec.runner.algos.LensKit,13,nDCG,10,0.29062463495158997
MovieLens100K,ALS,omnirec.runner.algos.LensKit,13,nDCG,5,0.5855700749881525
MovieLens100K,ALS,omnirec.runner.algos.LensKit,13,nDCG,10,0.5855700749881525
MovieLens100K,ALS,omnirec.runner.algos.LensKit,13,nDCG,10,0.2476427880871277
MovieLens100K,ALS,omnirec.runner.algos.LensKit,13,nDCG,5,0.4912596920895758
MovieLens100K,ALS,omnirec.runner.algos.LensKit,13,nDCG,10,0.382414714083678
MovieLens100K,ALS,omnirec.runner.algos.LensKit,13,nDCG,5,1.0
MovieLens100K,ALS,omnirec.runner.algos.LensKit,13,Precision,5,1.0
MovieLens100K,ALS,omnirec.runner.algos.LensKit,13,nDCG,10,0.6489315753318465
MovieLens100K,ALS,omnirec.runner.algos.LensKit,13,Precision,10,0.5
MovieLens100K,ALS,omnirec.runner.algos.LensKit,13,nDCG,5,0.24630238874073
MovieLens100K,ALS,omnirec.runner.algos.LensKit,13,nDCG,10,0.24630238874073
MovieLens100K,ALS,omnirec.runner.algos.LensKit,13,nDCG,10,0.39767223286316733
MovieLens100K,ALS,omnirec.runner.algos.LensKit,13,nDCG,5,0.6992148198508501
MovieLens100K,ALS,omnirec.runner.algos.LensKit,13,nDCG,10,0.4537425745411855
MovieLens100K,ALS,omnirec.runner.algos.LensKit,13,nDCG,10,0.2350455494144854
MovieLens100K,ALS,omnirec.runner.algos.LensKit,13,nDCG,10,0.44830398990253034
MovieLens100K,ALS,omnirec.runner.algos.LensKit,13,nDCG,10,0.31488013066763093
MovieLens100K,ALS,omnirec.runner.algos.LensKit,13,nDCG,10,0.11284514134893527
MovieLens100K,ALS,omnirec.runner.algos.LensKit,13,nDCG,5,0.38356636737133565
MovieLens100K,ALS,omnirec.runner.algos.LensKit,13,nDCG,10,0.3787833386759354
MovieLens100K,ALS,omnirec.runner.algos.LensKit,13,nDCG,10,0.13120507751234178
MovieLens100K,ALS,omnirec.runner.algos.LensKit,13,nDCG,10,0.16958010263680806
MovieLens100K,ALS,omnirec.runner.algos.LensKit,13,nDCG,10,0.08431423425588572
MovieLens100K,ALS,omnirec.runner.algos.LensKit,13,nDCG,10,0.13305201013572898
MovieLens100K,ALS,omnirec.runner.algos.LensKit,13,nDCG,10,0.1884441521277154
MovieLens100K,ALS,omnirec.runner.algos.LensKit,13,nDCG,5,0.18154179253735267
MovieLens100K,ALS,omnirec.runner.algos.LensKit,13,nDCG,10,0.18154179253735267
MovieLens100K,ALS,omnirec.runner.algos.LensKit,13,nDCG,10,0.2032389337527008
MovieLens100K,ALS,omnirec.runner.algos.LensKit,13,nDCG,10,0.15850703974098102
MovieLens100K,ALS,omnirec.runner.algos.LensKit,13,nDCG,10,0.18827853542832335
MovieLens100K,ALS,omnirec.runner.algos.LensKit,13,nDCG,10,0.19958818982773852
MovieLens100K,ALS,omnirec.runner.algos.LensKit,13,nDCG,10,0.13961814555374907
MovieLens100K,ALS,omnirec.runner.algos.LensKit,13,nDCG,10,0.09546043308946735
MovieLens100K,ALS,omnirec.runner.algos.LensKit,13,nDCG,5,0.46927872602275644
MovieLens100K,ALS,omnirec.runner.algos.LensKit,13,nDCG,10,0.46927872602275644
MovieLens100K,ALS,omnirec.runner.algos.LensKit,13,nDCG,10,0.24952583878244933
MovieLens100K,ALS,omnirec.runner.algos.LensKit,13,nDCG,10,0.23758350840568812
MovieLens100K,ALS,omnirec.runner.algos.LensKit,13,nDCG,10,0.37850091886658266
MovieLens100K,ALS,omnirec.runner.algos.LensKit,13,nDCG,10,0.09803928583135704
MovieLens100K,ALS,omnirec.runner.algos.LensKit,13,nDCG,10,0.26462022272743835
MovieLens100K,ALS,omnirec.runner.algos.LensKit,13,nDCG,10,0.2426178552850034
MovieLens100K,ALS,omnirec.runner.algos.LensKit,13,nDCG,10,0.21726071285222986
MovieLens100K,ALS,omnirec.runner.algos.LensKit,13,nDCG,10,0.3010299956639812
MovieLens100K,ALS,omnirec.runner.algos.LensKit,13,nDCG,10,0.2530614822099702
MovieLens100K,ALS,omnirec.runner.algos.LensKit,13,nDCG,10,0.2051166673279436
MovieLens100K,ALS,omnirec.runner.algos.LensKit,13,nDCG,10,0.3071686621074187
MovieLens100K,ALS,omnirec.runner.algos.LensKit,13,nDCG,10,0.33725693702354287
MovieLens100K,ALS,omnirec.runner.algos.LensKit,13,nDCG,10,0.18340980524840012
MovieLens100K,ALS,omnirec.runner.algos.LensKit,13,nDCG,10,0.33273724133010535
MovieLens100K,ALS,omnirec.runner.algos.LensKit,13,nDCG,5,0.23719771276929622
MovieLens100K,ALS,omnirec.runner.algos.LensKit,13,nDCG,10,0.23719771276929622
MovieLens100K,ALS,omnirec.runner.algos.LensKit,13,nDCG,10,0.08671382849411974
MovieLens100K,ALS,omnirec.runner.algos.LensKit,13,nDCG,10,0.10699313236726378
MovieLens100K,ALS,omnirec.runner.algos.LensKit,13,nDCG,10,0.13568544539116628
MovieLens100K,ALS,omnirec.runner.algos.LensKit,13,nDCG,10,0.4125317798925535
MovieLens100K,ALS,omnirec.runner.algos.LensKit,13,nDCG,10,0.5087403079104241
MovieLens100K,ALS,omnirec.runner.algos.LensKit,13,nDCG,10,0.3712675293763698
MovieLens100K,ALS,omnirec.runner.algos.LensKit,13,nDCG,10,0.2863459897524692
MovieLens100K,ALS,omnirec.runner.algos.LensKit,13,nDCG,10,0.11305340175787204
MovieLens100K,ALS,omnirec.runner.algos.LensKit,13,nDCG,10,0.4144299250118475
MovieLens100K,ALS,omnirec.runner.algos.LensKit,13,nDCG,10,0.10633668103022986
MovieLens100K,ALS,omnirec.runner.algos.LensKit,13,nDCG,10,0.21000823726012655
MovieLens100K,ALS,omnirec.runner.algos.LensKit,13,nDCG,5,0.7227265726449519
MovieLens100K,ALS,omnirec.runner.algos.LensKit,13,nDCG,10,0.4690000933206748
MovieLens100K,ALS,omnirec.runner.algos.LensKit,13,nDCG,10,0.1736666713479918
MovieLens100K,ALS,omnirec.runner.algos.LensKit,13,nDCG,10,0.13698471029831175
MovieLens100K,ALS,omnirec.runner.algos.LensKit,13,nDCG,10,0.1175227747072427
MovieLens100K,ALS,omnirec.runner.algos.LensKit,13,nDCG,5,0.7039180890341347
MovieLens100K,ALS,omnirec.runner.algos.LensKit,13,nDCG,10,0.7039180890341347
MovieLens100K,ALS,omnirec.runner.algos.LensKit,13,nDCG,10,0.10778915452451095
MovieLens100K,ALS,omnirec.runner.algos.LensKit,13,nDCG,10,0.30919416469956
MovieLens100K,ALS,omnirec.runner.algos.LensKit,13,nDCG,5,0.6131471927654584
MovieLens100K,ALS,omnirec.runner.algos.LensKit,13,nDCG,10,0.6131471927654584
MovieLens100K,ALS,omnirec.runner.algos.LensKit,13,nDCG,10,0.2591217516005785
MovieLens100K,ALS,omnirec.runner.algos.LensKit,13,nDCG,10,0.3531437764338091
MovieLens100K,ALS,omnirec.runner.algos.LensKit,13,nDCG,10,0.1681522864689108
MovieLens100K,ALS,omnirec.runner.algos.LensKit,13,nDCG,10,0.17993148201117176
MovieLens100K,ALS,omnirec.runner.algos.LensKit,13,nDCG,5,0.6366824387328317
MovieLens100K,ALS,omnirec.runner.algos.LensKit,13,nDCG,10,0.6366824387328317
MovieLens100K,ALS,omnirec.runner.algos.LensKit,13,nDCG,10,0.08372491399919348
MovieLens100K,ALS,omnirec.runner.algos.LensKit,13,nDCG,10,0.3219505391887988
MovieLens100K,ALS,omnirec.runner.algos.LensKit,13,nDCG,10,0.3833427799846345
MovieLens100K,ALS,omnirec.runner.algos.LensKit,13,nDCG,10,0.09791292534996782
MovieLens100K,ALS,omnirec.runner.algos.LensKit,13,nDCG,10,0.40348266660099286
MovieLens100K,ALS,omnirec.runner.algos.LensKit,13,nDCG,10,0.38356636737133565
MovieLens100K,ALS,omnirec.runner.algos.LensKit,13,nDCG,10,1.0
MovieLens100K,ALS,omnirec.runner.algos.LensKit,13,nDCG,10,0.3416424081865622
MovieLens100K,ALS,omnirec.runner.algos.LensKit,13,nDCG,10,0.10086747116627115
MovieLens100K,ALS,omnirec.runner.algos.LensKit,13,nDCG,10,0.36005461457723403
MovieLens100K,ALS,omnirec.runner.algos.LensKit,13,nDCG,5,0.3065735963827292
MovieLens100K,ALS,omnirec.runner.algos.LensKit,13,nDCG,10,0.3065735963827292
MovieLens100K,ALS,omnirec.runner.algos.LensKit,13,nDCG,10,0.2960819109658652
MovieLens100K,ALS,omnirec.runner.algos.LensKit,13,nDCG,10,0.08274602130532004
MovieLens100K,ALS,omnirec.runner.algos.LensKit,13,nDCG,10,0.41125017975367983
MovieLens100K,ALS,omnirec.runner.algos.LensKit,13,nDCG,5,0.6164336326286644
MovieLens100K,ALS,omnirec.runner.algos.LensKit,13,nDCG,10,0.40002324830925196
MovieLens100K,ALS,omnirec.runner.algos.LensKit,13,nDCG,5,0.830419897363192
MovieLens100K,ALS,omnirec.runner.algos.LensKit,13,nDCG,10,0.6083169141195838
MovieLens100K,ALS,omnirec.runner.algos.LensKit,13,nDCG,10,0.1610425878239398
MovieLens100K,ALS,omnirec.runner.algos.LensKit,13,nDCG,10,0.3465620753753259
MovieLens100K,ItemKNN,omnirec.runner.algos.LensKit,13,nDCG,1,0.0
MovieLens100K,ItemKNN,omnirec.runner.algos.LensKit,13,Precision,1,0.0
MovieLens100K,ItemKNN,omnirec.runner.algos.LensKit,13,nDCG,5,0.21398626473452756
MovieLens100K,ItemKNN,omnirec.runner.algos.LensKit,13,Precision,5,0.2
MovieLens100K,ItemKNN,omnirec.runner.algos.LensKit,13,nDCG,10,0.13886244387355454
MovieLens100K,ItemKNN,omnirec.runner.algos.LensKit,13,Precision,10,0.1
MovieLens100K,ItemKNN,omnirec.runner.algos.LensKit,13,nDCG,5,0.0
MovieLens100K,ItemKNN,omnirec.runner.algos.LensKit,13,Precision,5,0.0
MovieLens100K,ItemKNN,omnirec.runner.algos.LensKit,13,nDCG,10,0.0
MovieLens100K,ItemKNN,omnirec.runner.algos.LensKit,13,Precision,10,0.0
MovieLens100K,ItemKNN,omnirec.runner.algos.LensKit,13,nDCG,5,0.14606834984270645
MovieLens100K,ItemKNN,omnirec.runner.algos.LensKit,13,nDCG,10,0.09478836436955078
MovieLens100K,ItemKNN,omnirec.runner.algos.LensKit,13,nDCG,1,1.0
MovieLens100K,ItemKNN,omnirec.runner.algos.LensKit,13,Precision,1,1.0
MovieLens100K,ItemKNN,omnirec.runner.algos.LensKit,13,nDCG,5,0.4703652827859579
MovieLens100K,ItemKNN,omnirec.runner.algos.LensKit,13,Precision,5,0.4
MovieLens100K,ItemKNN,omnirec.runner.algos.LensKit,13,nDCG,10,0.3507942974028176
MovieLens100K,ItemKNN,omnirec.runner.algos.LensKit,13,Precision,10,0.2
MovieLens100K,ItemKNN,omnirec.runner.algos.LensKit,13,nDCG,5,0.13120507751234178
MovieLens100K,ItemKNN,omnirec.runner.algos.LensKit,13,nDCG,10,0.09092803061897885
MovieLens100K,ItemKNN,omnirec.runner.algos.LensKit,13,nDCG,5,0.36005461457723403
MovieLens100K,ItemKNN,omnirec.runner.algos.LensKit,13,nDCG,10,0.23365080824310533
MovieLens100K,ItemKNN,omnirec.runner.algos.LensKit,13,nDCG,10,0.1478294909154526
MovieLens100K,ItemKNN,omnirec.runner.algos.LensKit,13,nDCG,5,0.3391602052736161
MovieLens100K,ItemKNN,omnirec.runner.algos.LensKit,13,nDCG,10,0.22009176629808017
MovieLens100K,ItemKNN,omnirec.runner.algos.LensKit,13,nDCG,5,0.15101961822780524
MovieLens100K,ItemKNN,omnirec.runner.algos.LensKit,13,nDCG,10,0.15101961822780524
MovieLens100K,ItemKNN,omnirec.runner.algos.LensKit,13,nDCG,10,0.14201905717762703
MovieLens100K,ItemKNN,omnirec.runner.algos.LensKit,13,nDCG,5,0.5087403079104241
MovieLens100K,ItemKNN,omnirec.runner.algos.LensKit,13,nDCG,10,0.33013764944712026
MovieLens100K,ItemKNN,omnirec.runner.algos.LensKit,13,nDCG,10,0.06943122193677727
MovieLens100K,ItemKNN,omnirec.runner.algos.LensKit,13,nDCG,10,0.14606834984270645
MovieLens100K,ItemKNN,omnirec.runner.algos.LensKit,13,nDCG,10,0.2934556883974402
MovieLens100K,ItemKNN,omnirec.runner.algos.LensKit,13,nDCG,10,0.09109240322345807
MovieLens100K,ItemKNN,omnirec.runner.algos.LensKit,13,nDCG,10,0.15642624200758548
MovieLens100K,ItemKNN,omnirec.runner.algos.LensKit,13,nDCG,10,0.07945707943276742
MovieLens100K,ItemKNN,omnirec.runner.algos.LensKit,13,nDCG,10,0.08514311764162098
MovieLens100K,ItemKNN,omnirec.runner.algos.LensKit,13,nDCG,10,0.06362078819895171
MovieLens100K,ItemKNN,omnirec.runner.algos.LensKit,13,nDCG,5,0.44149241373678083
MovieLens100K,ItemKNN,omnirec.runner.algos.LensKit,13,nDCG,10,0.44149241373678083
MovieLens100K,ItemKNN,omnirec.runner.algos.LensKit,13,nDCG,5,0.48522855511632257
MovieLens100K,ItemKNN,omnirec.runner.algos.LensKit,13,nDCG,10,0.45197920403778075
MovieLens100K,ItemKNN,omnirec.runner.algos.LensKit,13,Precision,10,0.3
MovieLens100K,ItemKNN,omnirec.runner.algos.LensKit,13,nDCG,5,0.4144299250118475
MovieLens100K,ItemKNN,omnirec.runner.algos.LensKit,13,nDCG,10,0.544556608342548
MovieLens100K,ItemKNN,omnirec.runner.algos.LensKit,13,nDCG,10,0.1089364926177559
MovieLens100K,ItemKNN,omnirec.runner.algos.LensKit,13,nDCG,10,0.1731866333482261
MovieLens100K,ItemKNN,omnirec.runner.algos.LensKit,13,nDCG,5,0.16958010263680806
MovieLens100K,ItemKNN,omnirec.runner.algos.LensKit,13,nDCG,10,0.17630010660342912
MovieLens100K,ItemKNN,omnirec.runner.algos.LensKit,13,nDCG,10,0.3333333333333333
MovieLens100K,ItemKNN,omnirec.runner.algos.LensKit,13,nDCG,10,0.07839826897867533
MovieLens100K,ItemKNN,omnirec.runner.algos.LensKit,13,nDCG,10,0.3026024134988135
MovieLens100K,ItemKNN,omnirec.runner.algos.LensKit,13,nDCG,5,0.19519002499605084
MovieLens100K,ItemKNN,omnirec.runner.algos.LensKit,13,nDCG,10,0.19519002499605084
MovieLens100K,ItemKNN,omnirec.runner.algos.LensKit,13,nDCG,10,0.2327059155688063
MovieLens100K,ItemKNN,omnirec.runner.algos.LensKit,13,nDCG,10,0.15139734109601002
MovieLens100K,ItemKNN,omnirec.runner.algos.LensKit,13,nDCG,10,0.14829723057014912
MovieLens100K,ItemKNN,omnirec.runner.algos.LensKit,13,nDCG,10,0.11751610475642714
MovieLens100K,ItemKNN,omnirec.runner.algos.LensKit,13,nDCG,10,0.07979453856244818
MovieLens100K,ItemKNN,omnirec.runner.algos.LensKit,13,nDCG,10,0.0901000086523677
MovieLens100K,ItemKNN,omnirec.runner.algos.LensKit,13,nDCG,10,0.07336392209936005
MovieLens100K,ItemKNN,omnirec.runner.algos.LensKit,13,nDCG,5,0.6548086577531307
MovieLens100K,ItemKNN,omnirec.runner.algos.LensKit,13,Precision,5,0.6
MovieLens100K,ItemKNN,omnirec.runner.algos.LensKit,13,nDCG,10,0.424926013816671
MovieLens100K,ItemKNN,omnirec.runner.algos.LensKit,13,nDCG,10,0.14279514403613733
MovieLens100K,ItemKNN,omnirec.runner.algos.LensKit,13,nDCG,10,0.20248323207250624
MovieLens100K,ItemKNN,omnirec.runner.algos.LensKit,13,nDCG,5,0.30078518014914984
MovieLens100K,ItemKNN,omnirec.runner.algos.LensKit,13,nDCG,10,0.19518900079066107
MovieLens100K,ItemKNN,omnirec.runner.algos.LensKit,13,nDCG,5,0.4468535299918563
MovieLens100K,ItemKNN,omnirec.runner.algos.LensKit,13,nDCG,10,0.3096794135385218
MovieLens100K,ItemKNN,omnirec.runner.algos.LensKit,13,nDCG,10,0.30523488393970116
MovieLens100K,ItemKNN,omnirec.runner.algos.LensKit,13,nDCG,10,0.3391602052736161
MovieLens100K,ItemKNN,omnirec.runner.algos.LensKit,13,nDCG,5,0.20210734650054757
MovieLens100K,ItemKNN,omnirec.runner.algos.LensKit,13,nDCG,10,0.20210734650054757
MovieLens100K,ItemKNN,omnirec.runner.algos.LensKit,13,nDCG,10,0.20438239758848611
MovieLens100K,ItemKNN,omnirec.runner.algos.LensKit,13,nDCG,5,0.2960819109658652
MovieLens100K,ItemKNN,omnirec.runner.algos.LensKit,13,nDCG,10,0.4441228664487979
MovieLens100K,ItemKNN,omnirec.runner.algos.LensKit,13,nDCG,10,0.17198436893338082
MovieLens100K,ItemKNN,omnirec.runner.algos.LensKit,13,nDCG,10,0.21840743681816419
MovieLens100K,ItemKNN,omnirec.runner.algos.LensKit,13,nDCG,10,0.2984900352767555
MovieLens100K,ItemKNN,omnirec.runner.algos.LensKit,13,nDCG,10,0.10209739512291163
MovieLens100K,ItemKNN,omnirec.runner.algos.LensKit,13,nDCG,10,0.2917883373452058
MovieLens100K,ItemKNN,omnirec.runner.algos.LensKit,13,nDCG,10,0.09785159463516042
MovieLens100K,ItemKNN,omnirec.runner.algos.LensKit,13,nDCG,10,0.2816372027313761
MovieLens100K,ItemKNN,omnirec.runner.algos.LensKit,13,Precision,10,0.4
MovieLens100K,ItemKNN,omnirec.runner.algos.LensKit,13,nDCG,10,0.22119341301481266
MovieLens100K,ItemKNN,omnirec.runner.algos.LensKit,13,nDCG,10,0.11004588314904008
MovieLens100K,ItemKNN,omnirec.runner.algos.LensKit,13,nDCG,5,0.16812753627111746
MovieLens100K,ItemKNN,omnirec.runner.algos.LensKit,13,nDCG,10,0.16812753627111746
MovieLens100K,ItemKNN,omnirec.runner.algos.LensKit,13,nDCG,10,0.11838279295536293
MovieLens100K,ItemKNN,omnirec.runner.algos.LensKit,13,nDCG,10,0.2529427027676571
MovieLens100K,ItemKNN,omnirec.runner.algos.LensKit,13,nDCG,10,0.37326895379685443
MovieLens100K,ItemKNN,omnirec.runner.algos.LensKit,13,nDCG,10,0.06794340091829076
MovieLens100K,ItemKNN,omnirec.runner.algos.LensKit,13,nDCG,10,0.21398626473452756
MovieLens100K,ItemKNN,omnirec.runner.algos.LensKit,13,nDCG,5,0.3903800499921017
MovieLens100K,ItemKNN,omnirec.runner.algos.LensKit,13,nDCG,10,0.3903800499921017
MovieLens100K,ItemKNN,omnirec.runner.algos.LensKit,13,nDCG,10,0.19325072687364162
MovieLens100K,ItemKNN,omnirec.runner.algos.LensKit,13,nDCG,10,0.13012668333070054
MovieLens100K,ItemKNN,omnirec.runner.algos.LensKit,13,nDCG,10,0.12987501165334076
MovieLens100K,ItemKNN,omnirec.runner.algos.LensKit,13,nDCG,10,0.06625422345438903
MovieLens100K,ItemKNN,omnirec.runner.algos.LensKit,13,nDCG,5,0.23463936301137822
MovieLens100K,ItemKNN,omnirec.runner.algos.LensKit,13,nDCG,10,0.23463936301137822
MovieLens100K,ItemKNN,omnirec.runner.algos.LensKit,13,nDCG,10,0.1635413866202963
MovieLens100K,ItemKNN,omnirec.runner.algos.LensKit,13,nDCG,10,0.12647135138382856
MovieLens100K,ItemKNN,omnirec.runner.algos.LensKit,13,nDCG,10,0.18457569677956817
MovieLens100K,ItemKNN,omnirec.runner.algos.LensKit,13,nDCG,10,0.123151194370365
MovieLens100K,ItemKNN,omnirec.runner.algos.LensKit,13,nDCG,10,0.13032376591037065
MovieLens100K,ItemKNN,omnirec.runner.algos.LensKit,13,nDCG,10,0.15176219107803537
MovieLens100K,ItemKNN,omnirec.runner.algos.LensKit,13,nDCG,10,0.29727159644205703
MovieLens100K,ItemKNN,omnirec.runner.algos.LensKit,13,nDCG,10,0.1012286082123002
MovieLens100K,ItemKNN,omnirec.runner.algos.LensKit,13,nDCG,10,0.13905617951077562
MovieLens100K,ItemKNN,omnirec.runner.algos.LensKit,13,nDCG,5,0.8687949224876582
MovieLens100K,ItemKNN,omnirec.runner.algos.LensKit,13,Precision,5,0.8
MovieLens100K,ItemKNN,omnirec.runner.algos.LensKit,13,nDCG,10,0.5637884576902256
MovieLens100K,ItemKNN,omnirec.runner.algos.LensKit,13,nDCG,10,0.15958907712489637
MovieLens100K,ItemKNN,omnirec.runner.algos.LensKit,13,nDCG,10,0.14126697285982898
MovieLens100K,ItemKNN,omnirec.runner.algos.LensKit,13,nDCG,10,0.1584091525685025
MovieLens100K,ItemKNN,omnirec.runner.algos.LensKit,13,nDCG,10,0.1588714315372696
MovieLens100K,ItemKNN,omnirec.runner.algos.LensKit,13,nDCG,10,0.24655055544758614
MovieLens100K,ItemKNN,omnirec.runner.algos.LensKit,13,nDCG,10,0.24309789328476902
MovieLens100K,ItemKNN,omnirec.runner.algos.LensKit,13,nDCG,10,0.2162406314884399
MovieLens100K,ItemKNN,omnirec.runner.algos.LensKit,13,nDCG,10,0.17947710508581735
MovieLens100K,ItemKNN,omnirec.runner.algos.LensKit,13,nDCG,10,0.28952298823485745
MovieLens100K,ItemKNN,omnirec.runner.algos.LensKit,13,nDCG,10,0.3557772116892465
MovieLens100K,ItemKNN,omnirec.runner.algos.LensKit,13,nDCG,10,0.4530643748551537
MovieLens100K,ItemKNN,omnirec.runner.algos.LensKit,13,nDCG,10,0.3746661058764784
MovieLens100K,ItemKNN,omnirec.runner.algos.LensKit,13,nDCG,5,0.5531464700081437
MovieLens100K,ItemKNN,omnirec.runner.algos.LensKit,13,nDCG,10,0.42838543210841196
MovieLens100K,ItemKNN,omnirec.runner.algos.LensKit,13,nDCG,5,0.27727342735504823
MovieLens100K,ItemKNN,omnirec.runner.algos.LensKit,13,nDCG,10,0.24936270394794902
MovieLens100K,ItemKNN,omnirec.runner.algos.LensKit,13,nDCG,5,0.6713860725233041
MovieLens100K,ItemKNN,omnirec.runner.algos.LensKit,13,nDCG,10,0.6713860725233041
MovieLens100K,ItemKNN,omnirec.runner.algos.LensKit,13,nDCG,10,0.3589542101716347
MovieLens100K,ItemKNN,omnirec.runner.algos.LensKit,13,nDCG,10,0.28371255449703187
MovieLens100K,ItemKNN,omnirec.runner.algos.LensKit,13,nDCG,10,0.16421958630632802
MovieLens100K,ItemKNN,omnirec.runner.algos.LensKit,13,nDCG,10,0.11706259313796355
MovieLens100K,ItemKNN,omnirec.runner.algos.LensKit,13,nDCG,5,0.639945385422766
MovieLens100K,ItemKNN,omnirec.runner.algos.LensKit,13,nDCG,10,0.48864468918810133
MovieLens100K,ItemKNN,omnirec.runner.algos.LensKit,13,nDCG,5,0.3156484524795145
MovieLens100K,ItemKNN,omnirec.runner.algos.LensKit,13,nDCG,10,0.20483424751859086
MovieLens100K,ItemKNN,omnirec.runner.algos.LensKit,13,nDCG,10,0.2520649403266671
MovieLens100K,ItemKNN,omnirec.runner.algos.LensKit,13,nDCG,5,0.34519134224686937
MovieLens100K,ItemKNN,omnirec.runner.algos.LensKit,13,nDCG,10,0.2973694836145356
MovieLens100K,ItemKNN,omnirec.runner.algos.LensKit,13,nDCG,10,0.1849535222114937
MovieLens100K,ItemKNN,omnirec.runner.algos.LensKit,13,nDCG,10,0.26687965254220064
MovieLens100K,ItemKNN,omnirec.runner.algos.LensKit,13,nDCG,5,0.5147714448836774
MovieLens100K,ItemKNN,omnirec.runner.algos.LensKit,13,nDCG,10,0.3340514446642156
MovieLens100K,ItemKNN,omnirec.runner.algos.LensKit,13,nDCG,10,0.29062463495158997
MovieLens100K,ItemKNN,omnirec.runner.algos.LensKit,13,nDCG,5,0.5855700749881525
MovieLens100K,ItemKNN,omnirec.runner.algos.LensKit,13,nDCG,10,0.5855700749881525
MovieLens100K,ItemKNN,omnirec.runner.algos.LensKit,13,nDCG,10,0.2476427880871277
MovieLens100K,ItemKNN,omnirec.runner.algos.LensKit,13,nDCG,5,0.4912596920895758
MovieLens100K,ItemKNN,omnirec.runner.algos.LensKit,13,nDCG,10,0.382414714083678
MovieLens100K,ItemKNN,omnirec.runner.algos.LensKit,13,nDCG,5,1.0
MovieLens100K,ItemKNN,omnirec.runner.algos.LensKit,13,Precision,5,1.0
MovieLens100K,ItemKNN,omnirec.runner.algos.LensKit,13,nDCG,10,0.6489315753318465
MovieLens100K,ItemKNN,omnirec.runner.algos.LensKit,13,Precision,10,0.5
MovieLens100K,ItemKNN,omnirec.runner.algos.LensKit,13,nDCG,5,0.24630238874073
MovieLens100K,ItemKNN,omnirec.runner.algos.LensKit,13,nDCG,10,0.24630238874073
MovieLens100K,ItemKNN,omnirec.runner.algos.LensKit,13,nDCG,10,0.39767223286316733
MovieLens100K,ItemKNN,omnirec.runner.algos.LensKit,13,nDCG,5,0.6992148198508501
MovieLens100K,ItemKNN,omnirec.runner.algos.LensKit,13,nDCG,10,0.4537425745411855
MovieLens100K,ItemKNN,omnirec.runner.algos.LensKit,13,nDCG,10,0.2350455494144854
MovieLens100K,ItemKNN,omnirec.runner.algos.LensKit,13,nDCG,10,0.44830398990253034
MovieLens100K,ItemKNN,omnirec.runner.algos.LensKit,13,nDCG,10,0.31488013066763093
MovieLens100K,ItemKNN,omnirec.runner.algos.LensKit,13,nDCG,10,0.11284514134893527
MovieLens100K,ItemKNN,omnirec.runner.algos.LensKit,13,nDCG,5,0.38356636737133565
MovieLens100K,ItemKNN,omnirec.runner.algos.LensKit,13,nDCG,10,0.3787833386759354
MovieLens100K,ItemKNN,omnirec.runner.algos.LensKit,13,nDCG,10,0.13120507751234178
MovieLens100K,ItemKNN,omnirec.runner.algos.LensKit,13,nDCG,10,0.16958010263680806
MovieLens100K,ItemKNN,omnirec.runner.algos.LensKit,13,nDCG,10,0.08431423425588572
MovieLens100K,ItemKNN,omnirec.runner.algos.LensKit,13,nDCG,10,0.13305201013572898
MovieLens100K,ItemKNN,omnirec.runner.algos.LensKit,13,nDCG,10,0.1884441521277154
MovieLens100K,ItemKNN,omnirec.runner.algos.LensKit,13,nDCG,5,0.18154179253735267
MovieLens100K,ItemKNN,omnirec.runner.algos.LensKit,13,nDCG,10,0.18154179253735267
MovieLens100K,ItemKNN,omnirec.runner.algos.LensKit,13,nDCG,10,0.2032389337527008
MovieLens100K,ItemKNN,omnirec.runner.algos.LensKit,13,nDCG,10,0.15850703974098102
MovieLens100K,ItemKNN,omnirec.runner.algos.LensKit,13,nDCG,10,0.18827853542832335
MovieLens100K,ItemKNN,omnirec.runner.algos.LensKit,13,nDCG,10,0.19958818982773852
MovieLens100K,ItemKNN,omnirec.runner.algos.LensKit,13,nDCG,10,0.13961814555374907
MovieLens100K,ItemKNN,omnirec.runner.algos.LensKit,13,nDCG,10,0.09546043308946735
MovieLens100K,ItemKNN,omnirec.runner.algos.LensKit,13,nDCG,5,0.46927872602275644
MovieLens100K,ItemKNN,omnirec.runner.algos.LensKit,13,nDCG,10,0.46927872602275644
MovieLens100K,ItemKNN,omnirec.runner.algos.LensKit,13,nDCG,10,0.24952583878244933
MovieLens100K,ItemKNN,omnirec.runner.algos.LensKit,13,nDCG,10,0.23758350840568812
MovieLens100K,ItemKNN,omnirec.runner.algos.LensKit,13,nDCG,10,0.37850091886658266
MovieLens100K,ItemKNN,omnirec.runner.algos.LensKit,13,nDCG,10,0.09803928583135704
MovieLens100K,ItemKNN,omnirec.runner.algos.LensKit,13,nDCG,10,0.26462022272743835
MovieLens100K,ItemKNN,omnirec.runner.algos.LensKit,13,nDCG,10,0.2426178552850034
MovieLens100K,ItemKNN,omnirec.runner.algos.LensKit,13,nDCG,10,0.21726071285222986
MovieLens100K,ItemKNN,omnirec.runner.algos.LensKit,13,nDCG,10,0.3010299956639812
MovieLens100K,ItemKNN,omnirec.runner.algos.LensKit,13,nDCG,10,0.2530614822099702
MovieLens100K,ItemKNN,omnirec.runner.algos.LensKit,13,nDCG,10,0.2051166673279436
MovieLens100K,ItemKNN,omnirec.runner.algos.LensKit,13,nDCG,10,0.3071686621074187
MovieLens100K,ItemKNN,omnirec.runner.algos.LensKit,13,nDCG,10,0.33725693702354287
MovieLens100K,ItemKNN,omnirec.runner.algos.LensKit,13,nDCG,10,0.18340980524840012
MovieLens100K,ItemKNN,omnirec.runner.algos.LensKit,13,nDCG,10,0.33273724133010535
MovieLens100K,ItemKNN,omnirec.runner.algos.LensKit,13,nDCG,5,0.23719771276929622
MovieLens100K,ItemKNN,omnirec.runner.algos.LensKit,13,nDCG,10,0.23719771276929622
MovieLens100K,ItemKNN,omnirec.runner.algos.LensKit,13,nDCG,10,0.08671382849411974
MovieLens100K,ItemKNN,omnirec.runner.algos.LensKit,13,nDCG,10,0.10699313236726378
MovieLens100K,ItemKNN,omnirec.runner.algos.LensKit,13,nDCG,10,0.13568544539116628
MovieLens100K,ItemKNN,omnirec.runner.algos.LensKit,13,nDCG,10,0.4125317798925535
MovieLens100K,ItemKNN,omnirec.runner.algos.LensKit,13,nDCG,10,0.5087403079104241
MovieLens100K,ItemKNN,omnirec.runner.algos.LensKit,13,nDCG,10,0.3712675293763698
MovieLens100K,ItemKNN,omnirec.runner.algos.LensKit,13,nDCG,10,0.2863459897524692
MovieLens100K,ItemKNN,omnirec.runner.algos.LensKit,13,nDCG,10,0.11305340175787204
MovieLens100K,ItemKNN,omnirec.runner.algos.LensKit,13,nDCG,10,0.4144299250118475
MovieLens100K,ItemKNN,omnirec.runner.algos.LensKit,13,nDCG,10,0.10633668103022986
MovieLens100K,ItemKNN,omnirec.runner.algos.LensKit,13,nDCG,10,0.21000823726012655
MovieLens100K,ItemKNN,omnirec.runner.algos.LensKit,13,nDCG,5,0.7227265726449519
MovieLens100K,ItemKNN,omnirec.runner.algos.LensKit,13,nDCG,10,0.4690000933206748
MovieLens100K,ItemKNN,omnirec.runner.algos.LensKit,13,nDCG,10,0.1736666713479918
MovieLens100K,ItemKNN,omnirec.runner.algos.LensKit,13,nDCG,10,0.13698471029831175
MovieLens100K,ItemKNN,omnirec.runner.algos.LensKit,13,nDCG,10,0.1175227747072427
MovieLens100K,ItemKNN,omnirec.runner.algos.LensKit,13,nDCG,5,0.7039180890341347
MovieLens100K,ItemKNN,omnirec.runner.algos.LensKit,13,nDCG,10,0.7039180890341347
MovieLens100K,ItemKNN,omnirec.runner.algos.LensKit,13,nDCG,10,0.10778915452451095
MovieLens100K,ItemKNN,omnirec.runner.algos.LensKit,13,nDCG,10,0.30919416469956
MovieLens100K,ItemKNN,omnirec.runner.algos.LensKit,13,nDCG,5,0.6131471927654584
MovieLens100K,ItemKNN,omnirec.runner.algos.LensKit,13,nDCG,10,0.6131471927654584
MovieLens100K,ItemKNN,omnirec.runner.algos.LensKit,13,nDCG,10,0.2591217516005785
MovieLens100K,ItemKNN,omnirec.runner.algos.LensKit,13,nDCG,10,0.3531437764338091
MovieLens100K,ItemKNN,omnirec.runner.algos.LensKit,13,nDCG,10,0.1681522864689108
MovieLens100K,ItemKNN,omnirec.runner.algos.LensKit,13,nDCG,10,0.17993148201117176
MovieLens100K,ItemKNN,omnirec.runner.algos.LensKit,13,nDCG,5,0.6366824387328317
MovieLens100K,ItemKNN,omnirec.runner.algos.LensKit,13,nDCG,10,0.6366824387328317
MovieLens100K,ItemKNN,omnirec.runner.algos.LensKit,13,nDCG,10,0.08372491399919348
MovieLens100K,ItemKNN,omnirec.runner.algos.LensKit,13,nDCG,10,0.3219505391887988
MovieLens100K,ItemKNN,omnirec.runner.algos.LensKit,13,nDCG,10,0.3833427799846345
MovieLens100K,ItemKNN,omnirec.runner.algos.LensKit,13,nDCG,10,0.09791292534996782
MovieLens100K,ItemKNN,omnirec.runner.algos.LensKit,13,nDCG,10,0.40348266660099286
MovieLens100K,ItemKNN,omnirec.runner.algos.LensKit,13,nDCG,10,0.38356636737133565
MovieLens100K,ItemKNN,omnirec.runner.algos.LensKit,13,nDCG,10,1.0
MovieLens100K,ItemKNN,omnirec.runner.algos.LensKit,13,nDCG,10,0.3416424081865622
MovieLens100K,ItemKNN,omnirec.runner.algos.LensKit,13,nDCG,10,0.10086747116627115
MovieLens100K,ItemKNN,omnirec.runner.algos.LensKit,13,nDCG,10,0.36005461457723403
MovieLens100K,ItemKNN,omnirec.runner.algos.LensKit,13,nDCG,5,0.3065735963827292
MovieLens100K,ItemKNN,omnirec.runner.algos.LensKit,13,nDCG,10,0.3065735963827292
MovieLens100K,ItemKNN,omnirec.runner.algos.LensKit,13,nDCG,10,0.2960819109658652
MovieLens100K,ItemKNN,omnirec.runner.algos.LensKit,13,nDCG,10,0.08274602130532004
MovieLens100K,ItemKNN,omnirec.runner.algos.LensKit,13,nDCG,10,0.41125017975367983
MovieLens100K,ItemKNN,omnirec.runner.algos.LensKit,13,nDCG,5,0.6164336326286644
MovieLens100K,ItemKNN,omnirec.runner.algos.LensKit,13,nDCG,10,0.40002324830925196
MovieLens100K,ItemKNN,omnirec.runner.algos.LensKit,13,nDCG,5,0.830419897363192
MovieLens100K,ItemKNN,omnirec.runner.algos.LensKit,13,nDCG,10,0.6083169141195838
MovieLens100K,ItemKNN,omnirec.runner.algos.LensKit,13,nDCG,10,0.1610425878239398
MovieLens100K,ItemKNN,omnirec.runner.algos.LensKit,13,nDCG,10,0.3465620753753259
MovieLens100K,MostPopular,omnirec.runner.algos.LensKit,13,nDCG,1,0.0
MovieLens100K,MostPopular,omnirec.runner.algos.LensKit,13,Precision,1,0.0
MovieLens100K,MostPopular,omnirec.runner.algos.LensKit,13,nDCG,5,0.21398626473452756
MovieLens100K,MostPopular,omnirec.runner.algos.LensKit,13,Precision,5,0.2
MovieLens100K,MostPopular,omnirec.runner.algos.LensKit,13,nDCG,10,0.13886244387355454
MovieLens100K,MostPopular,omnirec.runner.algos.LensKit,13,Precision,10,0.1
MovieLens100K,MostPopular,omnirec.runner.algos.LensKit,13,nDCG,5,0.0
MovieLens100K,MostPopular,omnirec.runner.algos.LensKit,13,Precision,5,0.0
MovieLens100K,MostPopular,omnirec.runner.algos.LensKit,13,nDCG,10,0.0
MovieLens100K,MostPopular,omnirec.runner.algos.LensKit,13,Precision,10,0.0
MovieLens100K,MostPopular,omnirec.runner.algos.LensKit,13,nDCG,5,0.14606834984270645
MovieLens100K,MostPopular,omnirec.runner.algos.LensKit,13,nDCG,10,0.09478836436955078
MovieLens100K,MostPopular,omnirec.runner.algos.LensKit,13,nDCG,1,1.0
MovieLens100K,MostPopular,omnirec.runner.algos.LensKit,13,Precision,1,1.0
MovieLens100K,MostPopular,omnirec.runner.algos.LensKit,13,nDCG,5,0.4703652827859579
MovieLens100K,MostPopular,omnirec.runner.algos.LensKit,13,Precision,5,0.4
MovieLens100K,MostPopular,omnirec.runner.algos.LensKit,13,nDCG,10,0.3507942974028176
MovieLens100K,MostPopular,omnirec.runner.algos.LensKit,13,Precision,10,0.2
MovieLens100K,MostPopular,omnirec.runner.algos.LensKit,13,nDCG,5,0.13120507751234178
MovieLens100K,MostPopular,omnirec.runner.algos.LensKit,13,nDCG,10,0.09092803061897885
MovieLens100K,MostPopular,omnirec.runner.algos.LensKit,13,nDCG,5,0.36005461457723403
MovieLens100K,MostPopular,omnirec.runner.algos.LensKit,13,nDCG,10,0.23365080824310533
MovieLens100K,MostPopular,omnirec.runner.algos.LensKit,13,nDCG,10,0.1478294909154526
MovieLens100K,MostPopular,omnirec.runner.algos.LensKit,13,nDCG,5,0.3391602052736161
MovieLens100K,MostPopular,omnirec.runner.algos.LensKit,13,nDCG,10,0.22009176629808017
MovieLens100K,MostPopular,omnirec.runner.algos.LensKit,13,nDCG,5,0.15101961822780524
MovieLens100K,MostPopular,omnirec.runner.algos.LensKit,13,nDCG,10,0.15101961822780524
MovieLens100K,MostPopular,omnirec.runner.algos.LensKit,13,nDCG,10,0.14201905717762703
MovieLens100K,MostPopular,omnirec.runner.algos.LensKit,13,nDCG,5,0.5087403079104241
MovieLens100K,MostPopular,omnirec.runner.algos.LensKit,13,nDCG,10,0.33013764944712026
MovieLens100K,MostPopular,omnirec.runner.algos.LensKit,13,nDCG,10,0.06943122193677727
MovieLens100K,MostPopular,omnirec.runner.algos.LensKit,13,nDCG,10,0.14606834984270645
MovieLens100K,MostPopular,omnirec.runner.algos.LensKit,13,nDCG,10,0.2934556883974402
MovieLens100K,MostPopular,omnirec.runner.algos.LensKit,13,nDCG,10,0.09109240322345807
MovieLens100K,MostPopular,omnirec.runner.algos.LensKit,13,nDCG,10,0.15642624200758548
MovieLens100K,MostPopular,omnirec.runner.algos.LensKit,13,nDCG,10,0.07945707943276742
MovieLens100K,MostPopular,omnirec.runner.algos.LensKit,13,nDCG,10,0.08514311764162098
MovieLens100K,MostPopular,omnirec.runner.algos.LensKit,13,nDCG,10,0.06362078819895171
MovieLens100K,MostPopular,omnirec.runner.algos.LensKit,13,nDCG,5,0.44149241373678083
MovieLens100K,MostPopular,omnirec.runner.algos.LensKit,13,nDCG,10,0.44149241373678083
MovieLens100K,MostPopular,omnirec.runner.algos.LensKit,13,nDCG,5,0.48522855511632257
MovieLens100K,MostPopular,omnirec.runner.algos.LensKit,13,nDCG,10,0.45197920403778075
MovieLens100K,MostPopular,omnirec.runner.algos.LensKit,13,Precision,10,0.3
MovieLens100K,MostPopular,omnirec.runner.algos.LensKit,13,nDCG,5,0.4144299250118475
MovieLens100K,MostPopular,omnirec.runner.algos.LensKit,13,nDCG,10,0.544556608342548
MovieLens100K,MostPopular,omnirec.runner.algos.LensKit,13,nDCG,10,0.1089364926177559
MovieLens100K,MostPopular,omnirec.runner.algos.LensKit,13,nDCG,10,0.1731866333482261
MovieLens100K,MostPopular,omnirec.runner.algos.LensKit,13,nDCG,5,0.16958010263680806
MovieLens100K,MostPopular,omnirec.runner.algos.LensKit,13,nDCG,10,0.17630010660342912
MovieLens100K,MostPopular,omnirec.runner.algos.LensKit,13,nDCG,10,0.3333333333333333
MovieLens100K,MostPopular,omnirec.runner.algos.LensKit,13,nDCG,10,0.07839826897867533
MovieLens100K,MostPopular,omnirec.runner.algos.LensKit,13,nDCG,10,0.3026024134988135
MovieLens100K,MostPopular,omnirec.runner.algos.LensKit,13,nDCG,5,0.19519002499605084
MovieLens100K,MostPopular,omnirec.runner.algos.LensKit,13,nDCG,10,0.19519002499605084
MovieLens100K,MostPopular,omnirec.runner.algos.LensKit,13,nDCG,10,0.2327059155688063
MovieLens100K,MostPopular,omnirec.runner.algos.LensKit,13,nDCG,10,0.15139734109601002
MovieLens100K,MostPopular,omnirec.runner.algos.LensKit,13,nDCG,10,0.14829723057014912
MovieLens100K,MostPopular,omnirec.runner.algos.LensKit,13,nDCG,10,0.11751610475642714
MovieLens100K,MostPopular,omnirec.runner.algos.LensKit,13,nDCG,10,0.07979453856244818
MovieLens100K,MostPopular,omnirec.runner.algos.LensKit,13,nDCG,10,0.0901000086523677
MovieLens100K,MostPopular,omnirec.runner.algos.LensKit,13,nDCG,10,0.07336392209936005
MovieLens100K,MostPopular,omnirec.runner.algos.LensKit,13,nDCG,5,0.6548086577531307
MovieLens100K,MostPopular,omnirec.runner.algos.LensKit,13,Precision,5,0.6
MovieLens100K,MostPopular,omnirec.runner.algos.LensKit,13,nDCG,10,0.424926013816671
MovieLens100K,MostPopular,omnirec.runner.algos.LensKit,13,nDCG,10,0.14279514403613733
MovieLens100K,MostPopular,omnirec.runner.algos.LensKit,13,nDCG,10,0.20248323207250624
MovieLens100K,MostPopular,omnirec.runner.algos.LensKit,13,nDCG,5,0.30078518014914984
MovieLens100K,MostPopular,omnirec.runner.algos.LensKit,13,nDCG,10,0.19518900079066107
MovieLens100K,MostPopular,omnirec.runner.algos.LensKit,13,nDCG,5,0.4468535299918563
MovieLens100K,MostPopular,omnirec.runner.algos.LensKit,13,nDCG,10,0.3096794135385218
MovieLens100K,MostPopular,omnirec.runner.algos.LensKit,13,nDCG,10,0.30523488393970116
MovieLens100K,MostPopular,omnirec.runner.algos.LensKit,13,nDCG,10,0.3391602052736161
MovieLens100K,MostPopular,omnirec.runner.algos.LensKit,13,nDCG,5,0.20210734650054757
MovieLens100K,MostPopular,omnirec.runner.algos.LensKit,13,nDCG,10,0.20210734650054757
MovieLens100K,MostPopular,omnirec.runner.algos.LensKit,13,nDCG,10,0.20438239758848611
MovieLens100K,MostPopular,omnirec.runner.algos.LensKit,13,nDCG,5,0.2960819109658652
MovieLens100K,MostPopular,omnirec.runner.algos.LensKit,13,nDCG,10,0.4441228664487979
MovieLens100K,MostPopular,omnirec.runner.algos.LensKit,13,nDCG,10,0.17198436893338082
MovieLens100K,MostPopular,omnirec.runner.algos.LensKit,13,nDCG,10,0.21840743681816419
MovieLens100K,MostPopular,omnirec.runner.algos.LensKit,13,nDCG,10,0.2984900352767555
MovieLens100K,MostPopular,omnirec.runner.algos.LensKit,13,nDCG,10,0.10209739512291163
MovieLens100K,MostPopular,omnirec.runner.algos.LensKit,13,nDCG,10,0.2917883373452058
MovieLens100K,MostPopular,omnirec.runner.algos.LensKit,13,nDCG,10,0.09785159463516042
MovieLens100K,MostPopular,omnirec.runner.algos.LensKit,13,nDCG,10,0.2816372027313761
MovieLens100K,MostPopular,omnirec.runner.algos.LensKit,13,Precision,10,0.4
MovieLens100K,MostPopular,omnirec.runner.algos.LensKit,13,nDCG,10,0.22119341301481266
MovieLens100K,MostPopular,omnirec.runner.algos.LensKit,13,nDCG,10,0.11004588314904008
MovieLens100K,MostPopular,omnirec.runner.algos.LensKit,13,nDCG,5,0.16812753627111746
MovieLens100K,MostPopular,omnirec.runner.algos.LensKit,13,nDCG,10,0.16812753627111746
MovieLens100K,MostPopular,omnirec.runner.algos.LensKit,13,nDCG,10,0.11838279295536293
MovieLens100K,MostPopular,omnirec.runner.algos.LensKit,13,nDCG,10,0.2529427027676571
MovieLens100K,MostPopular,omnirec.runner.algos.LensKit,13,nDCG,10,0.37326895379685443
MovieLens100K,MostPopular,omnirec.runner.algos.LensKit,13,nDCG,10,0.06794340091829076
MovieLens100K,MostPopular,omnirec.runner.algos.LensKit,13,nDCG,10,0.21398626473452756
MovieLens100K,MostPopular,omnirec.runner.algos.LensKit,13,nDCG,5,0.3903800499921017
MovieLens100K,MostPopular,omnirec.runner.algos.LensKit,13,nDCG,10,0.3903800499921017
MovieLens100K,MostPopular,omnirec.runner.algos.LensKit,13,nDCG,10,0.19325072687364162
MovieLens100K,MostPopular,omnirec.runner.algos.LensKit,13,nDCG,10,0.13012668333070054
MovieLens100K,MostPopular,omnirec.runner.algos.LensKit,13,nDCG,10,0.12987501165334076
MovieLens100K,MostPopular,omnirec.runner.algos.LensKit,13,nDCG,10,0.06625422345438903
MovieLens100K,MostPopular,omnirec.runner.algos.LensKit,13,nDCG,5,0.23463936301137822
MovieLens100K,MostPopular,omnirec.runner.algos.LensKit,13,nDCG,10,0.23463936301137822
MovieLens100K,MostPopular,omnirec.runner.algos.LensKit,13,nDCG,10,0.1635413866202963
MovieLens100K,MostPopular,omnirec.runner.algos.LensKit,13,nDCG,10,0.12647135138382856
MovieLens100K,MostPopular,omnirec.runner.algos.LensKit,13,nDCG,10,0.18457569677956817
MovieLens100K,MostPopular,omnirec.runner.algos.LensKit,13,nDCG,10,0.123151194370365
MovieLens100K,MostPopular,omnirec.runner.algos.LensKit,13,nDCG,10,0.13032376591037065
MovieLens100K,MostPopular,omnirec.runner.algos.LensKit,13,nDCG,10,0.15176219107803537
MovieLens100K,MostPopular,omnirec.runner.algos.LensKit,13,nDCG,10,0.29727159644205703
MovieLens100K,MostPopular,omnirec.runner.algos.LensKit,13,nDCG,10,0.1012286082123002
MovieLens100K,MostPopular,omnirec.runner.algos.LensKit,13,nDCG,10,0.13905617951077562
MovieLens100K,MostPopular,omnirec.runner.algos.LensKit,13,nDCG,5,0.8687949224876582
MovieLens100K,MostPopular,omnirec.runner.algos.LensKit,13,Precision,5,0.8
MovieLens100K,MostPopular,omnirec.runner.algos.LensKit,13,nDCG,10,0.5637884576902256
MovieLens100K,MostPopular,omnirec.runner.algos.LensKit,13,nDCG,10,0.15958907712489637
MovieLens100K,MostPopular,omnirec.runner.algos.LensKit,13,nDCG,10,0.14126697285982898
MovieLens100K,MostPopular,omnirec.runner.algos.LensKit,13,nDCG,10,0.1584091525685025
MovieLens100K,MostPopular,omnirec.runner.algos.LensKit,13,nDCG,10,0.1588714315372696
MovieLens100K,MostPopular,omnirec.runner.algos.LensKit,13,nDCG,10,0.24655055544758614
MovieLens100K,MostPopular,omnirec.runner.algos.LensKit,13,nDCG,10,0.24309789328476902
MovieLens100K,MostPopular,omnirec.runner.algos.LensKit,13,nDCG,10,0.2162406314884399
MovieLens100K,MostPopular,omnirec.runner.algos.LensKit,13,nDCG,10,0.17947710508581735
MovieLens100K,MostPopular,omnirec.runner.algos.LensKit,13,nDCG,10,0.28952298823485745
MovieLens100K,MostPopular,omnirec.runner.algos.LensKit,13,nDCG,10,0.3557772116892465
MovieLens100K,MostPopular,omnirec.runner.algos.LensKit,13,nDCG,10,0.4530643748551537
MovieLens100K,MostPopular,omnirec.runner.algos.LensKit,13,nDCG,10,0.3746661058764784
MovieLens100K,MostPopular,omnirec.runner.algos.LensKit,13,nDCG,5,0.5531464700081437
MovieLens100K,MostPopular,omnirec.runner.algos.LensKit,13,nDCG,10,0.42838543210841196
MovieLens100K,MostPopular,omnirec.runner.algos.LensKit,13,nDCG,5,0.27727342735504823
MovieLens100K,MostPopular,omnirec.runner.algos.LensKit,13,nDCG,10,0.24936270394794902
MovieLens100K,MostPopular,omnirec.runner.algos.LensKit,13,nDCG,5,0.6713860725233041
MovieLens100K,MostPopular,omnirec.runner.algos.LensKit,13,nDCG,10,0.6713860725233041
MovieLens100K,MostPopular,omnirec.runner.algos.LensKit,13,nDCG,10,0.3589542101716347
MovieLens100K,MostPopular,omnirec.runner.algos.LensKit,13,nDCG,10,0.28371255449703187
MovieLens100K,MostPopular,omnirec.runner.algos.LensKit,13,nDCG,10,0.16421958630632802
MovieLens100K,MostPopular,omnirec.runner.algos.LensKit,13,nDCG,10,0.11706259313796355
MovieLens100K,MostPopular,omnirec.runner.algos.LensKit,13,nDCG,5,0.639945385422766
MovieLens100K,MostPopular,omnirec.runner.algos.LensKit,13,nDCG,10,0.48864468918810133
MovieLens100K,MostPopular,omnirec.runner.algos.LensKit,13,nDCG,5,0.3156484524795145
MovieLens100K,MostPopular,omnirec.runner.algos.LensKit,13,nDCG,10,0.20483424751859086
MovieLens100K,MostPopular,omnirec.runner.algos.LensKit,13,nDCG,10,0.2520649403266671
MovieLens100K,MostPopular,omnirec.runner.algos.LensKit,13,nDCG,5,0.34519134224686937
MovieLens100K,MostPopular,omnirec.runner.algos.LensKit,13,nDCG,10,0.2973694836145356
MovieLens100K,MostPopular,omnirec.runner.algos.LensKit,13,nDCG,10,0.1849535222114937
MovieLens100K,MostPopular,omnirec.runner.algos.LensKit,13,nDCG,10,0.26687965254220064
MovieLens100K,MostPopular,omnirec.runner.algos.LensKit,13,nDCG,5,0.5147714448836774
MovieLens100K,MostPopular,omnirec.runner.algos.LensKit,13,nDCG,10,0.3340514446642156
MovieLens100K,MostPopular,omnirec.runner.algos.LensKit,13,nDCG,10,0.29062463495158997
MovieLens100K,MostPopular,omnirec.runner.algos.LensKit,13,nDCG,5,0.5855700749881525
MovieLens100K,MostPopular,omnirec.runner.algos.LensKit,13,nDCG,10,0.5855700749881525
MovieLens100K,MostPopular,omnirec.runner.algos.LensKit,13,nDCG,10,0.2476427880871277
MovieLens100K,MostPopular,omnirec.runner.algos.LensKit,13,nDCG,5,0.4912596920895758
MovieLens100K,MostPopular,omnirec.runner.algos.LensKit,13,nDCG,10,0.382414714083678
MovieLens100K,MostPopular,omnirec.runner.algos.LensKit,13,nDCG,5,1.0
MovieLens100K,MostPopular,omnirec.runner.algos.LensKit,13,Precision,5,1.0
MovieLens100K,MostPopular,omnirec.runner.algos.LensKit,13,nDCG,10,0.6489315753318465
MovieLens100K,MostPopular,omnirec.runner.algos.LensKit,13,Precision,10,0.5
MovieLens100K,MostPopular,omnirec.runner.algos.LensKit,13,nDCG,5,0.24630238874073
MovieLens100K,MostPopular,omnirec.runner.algos.LensKit,13,nDCG,10,0.24630238874073
MovieLens100K,MostPopular,omnirec.runner.algos.LensKit,13,nDCG,10,0.39767223286316733
MovieLens100K,MostPopular,omnirec.runner.algos.LensKit,13,nDCG,5,0.6992148198508501
MovieLens100K,MostPopular,omnirec.runner.algos.LensKit,13,nDCG,10,0.4537425745411855
MovieLens100K,MostPopular,omnirec.runner.algos.LensKit,13,nDCG,10,0.2350455494144854
MovieLens100K,MostPopular,omnirec.runner.algos.LensKit,13,nDCG,10,0.44830398990253034
MovieLens100K,MostPopular,omnirec.runner.algos.LensKit,13,nDCG,10,0.31488013066763093
MovieLens100K,MostPopular,omnirec.runner.algos.LensKit,13,nDCG,10,0.11284514134893527
MovieLens100K,MostPopular,omnirec.runner.algos.LensKit,13,nDCG,5,0.38356636737133565
MovieLens100K,MostPopular,omnirec.runner.algos.LensKit,13,nDCG,10,0.3787833386759354
MovieLens100K,MostPopular,omnirec.runner.algos.LensKit,13,nDCG,10,0.13120507751234178
MovieLens100K,MostPopular,omnirec.runner.algos.LensKit,13,nDCG,10,0.16958010263680806
MovieLens100K,MostPopular,omnirec.runner.algos.LensKit,13,nDCG,10,0.08431423425588572
MovieLens100K,MostPopular,omnirec.runner.algos.LensKit,13,nDCG,10,0.13305201013572898
MovieLens100K,MostPopular,omnirec.runner.algos.LensKit,13,nDCG,10,0.1884441521277154
MovieLens100K,MostPopular,omnirec.runner.algos.LensKit,13,nDCG,5,0.18154179253735267
MovieLens100K,MostPopular,omnirec.runner.algos.LensKit,13,nDCG,10,0.18154179253735267
MovieLens100K,MostPopular,omnirec.runner.algos.LensKit,13,nDCG,10,0.2032389337527008
MovieLens100K,MostPopular,omnirec.runner.algos.LensKit,13,nDCG,10,0.15850703974098102
MovieLens100K,MostPopular,omnirec.runner.algos.LensKit,13,nDCG,10,0.18827853542832335
MovieLens100K,MostPopular,omnirec.runner.algos.LensKit,13,nDCG,10,0.19958818982773852
MovieLens100K,MostPopular,omnirec.runner.algos.LensKit,13,nDCG,10,0.13961814555374907
MovieLens100K,MostPopular,omnirec.runner.algos.LensKit,13,nDCG,10,0.09546043308946735
MovieLens100K,MostPopular,omnirec.runner.algos.LensKit,13,nDCG,5,0.46927872602275644
MovieLens100K,MostPopular,omnirec.runner.algos.LensKit,13,nDCG,10,0.46927872602275644
MovieLens100K,MostPopular,omnirec.runner.algos.LensKit,13,nDCG,10,0.24952583878244933
MovieLens100K,MostPopular,omnirec.runner.algos.LensKit,13,nDCG,10,0.23758350840568812
MovieLens100K,MostPopular,omnirec.runner.algos.LensKit,13,nDCG,10,0.37850091886658266
MovieLens100K,MostPopular,omnirec.runner.algos.LensKit,13,nDCG,10,0.09803928583135704
MovieLens100K,MostPopular,omnirec.runner.algos.LensKit,13,nDCG,10,0.26462022272743835
MovieLens100K,MostPopular,omnirec.runner.algos.LensKit,13,nDCG,10,0.2426178552850034
MovieLens100K,MostPopular,omnirec.runner.algos.LensKit,13,nDCG,10,0.21726071285222986
MovieLens100K,MostPopular,omnirec.runner.algos.LensKit,13,nDCG,10,0.3010299956639812
MovieLens100K,MostPopular,omnirec.runner.algos.LensKit,13,nDCG,10,0.2530614822099702
MovieLens100K,MostPopular,omnirec.runner.algos.LensKit,13,nDCG,10,0.2051166673279436
MovieLens100K,MostPopular,omnirec.runner.algos.LensKit,13,nDCG,10,0.3071686621074187
MovieLens100K,MostPopular,omnirec.runner.algos.LensKit,13,nDCG,10,0.33725693702354287
MovieLens100K,MostPopular,omnirec.runner.algos.LensKit,13,nDCG,10,0.18340980524840012
MovieLens100K,MostPopular,omnirec.runner.algos.LensKit,13,nDCG,10,0.33273724133010535
MovieLens100K,MostPopular,omnirec.runner.algos.LensKit,13,nDCG,5,0.23719771276929622
MovieLens100K,MostPopular,omnirec.runner.algos.LensKit,13,nDCG,10,0.23719771276929622
MovieLens100K,MostPopular,omnirec.runner.algos.LensKit,13,nDCG,10,0.08671382849411974
MovieLens100K,MostPopular,omnirec.runner.algos.LensKit,13,nDCG,10,0.10699313236726378
MovieLens100K,MostPopular,omnirec.runner.algos.LensKit,13,nDCG,10,0.13568544539116628
MovieLens100K,MostPopular,omnirec.runner.algos.LensKit,13,nDCG,10,0.4125317798925535
MovieLens100K,MostPopular,omnirec.runner.algos.LensKit,13,nDCG,10,0.5087403079104241
MovieLens100K,MostPopular,omnirec.runner.algos.LensKit,13,nDCG,10,0.3712675293763698
MovieLens100K,MostPopular,omnirec.runner.algos.LensKit,13,nDCG,10,0.2863459897524692
MovieLens100K,MostPopular,omnirec.runner.algos.LensKit,13,nDCG,10,0.11305340175787204
MovieLens100K,MostPopular,omnirec.runner.algos.LensKit,13,nDCG,10,0.4144299250118475
MovieLens100K,MostPopular,omnirec.runner.algos.LensKit,13,nDCG,10,0.10633668103022986
MovieLens100K,MostPopular,omnirec.runner.algos.LensKit,13,nDCG,10,0.21000823726012655
MovieLens100K,MostPopular,omnirec.runner.algos.LensKit,13,nDCG,5,0.7227265726449519
MovieLens100K,MostPopular,omnirec.runner.algos.LensKit,13,nDCG,10,0.4690000933206748
MovieLens100K,MostPopular,omnirec.runner.algos.LensKit,13,nDCG,10,0.1736666713479918
MovieLens100K,MostPopular,omnirec.runner.algos.LensKit,13,nDCG,10,0.13698471029831175
MovieLens100K,MostPopular,omnirec.runner.algos.LensKit,13,nDCG,10,0.1175227747072427
MovieLens100K,MostPopular,omnirec.runner.algos.LensKit,13,nDCG,5,0.7039180890341347
MovieLens100K,MostPopular,omnirec.runner.algos.LensKit,13,nDCG,10,0.7039180890341347
MovieLens100K,MostPopular,omnirec.runner.algos.LensKit,13,nDCG,10,0.10778915452451095
MovieLens100K,MostPopular,omnirec.runner.algos.LensKit,13,nDCG,10,0.30919416469956
MovieLens100K,MostPopular,omnirec.runner.algos.LensKit,13,nDCG,5,0.6131471927654584
MovieLens100K,MostPopular,omnirec.runner.algos.LensKit,13,nDCG,10,0.6131471927654584
MovieLens100K,MostPopular,omnirec.runner.algos.LensKit,13,nDCG,10,0.2591217516005785
MovieLens100K,MostPopular,omnirec.runner.algos.LensKit,13,nDCG,10,0.3531437764338091
MovieLens100K,MostPopular,omnirec.runner.algos.LensKit,13,nDCG,10,0.1681522864689108
MovieLens100K,MostPopular,omnirec.runner.algos.LensKit,13,nDCG,10,0.17993148201117176
MovieLens100K,MostPopular,omnirec.runner.algos.LensKit,13,nDCG,5,0.6366824387328317
MovieLens100K,MostPopular,omnirec.runner.algos.LensKit,13,nDCG,10,0.6366824387328317
MovieLens100K,MostPopular,omnirec.runner.algos.LensKit,13,nDCG,10,0.08372491399919348
MovieLens100K,MostPopular,omnirec.runner.algos.LensKit,13,nDCG,10,0.3219505391887988
MovieLens100K,MostPopular,omnirec.runner.algos.LensKit,13,nDCG,10,0.3833427799846345
MovieLens100K,MostPopular,omnirec.runner.algos.LensKit,13,nDCG,10,0.09791292534996782
MovieLens100K,MostPopular,omnirec.runner.algos.LensKit,13,nDCG,10,0.40348266660099286
MovieLens100K,MostPopular,omnirec.runner.algos.LensKit,13,nDCG,10,0.38356636737133565
MovieLens100K,MostPopular,omnirec.runner.algos.LensKit,13,nDCG,10,1.0
MovieLens100K,MostPopular,omnirec.runner.algos.LensKit,13,nDCG,10,0.3416424081865622
MovieLens100K,MostPopular,omnirec.runner.algos.LensKit,13,nDCG,10,0.10086747116627115
MovieLens100K,MostPopular,omnirec.runner.algos.LensKit,13,nDCG,10,0.36005461457723403
MovieLens100K,MostPopular,omnirec.runner.algos.LensKit,13,nDCG,5,0.3065735963827292
MovieLens100K,MostPopular,omnirec.runner.algos.LensKit,13,nDCG,10,0.3065735963827292
MovieLens100K,MostPopular,omnirec.runner.algos.LensKit,13,nDCG,10,0.2960819109658652
MovieLens100K,MostPopular,omnirec.runner.algos.LensKit,13,nDCG,10,0.08274602130532004
MovieLens100K,MostPopular,omnirec.runner.algos.LensKit,13,nDCG,10,0.41125017975367983
MovieLens100K,MostPopular,omnirec.runner.algos.LensKit,13,nDCG,5,0.6164336326286644
MovieLens100K,MostPopular,omnirec.runner.algos.LensKit,13,nDCG,10,0.40002324830925196
MovieLens100K,MostPopular,omnirec.runner.algos.LensKit,13,nDCG,5,0.830419897363192
MovieLens100K,MostPopular,omnirec.runner.algos.LensKit,13,nDCG,10,0.6083169141195838
MovieLens100K,MostPopular,omnirec.runner.algos.LensKit,13,nDCG,10,0.1610425878239398
MovieLens100K,MostPopular,omnirec.runner.algos.LensKit,13,nDCG,10,0.3465620753753259
MovieLens100K,ALS,omnirec.runner.algos.LensKit,29,nDCG,1,1.0
MovieLens100K,ALS,omnirec.runner.algos.LensKit,29,Precision,1,1.0
MovieLens100K,ALS,omnirec.runner.algos.LensKit,29,nDCG,5,0.6164336326286644
MovieLens100K,ALS,omnirec.runner.algos.LensKit,29,Precision,5,0.6
MovieLens100K,ALS,omnirec.runner.algos.LensKit,29,nDCG,10,0.47842151728792726
MovieLens100K,ALS,omnirec.runner.algos.LensKit,29,Precision,10,0.4
MovieLens100K,ALS,omnirec.runner.algos.LensKit,29,nDCG,1,0.0
MovieLens100K,ALS,omnirec.runner.algos.LensKit,29,Precision,1,0.0
MovieLens100K,ALS,omnirec.runner.algos.LensKit,29,nDCG,5,0.21398626473452756
MovieLens100K,ALS,omnirec.runner.algos.LensKit,29,Precision,5,0.2
MovieLens100K,ALS,omnirec.runner.algos.LensKit,29,nDCG,10,0.24968908577726404
MovieLens100K,ALS,omnirec.runner.algos.LensKit,29,Precision,10,0.2
MovieLens100K,ALS,omnirec.runner.algos.LensKit,29,nDCG,5,0.0
MovieLens100K,ALS,omnirec.runner.algos.LensKit,29,Precision,5,0.0
MovieLens100K,ALS,omnirec.runner.algos.LensKit,29,nDCG,10,0.0
MovieLens100K,ALS,omnirec.runner.algos.LensKit,29,Precision,10,0.0
MovieLens100K,ALS,omnirec.runner.algos.LensKit,29,nDCG,5,0.15101961822780524
MovieLens100K,ALS,omnirec.runner.algos.LensKit,29,nDCG,10,0.15101961822780524
MovieLens100K,ALS,omnirec.runner.algos.LensKit,29,Precision,10,0.1
MovieLens100K,ALS,omnirec.runner.algos.LensKit,29,nDCG,5,0.16958010263680806
MovieLens100K,ALS,omnirec.runner.algos.LensKit,29,nDCG,10,0.11004588314904008
MovieLens100K,ALS,omnirec.runner.algos.LensKit,29,nDCG,5,0.3391602052736161
MovieLens100K,ALS,omnirec.runner.algos.LensKit,29,nDCG,10,0.3499667779514209
MovieLens100K,ALS,omnirec.runner.algos.LensKit,29,Precision,10,0.3
MovieLens100K,ALS,omnirec.runner.algos.LensKit,29,nDCG,5,0.14606834984270645
MovieLens100K,ALS,omnirec.runner.algos.LensKit,29,nDCG,10,0.1990365012701236
MovieLens100K,ALS,omnirec.runner.algos.LensKit,29,nDCG,10,0.06625422345438903
MovieLens100K,ALS,omnirec.runner.algos.LensKit,29,nDCG,5,0.48522855511632257
MovieLens100K,ALS,omnirec.runner.algos.LensKit,29,Precision,5,0.4
MovieLens100K,ALS,omnirec.runner.algos.LensKit,29,nDCG,10,0.33627415762678564
MovieLens100K,ALS,omnirec.runner.algos.LensKit,29,nDCG,10,0.1884441521277154
MovieLens100K,ALS,omnirec.runner.algos.LensKit,29,nDCG,10,0.09478836436955078
MovieLens100K,ALS,omnirec.runner.algos.LensKit,29,nDCG,10,0.2529427027676571
MovieLens100K,ALS,omnirec.runner.algos.LensKit,29,nDCG,10,0.12987501165334076
MovieLens100K,ALS,omnirec.runner.algos.LensKit,29,nDCG,10,0.19342640361727081
MovieLens100K,ALS,omnirec.runner.algos.LensKit,29,nDCG,10,0.23440650992329987
MovieLens100K,ALS,omnirec.runner.algos.LensKit,29,nDCG,5,0.23719771276929622
MovieLens100K,ALS,omnirec.runner.algos.LensKit,29,nDCG,10,0.23719771276929622
MovieLens100K,ALS,omnirec.runner.algos.LensKit,29,nDCG,10,0.07839826897867533
MovieLens100K,ALS,omnirec.runner.algos.LensKit,29,nDCG,5,0.38356636737133565
MovieLens100K,ALS,omnirec.runner.algos.LensKit,29,nDCG,10,0.2489083270225946
MovieLens100K,ALS,omnirec.runner.algos.LensKit,29,nDCG,5,0.13120507751234178
MovieLens100K,ALS,omnirec.runner.algos.LensKit,29,nDCG,10,0.15850703974098102
MovieLens100K,ALS,omnirec.runner.algos.LensKit,29,nDCG,5,0.38685280723454163
MovieLens100K,ALS,omnirec.runner.algos.LensKit,29,nDCG,10,0.38685280723454163
MovieLens100K,ALS,omnirec.runner.algos.LensKit,29,nDCG,5,0.36005461457723403
MovieLens100K,ALS,omnirec.runner.algos.LensKit,29,nDCG,10,0.23365080824310533
MovieLens100K,ALS,omnirec.runner.algos.LensKit,29,nDCG,10,0.11305340175787204
MovieLens100K,ALS,omnirec.runner.algos.LensKit,29,nDCG,10,0.15130120674940675
MovieLens100K,ALS,omnirec.runner.algos.LensKit,29,nDCG,5,0.3903800499921017
MovieLens100K,ALS,omnirec.runner.algos.LensKit,29,nDCG,10,0.3903800499921017
MovieLens100K,ALS,omnirec.runner.algos.LensKit,29,nDCG,10,0.07945707943276742
MovieLens100K,ALS,omnirec.runner.algos.LensKit,29,nDCG,10,0.08274602130532004
MovieLens100K,ALS,omnirec.runner.algos.LensKit,29,nDCG,10,0.06943122193677727
MovieLens100K,ALS,omnirec.runner.algos.LensKit,29,nDCG,5,0.30078518014914984
MovieLens100K,ALS,omnirec.runner.algos.LensKit,29,nDCG,10,0.19518900079066107
MovieLens100K,ALS,omnirec.runner.algos.LensKit,29,nDCG,10,0.1208113026994942
MovieLens100K,ALS,omnirec.runner.algos.LensKit,29,nDCG,10,0.13905617951077562
MovieLens100K,ALS,omnirec.runner.algos.LensKit,29,nDCG,5,0.18154179253735267
MovieLens100K,ALS,omnirec.runner.algos.LensKit,29,nDCG,10,0.18154179253735267
MovieLens100K,ALS,omnirec.runner.algos.LensKit,29,nDCG,10,0.12647135138382856
MovieLens100K,ALS,omnirec.runner.algos.LensKit,29,nDCG,10,0.13886244387355454
MovieLens100K,ALS,omnirec.runner.algos.LensKit,29,nDCG,5,0.16812753627111746
MovieLens100K,ALS,omnirec.runner.algos.LensKit,29,nDCG,10,0.16812753627111746
MovieLens100K,ALS,omnirec.runner.algos.LensKit,29,nDCG,5,0.5706417189553201
MovieLens100K,ALS,omnirec.runner.algos.LensKit,29,nDCG,10,0.5706417189553201
MovieLens100K,ALS,omnirec.runner.algos.LensKit,29,nDCG,5,0.5087403079104241
MovieLens100K,ALS,omnirec.runner.algos.LensKit,29,nDCG,10,0.33013764944712026
MovieLens100K,ALS,omnirec.runner.algos.LensKit,29,nDCG,10,0.06362078819895171
MovieLens100K,ALS,omnirec.runner.algos.LensKit,29,nDCG,10,0.3794140541514857
MovieLens100K,ALS,omnirec.runner.algos.LensKit,29,nDCG,10,0.3531437764338091
MovieLens100K,ALS,omnirec.runner.algos.LensKit,29,nDCG,10,0.32703966649239957
MovieLens100K,ALS,omnirec.runner.algos.LensKit,29,nDCG,10,0.08431423425588572
MovieLens100K,ALS,omnirec.runner.algos.LensKit,29,nDCG,10,0.1478294909154526
MovieLens100K,ALS,omnirec.runner.algos.LensKit,29,nDCG,10,0.1681522864689108
MovieLens100K,ALS,omnirec.runner.algos.LensKit,29,nDCG,10,0.18340980524840012
MovieLens100K,ALS,omnirec.runner.algos.LensKit,29,nDCG,10,0.2578753740644927
MovieLens100K,ALS,omnirec.runner.algos.LensKit,29,nDCG,10,0.2700199064638124
MovieLens100K,ALS,omnirec.runner.algos.LensKit,29,nDCG,5,0.6843515475204855
MovieLens100K,ALS,omnirec.runner.algos.LensKit,29,nDCG,10,0.5077181160122074
MovieLens100K,ALS,omnirec.runner.algos.LensKit,29,nDCG,10,0.14126697285982898
MovieLens100K,ALS,omnirec.runner.algos.LensKit,29,nDCG,10,0.07979453856244818
MovieLens100K,ALS,omnirec.runner.algos.LensKit,29,nDCG,5,0.46927872602275644
MovieLens100K,ALS,omnirec.runner.algos.LensKit,29,nDCG,10,0.46927872602275644
MovieLens100K,ALS,omnirec.runner.algos.LensKit,29,nDCG,10,0.28952298823485745
MovieLens100K,ALS,omnirec.runner.algos.LensKit,29,nDCG,10,0.13012668333070054
MovieLens100K,ALS,omnirec.runner.algos.LensKit,29,nDCG,10,0.3932783996463063
MovieLens100K,ALS,omnirec.runner.algos.LensKit,29,nDCG,10,0.0901000086523677
MovieLens100K,ALS,omnirec.runner.algos.LensKit,29,nDCG,10,0.15139734109601002
MovieLens100K,ALS,omnirec.runner.algos.LensKit,29,nDCG,10,0.3295827480202853
MovieLens100K,ALS,omnirec.runner.algos.LensKit,29,nDCG,10,0.14829723057014912
MovieLens100K,ALS,omnirec.runner.algos.LensKit,29,nDCG,10,0.08372491399919348
MovieLens100K,ALS,omnirec.runner.algos.LensKit,29,nDCG,5,0.27727342735504823
MovieLens100K,ALS,omnirec.runner.algos.LensKit,29,nDCG,10,0.2532954041105318
MovieLens100K,ALS,omnirec.runner.algos.LensKit,29,nDCG,10,0.40350157154648025
MovieLens100K,ALS,omnirec.runner.algos.LensKit,29,nDCG,10,0.11706259313796355
MovieLens100K,ALS,omnirec.runner.algos.LensKit,29,nDCG,10,0.22664574704164425
MovieLens100K,ALS,omnirec.runner.algos.LensKit,29,nDCG,5,0.4703652827859579
MovieLens100K,ALS,omnirec.runner.algos.LensKit,29,nDCG,10,0.5264282969545138
MovieLens100K,ALS,omnirec.runner.algos.LensKit,29,Precision,10,0.5
MovieLens100K,ALS,omnirec.runner.algos.LensKit,29,nDCG,10,0.38113435412201996
MovieLens100K,ALS,omnirec.runner.algos.LensKit,29,nDCG,10,0.18457569677956817
MovieLens100K,ALS,omnirec.runner.algos.LensKit,29,nDCG,10,0.3391602052736161
MovieLens100K,ALS,omnirec.runner.algos.LensKit,29,nDCG,10,0.20438239758848611
MovieLens100K,ALS,omnirec.runner.algos.LensKit,29,nDCG,10,0.08671382849411974
MovieLens100K,ALS,omnirec.runner.algos.LensKit,29,nDCG,10,0.48522855511632257
MovieLens100K,ALS,omnirec.runner.algos.LensKit,29,nDCG,5,0.5531464700081437
MovieLens100K,ALS,omnirec.runner.algos.LensKit,29,nDCG,10,0.43231813227099475
MovieLens100K,ALS,omnirec.runner.algos.LensKit,29,nDCG,10,0.15958907712489637
MovieLens100K,ALS,omnirec.runner.algos.LensKit,29,nDCG,10,0.1610425878239398
MovieLens100K,ALS,omnirec.runner.algos.LensKit,29,nDCG,10,0.16927654709047396
MovieLens100K,ALS,omnirec.runner.algos.LensKit,29,nDCG,5,0.23463936301137822
MovieLens100K,ALS,omnirec.runner.algos.LensKit,29,nDCG,10,0.23463936301137822
MovieLens100K,ALS,omnirec.runner.algos.LensKit,29,nDCG,10,0.31833954895937183
MovieLens100K,ALS,omnirec.runner.algos.LensKit,29,nDCG,10,0.07834851647149513
MovieLens100K,ALS,omnirec.runner.algos.LensKit,29,nDCG,10,0.21398626473452756
MovieLens100K,ALS,omnirec.runner.algos.LensKit,29,nDCG,10,0.5289638450374726
MovieLens100K,ALS,omnirec.runner.algos.LensKit,29,nDCG,10,0.44793214080335997
MovieLens100K,ALS,omnirec.runner.algos.LensKit,29,nDCG,10,0.1731866333482261
MovieLens100K,ALS,omnirec.runner.algos.LensKit,29,nDCG,10,0.40179981797758046
MovieLens100K,ALS,omnirec.runner.algos.LensKit,29,nDCG,10,0.3647442587311445
MovieLens100K,ALS,omnirec.runner.algos.LensKit,29,nDCG,10,0.07336392209936005
MovieLens100K,ALS,omnirec.runner.algos.LensKit,29,nDCG,5,0.3156484524795145
MovieLens100K,ALS,omnirec.runner.algos.LensKit,29,nDCG,10,0.28323251649726616
MovieLens100K,ALS,omnirec.runner.algos.LensKit,29,nDCG,10,0.1487639058405727
MovieLens100K,ALS,omnirec.runner.algos.LensKit,29,nDCG,10,0.09803928583135704
MovieLens100K,ALS,omnirec.runner.algos.LensKit,29,nDCG,10,0.19796212533499347
MovieLens100K,ALS,omnirec.runner.algos.LensKit,29,nDCG,10,0.2934556883974402
MovieLens100K,ALS,omnirec.runner.algos.LensKit,29,nDCG,10,0.22009176629808017
MovieLens100K,ALS,omnirec.runner.algos.LensKit,29,nDCG,10,0.199306233590118
MovieLens100K,ALS,omnirec.runner.algos.LensKit,29,nDCG,10,0.5112590391895956
MovieLens100K,ALS,omnirec.runner.algos.LensKit,29,nDCG,10,0.2082936658103318
MovieLens100K,ALS,omnirec.runner.algos.LensKit,29,nDCG,10,0.3525683241217281
MovieLens100K,ALS,omnirec.runner.algos.LensKit,29,nDCG,10,0.4205117250400189
MovieLens100K,ALS,omnirec.runner.algos.LensKit,29,nDCG,10,0.20248323207250624
MovieLens100K,ALS,omnirec.runner.algos.LensKit,29,nDCG,10,0.14606834984270645
MovieLens100K,ALS,omnirec.runner.algos.LensKit,29,nDCG,10,0.10633668103022986
MovieLens100K,ALS,omnirec.runner.algos.LensKit,29,nDCG,10,0.13568544539116628
MovieLens100K,ALS,omnirec.runner.algos.LensKit,29,nDCG,10,0.07075576072108063
MovieLens100K,ALS,omnirec.runner.algos.LensKit,29,nDCG,10,0.3746661058764784
MovieLens100K,ALS,omnirec.runner.algos.LensKit,29,nDCG,10,0.15176219107803537
MovieLens100K,ALS,omnirec.runner.algos.LensKit,29,nDCG,10,0.2684550357175426
MovieLens100K,ALS,omnirec.runner.algos.LensKit,29,nDCG,10,0.3222722491219547
MovieLens100K,ALS,omnirec.runner.algos.LensKit,29,nDCG,10,0.3308744461818274
MovieLens100K,ALS,omnirec.runner.algos.LensKit,29,nDCG,10,0.1635413866202963
MovieLens100K,ALS,omnirec.runner.algos.LensKit,29,nDCG,10,0.3379841448267984
MovieLens100K,ALS,omnirec.runner.algos.LensKit,29,nDCG,10,0.39375843764607193
MovieLens100K,ALS,omnirec.runner.algos.LensKit,29,nDCG,10,0.08514311764162098
MovieLens100K,ALS,omnirec.runner.algos.LensKit,29,nDCG,10,0.29062463495158997
MovieLens100K,ALS,omnirec.runner.algos.LensKit,29,nDCG,5,0.24630238874073
MovieLens100K,ALS,omnirec.runner.algos.LensKit,29,nDCG,10,0.24630238874073
MovieLens100K,ALS,omnirec.runner.algos.LensKit,29,nDCG,10,0.3963918729015093
MovieLens100K,ALS,omnirec.runner.algos.LensKit,29,nDCG,10,0.2984900352767555
MovieLens100K,ALS,omnirec.runner.algos.LensKit,29,nDCG,10,0.2758471541718663
MovieLens100K,ALS,omnirec.runner.algos.LensKit,29,nDCG,10,0.42520843362602373
MovieLens100K,ALS,omnirec.runner.algos.LensKit,29,nDCG,10,0.10209739512291163
MovieLens100K,ALS,omnirec.runner.algos.LensKit,29,nDCG,10,0.30523488393970116
MovieLens100K,ALS,omnirec.runner.algos.LensKit,29,nDCG,10,0.13565197343244778
MovieLens100K,ALS,omnirec.runner.algos.LensKit,29,nDCG,10,0.2542087814707016
MovieLens100K,ALS,omnirec.runner.algos.LensKit,29,nDCG,10,0.14465249243306436
MovieLens100K,ALS,omnirec.runner.algos.LensKit,29,nDCG,10,0.123151194370365
MovieLens100K,ALS,omnirec.runner.algos.LensKit,29,nDCG,10,0.2835149363066189
MovieLens100K,ALS,omnirec.runner.algos.LensKit,29,nDCG,10,0.1736666713479918
MovieLens100K,ALS,omnirec.runner.algos.LensKit,29,nDCG,5,0.7227265726449519
MovieLens100K,ALS,omnirec.runner.algos.LensKit,29,nDCG,10,0.5857421563596759
MovieLens100K,ALS,omnirec.runner.algos.LensKit,29,nDCG,10,0.25469837558210445
MovieLens100K,ALS,omnirec.runner.algos.LensKit,29,nDCG,10,0.09791292534996782
MovieLens100K,ALS,omnirec.runner.algos.LensKit,29,nDCG,10,0.5087403079104241
MovieLens100K,ALS,omnirec.runner.algos.LensKit,29,nDCG,10,0.15166831491748423
MovieLens100K,ALS,omnirec.runner.algos.LensKit,29,nDCG,10,0.4690000933206748
MovieLens100K,ALS,omnirec.runner.algos.LensKit,29,nDCG,10,0.3787833386759354
MovieLens100K,ALS,omnirec.runner.algos.LensKit,29,nDCG,10,0.10699313236726378
MovieLens100K,ALS,omnirec.runner.algos.LensKit,29,nDCG,10,0.3026024134988135
MovieLens100K,ALS,omnirec.runner.algos.LensKit,29,nDCG,10,0.2187513829195429
MovieLens100K,ALS,omnirec.runner.algos.LensKit,29,nDCG,10,0.30701473034246535
MovieLens100K,ALS,omnirec.runner.algos.LensKit,29,nDCG,10,0.14279514403613733
MovieLens100K,ALS,omnirec.runner.algos.LensKit,29,nDCG,10,0.09785159463516042
MovieLens100K,ALS,omnirec.runner.algos.LensKit,29,nDCG,10,0.1879516032875281
MovieLens100K,ALS,omnirec.runner.algos.LensKit,29,nDCG,10,0.17993148201117176
MovieLens100K,ALS,omnirec.runner.algos.LensKit,29,nDCG,10,0.1480409554829326
MovieLens100K,ALS,omnirec.runner.algos.LensKit,29,nDCG,10,0.17630010660342912
MovieLens100K,ALS,omnirec.runner.algos.LensKit,29,nDCG,10,0.14926017916129347
MovieLens100K,ALS,omnirec.runner.algos.LensKit,29,nDCG,10,0.3125291152215463
MovieLens100K,ALS,omnirec.runner.algos.LensKit,29,nDCG,10,0.21222636597291458
MovieLens100K,ALS,omnirec.runner.algos.LensKit,29,nDCG,10,0.13305201013572898
MovieLens100K,ALS,omnirec.runner.algos.LensKit,29,nDCG,10,0.27487633291429087
MovieLens100K,ALS,omnirec.runner.algos.LensKit,29,nDCG,10,0.09162544430476362
MovieLens100K,ALS,omnirec.runner.algos.LensKit,29,nDCG,10,0.23992089480238082
MovieLens100K,ALS,omnirec.runner.algos.LensKit,29,nDCG,10,0.34870224750355494
MovieLens100K,ALS,omnirec.runner.algos.LensKit,29,nDCG,10,0.10778915452451095
MovieLens100K,ALS,omnirec.runner.algos.LensKit,29,nDCG,5,0.2960819109658652
MovieLens100K,ALS,omnirec.runner.algos.LensKit,29,nDCG,10,0.2960819109658652
MovieLens100K,ALS,omnirec.runner.algos.LensKit,29,nDCG,10,0.1012286082123002
MovieLens100K,ALS,omnirec.runner.algos.LensKit,29,nDCG,10,0.2051166673279436
MovieLens100K,ALS,omnirec.runner.algos.LensKit,29,nDCG,10,0.21905299129122976
MovieLens100K,ALS,omnirec.runner.algos.LensKit,29,nDCG,10,0.1930505095243496
MovieLens100K,ALS,omnirec.runner.algos.LensKit,29,nDCG,10,0.1089364926177559
MovieLens100K,ALS,omnirec.runner.algos.LensKit,29,nDCG,10,0.13120507751234178
MovieLens100K,ALS,omnirec.runner.algos.LensKit,29,nDCG,10,0.3476293915547282
MovieLens100K,ALS,omnirec.runner.algos.LensKit,29,nDCG,10,0.32730659600126993
MovieLens100K,ALS,omnirec.runner.algos.LensKit,29,nDCG,10,0.419665006636777
MovieLens100K,ALS,omnirec.runner.algos.LensKit,29,nDCG,10,0.09092803061897885
MovieLens100K,ALS,omnirec.runner.algos.LensKit,29,nDCG,10,0.40002324830925196
MovieLens100K,ALS,omnirec.runner.algos.LensKit,29,nDCG,10,0.45221360703148816
MovieLens100K,ALS,omnirec.runner.algos.LensKit,29,nDCG,10,0.13743816645714543
MovieLens100K,ALS,omnirec.runner.algos.LensKit,29,nDCG,10,0.3863474142462608
MovieLens100K,ALS,omnirec.runner.algos.LensKit,29,nDCG,10,0.28371255449703187
MovieLens100K,ALS,omnirec.runner.algos.LensKit,29,nDCG,10,0.15457433957839825
MovieLens100K,ALS,omnirec.runner.algos.LensKit,29,nDCG,10,0.13698471029831175
MovieLens100K,ALS,omnirec.runner.algos.LensKit,29,nDCG,10,0.16716045496620227
MovieLens100K,ALS,omnirec.runner.algos.LensKit,29,nDCG,10,0.20483424751859086
MovieLens100K,ALS,omnirec.runner.algos.LensKit,29,nDCG,10,0.6364391809889587
MovieLens100K,ALS,omnirec.runner.algos.LensKit,29,nDCG,10,0.47479014188018454
MovieLens100K,ALS,omnirec.runner.algos.LensKit,29,nDCG,10,0.4703652827859579
MovieLens100K,ALS,omnirec.runner.algos.LensKit,29,nDCG,10,0.1544806747202741
MovieLens100K,ALS,omnirec.runner.algos.LensKit,29,nDCG,10,0.33273724133010535
MovieLens100K,ALS,omnirec.runner.algos.LensKit,29,nDCG,10,0.07414861528507456
MovieLens100K,ALS,omnirec.runner.algos.LensKit,29,nDCG,10,0.30120429660463977
MovieLens100K,ALS,omnirec.runner.algos.LensKit,29,nDCG,10,0.456899187845258
MovieLens100K,ALS,omnirec.runner.algos.LensKit,29,nDCG,5,0.8503449055347546
MovieLens100K,ALS,omnirec.runner.algos.LensKit,29,nDCG,10,0.8503449055347546
MovieLens100K,ALS,omnirec.runner.algos.LensKit,29,nDCG,10,0.3152014104491349
MovieLens100K,ALS,omnirec.runner.algos.LensKit,29,nDCG,10,0.3164618153841291
MovieLens100K,ALS,omnirec.runner.algos.LensKit,29,nDCG,10,0.11838279295536293
MovieLens100K,ALS,omnirec.runner.algos.LensKit,29,nDCG,10,0.3885264725763437
MovieLens100K,ALS,omnirec.runner.algos.LensKit,29,nDCG,10,0.28165758790969186
MovieLens100K,ALS,omnirec.runner.algos.LensKit,29,nDCG,10,0.20324958761397832
MovieLens100K,ALS,omnirec.runner.algos.LensKit,29,nDCG,10,0.3372080579682881
MovieLens100K,ALS,omnirec.runner.algos.LensKit,29,nDCG,10,0.09546043308946735
MovieLens100K,ALS,omnirec.runner.algos.LensKit,29,nDCG,10,0.36211082347570717
MovieLens100K,ALS,omnirec.runner.algos.LensKit,29,nDCG,5,0.6992148198508501
MovieLens100K,ALS,omnirec.runner.algos.LensKit,29,nDCG,10,0.4537425745411855
MovieLens100K,ALS,omnirec.runner.algos.LensKit,29,nDCG,10,0.5321408435198608
MovieLens100K,ALS,omnirec.runner.algos.LensKit,29,nDCG,10,0.2114502791144043
MovieLens100K,ALS,omnirec.runner.algos.LensKit,29,nDCG,10,0.3618791953854131
MovieLens100K,ALS,omnirec.runner.algos.LensKit,29,nDCG,10,0.30746549529091277
MovieLens100K,ALS,omnirec.runner.algos.LensKit,29,nDCG,10,0.4920062203073637
MovieLens100K,ALS,omnirec.runner.algos.LensKit,29,nDCG,10,0.13961814555374907
MovieLens100K,ALS,omnirec.runner.algos.LensKit,29,nDCG,10,0.37850091886658266
MovieLens100K,ALS,omnirec.runner.algos.LensKit,29,nDCG,10,0.1175227747072427
MovieLens100K,ALS,omnirec.runner.algos.LensKit,29,nDCG,10,0.09109240322345807
MovieLens100K,ALS,omnirec.runner.algos.LensKit,29,nDCG,10,0.22119341301481266
MovieLens100K,ALS,omnirec.runner.algos.LensKit,29,nDCG,10,0.2247194739855928
MovieLens100K,ALS,omnirec.runner.algos.LensKit,29,nDCG,10,0.2999050316974944
MovieLens100K,ALS,omnirec.runner.algos.LensKit,29,nDCG,5,0.34519134224686937
MovieLens100K,ALS,omnirec.runner.algos.LensKit,29,nDCG,10,0.30798345931689824
MovieLens100K,ALS,omnirec.runner.algos.LensKit,29,nDCG,10,0.22716217481924803
MovieLens100K,ALS,omnirec.runner.algos.LensKit,29,nDCG,10,0.14201905717762703
MovieLens100K,ALS,omnirec.runner.algos.LensKit,29,nDCG,5,1.0
MovieLens100K,ALS,omnirec.runner.algos.LensKit,29,nDCG,10,1.0
MovieLens100K,ALS,omnirec.runner.algos.LensKit,29,nDCG,10,0.13032376591037065
MovieLens100K,ALS,omnirec.runner.algos.LensKit,29,nDCG,10,0.2350455494144854
MovieLens100K,ALS,omnirec.runner.algos.LensKit,29,nDCG,10,0.10086747116627115
MovieLens100K,ALS,omnirec.runner.algos.LensKit,29,nDCG,10,0.25909036127391766
MovieLens100K,ALS,omnirec.runner.algos.LensKit,29,nDCG,10,0.3589542101716347
MovieLens100K,ALS,omnirec.runner.algos.LensKit,29,nDCG,10,0.20124768870643617
MovieLens100K,ALS,omnirec.runner.algos.LensKit,29,nDCG,10,0.1584091525685025
MovieLens100K,ItemKNN,omnirec.runner.algos.LensKit,29,nDCG,1,1.0
MovieLens100K,ItemKNN,omnirec.runner.algos.LensKit,29,Precision,1,1.0
MovieLens100K,ItemKNN,omnirec.runner.algos.LensKit,29,nDCG,5,0.6164336326286644
MovieLens100K,ItemKNN,omnirec.runner.algos.LensKit,29,Precision,5,0.6
MovieLens100K,ItemKNN,omnirec.runner.algos.LensKit,29,nDCG,10,0.47842151728792726
MovieLens100K,ItemKNN,omnirec.runner.algos.LensKit,29,Precision,10,0.4
MovieLens100K,ItemKNN,omnirec.runner.algos.LensKit,29,nDCG,1,0.0
MovieLens100K,ItemKNN,omnirec.runner.algos.LensKit,29,Precision,1,0.0
MovieLens100K,ItemKNN,omnirec.runner.algos.LensKit,29,nDCG,5,0.21398626473452756
MovieLens100K,ItemKNN,omnirec.runner.algos.LensKit,29,Precision,5,0.2
MovieLens100K,ItemKNN,omnirec.runner.algos.LensKit,29,nDCG,10,0.24968908577726404
MovieLens100K,ItemKNN,omnirec.runner.algos.LensKit,29,Precision,10,0.2
MovieLens100K,ItemKNN,omnirec.runner.algos.LensKit,29,nDCG,5,0.0
MovieLens100K,ItemKNN,omnirec.runner.algos.LensKit,29,Precision,5,0.0
MovieLens100K,ItemKNN,omnirec.runner.algos.LensKit,29,nDCG,10,0.0
MovieLens100K,ItemKNN,omnirec.runner.algos.LensKit,29,Precision,10,0.0
MovieLens100K,ItemKNN,omnirec.runner.algos.LensKit,29,nDCG,5,0.15101961822780524
MovieLens100K,ItemKNN,omnirec.runner.algos.LensKit,29,nDCG,10,0.15101961822780524
MovieLens100K,ItemKNN,omnirec.runner.algos.LensKit,29,Precision,10,0.1
MovieLens100K,ItemKNN,omnirec.runner.algos.LensKit,29,nDCG,5,0.16958010263680806
MovieLens100K,ItemKNN,omnirec.runner.algos.LensKit,29,nDCG,10,0.11004588314904008
MovieLens100K,ItemKNN,omnirec.runner.algos.LensKit,29,nDCG,5,0.3391602052736161
MovieLens100K,ItemKNN,omnirec.runner.algos.LensKit,29,nDCG,10,0.3499667779514209
MovieLens100K,ItemKNN,omnirec.runner.algos.LensKit,29,Precision,10,0.3
MovieLens100K,ItemKNN,omnirec.runner.algos.LensKit,29,nDCG,5,0.14606834984270645
MovieLens100K,ItemKNN,omnirec.runner.algos.LensKit,29,nDCG,10,0.1990365012701236
MovieLens100K,ItemKNN,omnirec.runner.algos.LensKit,29,nDCG,10,0.06625422345438903
MovieLens100K,ItemKNN,omnirec.runner.algos.LensKit,29,nDCG,5,0.48522855511632257
MovieLens100K,ItemKNN,omnirec.runner.algos.LensKit,29,Precision,5,0.4
MovieLens100K,ItemKNN,omnirec.runner.algos.LensKit,29,nDCG,10,0.33627415762678564
MovieLens100K,ItemKNN,omnirec.runner.algos.LensKit,29,nDCG,10,0.1884441521277154
MovieLens100K,ItemKNN,omnirec.runner.algos.LensKit,29,nDCG,10,0.09478836436955078
MovieLens100K,ItemKNN,omnirec.runner.algos.LensKit,29,nDCG,10,0.2529427027676571
MovieLens100K,ItemKNN,omnirec.runner.algos.LensKit,29,nDCG,10,0.12987501165334076
MovieLens100K,ItemKNN,omnirec.runner.algos.LensKit,29,nDCG,10,0.19342640361727081
MovieLens100K,ItemKNN,omnirec.runner.algos.LensKit,29,nDCG,10,0.23440650992329987
MovieLens100K,ItemKNN,omnirec.runner.algos.LensKit,29,nDCG,5,0.23719771276929622
MovieLens100K,ItemKNN,omnirec.runner.algos.LensKit,29,nDCG,10,0.23719771276929622
MovieLens100K,ItemKNN,omnirec.runner.algos.LensKit,29,nDCG,10,0.07839826897867533
MovieLens100K,ItemKNN,omnirec.runner.algos.LensKit,29,nDCG,5,0.38356636737133565
MovieLens100K,ItemKNN,omnirec.runner.algos.LensKit,29,nDCG,10,0.2489083270225946
MovieLens100K,ItemKNN,omnirec.runner.algos.LensKit,29,nDCG,5,0.13120507751234178
MovieLens100K,ItemKNN,omnirec.runner.algos.LensKit,29,nDCG,10,0.15850703974098102
MovieLens100K,ItemKNN,omnirec.runner.algos.LensKit,29,nDCG,5,0.38685280723454163
MovieLens100K,ItemKNN,omnirec.runner.algos.LensKit,29,nDCG,10,0.38685280723454163
MovieLens100K,ItemKNN,omnirec.runner.algos.LensKit,29,nDCG,5,0.36005461457723403
MovieLens100K,ItemKNN,omnirec.runner.algos.LensKit,29,nDCG,10,0.23365080824310533
MovieLens100K,ItemKNN,omnirec.runner.algos.LensKit,29,nDCG,10,0.11305340175787204
MovieLens100K,ItemKNN,omnirec.runner.algos.LensKit,29,nDCG,10,0.15130120674940675
MovieLens100K,ItemKNN,omnirec.runner.algos.LensKit,29,nDCG,5,0.3903800499921017
MovieLens100K,ItemKNN,omnirec.runner.algos.LensKit,29,nDCG,10,0.3903800499921017
MovieLens100K,ItemKNN,omnirec.runner.algos.LensKit,29,nDCG,10,0.07945707943276742
MovieLens100K,ItemKNN,omnirec.runner.algos.LensKit,29,nDCG,10,0.08274602130532004
MovieLens100K,ItemKNN,omnirec.runner.algos.LensKit,29,nDCG,10,0.06943122193677727
MovieLens100K,ItemKNN,omnirec.runner.algos.LensKit,29,nDCG,5,0.30078518014914984
MovieLens100K,ItemKNN,omnirec.runner.algos.LensKit,29,nDCG,10,0.19518900079066107
MovieLens100K,ItemKNN,omnirec.runner.algos.LensKit,29,nDCG,10,0.1208113026994942
MovieLens100K,ItemKNN,omnirec.runner.algos.LensKit,29,nDCG,10,0.13905617951077562
MovieLens100K,ItemKNN,omnirec.runner.algos.LensKit,29,nDCG,5,0.18154179253735267
MovieLens100K,ItemKNN,omnirec.runner.algos.LensKit,29,nDCG,10,0.18154179253735267
MovieLens100K,ItemKNN,omnirec.runner.algos.LensKit,29,nDCG,10,0.12647135138382856
MovieLens100K,ItemKNN,omnirec.runner.algos.LensKit,29,nDCG,10,0.13886244387355454
MovieLens100K,ItemKNN,omnirec.runner.algos.LensKit,29,nDCG,5,0.16812753627111746
MovieLens100K,ItemKNN,omnirec.runner.algos.LensKit,29,nDCG,10,0.16812753627111746
MovieLens100K,ItemKNN,omnirec.runner.algos.LensKit,29,nDCG,5,0.5706417189553201
MovieLens100K,ItemKNN,omnirec.runner.algos.LensKit,29,nDCG,10,0.5706417189553201
MovieLens100K,ItemKNN,omnirec.runner.algos.LensKit,29,nDCG,5,0.5087403079104241
MovieLens100K,ItemKNN,omnirec.runner.algos.LensKit,29,nDCG,10,0.33013764944712026
MovieLens100K,ItemKNN,omnirec.runner.algos.LensKit,29,nDCG,10,0.06362078819895171
MovieLens100K,ItemKNN,omnirec.runner.algos.LensKit,29,nDCG,10,0.3794140541514857
MovieLens100K,ItemKNN,omnirec.runner.algos.LensKit,29,nDCG,10,0.3531437764338091
MovieLens100K,ItemKNN,omnirec.runner.algos.LensKit,29,nDCG,10,0.32703966649239957
MovieLens100K,ItemKNN,omnirec.runner.algos.LensKit,29,nDCG,10,0.08431423425588572
MovieLens100K,ItemKNN,omnirec.runner.algos.LensKit,29,nDCG,10,0.1478294909154526
MovieLens100K,ItemKNN,omnirec.runner.algos.LensKit,29,nDCG,10,0.1681522864689108
MovieLens100K,ItemKNN,omnirec.runner.algos.LensKit,29,nDCG,10,0.18340980524840012
MovieLens100K,ItemKNN,omnirec.runner.algos.LensKit,29,nDCG,10,0.2578753740644927
MovieLens100K,ItemKNN,omnirec.runner.algos.LensKit,29,nDCG,10,0.2700199064638124
MovieLens100K,ItemKNN,omnirec.runner.algos.LensKit,29,nDCG,5,0.6843515475204855
MovieLens100K,ItemKNN,omnirec.runner.algos.LensKit,29,nDCG,10,0.5077181160122074
MovieLens100K,ItemKNN,omnirec.runner.algos.LensKit,29,nDCG,10,0.14126697285982898
MovieLens100K,ItemKNN,omnirec.runner.algos.LensKit,29,nDCG,10,0.07979453856244818
MovieLens100K,ItemKNN,omnirec.runner.algos.LensKit,29,nDCG,5,0.46927872602275644
MovieLens100K,ItemKNN,omnirec.runner.algos.LensKit,29,nDCG,10,0.46927872602275644
MovieLens100K,ItemKNN,omnirec.runner.algos.LensKit,29,nDCG,10,0.28952298823485745
MovieLens100K,ItemKNN,omnirec.runner.algos.LensKit,29,nDCG,10,0.13012668333070054
MovieLens100K,ItemKNN,omnirec.runner.algos.LensKit,29,nDCG,10,0.3932783996463063
MovieLens100K,ItemKNN,omnirec.runner.algos.LensKit,29,nDCG,10,0.0901000086523677
MovieLens100K,ItemKNN,omnirec.runner.algos.LensKit,29,nDCG,10,0.15139734109601002
MovieLens100K,ItemKNN,omnirec.runner.algos.LensKit,29,nDCG,10,0.3295827480202853
MovieLens100K,ItemKNN,omnirec.runner.algos.LensKit,29,nDCG,10,0.14829723057014912
MovieLens100K,ItemKNN,omnirec.runner.algos.LensKit,29,nDCG,10,0.08372491399919348
MovieLens100K,ItemKNN,omnirec.runner.algos.LensKit,29,nDCG,5,0.27727342735504823
MovieLens100K,ItemKNN,omnirec.runner.algos.LensKit,29,nDCG,10,0.2532954041105318
MovieLens100K,ItemKNN,omnirec.runner.algos.LensKit,29,nDCG,10,0.40350157154648025
MovieLens100K,ItemKNN,omnirec.runner.algos.LensKit,29,nDCG,10,0.11706259313796355
MovieLens100K,ItemKNN,omnirec.runner.algos.LensKit,29,nDCG,10,0.22664574704164425
MovieLens100K,ItemKNN,omnirec.runner.algos.LensKit,29,nDCG,5,0.4703652827859579
MovieLens100K,ItemKNN,omnirec.runner.algos.LensKit,29,nDCG,10,0.5264282969545138
MovieLens100K,ItemKNN,omnirec.runner.algos.LensKit,29,Precision,10,0.5
MovieLens100K,ItemKNN,omnirec.runner.algos.LensKit,29,nDCG,10,0.38113435412201996
MovieLens100K,ItemKNN,omnirec.runner.algos.LensKit,29,nDCG,10,0.18457569677956817
MovieLens100K,ItemKNN,omnirec.runner.algos.LensKit,29,nDCG,10,0.3391602052736161
MovieLens100K,ItemKNN,omnirec.runner.algos.LensKit,29,nDCG,10,0.20438239758848611
MovieLens100K,ItemKNN,omnirec.runner.algos.LensKit,29,nDCG,10,0.08671382849411974
MovieLens100K,ItemKNN,omnirec.runner.algos.LensKit,29,nDCG,10,0.48522855511632257
MovieLens100K,ItemKNN,omnirec.runner.algos.LensKit,29,nDCG,5,0.5531464700081437
MovieLens100K,ItemKNN,omnirec.runner.algos.LensKit,29,nDCG,10,0.43231813227099475
MovieLens100K,ItemKNN,omnirec.runner.algos.LensKit,29,nDCG,10,0.15958907712489637
MovieLens100K,ItemKNN,omnirec.runner.algos.LensKit,29,nDCG,10,0.1610425878239398
MovieLens100K,ItemKNN,omnirec.runner.algos.LensKit,29,nDCG,10,0.16927654709047396
MovieLens100K,ItemKNN,omnirec.runner.algos.LensKit,29,nDCG,5,0.23463936301137822
MovieLens100K,ItemKNN,omnirec.runner.algos.LensKit,29,nDCG,10,0.23463936301137822
MovieLens100K,ItemKNN,omnirec.runner.algos.LensKit,29,nDCG,10,0.31833954895937183
MovieLens100K,ItemKNN,omnirec.runner.algos.LensKit,29,nDCG,10,0.07834851647149513
MovieLens100K,ItemKNN,omnirec.runner.algos.LensKit,29,nDCG,10,0.21398626473452756
MovieLens100K,ItemKNN,omnirec.runner.algos.LensKit,29,nDCG,10,0.5289638450374726
MovieLens100K,ItemKNN,omnirec.runner.algos.LensKit,29,nDCG,10,0.44793214080335997
MovieLens100K,ItemKNN,omnirec.runner.algos.LensKit,29,nDCG,10,0.1731866333482261
MovieLens100K,ItemKNN,omnirec.runner.algos.LensKit,29,nDCG,10,0.40179981797758046
MovieLens100K,ItemKNN,omnirec.runner.algos.LensKit,29,nDCG,10,0.3647442587311445
MovieLens100K,ItemKNN,omnirec.runner.algos.LensKit,29,nDCG,10,0.07336392209936005
MovieLens100K,ItemKNN,omnirec.runner.algos.LensKit,29,nDCG,5,0.3156484524795145
MovieLens100K,ItemKNN,omnirec.runner.algos.LensKit,29,nDCG,10,0.28323251649726616
MovieLens100K,ItemKNN,omnirec.runner.algos.LensKit,29,nDCG,10,0.1487639058405727
MovieLens100K,ItemKNN,omnirec.runner.algos.LensKit,29,nDCG,10,0.09803928583135704
MovieLens100K,ItemKNN,omnirec.runner.algos.LensKit,29,nDCG,10,0.19796212533499347
MovieLens100K,ItemKNN,omnirec.runner.algos.LensKit,29,nDCG,10,0.2934556883974402
MovieLens100K,ItemKNN,omnirec.runner.algos.LensKit,29,nDCG,10,0.22009176629808017
MovieLens100K,ItemKNN,omnirec.runner.algos.LensKit,29,nDCG,10,0.199306233590118
MovieLens100K,ItemKNN,omnirec.runner.algos.LensKit,29,nDCG,10,0.5112590391895956
MovieLens100K,ItemKNN,omnirec.runner.algos.LensKit,29,nDCG,10,0.2082936658103318
MovieLens100K,ItemKNN,omnirec.runner.algos.LensKit,29,nDCG,10,0.3525683241217281
MovieLens100K,ItemKNN,omnirec.runner.algos.LensKit,29,nDCG,10,0.4205117250400189
MovieLens100K,ItemKNN,omnirec.runner.algos.LensKit,29,nDCG,10,0.20248323207250624
MovieLens100K,ItemKNN,omnirec.runner.algos.LensKit,29,nDCG,10,0.14606834984270645
MovieLens100K,ItemKNN,omnirec.runner.algos.LensKit,29,nDCG,10,0.10633668103022986
MovieLens100K,ItemKNN,omnirec.runner.algos.LensKit,29,nDCG,10,0.13568544539116628
MovieLens100K,ItemKNN,omnirec.runner.algos.LensKit,29,nDCG,10,0.07075576072108063
MovieLens100K,ItemKNN,omnirec.runner.algos.LensKit,29,nDCG,10,0.3746661058764784
MovieLens100K,ItemKNN,omnirec.runner.algos.LensKit,29,nDCG,10,0.15176219107803537
MovieLens100K,ItemKNN,omnirec.runner.algos.LensKit,29,nDCG,10,0.2684550357175426
MovieLens100K,ItemKNN,omnirec.runner.algos.LensKit,29,nDCG,10,0.3222722491219547
MovieLens100K,ItemKNN,omnirec.runner.algos.LensKit,29,nDCG,10,0.3308744461818274
MovieLens100K,ItemKNN,omnirec.runner.algos.LensKit,29,nDCG,10,0.1635413866202963
MovieLens100K,ItemKNN,omnirec.runner.algos.LensKit,29,nDCG,10,0.3379841448267984
MovieLens100K,ItemKNN,omnirec.runner.algos.LensKit,29,nDCG,10,0.39375843764607193
MovieLens100K,ItemKNN,omnirec.runner.algos.LensKit,29,nDCG,10,0.08514311764162098
MovieLens100K,ItemKNN,omnirec.runner.algos.LensKit,29,nDCG,10,0.29062463495158997
MovieLens100K,ItemKNN,omnirec.runner.algos.LensKit,29,nDCG,5,0.24630238874073
MovieLens100K,ItemKNN,omnirec.runner.algos.LensKit,29,nDCG,10,0.24630238874073
MovieLens100K,ItemKNN,omnirec.runner.algos.LensKit,29,nDCG,10,0.3963918729015093
MovieLens100K,ItemKNN,omnirec.runner.algos.LensKit,29,nDCG,10,0.2984900352767555
MovieLens100K,ItemKNN,omnirec.runner.algos.LensKit,29,nDCG,10,0.2758471541718663
MovieLens100K,ItemKNN,omnirec.runner.algos.LensKit,29,nDCG,10,0.42520843362602373
MovieLens100K,ItemKNN,omnirec.runner.algos.LensKit,29,nDCG,10,0.10209739512291163
MovieLens100K,ItemKNN,omnirec.runner.algos.LensKit,29,nDCG,10,0.30523488393970116
MovieLens100K,ItemKNN,omnirec.runner.algos.LensKit,29,nDCG,10,0.13565197343244778
MovieLens100K,ItemKNN,omnirec.runner.algos.LensKit,29,nDCG,10,0.2542087814707016
MovieLens100K,ItemKNN,omnirec.runner.algos.LensKit,29,nDCG,10,0.14465249243306436
MovieLens100K,ItemKNN,omnirec.runner.algos.LensKit,29,nDCG,10,0.123151194370365
MovieLens100K,ItemKNN,omnirec.runner.algos.LensKit,29,nDCG,10,0.2835149363066189
MovieLens100K,ItemKNN,omnirec.runner.algos.LensKit,29,nDCG,10,0.1736666713479918
MovieLens100K,ItemKNN,omnirec.runner.algos.LensKit,29,nDCG,5,0.7227265726449519
MovieLens100K,ItemKNN,omnirec.runner.algos.LensKit,29,nDCG,10,0.5857421563596759
MovieLens100K,ItemKNN,omnirec.runner.algos.LensKit,29,nDCG,10,0.25469837558210445
MovieLens100K,ItemKNN,omnirec.runner.algos.LensKit,29,nDCG,10,0.09791292534996782
MovieLens100K,ItemKNN,omnirec.runner.algos.LensKit,29,nDCG,10,0.5087403079104241
MovieLens100K,ItemKNN,omnirec.runner.algos.LensKit,29,nDCG,10,0.15166831491748423
MovieLens100K,ItemKNN,omnirec.runner.algos.LensKit,29,nDCG,10,0.4690000933206748
MovieLens100K,ItemKNN,omnirec.runner.algos.LensKit,29,nDCG,10,0.3787833386759354
MovieLens100K,ItemKNN,omnirec.runner.algos.LensKit,29,nDCG,10,0.10699313236726378
MovieLens100K,ItemKNN,omnirec.runner.algos.LensKit,29,nDCG,10,0.3026024134988135
MovieLens100K,ItemKNN,omnirec.runner.algos.LensKit,29,nDCG,10,0.2187513829195429
MovieLens100K,ItemKNN,omnirec.runner.algos.LensKit,29,nDCG,10,0.30701473034246535
MovieLens100K,ItemKNN,omnirec.runner.algos.LensKit,29,nDCG,10,0.14279514403613733
MovieLens100K,ItemKNN,omnirec.runner.algos.LensKit,29,nDCG,10,0.09785159463516042
MovieLens100K,ItemKNN,omnirec.runner.algos.LensKit,29,nDCG,10,0.1879516032875281
MovieLens100K,ItemKNN,omnirec.runner.algos.LensKit,29,nDCG,10,0.17993148201117176
MovieLens100K,ItemKNN,omnirec.runner.algos.LensKit,29,nDCG,10,0.1480409554829326
MovieLens100K,ItemKNN,omnirec.runner.algos.LensKit,29,nDCG,10,0.17630010660342912
MovieLens100K,ItemKNN,omnirec.runner.algos.LensKit,29,nDCG,10,0.14926017916129347
MovieLens100K,ItemKNN,omnirec.runner.algos.LensKit,29,nDCG,10,0.3125291152215463
MovieLens100K,ItemKNN,omnirec.runner.algos.LensKit,29,nDCG,10,0.21222636597291458
MovieLens100K,ItemKNN,omnirec.runner.algos.LensKit,29,nDCG,10,0.13305201013572898
MovieLens100K,ItemKNN,omnirec.runner.algos.LensKit,29,nDCG,10,0.27487633291429087
MovieLens100K,ItemKNN,omnirec.runner.algos.LensKit,29,nDCG,10,0.09162544430476362
MovieLens100K,ItemKNN,omnirec.runner.algos.LensKit,29,nDCG,10,0.23992089480238082
MovieLens100K,ItemKNN,omnirec.runner.algos.LensKit,29,nDCG,10,0.34870224750355494
MovieLens100K,ItemKNN,omnirec.runner.algos.LensKit,29,nDCG,10,0.10778915452451095
MovieLens100K,ItemKNN,omnirec.runner.algos.LensKit,29,nDCG,5,0.2960819109658652
MovieLens100K,ItemKNN,omnirec.runner.algos.LensKit,29,nDCG,10,0.2960819109658652
MovieLens100K,ItemKNN,omnirec.runner.algos.LensKit,29,nDCG,10,0.1012286082123002
MovieLens100K,ItemKNN,omnirec.runner.algos.LensKit,29,nDCG,10,0.2051166673279436
MovieLens100K,ItemKNN,omnirec.runner.algos.LensKit,29,nDCG,10,0.21905299129122976
MovieLens100K,ItemKNN,omnirec.runner.algos.LensKit,29,nDCG,10,0.1930505095243496
MovieLens100K,ItemKNN,omnirec.runner.algos.LensKit,29,nDCG,10,0.1089364926177559
MovieLens100K,ItemKNN,omnirec.runner.algos.LensKit,29,nDCG,10,0.13120507751234178
MovieLens100K,ItemKNN,omnirec.runner.algos.LensKit,29,nDCG,10,0.3476293915547282
MovieLens100K,ItemKNN,omnirec.runner.algos.LensKit,29,nDCG,10,0.32730659600126993
MovieLens100K,ItemKNN,omnirec.runner.algos.LensKit,29,nDCG,10,0.419665006636777
MovieLens100K,ItemKNN,omnirec.runner.algos.LensKit,29,nDCG,10,0.09092803061897885
MovieLens100K,ItemKNN,omnirec.runner.algos.LensKit,29,nDCG,10,0.40002324830925196
MovieLens100K,ItemKNN,omnirec.runner.algos.LensKit,29,nDCG,10,0.45221360703148816
MovieLens100K,ItemKNN,omnirec.runner.algos.LensKit,29,nDCG,10,0.13743816645714543
MovieLens100K,ItemKNN,omnirec.runner.algos.LensKit,29,nDCG,10,0.3863474142462608
MovieLens100K,ItemKNN,omnirec.runner.algos.LensKit,29,nDCG,10,0.28371255449703187
MovieLens100K,ItemKNN,omnirec.runner.algos.LensKit,29,nDCG,10,0.15457433957839825
MovieLens100K,ItemKNN,omnirec.runner.algos.LensKit,29,nDCG,10,0.13698471029831175
MovieLens100K,ItemKNN,omnirec.runner.algos.LensKit,29,nDCG,10,0.16716045496620227
MovieLens100K,ItemKNN,omnirec.runner.algos.LensKit,29,nDCG,10,0.20483424751859086
MovieLens100K,ItemKNN,omnirec.runner.algos.LensKit,29,nDCG,10,0.6364391809889587
MovieLens100K,ItemKNN,omnirec.runner.algos.LensKit,29,nDCG,10,0.47479014188018454
MovieLens100K,ItemKNN,omnirec.runner.algos.LensKit,29,nDCG,10,0.4703652827859579
MovieLens100K,ItemKNN,omnirec.runner.algos.LensKit,29,nDCG,10,0.1544806747202741
MovieLens100K,ItemKNN,omnirec.runner.algos.LensKit,29,nDCG,10,0.33273724133010535
MovieLens100K,ItemKNN,omnirec.runner.algos.LensKit,29,nDCG,10,0.07414861528507456
MovieLens100K,ItemKNN,omnirec.runner.algos.LensKit,29,nDCG,10,0.30120429660463977
MovieLens100K,ItemKNN,omnirec.runner.algos.LensKit,29,nDCG,10,0.456899187845258
MovieLens100K,ItemKNN,omnirec.runner.algos.LensKit,29,nDCG,5,0.8503449055347546
MovieLens100K,ItemKNN,omnirec.runner.algos.LensKit,29,nDCG,10,0.8503449055347546
MovieLens100K,ItemKNN,omnirec.runner.algos.LensKit,29,nDCG,10,0.3152014104491349
MovieLens100K,ItemKNN,omnirec.runner.algos.LensKit,29,nDCG,10,0.3164618153841291
MovieLens100K,ItemKNN,omnirec.runner.algos.LensKit,29,nDCG,10,0.11838279295536293
MovieLens100K,ItemKNN,omnirec.runner.algos.LensKit,29,nDCG,10,0.3885264725763437
MovieLens100K,ItemKNN,omnirec.runner.algos.LensKit,29,nDCG,10,0.28165758790969186
MovieLens100K,ItemKNN,omnirec.runner.algos.LensKit,29,nDCG,10,0.20324958761397832
MovieLens100K,ItemKNN,omnirec.runner.algos.LensKit,29,nDCG,10,0.3372080579682881
MovieLens100K,ItemKNN,omnirec.runner.algos.LensKit,29,nDCG,10,0.09546043308946735
MovieLens100K,ItemKNN,omnirec.runner.algos.LensKit,29,nDCG,10,0.36211082347570717
MovieLens100K,ItemKNN,omnirec.runner.algos.LensKit,29,nDCG,5,0.6992148198508501
MovieLens100K,ItemKNN,omnirec.runner.algos.LensKit,29,nDCG,10,0.4537425745411855
MovieLens100K,ItemKNN,omnirec.runner.algos.LensKit,29,nDCG,10,0.5321408435198608
MovieLens100K,ItemKNN,omnirec.runner.algos.LensKit,29,nDCG,10,0.2114502791144043
MovieLens100K,ItemKNN,omnirec.runner.algos.LensKit,29,nDCG,10,0.3618791953854131
MovieLens100K,ItemKNN,omnirec.runner.algos.LensKit,29,nDCG,10,0.30746549529091277
MovieLens100K,ItemKNN,omnirec.runner.algos.LensKit,29,nDCG,10,0.4920062203073637
MovieLens100K,ItemKNN,omnirec.runner.algos.LensKit,29,nDCG,10,0.13961814555374907
MovieLens100K,ItemKNN,omnirec.runner.algos.LensKit,29,nDCG,10,0.37850091886658266
MovieLens100K,ItemKNN,omnirec.runner.algos.LensKit,29,nDCG,10,0.1175227747072427
MovieLens100K,ItemKNN,omnirec.runner.algos.LensKit,29,nDCG,10,0.09109240322345807
MovieLens100K,ItemKNN,omnirec.runner.algos.LensKit,29,nDCG,10,0.22119341301481266
MovieLens100K,ItemKNN,omnirec.runner.algos.LensKit,29,nDCG,10,0.2247194739855928
MovieLens100K,ItemKNN,omnirec.runner.algos.LensKit,29,nDCG,10,0.2999050316974944
MovieLens100K,ItemKNN,omnirec.runner.algos.LensKit,29,nDCG,5,0.34519134224686937
MovieLens100K,ItemKNN,omnirec.runner.algos.LensKit,29,nDCG,10,0.30798345931689824
MovieLens100K,ItemKNN,omnirec.runner.algos.LensKit,29,nDCG,10,0.22716217481924803
MovieLens100K,ItemKNN,omnirec.runner.algos.LensKit,29,nDCG,10,0.14201905717762703
MovieLens100K,ItemKNN,omnirec.runner.algos.LensKit,29,nDCG,5,1.0
MovieLens100K,ItemKNN,omnirec.runner.algos.LensKit,29,nDCG,10,1.0
MovieLens100K,ItemKNN,omnirec.runner.algos.LensKit,29,nDCG,10,0.13032376591037065
MovieLens100K,ItemKNN,omnirec.runner.algos.LensKit,29,nDCG,10,0.2350455494144854
MovieLens100K,ItemKNN,omnirec.runner.algos.LensKit,29,nDCG,10,0.10086747116627115
MovieLens100K,ItemKNN,omnirec.runner.algos.LensKit,29,nDCG,10,0.25909036127391766
MovieLens100K,ItemKNN,omnirec.runner.algos.LensKit,29,nDCG,10,0.3589542101716347
MovieLens100K,ItemKNN,omnirec.runner.algos.LensKit,29,nDCG,10,0.20124768870643617
MovieLens100K,ItemKNN,omnirec.runner.algos.LensKit,29,nDCG,10,0.1584091525685025
MovieLens100K,MostPopular,omnirec.runner.algos.LensKit,29,nDCG,1,1.0
MovieLens100K,MostPopular,omnirec.runner.algos.LensKit,29,Precision,1,1.0
MovieLens100K,MostPopular,omnirec.runner.algos.LensKit,29,nDCG,5,0.6164336326286644
MovieLens100K,MostPopular,omnirec.runner.algos.LensKit,29,Precision,5,0.6
MovieLens100K,MostPopular,omnirec.runner.algos.LensKit,29,nDCG,10,0.47842151728792726
MovieLens100K,MostPopular,omnirec.runner.algos.LensKit,29,Precision,10,0.4
MovieLens100K,MostPopular,omnirec.runner.algos.LensKit,29,nDCG,1,0.0
MovieLens100K,MostPopular,omnirec.runner.algos.LensKit,29,Precision,1,0.0
MovieLens100K,MostPopular,omnirec.runner.algos.LensKit,29,nDCG,5,0.21398626473452756
MovieLens100K,MostPopular,omnirec.runner.algos.LensKit,29,Precision,5,0.2
MovieLens100K,MostPopular,omnirec.runner.algos.LensKit,29,nDCG,10,0.24968908577726404
MovieLens100K,MostPopular,omnirec.runner.algos.LensKit,29,Precision,10,0.2
MovieLens100K,MostPopular,omnirec.runner.algos.LensKit,29,nDCG,5,0.0
MovieLens100K,MostPopular,omnirec.runner.algos.LensKit,29,Precision,5,0.0
MovieLens100K,MostPopular,omnirec.runner.algos.LensKit,29,nDCG,10,0.0
MovieLens100K,MostPopular,omnirec.runner.algos.LensKit,29,Precision,10,0.0
MovieLens100K,MostPopular,omnirec.runner.algos.LensKit,29,nDCG,5,0.15101961822780524
MovieLens100K,MostPopular,omnirec.runner.algos.LensKit,29,nDCG,10,0.15101961822780524
MovieLens100K,MostPopular,omnirec.runner.algos.LensKit,29,Precision,10,0.1
MovieLens100K,MostPopular,omnirec.runner.algos.LensKit,29,nDCG,5,0.16958010263680806
MovieLens100K,MostPopular,omnirec.runner.algos.LensKit,29,nDCG,10,0.11004588314904008
MovieLens100K,MostPopular,omnirec.runner.algos.LensKit,29,nDCG,5,0.3391602052736161
MovieLens100K,MostPopular,omnirec.runner.algos.LensKit,29,nDCG,10,0.3499667779514209
MovieLens100K,MostPopular,omnirec.runner.algos.LensKit,29,Precision,10,0.3
MovieLens100K,MostPopular,omnirec.runner.algos.LensKit,29,nDCG,5,0.14606834984270645
MovieLens100K,MostPopular,omnirec.runner.algos.LensKit,29,nDCG,10,0.1990365012701236
MovieLens100K,MostPopular,omnirec.runner.algos.LensKit,29,nDCG,10,0.06625422345438903
MovieLens100K,MostPopular,omnirec.runner.algos.LensKit,29,nDCG,5,0.48522855511632257
MovieLens100K,MostPopular,omnirec.runner.algos.LensKit,29,Precision,5,0.4
MovieLens100K,MostPopular,omnirec.runner.algos.LensKit,29,nDCG,10,0.33627415762678564
MovieLens100K,MostPopular,omnirec.runner.algos.LensKit,29,nDCG,10,0.1884441521277154
MovieLens100K,MostPopular,omnirec.runner.algos.LensKit,29,nDCG,10,0.09478836436955078
MovieLens100K,MostPopular,omnirec.runner.algos.LensKit,29,nDCG,10,0.2529427027676571
MovieLens100K,MostPopular,omnirec.runner.algos.LensKit,29,nDCG,10,0.12987501165334076
MovieLens100K,MostPopular,omnirec.runner.algos.LensKit,29,nDCG,10,0.19342640361727081
MovieLens100K,MostPopular,omnirec.runner.algos.LensKit,29,nDCG,10,0.23440650992329987
MovieLens100K,MostPopular,omnirec.runner.algos.LensKit,29,nDCG,5,0.23719771276929622
MovieLens100K,MostPopular,omnirec.runner.algos.LensKit,29,nDCG,10,0.23719771276929622
MovieLens100K,MostPopular,omnirec.runner.algos.LensKit,29,nDCG,10,0.07839826897867533
MovieLens100K,MostPopular,omnirec.runner.algos.LensKit,29,nDCG,5,0.38356636737133565
MovieLens100K,MostPopular,omnirec.runner.algos.LensKit,29,nDCG,10,0.2489083270225946
MovieLens100K,MostPopular,omnirec.runner.algos.LensKit,29,nDCG,5,0.13120507751234178
MovieLens100K,MostPopular,omnirec.runner.algos.LensKit,29,nDCG,10,0.15850703974098102
MovieLens100K,MostPopular,omnirec.runner.algos.LensKit,29,nDCG,5,0.38685280723454163
MovieLens100K,MostPopular,omnirec.runner.algos.LensKit,29,nDCG,10,0.38685280723454163
MovieLens100K,MostPopular,omnirec.runner.algos.LensKit,29,nDCG,5,0.36005461457723403
MovieLens100K,MostPopular,omnirec.runner.algos.LensKit,29,nDCG,10,0.23365080824310533
MovieLens100K,MostPopular,omnirec.runner.algos.LensKit,29,nDCG,10,0.11305340175787204
MovieLens100K,MostPopular,omnirec.runner.algos.LensKit,29,nDCG,10,0.15130120674940675
MovieLens100K,MostPopular,omnirec.runner.algos.LensKit,29,nDCG,5,0.3903800499921017
MovieLens100K,MostPopular,omnirec.runner.algos.LensKit,29,nDCG,10,0.3903800499921017
MovieLens100K,MostPopular,omnirec.runner.algos.LensKit,29,nDCG,10,0.07945707943276742
MovieLens100K,MostPopular,omnirec.runner.algos.LensKit,29,nDCG,10,0.08274602130532004
MovieLens100K,MostPopular,omnirec.runner.algos.LensKit,29,nDCG,10,0.06943122193677727
MovieLens100K,MostPopular,omnirec.runner.algos.LensKit,29,nDCG,5,0.30078518014914984
MovieLens100K,MostPopular,omnirec.runner.algos.LensKit,29,nDCG,10,0.19518900079066107
MovieLens100K,MostPopular,omnirec.runner.algos.LensKit,29,nDCG,10,0.1208113026994942
MovieLens100K,MostPopular,omnirec.runner.algos.LensKit,29,nDCG,10,0.13905617951077562
MovieLens100K,MostPopular,omnirec.runner.algos.LensKit,29,nDCG,5,0.18154179253735267
MovieLens100K,MostPopular,omnirec.runner.algos.LensKit,29,nDCG,10,0.18154179253735267
MovieLens100K,MostPopular,omnirec.runner.algos.LensKit,29,nDCG,10,0.12647135138382856
MovieLens100K,MostPopular,omnirec.runner.algos.LensKit,29,nDCG,10,0.13886244387355454
MovieLens100K,MostPopular,omnirec.runner.algos.LensKit,29,nDCG,5,0.16812753627111746
MovieLens100K,MostPopular,omnirec.runner.algos.LensKit,29,nDCG,10,0.16812753627111746
MovieLens100K,MostPopular,omnirec.runner.algos.LensKit,29,nDCG,5,0.5706417189553201
MovieLens100K,MostPopular,omnirec.runner.algos.LensKit,29,nDCG,10,0.5706417189553201
MovieLens100K,MostPopular,omnirec.runner.algos.LensKit,29,nDCG,5,0.5087403079104241
MovieLens100K,MostPopular,omnirec.runner.algos.LensKit,29,nDCG,10,0.33013764944712026
MovieLens100K,MostPopular,omnirec.runner.algos.LensKit,29,nDCG,10,0.06362078819895171
MovieLens100K,MostPopular,omnirec.runner.algos.LensKit,29,nDCG,10,0.3794140541514857
MovieLens100K,MostPopular,omnirec.runner.algos.LensKit,29,nDCG,10,0.3531437764338091
MovieLens100K,MostPopular,omnirec.runner.algos.LensKit,29,nDCG,10,0.32703966649239957
MovieLens100K,MostPopular,omnirec.runner.algos.LensKit,29,nDCG,10,0.08431423425588572
MovieLens100K,MostPopular,omnirec.runner.algos.LensKit,29,nDCG,10,0.1478294909154526
MovieLens100K,MostPopular,omnirec.runner.algos.LensKit,29,nDCG,10,0.1681522864689108
MovieLens100K,MostPopular,omnirec.runner.algos.LensKit,29,nDCG,10,0.18340980524840012
MovieLens100K,MostPopular,omnirec.runner.algos.LensKit,29,nDCG,10,0.2578753740644927
MovieLens100K,MostPopular,omnirec.runner.algos.LensKit,29,nDCG,10,0.2700199064638124
MovieLens100K,MostPopular,omnirec.runner.algos.LensKit,29,nDCG,5,0.6843515475204855
MovieLens100K,MostPopular,omnirec.runner.algos.LensKit,29,nDCG,10,0.5077181160122074
MovieLens100K,MostPopular,omnirec.runner.algos.LensKit,29,nDCG,10,0.14126697285982898
MovieLens100K,MostPopular,omnirec.runner.algos.LensKit,29,nDCG,10,0.07979453856244818
MovieLens100K,MostPopular,omnirec.runner.algos.LensKit,29,nDCG,5,0.46927872602275644
MovieLens100K,MostPopular,omnirec.runner.algos.LensKit,29,nDCG,10,0.46927872602275644
MovieLens100K,MostPopular,omnirec.runner.algos.LensKit,29,nDCG,10,0.28952298823485745
MovieLens100K,MostPopular,omnirec.runner.algos.LensKit,29,nDCG,10,0.13012668333070054
MovieLens100K,MostPopular,omnirec.runner.algos.LensKit,29,nDCG,10,0.3932783996463063
MovieLens100K,MostPopular,omnirec.runner.algos.LensKit,29,nDCG,10,0.0901000086523677
MovieLens100K,MostPopular,omnirec.runner.algos.LensKit,29,nDCG,10,0.15139734109601002
MovieLens100K,MostPopular,omnirec.runner.algos.LensKit,29,nDCG,10,0.3295827480202853
MovieLens100K,MostPopular,omnirec.runner.algos.LensKit,29,nDCG,10,0.14829723057014912
MovieLens100K,MostPopular,omnirec.runner.algos.LensKit,29,nDCG,10,0.08372491399919348
MovieLens100K,MostPopular,omnirec.runner.algos.LensKit,29,nDCG,5,0.27727342735504823
MovieLens100K,MostPopular,omnirec.runner.algos.LensKit,29,nDCG,10,0.2532954041105318
MovieLens100K,MostPopular,omnirec.runner.algos.LensKit,29,nDCG,10,0.40350157154648025
MovieLens100K,MostPopular,omnirec.runner.algos.LensKit,29,nDCG,10,0.11706259313796355
MovieLens100K,MostPopular,omnirec.runner.algos.LensKit,29,nDCG,10,0.22664574704164425
MovieLens100K,MostPopular,omnirec.runner.algos.LensKit,29,nDCG,5,0.4703652827859579
MovieLens100K,MostPopular,omnirec.runner.algos.LensKit,29,nDCG,10,0.5264282969545138
MovieLens100K,MostPopular,omnirec.runner.algos.LensKit,29,Precision,10,0.5
MovieLens100K,MostPopular,omnirec.runner.algos.LensKit,29,nDCG,10,0.38113435412201996
MovieLens100K,MostPopular,omnirec.runner.algos.LensKit,29,nDCG,10,0.18457569677956817
MovieLens100K,MostPopular,omnirec.runner.algos.LensKit,29,nDCG,10,0.3391602052736161
MovieLens100K,MostPopular,omnirec.runner.algos.LensKit,29,nDCG,10,0.20438239758848611
MovieLens100K,MostPopular,omnirec.runner.algos.LensKit,29,nDCG,10,0.08671382849411974
MovieLens100K,MostPopular,omnirec.runner.algos.LensKit,29,nDCG,10,0.48522855511632257
MovieLens100K,MostPopular,omnirec.runner.algos.LensKit,29,nDCG,5,0.5531464700081437
MovieLens100K,MostPopular,omnirec.runner.algos.LensKit,29,nDCG,10,0.43231813227099475
MovieLens100K,MostPopular,omnirec.runner.algos.LensKit,29,nDCG,10,0.15958907712489637
MovieLens100K,MostPopular,omnirec.runner.algos.LensKit,29,nDCG,10,0.1610425878239398
MovieLens100K,MostPopular,omnirec.runner.algos.LensKit,29,nDCG,10,0.16927654709047396
MovieLens100K,MostPopular,omnirec.runner.algos.LensKit,29,nDCG,5,0.23463936301137822
MovieLens100K,MostPopular,omnirec.runner.algos.LensKit,29,nDCG,10,0.23463936301137822
MovieLens100K,MostPopular,omnirec.runner.algos.LensKit,29,nDCG,10,0.31833954895937183
MovieLens100K,MostPopular,omnirec.runner.algos.LensKit,29,nDCG,10,0.07834851647149513
MovieLens100K,MostPopular,omnirec.runner.algos.LensKit,29,nDCG,10,0.21398626473452756
MovieLens100K,MostPopular,omnirec.runner.algos.LensKit,29,nDCG,10,0.5289638450374726
MovieLens100K,MostPopular,omnirec.runner.algos.LensKit,29,nDCG,10,0.44793214080335997
MovieLens100K,MostPopular,omnirec.runner.algos.LensKit,29,nDCG,10,0.1731866333482261
MovieLens100K,MostPopular,omnirec.runner.algos.LensKit,29,nDCG,10,0.40179981797758046
MovieLens100K,MostPopular,omnirec.runner.algos.LensKit,29,nDCG,10,0.3647442587311445
MovieLens100K,MostPopular,omnirec.runner.algos.LensKit,29,nDCG,10,0.07336392209936005
MovieLens100K,MostPopular,omnirec.runner.algos.LensKit,29,nDCG,5,0.3156484524795145
MovieLens100K,MostPopular,omnirec.runner.algos.LensKit,29,nDCG,10,0.28323251649726616
MovieLens100K,MostPopular,omnirec.runner.algos.LensKit,29,nDCG,10,0.1487639058405727
MovieLens100K,MostPopular,omnirec.runner.algos.LensKit,29,nDCG,10,0.09803928583135704
MovieLens100K,MostPopular,omnirec.runner.algos.LensKit,29,nDCG,10,0.19796212533499347
MovieLens100K,MostPopular,omnirec.runner.algos.LensKit,29,nDCG,10,0.2934556883974402
MovieLens100K,MostPopular,omnirec.runner.algos.LensKit,29,nDCG,10,0.22009176629808017
MovieLens100K,MostPopular,omnirec.runner.algos.LensKit,29,nDCG,10,0.199306233590118
MovieLens100K,MostPopular,omnirec.runner.algos.LensKit,29,nDCG,10,0.5112590391895956
MovieLens100K,MostPopular,omnirec.runner.algos.LensKit,29,nDCG,10,0.2082936658103318
MovieLens100K,MostPopular,omnirec.runner.algos.LensKit,29,nDCG,10,0.3525683241217281
MovieLens100K,MostPopular,omnirec.runner.algos.LensKit,29,nDCG,10,0.4205117250400189
MovieLens100K,MostPopular,omnirec.runner.algos.LensKit,29,nDCG,10,0.20248323207250624
MovieLens100K,MostPopular,omnirec.runner.algos.LensKit,29,nDCG,10,0.14606834984270645
MovieLens100K,MostPopular,omnirec.runner.algos.LensKit,29,nDCG,10,0.10633668103022986
MovieLens100K,MostPopular,omnirec.runner.algos.LensKit,29,nDCG,10,0.13568544539116628
MovieLens100K,MostPopular,omnirec.runner.algos.LensKit,29,nDCG,10,0.07075576072108063
MovieLens100K,MostPopular,omnirec.runner.algos.LensKit,29,nDCG,10,0.3746661058764784
MovieLens100K,MostPopular,omnirec.runner.algos.LensKit,29,nDCG,10,0.15176219107803537
MovieLens100K,MostPopular,omnirec.runner.algos.LensKit,29,nDCG,10,0.2684550357175426
MovieLens100K,MostPopular,omnirec.runner.algos.LensKit,29,nDCG,10,0.3222722491219547
MovieLens100K,MostPopular,omnirec.runner.algos.LensKit,29,nDCG,10,0.3308744461818274
MovieLens100K,MostPopular,omnirec.runner.algos.LensKit,29,nDCG,10,0.1635413866202963
MovieLens100K,MostPopular,omnirec.runner.algos.LensKit,29,nDCG,10,0.3379841448267984
MovieLens100K,MostPopular,omnirec.runner.algos.LensKit,29,nDCG,10,0.39375843764607193
MovieLens100K,MostPopular,omnirec.runner.algos.LensKit,29,nDCG,10,0.08514311764162098
MovieLens100K,MostPopular,omnirec.runner.algos.LensKit,29,nDCG,10,0.29062463495158997
MovieLens100K,MostPopular,omnirec.runner.algos.LensKit,29,nDCG,5,0.24630238874073
MovieLens100K,MostPopular,omnirec.runner.algos.LensKit,29,nDCG,10,0.24630238874073
MovieLens100K,MostPopular,omnirec.runner.algos.LensKit,29,nDCG,10,0.3963918729015093
MovieLens100K,MostPopular,omnirec.runner.algos.LensKit,29,nDCG,10,0.2984900352767555
MovieLens100K,MostPopular,omnirec.runner.algos.LensKit,29,nDCG,10,0.2758471541718663
MovieLens100K,MostPopular,omnirec.runner.algos.LensKit,29,nDCG,10,0.42520843362602373
MovieLens100K,MostPopular,omnirec.runner.algos.LensKit,29,nDCG,10,0.10209739512291163
MovieLens100K,MostPopular,omnirec.runner.algos.LensKit,29,nDCG,10,0.30523488393970116
MovieLens100K,MostPopular,omnirec.runner.algos.LensKit,29,nDCG,10,0.13565197343244778
MovieLens100K,MostPopular,omnirec.runner.algos.LensKit,29,nDCG,10,0.2542087814707016
MovieLens100K,MostPopular,omnirec.runner.algos.LensKit,29,nDCG,10,0.14465249243306436
MovieLens100K,MostPopular,omnirec.runner.algos.LensKit,29,nDCG,10,0.123151194370365
MovieLens100K,MostPopular,omnirec.runner.algos.LensKit,29,nDCG,10,0.2835149363066189
MovieLens100K,MostPopular,omnirec.runner.algos.LensKit,29,nDCG,10,0.1736666713479918
MovieLens100K,MostPopular,omnirec.runner.algos.LensKit,29,nDCG,5,0.7227265726449519
MovieLens100K,MostPopular,omnirec.runner.algos.LensKit,29,nDCG,10,0.5857421563596759
MovieLens100K,MostPopular,omnirec.runner.algos.LensKit,29,nDCG,10,0.25469837558210445
MovieLens100K,MostPopular,omnirec.runner.algos.LensKit,29,nDCG,10,0.09791292534996782
MovieLens100K,MostPopular,omnirec.runner.algos.LensKit,29,nDCG,10,0.5087403079104241
MovieLens100K,MostPopular,omnirec.runner.algos.LensKit,29,nDCG,10,0.15166831491748423
MovieLens100K,MostPopular,omnirec.runner.algos.LensKit,29,nDCG,10,0.4690000933206748
MovieLens100K,MostPopular,omnirec.runner.algos.LensKit,29,nDCG,10,0.3787833386759354
MovieLens100K,MostPopular,omnirec.runner.algos.LensKit,29,nDCG,10,0.10699313236726378
MovieLens100K,MostPopular,omnirec.runner.algos.LensKit,29,nDCG,10,0.3026024134988135
MovieLens100K,MostPopular,omnirec.runner.algos.LensKit,29,nDCG,10,0.2187513829195429
MovieLens100K,MostPopular,omnirec.runner.algos.LensKit,29,nDCG,10,0.30701473034246535
MovieLens100K,MostPopular,omnirec.runner.algos.LensKit,29,nDCG,10,0.14279514403613733
MovieLens100K,MostPopular,omnirec.runner.algos.LensKit,29,nDCG,10,0.09785159463516042
MovieLens100K,MostPopular,omnirec.runner.algos.LensKit,29,nDCG,10,0.1879516032875281
MovieLens100K,MostPopular,omnirec.runner.algos.LensKit,29,nDCG,10,0.17993148201117176
MovieLens100K,MostPopular,omnirec.runner.algos.LensKit,29,nDCG,10,0.1480409554829326
MovieLens100K,MostPopular,omnirec.runner.algos.LensKit,29,nDCG,10,0.17630010660342912
MovieLens100K,MostPopular,omnirec.runner.algos.LensKit,29,nDCG,10,0.14926017916129347
MovieLens100K,MostPopular,omnirec.runner.algos.LensKit,29,nDCG,10,0.3125291152215463
MovieLens100K,MostPopular,omnirec.runner.algos.LensKit,29,nDCG,10,0.21222636597291458
MovieLens100K,MostPopular,omnirec.runner.algos.LensKit,29,nDCG,10,0.13305201013572898
MovieLens100K,MostPopular,omnirec.runner.algos.LensKit,29,nDCG,10,0.27487633291429087
MovieLens100K,MostPopular,omnirec.runner.algos.LensKit,29,nDCG,10,0.09162544430476362
MovieLens100K,MostPopular,omnirec.runner.algos.LensKit,29,nDCG,10,0.23992089480238082
MovieLens100K,MostPopular,omnirec.runner.algos.LensKit,29,nDCG,10,0.34870224750355494
MovieLens100K,MostPopular,omnirec.runner.algos.LensKit,29,nDCG,10,0.10778915452451095
MovieLens100K,MostPopular,omnirec.runner.algos.LensKit,29,nDCG,5,0.2960819109658652
MovieLens100K,MostPopular,omnirec.runner.algos.LensKit,29,nDCG,10,0.2960819109658652
MovieLens100K,MostPopular,omnirec.runner.algos.LensKit,29,nDCG,10,0.1012286082123002
MovieLens100K,MostPopular,omnirec.runner.algos.LensKit,29,nDCG,10,0.2051166673279436
MovieLens100K,MostPopular,omnirec.runner.algos.LensKit,29,nDCG,10,0.21905299129122976
MovieLens100K,MostPopular,omnirec.runner.algos.LensKit,29,nDCG,10,0.1930505095243496
MovieLens100K,MostPopular,omnirec.runner.algos.LensKit,29,nDCG,10,0.1089364926177559
MovieLens100K,MostPopular,omnirec.runner.algos.LensKit,29,nDCG,10,0.13120507751234178
MovieLens100K,MostPopular,omnirec.runner.algos.LensKit,29,nDCG,10,0.3476293915547282
MovieLens100K,MostPopular,omnirec.runner.algos.LensKit,29,nDCG,10,0.32730659600126993
MovieLens100K,MostPopular,omnirec.runner.algos.LensKit,29,nDCG,10,0.419665006636777
MovieLens100K,MostPopular,omnirec.runner.algos.LensKit,29,nDCG,10,0.09092803061897885
MovieLens100K,MostPopular,omnirec.runner.algos.LensKit,29,nDCG,10,0.40002324830925196
MovieLens100K,MostPopular,omnirec.runner.algos.LensKit,29,nDCG,10,0.45221360703148816
MovieLens100K,MostPopular,omnirec.runner.algos.LensKit,29,nDCG,10,0.13743816645714543
MovieLens100K,MostPopular,omnirec.runner.algos.LensKit,29,nDCG,10,0.3863474142462608
MovieLens100K,MostPopular,omnirec.runner.algos.LensKit,29,nDCG,10,0.28371255449703187
MovieLens100K,MostPopular,omnirec.runner.algos.LensKit,29,nDCG,10,0.15457433957839825
MovieLens100K,MostPopular,omnirec.runner.algos.LensKit,29,nDCG,10,0.13698471029831175
MovieLens100K,MostPopular,omnirec.runner.algos.LensKit,29,nDCG,10,0.16716045496620227
MovieLens100K,MostPopular,omnirec.runner.algos.LensKit,29,nDCG,10,0.20483424751859086
MovieLens100K,MostPopular,omnirec.runner.algos.LensKit,29,nDCG,10,0.6364391809889587
MovieLens100K,MostPopular,omnirec.runner.algos.LensKit,29,nDCG,10,0.47479014188018454
MovieLens100K,MostPopular,omnirec.runner.algos.LensKit,29,nDCG,10,0.4703652827859579
MovieLens100K,MostPopular,omnirec.runner.algos.LensKit,29,nDCG,10,0.1544806747202741
MovieLens100K,MostPopular,omnirec.runner.algos.LensKit,29,nDCG,10,0.33273724133010535
MovieLens100K,MostPopular,omnirec.runner.algos.LensKit,29,nDCG,10,0.07414861528507456
MovieLens100K,MostPopular,omnirec.runner.algos.LensKit,29,nDCG,10,0.30120429660463977
MovieLens100K,MostPopular,omnirec.runner.algos.LensKit,29,nDCG,10,0.456899187845258
MovieLens100K,MostPopular,omnirec.runner.algos.LensKit,29,nDCG,5,0.8503449055347546
MovieLens100K,MostPopular,omnirec.runner.algos.LensKit,29,nDCG,10,0.8503449055347546
MovieLens100K,MostPopular,omnirec.runner.algos.LensKit,29,nDCG,10,0.3152014104491349
MovieLens100K,MostPopular,omnirec.runner.algos.LensKit,29,nDCG,10,0.3164618153841291
MovieLens100K,MostPopular,omnirec.runner.algos.LensKit,29,nDCG,10,0.11838279295536293
MovieLens100K,MostPopular,omnirec.runner.algos.LensKit,29,nDCG,10,0.3885264725763437
MovieLens100K,MostPopular,omnirec.runner.algos.LensKit,29,nDCG,10,0.28165758790969186
MovieLens100K,MostPopular,omnirec.runner.algos.LensKit,29,nDCG,10,0.20324958761397832
MovieLens100K,MostPopular,omnirec.runner.algos.LensKit,29,nDCG,10,0.3372080579682881
MovieLens100K,MostPopular,omnirec.runner.algos.LensKit,29,nDCG,10,0.09546043308946735
MovieLens100K,MostPopular,omnirec.runner.algos.LensKit,29,nDCG,10,0.36211082347570717
MovieLens100K,MostPopular,omnirec.runner.algos.LensKit,29,nDCG,5,0.6992148198508501
MovieLens100K,MostPopular,omnirec.runner.algos.LensKit,29,nDCG,10,0.4537425745411855
MovieLens100K,MostPopular,omnirec.runner.algos.LensKit,29,nDCG,10,0.5321408435198608
MovieLens100K,MostPopular,omnirec.runner.algos.LensKit,29,nDCG,10,0.2114502791144043
MovieLens100K,MostPopular,omnirec.runner.algos.LensKit,29,nDCG,10,0.3618791953854131
MovieLens100K,MostPopular,omnirec.runner.algos.LensKit,29,nDCG,10,0.30746549529091277
MovieLens100K,MostPopular,omnirec.runner.algos.LensKit,29,nDCG,10,0.4920062203073637
MovieLens100K,MostPopular,omnirec.runner.algos.LensKit,29,nDCG,10,0.13961814555374907
MovieLens100K,MostPopular,omnirec.runner.algos.LensKit,29,nDCG,10,0.37850091886658266
MovieLens100K,MostPopular,omnirec.runner.algos.LensKit,29,nDCG,10,0.1175227747072427
MovieLens100K,MostPopular,omnirec.runner.algos.LensKit,29,nDCG,10,0.09109240322345807
MovieLens100K,MostPopular,omnirec.runner.algos.LensKit,29,nDCG,10,0.22119341301481266
MovieLens100K,MostPopular,omnirec.runner.algos.LensKit,29,nDCG,10,0.2247194739855928
MovieLens100K,MostPopular,omnirec.runner.algos.LensKit,29,nDCG,10,0.2999050316974944
MovieLens100K,MostPopular,omnirec.runner.algos.LensKit,29,nDCG,5,0.34519134224686937
MovieLens100K,MostPopular,omnirec.runner.algos.LensKit,29,nDCG,10,0.30798345931689824
MovieLens100K,MostPopular,omnirec.runner.algos.LensKit,29,nDCG,10,0.22716217481924803
MovieLens100K,MostPopular,omnirec.runner.algos.LensKit,29,nDCG,10,0.14201905717762703
MovieLens100K,MostPopular,omnirec.runner.algos.LensKit,29,nDCG,5,1.0
MovieLens100K,MostPopular,omnirec.runner.algos.LensKit,29,nDCG,10,1.0
MovieLens100K,MostPopular,omnirec.runner.algos.LensKit,29,nDCG,10,0.13032376591037065
MovieLens100K,MostPopular,omnirec.runner.algos.LensKit,29,nDCG,10,0.2350455494144854
MovieLens100K,MostPopular,omnirec.runner.algos.LensKit,29,nDCG,10,0.10086747116627115
MovieLens100K,MostPopular,omnirec.runner.algos.LensKit,29,nDCG,10,0.25909036127391766
MovieLens100K,MostPopular,omnirec.runner.algos.LensKit,29,nDCG,10,0.3589542101716347
MovieLens100K,MostPopular,omnirec.runner.algos.LensKit,29,nDCG,10,0.20124768870643617
MovieLens100K,MostPopular,omnirec.runner.algos.LensKit,29,nDCG,10,0.1584091525685025
MovieLens100K,ALS,omnirec.runner.algos.LensKit,42,nDCG,1,0.0
MovieLens100K,ALS,omnirec.runner.algos.LensKit,42,Precision,1,0.0
MovieLens100K,ALS,omnirec.runner.algos.LensKit,42,nDCG,5,0.14606834984270645
MovieLens100K,ALS,omnirec.runner.algos.LensKit,42,Precision,5,0.2
MovieLens100K,ALS,omnirec.runner.algos.LensKit,42,nDCG,10,0.09478836436955078
MovieLens100K,ALS,omnirec.runner.algos.LensKit,42,Precision,10,0.1
MovieLens100K,ALS,omnirec.runner.algos.LensKit,42,nDCG,5,0.0
MovieLens100K,ALS,omnirec.runner.algos.LensKit,42,Precision,5,0.0
MovieLens100K,ALS,omnirec.runner.algos.LensKit,42,nDCG,10,0.07979453856244818
MovieLens100K,ALS,omnirec.runner.algos.LensKit,42,nDCG,10,0.0
MovieLens100K,ALS,omnirec.runner.algos.LensKit,42,Precision,10,0.0
MovieLens100K,ALS,omnirec.runner.algos.LensKit,42,nDCG,10,0.13905617951077562
MovieLens100K,ALS,omnirec.runner.algos.LensKit,42,nDCG,10,0.13305201013572898
MovieLens100K,ALS,omnirec.runner.algos.LensKit,42,Precision,10,0.2
MovieLens100K,ALS,omnirec.runner.algos.LensKit,42,nDCG,5,0.13120507751234178
MovieLens100K,ALS,omnirec.runner.algos.LensKit,42,nDCG,10,0.08514311764162098
MovieLens100K,ALS,omnirec.runner.algos.LensKit,42,nDCG,5,0.34519134224686937
MovieLens100K,ALS,omnirec.runner.algos.LensKit,42,Precision,5,0.4
MovieLens100K,ALS,omnirec.runner.algos.LensKit,42,nDCG,10,0.22400556151517553
MovieLens100K,ALS,omnirec.runner.algos.LensKit,42,nDCG,10,0.15850703974098102
MovieLens100K,ALS,omnirec.runner.algos.LensKit,42,nDCG,5,0.21398626473452756
MovieLens100K,ALS,omnirec.runner.algos.LensKit,42,nDCG,10,0.2051166673279436
MovieLens100K,ALS,omnirec.runner.algos.LensKit,42,nDCG,1,1.0
MovieLens100K,ALS,omnirec.runner.algos.LensKit,42,Precision,1,1.0
MovieLens100K,ALS,omnirec.runner.algos.LensKit,42,nDCG,5,0.3391602052736161
MovieLens100K,ALS,omnirec.runner.algos.LensKit,42,nDCG,10,0.22009176629808017
MovieLens100K,ALS,omnirec.runner.algos.LensKit,42,nDCG,10,0.21222636597291458
MovieLens100K,ALS,omnirec.runner.algos.LensKit,42,nDCG,10,0.19342640361727081
MovieLens100K,ALS,omnirec.runner.algos.LensKit,42,nDCG,10,0.14279514403613733
MovieLens100K,ALS,omnirec.runner.algos.LensKit,42,nDCG,5,0.36005461457723403
MovieLens100K,ALS,omnirec.runner.algos.LensKit,42,nDCG,10,0.23365080824310533
MovieLens100K,ALS,omnirec.runner.algos.LensKit,42,nDCG,5,0.5087403079104241
MovieLens100K,ALS,omnirec.runner.algos.LensKit,42,nDCG,10,0.40853591842579556
MovieLens100K,ALS,omnirec.runner.algos.LensKit,42,Precision,10,0.3
MovieLens100K,ALS,omnirec.runner.algos.LensKit,42,nDCG,10,0.29062463495158997
MovieLens100K,ALS,omnirec.runner.algos.LensKit,42,nDCG,10,0.1731866333482261
MovieLens100K,ALS,omnirec.runner.algos.LensKit,42,nDCG,10,0.21398626473452756
MovieLens100K,ALS,omnirec.runner.algos.LensKit,42,nDCG,10,0.13886244387355454
MovieLens100K,ALS,omnirec.runner.algos.LensKit,42,nDCG,10,0.11838279295536293
MovieLens100K,ALS,omnirec.runner.algos.LensKit,42,nDCG,10,0.06943122193677727
MovieLens100K,ALS,omnirec.runner.algos.LensKit,42,nDCG,10,0.16716045496620227
MovieLens100K,ALS,omnirec.runner.algos.LensKit,42,nDCG,10,0.36650177721905447
MovieLens100K,ALS,omnirec.runner.algos.LensKit,42,nDCG,10,0.2984900352767555
MovieLens100K,ALS,omnirec.runner.algos.LensKit,42,nDCG,10,0.07336392209936005
MovieLens100K,ALS,omnirec.runner.algos.LensKit,42,nDCG,10,0.14606834984270645
MovieLens100K,ALS,omnirec.runner.algos.LensKit,42,nDCG,5,0.4703652827859579
MovieLens100K,ALS,omnirec.runner.algos.LensKit,42,nDCG,10,0.5082253701026133
MovieLens100K,ALS,omnirec.runner.algos.LensKit,42,Precision,10,0.4
MovieLens100K,ALS,omnirec.runner.algos.LensKit,42,nDCG,5,0.3903800499921017
MovieLens100K,ALS,omnirec.runner.algos.LensKit,42,nDCG,10,0.3903800499921017
MovieLens100K,ALS,omnirec.runner.algos.LensKit,42,nDCG,10,0.18873103118020407
MovieLens100K,ALS,omnirec.runner.algos.LensKit,42,nDCG,10,0.1681522864689108
MovieLens100K,ALS,omnirec.runner.algos.LensKit,42,nDCG,5,0.16958010263680806
MovieLens100K,ALS,omnirec.runner.algos.LensKit,42,nDCG,10,0.2618080742270754
MovieLens100K,ALS,omnirec.runner.algos.LensKit,42,nDCG,10,0.30523488393970116
MovieLens100K,ALS,omnirec.runner.algos.LensKit,42,nDCG,5,0.36331756126716835
MovieLens100K,ALS,omnirec.runner.algos.LensKit,42,nDCG,10,0.36331756126716835
MovieLens100K,ALS,omnirec.runner.algos.LensKit,42,nDCG,5,0.23463936301137822
MovieLens100K,ALS,omnirec.runner.algos.LensKit,42,nDCG,10,0.23463936301137822
MovieLens100K,ALS,omnirec.runner.algos.LensKit,42,nDCG,10,0.21078558563971428
MovieLens100K,ALS,omnirec.runner.algos.LensKit,42,nDCG,10,0.14829723057014912
MovieLens100K,ALS,omnirec.runner.algos.LensKit,42,nDCG,10,0.23573241784227988
MovieLens100K,ALS,omnirec.runner.algos.LensKit,42,nDCG,10,0.08372491399919348
MovieLens100K,ALS,omnirec.runner.algos.LensKit,42,nDCG,10,0.18340980524840012
MovieLens100K,ALS,omnirec.runner.algos.LensKit,42,nDCG,10,0.14126697285982898
MovieLens100K,ALS,omnirec.runner.algos.LensKit,42,nDCG,10,0.21840743681816419
MovieLens100K,ALS,omnirec.runner.algos.LensKit,42,nDCG,10,0.0901000086523677
MovieLens100K,ALS,omnirec.runner.algos.LensKit,42,nDCG,10,0.3391602052736161
MovieLens100K,ALS,omnirec.runner.algos.LensKit,42,nDCG,10,0.11284514134893527
MovieLens100K,ALS,omnirec.runner.algos.LensKit,42,nDCG,10,0.21726071285222986
MovieLens100K,ALS,omnirec.runner.algos.LensKit,42,nDCG,10,0.17630010660342912
MovieLens100K,ALS,omnirec.runner.algos.LensKit,42,nDCG,10,0.11706259313796355
MovieLens100K,ALS,omnirec.runner.algos.LensKit,42,nDCG,10,0.3292053236583397
MovieLens100K,ALS,omnirec.runner.algos.LensKit,42,nDCG,10,0.07311683844390995
MovieLens100K,ALS,omnirec.runner.algos.LensKit,42,nDCG,10,0.11004588314904008
MovieLens100K,ALS,omnirec.runner.algos.LensKit,42,nDCG,10,0.15139734109601002
MovieLens100K,ALS,omnirec.runner.algos.LensKit,42,nDCG,5,0.30078518014914984
MovieLens100K,ALS,omnirec.runner.algos.LensKit,42,nDCG,10,0.19518900079066107
MovieLens100K,ALS,omnirec.runner.algos.LensKit,42,nDCG,10,0.06362078819895171
MovieLens100K,ALS,omnirec.runner.algos.LensKit,42,nDCG,10,0.3026024134988135
MovieLens100K,ALS,omnirec.runner.algos.LensKit,42,nDCG,5,0.38685280723454163
MovieLens100K,ALS,omnirec.runner.algos.LensKit,42,nDCG,10,0.38685280723454163
MovieLens100K,ALS,omnirec.runner.algos.LensKit,42,nDCG,10,0.27134058233820724
MovieLens100K,ALS,omnirec.runner.algos.LensKit,42,nDCG,10,0.23386470445736623
MovieLens100K,ALS,omnirec.runner.algos.LensKit,42,nDCG,10,0.2529427027676571
MovieLens100K,ALS,omnirec.runner.algos.LensKit,42,nDCG,10,0.16421958630632802
MovieLens100K,ALS,omnirec.runner.algos.LensKit,42,nDCG,5,0.16812753627111746
MovieLens100K,ALS,omnirec.runner.algos.LensKit,42,nDCG,10,0.16812753627111746
MovieLens100K,ALS,omnirec.runner.algos.LensKit,42,nDCG,10,0.1478294909154526
MovieLens100K,ALS,omnirec.runner.algos.LensKit,42,nDCG,5,0.5531464700081437
MovieLens100K,ALS,omnirec.runner.algos.LensKit,42,nDCG,10,0.3589542101716347
MovieLens100K,ALS,omnirec.runner.algos.LensKit,42,nDCG,5,0.5855700749881525
MovieLens100K,ALS,omnirec.runner.algos.LensKit,42,nDCG,10,0.5855700749881525
MovieLens100K,ALS,omnirec.runner.algos.LensKit,42,nDCG,10,0.2863459897524692
MovieLens100K,ALS,omnirec.runner.algos.LensKit,42,nDCG,10,0.18457569677956817
MovieLens100K,ALS,omnirec.runner.algos.LensKit,42,nDCG,10,0.28371255449703187
MovieLens100K,ALS,omnirec.runner.algos.LensKit,42,nDCG,5,0.46927872602275644
MovieLens100K,ALS,omnirec.runner.algos.LensKit,42,nDCG,10,0.46927872602275644
MovieLens100K,ALS,omnirec.runner.algos.LensKit,42,nDCG,10,0.36885567213865283
MovieLens100K,ALS,omnirec.runner.algos.LensKit,42,nDCG,10,0.1089364926177559
MovieLens100K,ALS,omnirec.runner.algos.LensKit,42,nDCG,10,0.27191445400928355
MovieLens100K,ALS,omnirec.runner.algos.LensKit,42,nDCG,10,0.15130120674940675
MovieLens100K,ALS,omnirec.runner.algos.LensKit,42,nDCG,10,0.28952298823485745
MovieLens100K,ALS,omnirec.runner.algos.LensKit,42,nDCG,10,0.11751610475642714
MovieLens100K,ALS,omnirec.runner.algos.LensKit,42,nDCG,10,0.07839826897867533
MovieLens100K,ALS,omnirec.runner.algos.LensKit,42,nDCG,10,0.2934556883974402
MovieLens100K,ALS,omnirec.runner.algos.LensKit,42,nDCG,10,0.11305340175787204
MovieLens100K,ALS,omnirec.runner.algos.LensKit,42,nDCG,10,0.2561736782935595
MovieLens100K,ALS,omnirec.runner.algos.LensKit,42,nDCG,5,0.15101961822780524
MovieLens100K,ALS,omnirec.runner.algos.LensKit,42,nDCG,10,0.15101961822780524
MovieLens100K,ALS,omnirec.runner.algos.LensKit,42,nDCG,10,0.10209739512291163
MovieLens100K,ALS,omnirec.runner.algos.LensKit,42,nDCG,10,0.2835149363066189
MovieLens100K,ALS,omnirec.runner.algos.LensKit,42,nDCG,10,0.1610425878239398
MovieLens100K,ALS,omnirec.runner.algos.LensKit,42,nDCG,10,0.15457433957839825
MovieLens100K,ALS,omnirec.runner.algos.LensKit,42,nDCG,10,0.14201905717762703
MovieLens100K,ALS,omnirec.runner.algos.LensKit,42,nDCG,10,0.43231813227099475
MovieLens100K,ALS,omnirec.runner.algos.LensKit,42,nDCG,10,0.3062386434839551
MovieLens100K,ALS,omnirec.runner.algos.LensKit,42,nDCG,10,0.07614334071738352
MovieLens100K,ALS,omnirec.runner.algos.LensKit,42,nDCG,10,0.13568544539116628
MovieLens100K,ALS,omnirec.runner.algos.LensKit,42,nDCG,5,0.27727342735504823
MovieLens100K,ALS,omnirec.runner.algos.LensKit,42,nDCG,10,0.17993148201117176
MovieLens100K,ALS,omnirec.runner.algos.LensKit,42,nDCG,5,0.38356636737133565
MovieLens100K,ALS,omnirec.runner.algos.LensKit,42,nDCG,10,0.4333144761517995
MovieLens100K,ALS,omnirec.runner.algos.LensKit,42,nDCG,10,0.13012668333070054
MovieLens100K,ALS,omnirec.runner.algos.LensKit,42,nDCG,10,0.06625422345438903
MovieLens100K,ALS,omnirec.runner.algos.LensKit,42,nDCG,10,0.27487633291429087
MovieLens100K,ALS,omnirec.runner.algos.LensKit,42,nDCG,10,0.20248323207250624
MovieLens100K,ALS,omnirec.runner.algos.LensKit,42,nDCG,10,0.3133940658859805
MovieLens100K,ALS,omnirec.runner.algos.LensKit,42,nDCG,5,0.19519002499605084
MovieLens100K,ALS,omnirec.runner.algos.LensKit,42,nDCG,10,0.31834121936641585
MovieLens100K,ALS,omnirec.runner.algos.LensKit,42,nDCG,10,0.13120507751234178
MovieLens100K,ALS,omnirec.runner.algos.LensKit,42,nDCG,10,0.19519002499605084
MovieLens100K,ALS,omnirec.runner.algos.LensKit,42,nDCG,10,0.13565197343244778
MovieLens100K,ALS,omnirec.runner.algos.LensKit,42,nDCG,10,0.1175227747072427
MovieLens100K,ALS,omnirec.runner.algos.LensKit,42,nDCG,10,0.09785159463516042
MovieLens100K,ALS,omnirec.runner.algos.LensKit,42,nDCG,10,0.1635413866202963
MovieLens100K,ALS,omnirec.runner.algos.LensKit,42,nDCG,5,0.3156484524795145
MovieLens100K,ALS,omnirec.runner.algos.LensKit,42,nDCG,10,0.20483424751859086
MovieLens100K,ALS,omnirec.runner.algos.LensKit,42,nDCG,10,0.1879516032875281
MovieLens100K,ALS,omnirec.runner.algos.LensKit,42,nDCG,5,0.24630238874073
MovieLens100K,ALS,omnirec.runner.algos.LensKit,42,nDCG,10,0.24630238874073
MovieLens100K,ALS,omnirec.runner.algos.LensKit,42,nDCG,5,0.48522855511632257
MovieLens100K,ALS,omnirec.runner.algos.LensKit,42,nDCG,10,0.39325912586965384
MovieLens100K,ALS,omnirec.runner.algos.LensKit,42,nDCG,10,0.3084274278260313
MovieLens100K,ALS,omnirec.runner.algos.LensKit,42,nDCG,10,0.24952583878244933
MovieLens100K,ALS,omnirec.runner.algos.LensKit,42,nDCG,10,0.44830398990253034
MovieLens100K,ALS,omnirec.runner.algos.LensKit,42,nDCG,10,0.16958010263680806
MovieLens100K,ALS,omnirec.runner.algos.LensKit,42,nDCG,10,0.1012286082123002
MovieLens100K,ALS,omnirec.runner.algos.LensKit,42,nDCG,10,0.1208113026994942
MovieLens100K,ALS,omnirec.runner.algos.LensKit,42,nDCG,10,0.34304271142002485
MovieLens100K,ALS,omnirec.runner.algos.LensKit,42,nDCG,10,0.31488013066763093
MovieLens100K,ALS,omnirec.runner.algos.LensKit,42,nDCG,10,0.2685529228900211
MovieLens100K,ALS,omnirec.runner.algos.LensKit,42,nDCG,10,0.09791292534996782
MovieLens100K,ALS,omnirec.runner.algos.LensKit,42,nDCG,10,0.36211082347570717
MovieLens100K,ALS,omnirec.runner.algos.LensKit,42,nDCG,10,0.28762634971412726
MovieLens100K,ALS,omnirec.runner.algos.LensKit,42,nDCG,10,0.3785988060390612
MovieLens100K,ALS,omnirec.runner.algos.LensKit,42,nDCG,10,0.16624334936975121
MovieLens100K,ALS,omnirec.runner.algos.LensKit,42,nDCG,10,0.1909208661789347
MovieLens100K,ALS,omnirec.runner.algos.LensKit,42,nDCG,10,0.14465249243306436
MovieLens100K,ALS,omnirec.runner.algos.LensKit,42,nDCG,10,0.1480409554829326
MovieLens100K,ALS,omnirec.runner.algos.LensKit,42,nDCG,10,0.22793826167775832
MovieLens100K,ALS,omnirec.runner.algos.LensKit,42,nDCG,10,0.4935232796777482
MovieLens100K,ALS,omnirec.runner.algos.LensKit,42,nDCG,10,0.5067837010870873
MovieLens100K,ALS,omnirec.runner.algos.LensKit,42,nDCG,10,0.32097939710179135
MovieLens100K,ALS,omnirec.runner.algos.LensKit,42,nDCG,10,0.2765732350040718
MovieLens100K,ALS,omnirec.runner.algos.LensKit,42,nDCG,10,0.5102274247214041
MovieLens100K,ALS,omnirec.runner.algos.LensKit,42,nDCG,10,0.17108252373753102
MovieLens100K,ALS,omnirec.runner.algos.LensKit,42,nDCG,10,0.2489083270225946
MovieLens100K,ALS,omnirec.runner.algos.LensKit,42,nDCG,10,0.3531437764338091
MovieLens100K,ALS,omnirec.runner.algos.LensKit,42,nDCG,5,0.2960819109658652
MovieLens100K,ALS,omnirec.runner.algos.LensKit,42,nDCG,10,0.4441228664487979
MovieLens100K,ALS,omnirec.runner.algos.LensKit,42,nDCG,5,0.7227265726449519
MovieLens100K,ALS,omnirec.runner.algos.LensKit,42,Precision,5,0.6
MovieLens100K,ALS,omnirec.runner.algos.LensKit,42,nDCG,10,0.4690000933206748
MovieLens100K,ALS,omnirec.runner.algos.LensKit,42,nDCG,10,0.13032376591037065
MovieLens100K,ALS,omnirec.runner.algos.LensKit,42,nDCG,10,0.2960819109658652
MovieLens100K,ALS,omnirec.runner.algos.LensKit,42,nDCG,10,0.31520238256403266
MovieLens100K,ALS,omnirec.runner.algos.LensKit,42,nDCG,5,0.20210734650054757
MovieLens100K,ALS,omnirec.runner.algos.LensKit,42,nDCG,10,0.20210734650054757
MovieLens100K,ALS,omnirec.runner.algos.LensKit,42,nDCG,10,0.123151194370365
MovieLens100K,ALS,omnirec.runner.algos.LensKit,42,nDCG,10,0.5087403079104241
MovieLens100K,ALS,omnirec.runner.algos.LensKit,42,nDCG,5,0.2640681225725909
MovieLens100K,ALS,omnirec.runner.algos.LensKit,42,nDCG,10,0.2640681225725909
MovieLens100K,ALS,omnirec.runner.algos.LensKit,42,nDCG,10,0.21657136003619626
MovieLens100K,ALS,omnirec.runner.algos.LensKit,42,nDCG,10,0.08671382849411974
MovieLens100K,ALS,omnirec.runner.algos.LensKit,42,nDCG,10,0.2684550357175426
MovieLens100K,ALS,omnirec.runner.algos.LensKit,42,nDCG,10,0.1386991616393714
MovieLens100K,ALS,omnirec.runner.algos.LensKit,42,nDCG,10,0.15176219107803537
MovieLens100K,ALS,omnirec.runner.algos.LensKit,42,nDCG,10,0.31204907722178066
MovieLens100K,ALS,omnirec.runner.algos.LensKit,42,nDCG,10,0.10086747116627115
MovieLens100K,ALS,omnirec.runner.algos.LensKit,42,nDCG,10,0.3222722491219547
MovieLens100K,ALS,omnirec.runner.algos.LensKit,42,nDCG,10,0.617319681505689
MovieLens100K,ALS,omnirec.runner.algos.LensKit,42,nDCG,10,0.13698471029831175
MovieLens100K,ALS,omnirec.runner.algos.LensKit,42,nDCG,10,0.06794340091829076
MovieLens100K,ALS,omnirec.runner.algos.LensKit,42,nDCG,10,0.1524971317565697
MovieLens100K,ALS,omnirec.runner.algos.LensKit,42,nDCG,5,0.3065735963827292
MovieLens100K,ALS,omnirec.runner.algos.LensKit,42,nDCG,10,0.5109559939712153
MovieLens100K,ALS,omnirec.runner.algos.LensKit,42,nDCG,10,0.10699313236726378
MovieLens100K,ALS,omnirec.runner.algos.LensKit,42,nDCG,5,0.7039180890341347
MovieLens100K,ALS,omnirec.runner.algos.LensKit,42,nDCG,10,0.7039180890341347
MovieLens100K,ALS,omnirec.runner.algos.LensKit,42,nDCG,10,0.12987501165334076
MovieLens100K,ALS,omnirec.runner.algos.LensKit,42,nDCG,10,0.5294362295028773
MovieLens100K,ALS,omnirec.runner.algos.LensKit,42,nDCG,10,0.3570764765963919
MovieLens100K,ALS,omnirec.runner.algos.LensKit,42,nDCG,10,0.20438239758848611
MovieLens100K,ALS,omnirec.runner.algos.LensKit,42,nDCG,10,0.31546487678572877
MovieLens100K,ALS,omnirec.runner.algos.LensKit,42,nDCG,10,0.14629191738978586
MovieLens100K,ALS,omnirec.runner.algos.LensKit,42,nDCG,10,0.15642624200758548
MovieLens100K,ALS,omnirec.runner.algos.LensKit,42,nDCG,10,0.1487639058405727
MovieLens100K,ALS,omnirec.runner.algos.LensKit,42,nDCG,10,0.37185395737611554
MovieLens100K,ALS,omnirec.runner.algos.LensKit,42,nDCG,10,0.3995688713838975
MovieLens100K,ALS,omnirec.runner.algos.LensKit,42,nDCG,10,0.3746661058764784
MovieLens100K,ALS,omnirec.runner.algos.LensKit,42,nDCG,10,0.17947710508581735
MovieLens100K,ALS,omnirec.runner.algos.LensKit,42,nDCG,5,0.23719771276929622
MovieLens100K,ALS,omnirec.runner.algos.LensKit,42,nDCG,10,0.23719771276929622
MovieLens100K,ALS,omnirec.runner.algos.LensKit,42,nDCG,10,0.1884441521277154
MovieLens100K,ALS,omnirec.runner.algos.LensKit,42,nDCG,10,0.07945707943276742
MovieLens100K,ALS,omnirec.runner.algos.LensKit,42,nDCG,10,0.3525683241217281
MovieLens100K,ALS,omnirec.runner.algos.LensKit,42,nDCG,10,0.2530614822099702
MovieLens100K,ALS,omnirec.runner.algos.LensKit,42,nDCG,10,0.448643819352159
MovieLens100K,ALS,omnirec.runner.algos.LensKit,42,nDCG,10,0.3005260969186081
MovieLens100K,ALS,omnirec.runner.algos.LensKit,42,nDCG,10,0.20641593223508903
MovieLens100K,ALS,omnirec.runner.algos.LensKit,42,nDCG,10,0.3254288624260272
MovieLens100K,ALS,omnirec.runner.algos.LensKit,42,nDCG,10,0.18953836965473142
MovieLens100K,ALS,omnirec.runner.algos.LensKit,42,nDCG,10,0.33013764944712026
MovieLens100K,ALS,omnirec.runner.algos.LensKit,42,nDCG,10,0.2082936658103318
MovieLens100K,ALS,omnirec.runner.algos.LensKit,42,nDCG,10,0.45186484096594276
MovieLens100K,ALS,omnirec.runner.algos.LensKit,42,nDCG,10,0.10778915452451095
MovieLens100K,ALS,omnirec.runner.algos.LensKit,42,nDCG,10,0.13961814555374907
MovieLens100K,ALS,omnirec.runner.algos.LensKit,42,nDCG,10,0.17342765698823948
MovieLens100K,ALS,omnirec.runner.algos.LensKit,42,nDCG,10,0.09803928583135704
MovieLens100K,ALS,omnirec.runner.algos.LensKit,42,nDCG,10,0.08747171410140821
MovieLens100K,ALS,omnirec.runner.algos.LensKit,42,nDCG,10,0.30798345931689824
MovieLens100K,ALS,omnirec.runner.algos.LensKit,42,nDCG,10,0.23047380976071707
MovieLens100K,ItemKNN,omnirec.runner.algos.LensKit,42,nDCG,1,0.0
MovieLens100K,ItemKNN,omnirec.runner.algos.LensKit,42,Precision,1,0.0
MovieLens100K,ItemKNN,omnirec.runner.algos.LensKit,42,nDCG,5,0.14606834984270645
MovieLens100K,ItemKNN,omnirec.runner.algos.LensKit,42,Precision,5,0.2
MovieLens100K,ItemKNN,omnirec.runner.algos.LensKit,42,nDCG,10,0.09478836436955078
MovieLens100K,ItemKNN,omnirec.runner.algos.LensKit,42,Precision,10,0.1
MovieLens100K,ItemKNN,omnirec.runner.algos.LensKit,42,nDCG,5,0.0
MovieLens100K,ItemKNN,omnirec.runner.algos.LensKit,42,Precision,5,0.0
MovieLens100K,ItemKNN,omnirec.runner.algos.LensKit,42,nDCG,10,0.07979453856244818
MovieLens100K,ItemKNN,omnirec.runner.algos.LensKit,42,nDCG,10,0.0
MovieLens100K,ItemKNN,omnirec.runner.algos.LensKit,42,Precision,10,0.0
MovieLens100K,ItemKNN,omnirec.runner.algos.LensKit,42,nDCG,10,0.13905617951077562
MovieLens100K,ItemKNN,omnirec.runner.algos.LensKit,42,nDCG,10,0.13305201013572898
MovieLens100K,ItemKNN,omnirec.runner.algos.LensKit,42,Precision,10,0.2
MovieLens100K,ItemKNN,omnirec.runner.algos.LensKit,42,nDCG,5,0.13120507751234178
MovieLens100K,ItemKNN,omnirec.runner.algos.LensKit,42,nDCG,10,0.08514311764162098
MovieLens100K,ItemKNN,omnirec.runner.algos.LensKit,42,nDCG,5,0.34519134224686937
MovieLens100K,ItemKNN,omnirec.runner.algos.LensKit,42,Precision,5,0.4
MovieLens100K,ItemKNN,omnirec.runner.algos.LensKit,42,nDCG,10,0.22400556151517553
MovieLens100K,ItemKNN,omnirec.runner.algos.LensKit,42,nDCG,10,0.15850703974098102
MovieLens100K,ItemKNN,omnirec.runner.algos.LensKit,42,nDCG,5,0.21398626473452756
MovieLens100K,ItemKNN,omnirec.runner.algos.LensKit,42,nDCG,10,0.2051166673279436
MovieLens100K,ItemKNN,omnirec.runner.algos.LensKit,42,nDCG,1,1.0
MovieLens100K,ItemKNN,omnirec.runner.algos.LensKit,42,Precision,1,1.0
MovieLens100K,ItemKNN,omnirec.runner.algos.LensKit,42,nDCG,5,0.3391602052736161
MovieLens100K,ItemKNN,omnirec.runner.algos.LensKit,42,nDCG,10,0.22009176629808017
MovieLens100K,ItemKNN,omnirec.runner.algos.LensKit,42,nDCG,10,0.21222636597291458
MovieLens100K,ItemKNN,omnirec.runner.algos.LensKit,42,nDCG,10,0.19342640361727081
MovieLens100K,ItemKNN,omnirec.runner.algos.LensKit,42,nDCG,10,0.14279514403613733
MovieLens100K,ItemKNN,omnirec.runner.algos.LensKit,42,nDCG,5,0.36005461457723403
MovieLens100K,ItemKNN,omnirec.runner.algos.LensKit,42,nDCG,10,0.23365080824310533
MovieLens100K,ItemKNN,omnirec.runner.algos.LensKit,42,nDCG,5,0.5087403079104241
MovieLens100K,ItemKNN,omnirec.runner.algos.LensKit,42,nDCG,10,0.40853591842579556
MovieLens100K,ItemKNN,omnirec.runner.algos.LensKit,42,Precision,10,0.3
MovieLens100K,ItemKNN,omnirec.runner.algos.LensKit,42,nDCG,10,0.29062463495158997
MovieLens100K,ItemKNN,omnirec.runner.algos.LensKit,42,nDCG,10,0.1731866333482261
MovieLens100K,ItemKNN,omnirec.runner.algos.LensKit,42,nDCG,10,0.21398626473452756
MovieLens100K,ItemKNN,omnirec.runner.algos.LensKit,42,nDCG,10,0.13886244387355454
MovieLens100K,ItemKNN,omnirec.runner.algos.LensKit,42,nDCG,10,0.11838279295536293
MovieLens100K,ItemKNN,omnirec.runner.algos.LensKit,42,nDCG,10,0.06943122193677727
MovieLens100K,ItemKNN,omnirec.runner.algos.LensKit,42,nDCG,10,0.16716045496620227
MovieLens100K,ItemKNN,omnirec.runner.algos.LensKit,42,nDCG,10,0.36650177721905447
MovieLens100K,ItemKNN,omnirec.runner.algos.LensKit,42,nDCG,10,0.2984900352767555
MovieLens100K,ItemKNN,omnirec.runner.algos.LensKit,42,nDCG,10,0.07336392209936005
MovieLens100K,ItemKNN,omnirec.runner.algos.LensKit,42,nDCG,10,0.14606834984270645
MovieLens100K,ItemKNN,omnirec.runner.algos.LensKit,42,nDCG,5,0.4703652827859579
MovieLens100K,ItemKNN,omnirec.runner.algos.LensKit,42,nDCG,10,0.5082253701026133
MovieLens100K,ItemKNN,omnirec.runner.algos.LensKit,42,Precision,10,0.4
MovieLens100K,ItemKNN,omnirec.runner.algos.LensKit,42,nDCG,5,0.3903800499921017
MovieLens100K,ItemKNN,omnirec.runner.algos.LensKit,42,nDCG,10,0.3903800499921017
MovieLens100K,ItemKNN,omnirec.runner.algos.LensKit,42,nDCG,10,0.18873103118020407
MovieLens100K,ItemKNN,omnirec.runner.algos.LensKit,42,nDCG,10,0.1681522864689108
MovieLens100K,ItemKNN,omnirec.runner.algos.LensKit,42,nDCG,5,0.16958010263680806
MovieLens100K,ItemKNN,omnirec.runner.algos.LensKit,42,nDCG,10,0.2618080742270754
MovieLens100K,ItemKNN,omnirec.runner.algos.LensKit,42,nDCG,10,0.30523488393970116
MovieLens100K,ItemKNN,omnirec.runner.algos.LensKit,42,nDCG,5,0.36331756126716835
MovieLens100K,ItemKNN,omnirec.runner.algos.LensKit,42,nDCG,10,0.36331756126716835
MovieLens100K,ItemKNN,omnirec.runner.algos.LensKit,42,nDCG,5,0.23463936301137822
MovieLens100K,ItemKNN,omnirec.runner.algos.LensKit,42,nDCG,10,0.23463936301137822
MovieLens100K,ItemKNN,omnirec.runner.algos.LensKit,42,nDCG,10,0.21078558563971428
MovieLens100K,ItemKNN,omnirec.runner.algos.LensKit,42,nDCG,10,0.14829723057014912
MovieLens100K,ItemKNN,omnirec.runner.algos.LensKit,42,nDCG,10,0.23573241784227988
MovieLens100K,ItemKNN,omnirec.runner.algos.LensKit,42,nDCG,10,0.08372491399919348
MovieLens100K,ItemKNN,omnirec.runner.algos.LensKit,42,nDCG,10,0.18340980524840012
MovieLens100K,ItemKNN,omnirec.runner.algos.LensKit,42,nDCG,10,0.14126697285982898
MovieLens100K,ItemKNN,omnirec.runner.algos.LensKit,42,nDCG,10,0.21840743681816419
MovieLens100K,ItemKNN,omnirec.runner.algos.LensKit,42,nDCG,10,0.0901000086523677
MovieLens100K,ItemKNN,omnirec.runner.algos.LensKit,42,nDCG,10,0.3391602052736161
MovieLens100K,ItemKNN,omnirec.runner.algos.LensKit,42,nDCG,10,0.11284514134893527
MovieLens100K,ItemKNN,omnirec.runner.algos.LensKit,42,nDCG,10,0.21726071285222986
MovieLens100K,ItemKNN,omnirec.runner.algos.LensKit,42,nDCG,10,0.17630010660342912
MovieLens100K,ItemKNN,omnirec.runner.algos.LensKit,42,nDCG,10,0.11706259313796355
MovieLens100K,ItemKNN,omnirec.runner.algos.LensKit,42,nDCG,10,0.3292053236583397
MovieLens100K,ItemKNN,omnirec.runner.algos.LensKit,42,nDCG,10,0.07311683844390995
MovieLens100K,ItemKNN,omnirec.runner.algos.LensKit,42,nDCG,10,0.11004588314904008
MovieLens100K,ItemKNN,omnirec.runner.algos.LensKit,42,nDCG,10,0.15139734109601002
MovieLens100K,ItemKNN,omnirec.runner.algos.LensKit,42,nDCG,5,0.30078518014914984
MovieLens100K,ItemKNN,omnirec.runner.algos.LensKit,42,nDCG,10,0.19518900079066107
MovieLens100K,ItemKNN,omnirec.runner.algos.LensKit,42,nDCG,10,0.06362078819895171
MovieLens100K,ItemKNN,omnirec.runner.algos.LensKit,42,nDCG,10,0.3026024134988135
MovieLens100K,ItemKNN,omnirec.runner.algos.LensKit,42,nDCG,5,0.38685280723454163
MovieLens100K,ItemKNN,omnirec.runner.algos.LensKit,42,nDCG,10,0.38685280723454163
MovieLens100K,ItemKNN,omnirec.runner.algos.LensKit,42,nDCG,10,0.27134058233820724
MovieLens100K,ItemKNN,omnirec.runner.algos.LensKit,42,nDCG,10,0.23386470445736623
MovieLens100K,ItemKNN,omnirec.runner.algos.LensKit,42,nDCG,10,0.2529427027676571
MovieLens100K,ItemKNN,omnirec.runner.algos.LensKit,42,nDCG,10,0.16421958630632802
MovieLens100K,ItemKNN,omnirec.runner.algos.LensKit,42,nDCG,5,0.16812753627111746
MovieLens100K,ItemKNN,omnirec.runner.algos.LensKit,42,nDCG,10,0.16812753627111746
MovieLens100K,ItemKNN,omnirec.runner.algos.LensKit,42,nDCG,10,0.1478294909154526
MovieLens100K,ItemKNN,omnirec.runner.algos.LensKit,42,nDCG,5,0.5531464700081437
MovieLens100K,ItemKNN,omnirec.runner.algos.LensKit,42,nDCG,10,0.3589542101716347
MovieLens100K,ItemKNN,omnirec.runner.algos.LensKit,42,nDCG,5,0.5855700749881525
MovieLens100K,ItemKNN,omnirec.runner.algos.LensKit,42,nDCG,10,0.5855700749881525
MovieLens100K,ItemKNN,omnirec.runner.algos.LensKit,42,nDCG,10,0.2863459897524692
MovieLens100K,ItemKNN,omnirec.runner.algos.LensKit,42,nDCG,10,0.18457569677956817
MovieLens100K,ItemKNN,omnirec.runner.algos.LensKit,42,nDCG,10,0.28371255449703187
MovieLens100K,ItemKNN,omnirec.runner.algos.LensKit,42,nDCG,5,0.46927872602275644
MovieLens100K,ItemKNN,omnirec.runner.algos.LensKit,42,nDCG,10,0.46927872602275644
MovieLens100K,ItemKNN,omnirec.runner.algos.LensKit,42,nDCG,10,0.36885567213865283
MovieLens100K,ItemKNN,omnirec.runner.algos.LensKit,42,nDCG,10,0.1089364926177559
MovieLens100K,ItemKNN,omnirec.runner.algos.LensKit,42,nDCG,10,0.27191445400928355
MovieLens100K,ItemKNN,omnirec.runner.algos.LensKit,42,nDCG,10,0.15130120674940675
MovieLens100K,ItemKNN,omnirec.runner.algos.LensKit,42,nDCG,10,0.28952298823485745
MovieLens100K,ItemKNN,omnirec.runner.algos.LensKit,42,nDCG,10,0.11751610475642714
MovieLens100K,ItemKNN,omnirec.runner.algos.LensKit,42,nDCG,10,0.07839826897867533
MovieLens100K,ItemKNN,omnirec.runner.algos.LensKit,42,nDCG,10,0.2934556883974402
MovieLens100K,ItemKNN,omnirec.runner.algos.LensKit,42,nDCG,10,0.11305340175787204
MovieLens100K,ItemKNN,omnirec.runner.algos.LensKit,42,nDCG,10,0.2561736782935595
MovieLens100K,ItemKNN,omnirec.runner.algos.LensKit,42,nDCG,5,0.15101961822780524
MovieLens100K,ItemKNN,omnirec.runner.algos.LensKit,42,nDCG,10,0.15101961822780524
MovieLens100K,ItemKNN,omnirec.runner.algos.LensKit,42,nDCG,10,0.10209739512291163
MovieLens100K,ItemKNN,omnirec.runner.algos.LensKit,42,nDCG,10,0.2835149363066189
MovieLens100K,ItemKNN,omnirec.runner.algos.LensKit,42,nDCG,10,0.1610425878239398
MovieLens100K,ItemKNN,omnirec.runner.algos.LensKit,42,nDCG,10,0.15457433957839825
MovieLens100K,ItemKNN,omnirec.runner.algos.LensKit,42,nDCG,10,0.14201905717762703
MovieLens100K,ItemKNN,omnirec.runner.algos.LensKit,42,nDCG,10,0.43231813227099475
MovieLens100K,ItemKNN,omnirec.runner.algos.LensKit,42,nDCG,10,0.3062386434839551
MovieLens100K,ItemKNN,omnirec.runner.algos.LensKit,42,nDCG,10,0.07614334071738352
MovieLens100K,ItemKNN,omnirec.runner.algos.LensKit,42,nDCG,10,0.13568544539116628
MovieLens100K,ItemKNN,omnirec.runner.algos.LensKit,42,nDCG,5,0.27727342735504823
MovieLens100K,ItemKNN,omnirec.runner.algos.LensKit,42,nDCG,10,0.17993148201117176
MovieLens100K,ItemKNN,omnirec.runner.algos.LensKit,42,nDCG,5,0.38356636737133565
MovieLens100K,ItemKNN,omnirec.runner.algos.LensKit,42,nDCG,10,0.4333144761517995
MovieLens100K,ItemKNN,omnirec.runner.algos.LensKit,42,nDCG,10,0.13012668333070054
MovieLens100K,ItemKNN,omnirec.runner.algos.LensKit,42,nDCG,10,0.06625422345438903
MovieLens100K,ItemKNN,omnirec.runner.algos.LensKit,42,nDCG,10,0.27487633291429087
MovieLens100K,ItemKNN,omnirec.runner.algos.LensKit,42,nDCG,10,0.20248323207250624
MovieLens100K,ItemKNN,omnirec.runner.algos.LensKit,42,nDCG,10,0.3133940658859805
MovieLens100K,ItemKNN,omnirec.runner.algos.LensKit,42,nDCG,5,0.19519002499605084
MovieLens100K,ItemKNN,omnirec.runner.algos.LensKit,42,nDCG,10,0.31834121936641585
MovieLens100K,ItemKNN,omnirec.runner.algos.LensKit,42,nDCG,10,0.13120507751234178
MovieLens100K,ItemKNN,omnirec.runner.algos.LensKit,42,nDCG,10,0.19519002499605084
MovieLens100K,ItemKNN,omnirec.runner.algos.LensKit,42,nDCG,10,0.13565197343244778
MovieLens100K,ItemKNN,omnirec.runner.algos.LensKit,42,nDCG,10,0.1175227747072427
MovieLens100K,ItemKNN,omnirec.runner.algos.LensKit,42,nDCG,10,0.09785159463516042
MovieLens100K,ItemKNN,omnirec.runner.algos.LensKit,42,nDCG,10,0.1635413866202963
MovieLens100K,ItemKNN,omnirec.runner.algos.LensKit,42,nDCG,5,0.3156484524795145
MovieLens100K,ItemKNN,omnirec.runner.algos.LensKit,42,nDCG,10,0.20483424751859086
MovieLens100K,ItemKNN,omnirec.runner.algos.LensKit,42,nDCG,10,0.1879516032875281
MovieLens100K,ItemKNN,omnirec.runner.algos.LensKit,42,nDCG,5,0.24630238874073
MovieLens100K,ItemKNN,omnirec.runner.algos.LensKit,42,nDCG,10,0.24630238874073
MovieLens100K,ItemKNN,omnirec.runner.algos.LensKit,42,nDCG,5,0.48522855511632257
MovieLens100K,ItemKNN,omnirec.runner.algos.LensKit,42,nDCG,10,0.39325912586965384
MovieLens100K,ItemKNN,omnirec.runner.algos.LensKit,42,nDCG,10,0.3084274278260313
MovieLens100K,ItemKNN,omnirec.runner.algos.LensKit,42,nDCG,10,0.24952583878244933
MovieLens100K,ItemKNN,omnirec.runner.algos.LensKit,42,nDCG,10,0.44830398990253034
MovieLens100K,ItemKNN,omnirec.runner.algos.LensKit,42,nDCG,10,0.16958010263680806
MovieLens100K,ItemKNN,omnirec.runner.algos.LensKit,42,nDCG,10,0.1012286082123002
MovieLens100K,ItemKNN,omnirec.runner.algos.LensKit,42,nDCG,10,0.1208113026994942
MovieLens100K,ItemKNN,omnirec.runner.algos.LensKit,42,nDCG,10,0.34304271142002485
MovieLens100K,ItemKNN,omnirec.runner.algos.LensKit,42,nDCG,10,0.31488013066763093
MovieLens100K,ItemKNN,omnirec.runner.algos.LensKit,42,nDCG,10,0.2685529228900211
MovieLens100K,ItemKNN,omnirec.runner.algos.LensKit,42,nDCG,10,0.09791292534996782
MovieLens100K,ItemKNN,omnirec.runner.algos.LensKit,42,nDCG,10,0.36211082347570717
MovieLens100K,ItemKNN,omnirec.runner.algos.LensKit,42,nDCG,10,0.28762634971412726
MovieLens100K,ItemKNN,omnirec.runner.algos.LensKit,42,nDCG,10,0.3785988060390612
MovieLens100K,ItemKNN,omnirec.runner.algos.LensKit,42,nDCG,10,0.16624334936975121
MovieLens100K,ItemKNN,omnirec.runner.algos.LensKit,42,nDCG,10,0.1909208661789347
MovieLens100K,ItemKNN,omnirec.runner.algos.LensKit,42,nDCG,10,0.14465249243306436
MovieLens100K,ItemKNN,omnirec.runner.algos.LensKit,42,nDCG,10,0.1480409554829326
MovieLens100K,ItemKNN,omnirec.runner.algos.LensKit,42,nDCG,10,0.22793826167775832
MovieLens100K,ItemKNN,omnirec.runner.algos.LensKit,42,nDCG,10,0.4935232796777482
MovieLens100K,ItemKNN,omnirec.runner.algos.LensKit,42,nDCG,10,0.5067837010870873
MovieLens100K,ItemKNN,omnirec.runner.algos.LensKit,42,nDCG,10,0.32097939710179135
MovieLens100K,ItemKNN,omnirec.runner.algos.LensKit,42,nDCG,10,0.2765732350040718
MovieLens100K,ItemKNN,omnirec.runner.algos.LensKit,42,nDCG,10,0.5102274247214041
MovieLens100K,ItemKNN,omnirec.runner.algos.LensKit,42,nDCG,10,0.17108252373753102
MovieLens100K,ItemKNN,omnirec.runner.algos.LensKit,42,nDCG,10,0.2489083270225946
MovieLens100K,ItemKNN,omnirec.runner.algos.LensKit,42,nDCG,10,0.3531437764338091
MovieLens100K,ItemKNN,omnirec.runner.algos.LensKit,42,nDCG,5,0.2960819109658652
MovieLens100K,ItemKNN,omnirec.runner.algos.LensKit,42,nDCG,10,0.4441228664487979
MovieLens100K,ItemKNN,omnirec.runner.algos.LensKit,42,nDCG,5,0.7227265726449519
MovieLens100K,ItemKNN,omnirec.runner.algos.LensKit,42,Precision,5,0.6
MovieLens100K,ItemKNN,omnirec.runner.algos.LensKit,42,nDCG,10,0.4690000933206748
MovieLens100K,ItemKNN,omnirec.runner.algos.LensKit,42,nDCG,10,0.13032376591037065
MovieLens100K,ItemKNN,omnirec.runner.algos.LensKit,42,nDCG,10,0.2960819109658652
MovieLens100K,ItemKNN,omnirec.runner.algos.LensKit,42,nDCG,10,0.31520238256403266
MovieLens100K,ItemKNN,omnirec.runner.algos.LensKit,42,nDCG,5,0.20210734650054757
MovieLens100K,ItemKNN,omnirec.runner.algos.LensKit,42,nDCG,10,0.20210734650054757
MovieLens100K,ItemKNN,omnirec.runner.algos.LensKit,42,nDCG,10,0.123151194370365
MovieLens100K,ItemKNN,omnirec.runner.algos.LensKit,42,nDCG,10,0.5087403079104241
MovieLens100K,ItemKNN,omnirec.runner.algos.LensKit,42,nDCG,5,0.2640681225725909
MovieLens100K,ItemKNN,omnirec.runner.algos.LensKit,42,nDCG,10,0.2640681225725909
MovieLens100K,ItemKNN,omnirec.runner.algos.LensKit,42,nDCG,10,0.21657136003619626
MovieLens100K,ItemKNN,omnirec.runner.algos.LensKit,42,nDCG,10,0.08671382849411974
MovieLens100K,ItemKNN,omnirec.runner.algos.LensKit,42,nDCG,10,0.2684550357175426
MovieLens100K,ItemKNN,omnirec.runner.algos.LensKit,42,nDCG,10,0.1386991616393714
MovieLens100K,ItemKNN,omnirec.runner.algos.LensKit,42,nDCG,10,0.15176219107803537
MovieLens100K,ItemKNN,omnirec.runner.algos.LensKit,42,nDCG,10,0.31204907722178066
MovieLens100K,ItemKNN,omnirec.runner.algos.LensKit,42,nDCG,10,0.10086747116627115
MovieLens100K,ItemKNN,omnirec.runner.algos.LensKit,42,nDCG,10,0.3222722491219547
MovieLens100K,ItemKNN,omnirec.runner.algos.LensKit,42,nDCG,10,0.617319681505689
MovieLens100K,ItemKNN,omnirec.runner.algos.LensKit,42,nDCG,10,0.13698471029831175
MovieLens100K,ItemKNN,omnirec.runner.algos.LensKit,42,nDCG,10,0.06794340091829076
MovieLens100K,ItemKNN,omnirec.runner.algos.LensKit,42,nDCG,10,0.1524971317565697
MovieLens100K,ItemKNN,omnirec.runner.algos.LensKit,42,nDCG,5,0.3065735963827292
MovieLens100K,ItemKNN,omnirec.runner.algos.LensKit,42,nDCG,10,0.5109559939712153
MovieLens100K,ItemKNN,omnirec.runner.algos.LensKit,42,nDCG,10,0.10699313236726378
MovieLens100K,ItemKNN,omnirec.runner.algos.LensKit,42,nDCG,5,0.7039180890341347
MovieLens100K,ItemKNN,omnirec.runner.algos.LensKit,42,nDCG,10,0.7039180890341347
MovieLens100K,ItemKNN,omnirec.runner.algos.LensKit,42,nDCG,10,0.12987501165334076
MovieLens100K,ItemKNN,omnirec.runner.algos.LensKit,42,nDCG,10,0.5294362295028773
MovieLens100K,ItemKNN,omnirec.runner.algos.LensKit,42,nDCG,10,0.3570764765963919
MovieLens100K,ItemKNN,omnirec.runner.algos.LensKit,42,nDCG,10,0.20438239758848611
MovieLens100K,ItemKNN,omnirec.runner.algos.LensKit,42,nDCG,10,0.31546487678572877
MovieLens100K,ItemKNN,omnirec.runner.algos.LensKit,42,nDCG,10,0.14629191738978586
MovieLens100K,ItemKNN,omnirec.runner.algos.LensKit,42,nDCG,10,0.15642624200758548
MovieLens100K,ItemKNN,omnirec.runner.algos.LensKit,42,nDCG,10,0.1487639058405727
MovieLens100K,ItemKNN,omnirec.runner.algos.LensKit,42,nDCG,10,0.37185395737611554
MovieLens100K,ItemKNN,omnirec.runner.algos.LensKit,42,nDCG,10,0.3995688713838975
MovieLens100K,ItemKNN,omnirec.runner.algos.LensKit,42,nDCG,10,0.3746661058764784
MovieLens100K,ItemKNN,omnirec.runner.algos.LensKit,42,nDCG,10,0.17947710508581735
MovieLens100K,ItemKNN,omnirec.runner.algos.LensKit,42,nDCG,5,0.23719771276929622
MovieLens100K,ItemKNN,omnirec.runner.algos.LensKit,42,nDCG,10,0.23719771276929622
MovieLens100K,ItemKNN,omnirec.runner.algos.LensKit,42,nDCG,10,0.1884441521277154
MovieLens100K,ItemKNN,omnirec.runner.algos.LensKit,42,nDCG,10,0.07945707943276742
MovieLens100K,ItemKNN,omnirec.runner.algos.LensKit,42,nDCG,10,0.3525683241217281
MovieLens100K,ItemKNN,omnirec.runner.algos.LensKit,42,nDCG,10,0.2530614822099702
MovieLens100K,ItemKNN,omnirec.runner.algos.LensKit,42,nDCG,10,0.448643819352159
MovieLens100K,ItemKNN,omnirec.runner.algos.LensKit,42,nDCG,10,0.3005260969186081
MovieLens100K,ItemKNN,omnirec.runner.algos.LensKit,42,nDCG,10,0.20641593223508903
MovieLens100K,ItemKNN,omnirec.runner.algos.LensKit,42,nDCG,10,0.3254288624260272
MovieLens100K,ItemKNN,omnirec.runner.algos.LensKit,42,nDCG,10,0.18953836965473142
MovieLens100K,ItemKNN,omnirec.runner.algos.LensKit,42,nDCG,10,0.33013764944712026
MovieLens100K,ItemKNN,omnirec.runner.algos.LensKit,42,nDCG,10,0.2082936658103318
MovieLens100K,ItemKNN,omnirec.runner.algos.LensKit,42,nDCG,10,0.45186484096594276
MovieLens100K,ItemKNN,omnirec.runner.algos.LensKit,42,nDCG,10,0.10778915452451095
MovieLens100K,ItemKNN,omnirec.runner.algos.LensKit,42,nDCG,10,0.13961814555374907
MovieLens100K,ItemKNN,omnirec.runner.algos.LensKit,42,nDCG,10,0.17342765698823948
MovieLens100K,ItemKNN,omnirec.runner.algos.LensKit,42,nDCG,10,0.09803928583135704
MovieLens100K,ItemKNN,omnirec.runner.algos.LensKit,42,nDCG,10,0.08747171410140821
MovieLens100K,ItemKNN,omnirec.runner.algos.LensKit,42,nDCG,10,0.30798345931689824
MovieLens100K,ItemKNN,omnirec.runner.algos.LensKit,42,nDCG,10,0.23047380976071707
MovieLens100K,MostPopular,omnirec.runner.algos.LensKit,42,nDCG,1,0.0
MovieLens100K,MostPopular,omnirec.runner.algos.LensKit,42,Precision,1,0.0
MovieLens100K,MostPopular,omnirec.runner.algos.LensKit,42,nDCG,5,0.14606834984270645
MovieLens100K,MostPopular,omnirec.runner.algos.LensKit,42,Precision,5,0.2
MovieLens100K,MostPopular,omnirec.runner.algos.LensKit,42,nDCG,10,0.09478836436955078
MovieLens100K,MostPopular,omnirec.runner.algos.LensKit,42,Precision,10,0.1
MovieLens100K,MostPopular,omnirec.runner.algos.LensKit,42,nDCG,5,0.0
MovieLens100K,MostPopular,omnirec.runner.algos.LensKit,42,Precision,5,0.0
MovieLens100K,MostPopular,omnirec.runner.algos.LensKit,42,nDCG,10,0.07979453856244818
MovieLens100K,MostPopular,omnirec.runner.algos.LensKit,42,nDCG,10,0.0
MovieLens100K,MostPopular,omnirec.runner.algos.LensKit,42,Precision,10,0.0
MovieLens100K,MostPopular,omnirec.runner.algos.LensKit,42,nDCG,10,0.13905617951077562
MovieLens100K,MostPopular,omnirec.runner.algos.LensKit,42,nDCG,10,0.13305201013572898
MovieLens100K,MostPopular,omnirec.runner.algos.LensKit,42,Precision,10,0.2
MovieLens100K,MostPopular,omnirec.runner.algos.LensKit,42,nDCG,5,0.13120507751234178
MovieLens100K,MostPopular,omnirec.runner.algos.LensKit,42,nDCG,10,0.08514311764162098
MovieLens100K,MostPopular,omnirec.runner.algos.LensKit,42,nDCG,5,0.34519134224686937
MovieLens100K,MostPopular,omnirec.runner.algos.LensKit,42,Precision,5,0.4
MovieLens100K,MostPopular,omnirec.runner.algos.LensKit,42,nDCG,10,0.22400556151517553
MovieLens100K,MostPopular,omnirec.runner.algos.LensKit,42,nDCG,10,0.15850703974098102
MovieLens100K,MostPopular,omnirec.runner.algos.LensKit,42,nDCG,5,0.21398626473452756
MovieLens100K,MostPopular,omnirec.runner.algos.LensKit,42,nDCG,10,0.2051166673279436
MovieLens100K,MostPopular,omnirec.runner.algos.LensKit,42,nDCG,1,1.0
MovieLens100K,MostPopular,omnirec.runner.algos.LensKit,42,Precision,1,1.0
MovieLens100K,MostPopular,omnirec.runner.algos.LensKit,42,nDCG,5,0.3391602052736161
MovieLens100K,MostPopular,omnirec.runner.algos.LensKit,42,nDCG,10,0.22009176629808017
MovieLens100K,MostPopular,omnirec.runner.algos.LensKit,42,nDCG,10,0.21222636597291458
MovieLens100K,MostPopular,omnirec.runner.algos.LensKit,42,nDCG,10,0.19342640361727081
MovieLens100K,MostPopular,omnirec.runner.algos.LensKit,42,nDCG,10,0.14279514403613733
MovieLens100K,MostPopular,omnirec.runner.algos.LensKit,42,nDCG,5,0.36005461457723403
MovieLens100K,MostPopular,omnirec.runner.algos.LensKit,42,nDCG,10,0.23365080824310533
MovieLens100K,MostPopular,omnirec.runner.algos.LensKit,42,nDCG,5,0.5087403079104241
MovieLens100K,MostPopular,omnirec.runner.algos.LensKit,42,nDCG,10,0.40853591842579556
MovieLens100K,MostPopular,omnirec.runner.algos.LensKit,42,Precision,10,0.3
MovieLens100K,MostPopular,omnirec.runner.algos.LensKit,42,nDCG,10,0.29062463495158997
MovieLens100K,MostPopular,omnirec.runner.algos.LensKit,42,nDCG,10,0.1731866333482261
MovieLens100K,MostPopular,omnirec.runner.algos.LensKit,42,nDCG,10,0.21398626473452756
MovieLens100K,MostPopular,omnirec.runner.algos.LensKit,42,nDCG,10,0.13886244387355454
MovieLens100K,MostPopular,omnirec.runner.algos.LensKit,42,nDCG,10,0.11838279295536293
MovieLens100K,MostPopular,omnirec.runner.algos.LensKit,42,nDCG,10,0.06943122193677727
MovieLens100K,MostPopular,omnirec.runner.algos.LensKit,42,nDCG,10,0.16716045496620227
MovieLens100K,MostPopular,omnirec.runner.algos.LensKit,42,nDCG,10,0.36650177721905447
MovieLens100K,MostPopular,omnirec.runner.algos.LensKit,42,nDCG,10,0.2984900352767555
MovieLens100K,MostPopular,omnirec.runner.algos.LensKit,42,nDCG,10,0.07336392209936005
MovieLens100K,MostPopular,omnirec.runner.algos.LensKit,42,nDCG,10,0.14606834984270645
MovieLens100K,MostPopular,omnirec.runner.algos.LensKit,42,nDCG,5,0.4703652827859579
MovieLens100K,MostPopular,omnirec.runner.algos.LensKit,42,nDCG,10,0.5082253701026133
MovieLens100K,MostPopular,omnirec.runner.algos.LensKit,42,Precision,10,0.4
MovieLens100K,MostPopular,omnirec.runner.algos.LensKit,42,nDCG,5,0.3903800499921017
MovieLens100K,MostPopular,omnirec.runner.algos.LensKit,42,nDCG,10,0.3903800499921017
MovieLens100K,MostPopular,omnirec.runner.algos.LensKit,42,nDCG,10,0.18873103118020407
MovieLens100K,MostPopular,omnirec.runner.algos.LensKit,42,nDCG,10,0.1681522864689108
MovieLens100K,MostPopular,omnirec.runner.algos.LensKit,42,nDCG,5,0.16958010263680806
MovieLens100K,MostPopular,omnirec.runner.algos.LensKit,42,nDCG,10,0.2618080742270754
MovieLens100K,MostPopular,omnirec.runner.algos.LensKit,42,nDCG,10,0.30523488393970116
MovieLens100K,MostPopular,omnirec.runner.algos.LensKit,42,nDCG,5,0.36331756126716835
MovieLens100K,MostPopular,omnirec.runner.algos.LensKit,42,nDCG,10,0.36331756126716835
MovieLens100K,MostPopular,omnirec.runner.algos.LensKit,42,nDCG,5,0.23463936301137822
MovieLens100K,MostPopular,omnirec.runner.algos.LensKit,42,nDCG,10,0.23463936301137822
MovieLens100K,MostPopular,omnirec.runner.algos.LensKit,42,nDCG,10,0.21078558563971428
MovieLens100K,MostPopular,omnirec.runner.algos.LensKit,42,nDCG,10,0.14829723057014912
MovieLens100K,MostPopular,omnirec.runner.algos.LensKit,42,nDCG,10,0.23573241784227988
MovieLens100K,MostPopular,omnirec.runner.algos.LensKit,42,nDCG,10,0.08372491399919348
MovieLens100K,MostPopular,omnirec.runner.algos.LensKit,42,nDCG,10,0.18340980524840012
MovieLens100K,MostPopular,omnirec.runner.algos.LensKit,42,nDCG,10,0.14126697285982898
MovieLens100K,MostPopular,omnirec.runner.algos.LensKit,42,nDCG,10,0.21840743681816419
MovieLens100K,MostPopular,omnirec.runner.algos.LensKit,42,nDCG,10,0.0901000086523677
MovieLens100K,MostPopular,omnirec.runner.algos.LensKit,42,nDCG,10,0.3391602052736161
MovieLens100K,MostPopular,omnirec.runner.algos.LensKit,42,nDCG,10,0.11284514134893527
MovieLens100K,MostPopular,omnirec.runner.algos.LensKit,42,nDCG,10,0.21726071285222986
MovieLens100K,MostPopular,omnirec.runner.algos.LensKit,42,nDCG,10,0.17630010660342912
MovieLens100K,MostPopular,omnirec.runner.algos.LensKit,42,nDCG,10,0.11706259313796355
MovieLens100K,MostPopular,omnirec.runner.algos.LensKit,42,nDCG,10,0.3292053236583397
MovieLens100K,MostPopular,omnirec.runner.algos.LensKit,42,nDCG,10,0.07311683844390995
MovieLens100K,MostPopular,omnirec.runner.algos.LensKit,42,nDCG,10,0.11004588314904008
MovieLens100K,MostPopular,omnirec.runner.algos.LensKit,42,nDCG,10,0.15139734109601002
MovieLens100K,MostPopular,omnirec.runner.algos.LensKit,42,nDCG,5,0.30078518014914984
MovieLens100K,MostPopular,omnirec.runner.algos.LensKit,42,nDCG,10,0.19518900079066107
MovieLens100K,MostPopular,omnirec.runner.algos.LensKit,42,nDCG,10,0.06362078819895171
MovieLens100K,MostPopular,omnirec.runner.algos.LensKit,42,nDCG,10,0.3026024134988135
MovieLens100K,MostPopular,omnirec.runner.algos.LensKit,42,nDCG,5,0.38685280723454163
MovieLens100K,MostPopular,omnirec.runner.algos.LensKit,42,nDCG,10,0.38685280723454163
MovieLens100K,MostPopular,omnirec.runner.algos.LensKit,42,nDCG,10,0.27134058233820724
MovieLens100K,MostPopular,omnirec.runner.algos.LensKit,42,nDCG,10,0.23386470445736623
MovieLens100K,MostPopular,omnirec.runner.algos.LensKit,42,nDCG,10,0.2529427027676571
MovieLens100K,MostPopular,omnirec.runner.algos.LensKit,42,nDCG,10,0.16421958630632802
MovieLens100K,MostPopular,omnirec.runner.algos.LensKit,42,nDCG,5,0.16812753627111746
MovieLens100K,MostPopular,omnirec.runner.algos.LensKit,42,nDCG,10,0.16812753627111746
MovieLens100K,MostPopular,omnirec.runner.algos.LensKit,42,nDCG,10,0.1478294909154526
MovieLens100K,MostPopular,omnirec.runner.algos.LensKit,42,nDCG,5,0.5531464700081437
MovieLens100K,MostPopular,omnirec.runner.algos.LensKit,42,nDCG,10,0.3589542101716347
MovieLens100K,MostPopular,omnirec.runner.algos.LensKit,42,nDCG,5,0.5855700749881525
MovieLens100K,MostPopular,omnirec.runner.algos.LensKit,42,nDCG,10,0.5855700749881525
MovieLens100K,MostPopular,omnirec.runner.algos.LensKit,42,nDCG,10,0.2863459897524692
MovieLens100K,MostPopular,omnirec.runner.algos.LensKit,42,nDCG,10,0.18457569677956817
MovieLens100K,MostPopular,omnirec.runner.algos.LensKit,42,nDCG,10,0.28371255449703187
MovieLens100K,MostPopular,omnirec.runner.algos.LensKit,42,nDCG,5,0.46927872602275644
MovieLens100K,MostPopular,omnirec.runner.algos.LensKit,42,nDCG,10,0.46927872602275644
MovieLens100K,MostPopular,omnirec.runner.algos.LensKit,42,nDCG,10,0.36885567213865283
MovieLens100K,MostPopular,omnirec.runner.algos.LensKit,42,nDCG,10,0.1089364926177559
MovieLens100K,MostPopular,omnirec.runner.algos.LensKit,42,nDCG,10,0.27191445400928355
MovieLens100K,MostPopular,omnirec.runner.algos.LensKit,42,nDCG,10,0.15130120674940675
MovieLens100K,MostPopular,omnirec.runner.algos.LensKit,42,nDCG,10,0.28952298823485745
MovieLens100K,MostPopular,omnirec.runner.algos.LensKit,42,nDCG,10,0.11751610475642714
MovieLens100K,MostPopular,omnirec.runner.algos.LensKit,42,nDCG,10,0.07839826897867533
MovieLens100K,MostPopular,omnirec.runner.algos.LensKit,42,nDCG,10,0.2934556883974402
MovieLens100K,MostPopular,omnirec.runner.algos.LensKit,42,nDCG,10,0.11305340175787204
MovieLens100K,MostPopular,omnirec.runner.algos.LensKit,42,nDCG,10,0.2561736782935595
MovieLens100K,MostPopular,omnirec.runner.algos.LensKit,42,nDCG,5,0.15101961822780524
MovieLens100K,MostPopular,omnirec.runner.algos.LensKit,42,nDCG,10,0.15101961822780524
MovieLens100K,MostPopular,omnirec.runner.algos.LensKit,42,nDCG,10,0.10209739512291163
MovieLens100K,MostPopular,omnirec.runner.algos.LensKit,42,nDCG,10,0.2835149363066189
MovieLens100K,MostPopular,omnirec.runner.algos.LensKit,42,nDCG,10,0.1610425878239398
MovieLens100K,MostPopular,omnirec.runner.algos.LensKit,42,nDCG,10,0.15457433957839825
MovieLens100K,MostPopular,omnirec.runner.algos.LensKit,42,nDCG,10,0.14201905717762703
MovieLens100K,MostPopular,omnirec.runner.algos.LensKit,42,nDCG,10,0.43231813227099475
MovieLens100K,MostPopular,omnirec.runner.algos.LensKit,42,nDCG,10,0.3062386434839551
MovieLens100K,MostPopular,omnirec.runner.algos.LensKit,42,nDCG,10,0.07614334071738352
MovieLens100K,MostPopular,omnirec.runner.algos.LensKit,42,nDCG,10,0.13568544539116628
MovieLens100K,MostPopular,omnirec.runner.algos.LensKit,42,nDCG,5,0.27727342735504823
MovieLens100K,MostPopular,omnirec.runner.algos.LensKit,42,nDCG,10,0.17993148201117176
MovieLens100K,MostPopular,omnirec.runner.algos.LensKit,42,nDCG,5,0.38356636737133565
MovieLens100K,MostPopular,omnirec.runner.algos.LensKit,42,nDCG,10,0.4333144761517995
MovieLens100K,MostPopular,omnirec.runner.algos.LensKit,42,nDCG,10,0.13012668333070054
MovieLens100K,MostPopular,omnirec.runner.algos.LensKit,42,nDCG,10,0.06625422345438903
MovieLens100K,MostPopular,omnirec.runner.algos.LensKit,42,nDCG,10,0.27487633291429087
MovieLens100K,MostPopular,omnirec.runner.algos.LensKit,42,nDCG,10,0.20248323207250624
MovieLens100K,MostPopular,omnirec.runner.algos.LensKit,42,nDCG,10,0.3133940658859805
MovieLens100K,MostPopular,omnirec.runner.algos.LensKit,42,nDCG,5,0.19519002499605084
MovieLens100K,MostPopular,omnirec.runner.algos.LensKit,42,nDCG,10,0.31834121936641585
MovieLens100K,MostPopular,omnirec.runner.algos.LensKit,42,nDCG,10,0.13120507751234178
MovieLens100K,MostPopular,omnirec.runner.algos.LensKit,42,nDCG,10,0.19519002499605084
MovieLens100K,MostPopular,omnirec.runner.algos.LensKit,42,nDCG,10,0.13565197343244778
MovieLens100K,MostPopular,omnirec.runner.algos.LensKit,42,nDCG,10,0.1175227747072427
MovieLens100K,MostPopular,omnirec.runner.algos.LensKit,42,nDCG,10,0.09785159463516042
MovieLens100K,MostPopular,omnirec.runner.algos.LensKit,42,nDCG,10,0.1635413866202963
MovieLens100K,MostPopular,omnirec.runner.algos.LensKit,42,nDCG,5,0.3156484524795145
MovieLens100K,MostPopular,omnirec.runner.algos.LensKit,42,nDCG,10,0.20483424751859086
MovieLens100K,MostPopular,omnirec.runner.algos.LensKit,42,nDCG,10,0.1879516032875281
MovieLens100K,MostPopular,omnirec.runner.algos.LensKit,42,nDCG,5,0.24630238874073
MovieLens100K,MostPopular,omnirec.runner.algos.LensKit,42,nDCG,10,0.24630238874073
MovieLens100K,MostPopular,omnirec.runner.algos.LensKit,42,nDCG,5,0.48522855511632257
MovieLens100K,MostPopular,omnirec.runner.algos.LensKit,42,nDCG,10,0.39325912586965384
MovieLens100K,MostPopular,omnirec.runner.algos.LensKit,42,nDCG,10,0.3084274278260313
MovieLens100K,MostPopular,omnirec.runner.algos.LensKit,42,nDCG,10,0.24952583878244933
MovieLens100K,MostPopular,omnirec.runner.algos.LensKit,42,nDCG,10,0.44830398990253034
MovieLens100K,MostPopular,omnirec.runner.algos.LensKit,42,nDCG,10,0.16958010263680806
MovieLens100K,MostPopular,omnirec.runner.algos.LensKit,42,nDCG,10,0.1012286082123002
MovieLens100K,MostPopular,omnirec.runner.algos.LensKit,42,nDCG,10,0.1208113026994942
MovieLens100K,MostPopular,omnirec.runner.algos.LensKit,42,nDCG,10,0.34304271142002485
MovieLens100K,MostPopular,omnirec.runner.algos.LensKit,42,nDCG,10,0.31488013066763093
MovieLens100K,MostPopular,omnirec.runner.algos.LensKit,42,nDCG,10,0.2685529228900211
MovieLens100K,MostPopular,omnirec.runner.algos.LensKit,42,nDCG,10,0.09791292534996782
MovieLens100K,MostPopular,omnirec.runner.algos.LensKit,42,nDCG,10,0.36211082347570717
MovieLens100K,MostPopular,omnirec.runner.algos.LensKit,42,nDCG,10,0.28762634971412726
MovieLens100K,MostPopular,omnirec.runner.algos.LensKit,42,nDCG,10,0.3785988060390612
MovieLens100K,MostPopular,omnirec.runner.algos.LensKit,42,nDCG,10,0.16624334936975121
MovieLens100K,MostPopular,omnirec.runner.algos.LensKit,42,nDCG,10,0.1909208661789347
MovieLens100K,MostPopular,omnirec.runner.algos.LensKit,42,nDCG,10,0.14465249243306436
MovieLens100K,MostPopular,omnirec.runner.algos.LensKit,42,nDCG,10,0.1480409554829326
MovieLens100K,MostPopular,omnirec.runner.algos.LensKit,42,nDCG,10,0.22793826167775832
MovieLens100K,MostPopular,omnirec.runner.algos.LensKit,42,nDCG,10,0.4935232796777482
MovieLens100K,MostPopular,omnirec.runner.algos.LensKit,42,nDCG,10,0.5067837010870873
MovieLens100K,MostPopular,omnirec.runner.algos.LensKit,42,nDCG,10,0.32097939710179135
MovieLens100K,MostPopular,omnirec.runner.algos.LensKit,42,nDCG,10,0.2765732350040718
MovieLens100K,MostPopular,omnirec.runner.algos.LensKit,42,nDCG,10,0.5102274247214041
MovieLens100K,MostPopular,omnirec.runner.algos.LensKit,42,nDCG,10,0.17108252373753102
MovieLens100K,MostPopular,omnirec.runner.algos.LensKit,42,nDCG,10,0.2489083270225946
MovieLens100K,MostPopular,omnirec.runner.algos.LensKit,42,nDCG,10,0.3531437764338091
MovieLens100K,MostPopular,omnirec.runner.algos.LensKit,42,nDCG,5,0.2960819109658652
MovieLens100K,MostPopular,omnirec.runner.algos.LensKit,42,nDCG,10,0.4441228664487979
MovieLens100K,MostPopular,omnirec.runner.algos.LensKit,42,nDCG,5,0.7227265726449519
MovieLens100K,MostPopular,omnirec.runner.algos.LensKit,42,Precision,5,0.6
MovieLens100K,MostPopular,omnirec.runner.algos.LensKit,42,nDCG,10,0.4690000933206748
MovieLens100K,MostPopular,omnirec.runner.algos.LensKit,42,nDCG,10,0.13032376591037065
MovieLens100K,MostPopular,omnirec.runner.algos.LensKit,42,nDCG,10,0.2960819109658652
MovieLens100K,MostPopular,omnirec.runner.algos.LensKit,42,nDCG,10,0.31520238256403266
MovieLens100K,MostPopular,omnirec.runner.algos.LensKit,42,nDCG,5,0.20210734650054757
MovieLens100K,MostPopular,omnirec.runner.algos.LensKit,42,nDCG,10,0.20210734650054757
MovieLens100K,MostPopular,omnirec.runner.algos.LensKit,42,nDCG,10,0.123151194370365
MovieLens100K,MostPopular,omnirec.runner.algos.LensKit,42,nDCG,10,0.5087403079104241
MovieLens100K,MostPopular,omnirec.runner.algos.LensKit,42,nDCG,5,0.2640681225725909
MovieLens100K,MostPopular,omnirec.runner.algos.LensKit,42,nDCG,10,0.2640681225725909
MovieLens100K,MostPopular,omnirec.runner.algos.LensKit,42,nDCG,10,0.21657136003619626
MovieLens100K,MostPopular,omnirec.runner.algos.LensKit,42,nDCG,10,0.08671382849411974
MovieLens100K,MostPopular,omnirec.runner.algos.LensKit,42,nDCG,10,0.2684550357175426
MovieLens100K,MostPopular,omnirec.runner.algos.LensKit,42,nDCG,10,0.1386991616393714
MovieLens100K,MostPopular,omnirec.runner.algos.LensKit,42,nDCG,10,0.15176219107803537
MovieLens100K,MostPopular,omnirec.runner.algos.LensKit,42,nDCG,10,0.31204907722178066
MovieLens100K,MostPopular,omnirec.runner.algos.LensKit,42,nDCG,10,0.10086747116627115
MovieLens100K,MostPopular,omnirec.runner.algos.LensKit,42,nDCG,10,0.3222722491219547
MovieLens100K,MostPopular,omnirec.runner.algos.LensKit,42,nDCG,10,0.617319681505689
MovieLens100K,MostPopular,omnirec.runner.algos.LensKit,42,nDCG,10,0.13698471029831175
MovieLens100K,MostPopular,omnirec.runner.algos.LensKit,42,nDCG,10,0.06794340091829076
MovieLens100K,MostPopular,omnirec.runner.algos.LensKit,42,nDCG,10,0.1524971317565697
MovieLens100K,MostPopular,omnirec.runner.algos.LensKit,42,nDCG,5,0.3065735963827292
MovieLens100K,MostPopular,omnirec.runner.algos.LensKit,42,nDCG,10,0.5109559939712153
MovieLens100K,MostPopular,omnirec.runner.algos.LensKit,42,nDCG,10,0.10699313236726378
MovieLens100K,MostPopular,omnirec.runner.algos.LensKit,42,nDCG,5,0.7039180890341347
MovieLens100K,MostPopular,omnirec.runner.algos.LensKit,42,nDCG,10,0.7039180890341347
MovieLens100K,MostPopular,omnirec.runner.algos.LensKit,42,nDCG,10,0.12987501165334076
MovieLens100K,MostPopular,omnirec.runner.algos.LensKit,42,nDCG,10,0.5294362295028773
MovieLens100K,MostPopular,omnirec.runner.algos.LensKit,42,nDCG,10,0.3570764765963919
MovieLens100K,MostPopular,omnirec.runner.algos.LensKit,42,nDCG,10,0.20438239758848611
MovieLens100K,MostPopular,omnirec.runner.algos.LensKit,42,nDCG,10,0.31546487678572877
MovieLens100K,MostPopular,omnirec.runner.algos.LensKit,42,nDCG,10,0.14629191738978586
MovieLens100K,MostPopular,omnirec.runner.algos.LensKit,42,nDCG,10,0.15642624200758548
MovieLens100K,MostPopular,omnirec.runner.algos.LensKit,42,nDCG,10,0.1487639058405727
MovieLens100K,MostPopular,omnirec.runner.algos.LensKit,42,nDCG,10,0.37185395737611554
MovieLens100K,MostPopular,omnirec.runner.algos.LensKit,42,nDCG,10,0.3995688713838975
MovieLens100K,MostPopular,omnirec.runner.algos.LensKit,42,nDCG,10,0.3746661058764784
MovieLens100K,MostPopular,omnirec.runner.algos.LensKit,42,nDCG,10,0.17947710508581735
MovieLens100K,MostPopular,omnirec.runner.algos.LensKit,42,nDCG,5,0.23719771276929622
MovieLens100K,MostPopular,omnirec.runner.algos.LensKit,42,nDCG,10,0.23719771276929622
MovieLens100K,MostPopular,omnirec.runner.algos.LensKit,42,nDCG,10,0.1884441521277154
MovieLens100K,MostPopular,omnirec.runner.algos.LensKit,42,nDCG,10,0.07945707943276742
MovieLens100K,MostPopular,omnirec.runner.algos.LensKit,42,nDCG,10,0.3525683241217281
MovieLens100K,MostPopular,omnirec.runner.algos.LensKit,42,nDCG,10,0.2530614822099702
MovieLens100K,MostPopular,omnirec.runner.algos.LensKit,42,nDCG,10,0.448643819352159
MovieLens100K,MostPopular,omnirec.runner.algos.LensKit,42,nDCG,10,0.3005260969186081
MovieLens100K,MostPopular,omnirec.runner.algos.LensKit,42,nDCG,10,0.20641593223508903
MovieLens100K,MostPopular,omnirec.runner.algos.LensKit,42,nDCG,10,0.3254288624260272
MovieLens100K,MostPopular,omnirec.runner.algos.LensKit,42,nDCG,10,0.18953836965473142
MovieLens100K,MostPopular,omnirec.runner.algos.LensKit,42,nDCG,10,0.33013764944712026
MovieLens100K,MostPopular,omnirec.runner.algos.LensKit,42,nDCG,10,0.2082936658103318
MovieLens100K,MostPopular,omnirec.runner.algos.LensKit,42,nDCG,10,0.45186484096594276
MovieLens100K,MostPopular,omnirec.runner.algos.LensKit,42,nDCG,10,0.10778915452451095
MovieLens100K,MostPopular,omnirec.runner.algos.LensKit,42,nDCG,10,0.13961814555374907
MovieLens100K,MostPopular,omnirec.runner.algos.LensKit,42,nDCG,10,0.17342765698823948
MovieLens100K,MostPopular,omnirec.runner.algos.LensKit,42,nDCG,10,0.09803928583135704
MovieLens100K,MostPopular,omnirec.runner.algos.LensKit,42,nDCG,10,0.08747171410140821
MovieLens100K,MostPopular,omnirec.runner.algos.LensKit,42,nDCG,10,0.30798345931689824
MovieLens100K,MostPopular,omnirec.runner.algos.LensKit,42,nDCG,10,0.23047380976071707
MovieLens100K,ALS,omnirec.runner.algos.LensKit,87,nDCG,1,1.0
MovieLens100K,ALS,omnirec.runner.algos.LensKit,87,Precision,1,1.0
MovieLens100K,ALS,omnirec.runner.algos.LensKit,87,nDCG,5,0.3391602052736161
MovieLens100K,ALS,omnirec.runner.algos.LensKit,87,Precision,5,0.2
MovieLens100K,ALS,omnirec.runner.algos.LensKit,87,nDCG,10,0.2984900352767555
MovieLens100K,ALS,omnirec.runner.algos.LensKit,87,Precision,10,0.2
MovieLens100K,ALS,omnirec.runner.algos.LensKit,87,nDCG,1,0.0
MovieLens100K,ALS,omnirec.runner.algos.LensKit,87,Precision,1,0.0
MovieLens100K,ALS,omnirec.runner.algos.LensKit,87,nDCG,5,0.0
MovieLens100K,ALS,omnirec.runner.algos.LensKit,87,Precision,5,0.0
MovieLens100K,ALS,omnirec.runner.algos.LensKit,87,nDCG,10,0.0
MovieLens100K,ALS,omnirec.runner.algos.LensKit,87,Precision,10,0.0
MovieLens100K,ALS,omnirec.runner.algos.LensKit,87,nDCG,10,0.22009176629808017
MovieLens100K,ALS,omnirec.runner.algos.LensKit,87,Precision,10,0.1
MovieLens100K,ALS,omnirec.runner.algos.LensKit,87,nDCG,5,0.13120507751234178
MovieLens100K,ALS,omnirec.runner.algos.LensKit,87,nDCG,10,0.08514311764162098
MovieLens100K,ALS,omnirec.runner.algos.LensKit,87,nDCG,5,0.14606834984270645
MovieLens100K,ALS,omnirec.runner.algos.LensKit,87,nDCG,10,0.1089364926177559
MovieLens100K,ALS,omnirec.runner.algos.LensKit,87,nDCG,5,0.21398626473452756
MovieLens100K,ALS,omnirec.runner.algos.LensKit,87,nDCG,10,0.13886244387355454
MovieLens100K,ALS,omnirec.runner.algos.LensKit,87,nDCG,5,0.16958010263680806
MovieLens100K,ALS,omnirec.runner.algos.LensKit,87,nDCG,10,0.12647135138382856
MovieLens100K,ALS,omnirec.runner.algos.LensKit,87,nDCG,10,0.14279514403613733
MovieLens100K,ALS,omnirec.runner.algos.LensKit,87,nDCG,5,0.5087403079104241
MovieLens100K,ALS,omnirec.runner.algos.LensKit,87,Precision,5,0.4
MovieLens100K,ALS,omnirec.runner.algos.LensKit,87,nDCG,10,0.33013764944712026
MovieLens100K,ALS,omnirec.runner.algos.LensKit,87,nDCG,10,0.2082936658103318
MovieLens100K,ALS,omnirec.runner.algos.LensKit,87,nDCG,10,0.06362078819895171
MovieLens100K,ALS,omnirec.runner.algos.LensKit,87,nDCG,10,0.10633668103022986
MovieLens100K,ALS,omnirec.runner.algos.LensKit,87,nDCG,10,0.22415199495126517
MovieLens100K,ALS,omnirec.runner.algos.LensKit,87,nDCG,10,0.06943122193677727
MovieLens100K,ALS,omnirec.runner.algos.LensKit,87,nDCG,5,0.30078518014914984
MovieLens100K,ALS,omnirec.runner.algos.LensKit,87,nDCG,10,0.19518900079066107
MovieLens100K,ALS,omnirec.runner.algos.LensKit,87,nDCG,10,0.15139734109601002
MovieLens100K,ALS,omnirec.runner.algos.LensKit,87,nDCG,5,0.16812753627111746
MovieLens100K,ALS,omnirec.runner.algos.LensKit,87,nDCG,10,0.16812753627111746
MovieLens100K,ALS,omnirec.runner.algos.LensKit,87,nDCG,10,0.07614334071738352
MovieLens100K,ALS,omnirec.runner.algos.LensKit,87,nDCG,10,0.2529427027676571
MovieLens100K,ALS,omnirec.runner.algos.LensKit,87,nDCG,5,0.6131471927654584
MovieLens100K,ALS,omnirec.runner.algos.LensKit,87,nDCG,10,0.6131471927654584
MovieLens100K,ALS,omnirec.runner.algos.LensKit,87,nDCG,10,0.11004588314904008
MovieLens100K,ALS,omnirec.runner.algos.LensKit,87,nDCG,10,0.06625422345438903
MovieLens100K,ALS,omnirec.runner.algos.LensKit,87,nDCG,10,0.21222636597291458
MovieLens100K,ALS,omnirec.runner.algos.LensKit,87,nDCG,5,0.36005461457723403
MovieLens100K,ALS,omnirec.runner.algos.LensKit,87,nDCG,10,0.23365080824310533
MovieLens100K,ALS,omnirec.runner.algos.LensKit,87,nDCG,5,0.5531464700081437
MovieLens100K,ALS,omnirec.runner.algos.LensKit,87,nDCG,10,0.42520843362602373
MovieLens100K,ALS,omnirec.runner.algos.LensKit,87,Precision,10,0.3
MovieLens100K,ALS,omnirec.runner.algos.LensKit,87,nDCG,10,0.13905617951077562
MovieLens100K,ALS,omnirec.runner.algos.LensKit,87,nDCG,5,0.6713860725233041
MovieLens100K,ALS,omnirec.runner.algos.LensKit,87,nDCG,10,0.6713860725233041
MovieLens100K,ALS,omnirec.runner.algos.LensKit,87,nDCG,10,0.15958907712489637
MovieLens100K,ALS,omnirec.runner.algos.LensKit,87,nDCG,5,0.24630238874073
MovieLens100K,ALS,omnirec.runner.algos.LensKit,87,nDCG,10,0.24630238874073
MovieLens100K,ALS,omnirec.runner.algos.LensKit,87,nDCG,10,0.07979453856244818
MovieLens100K,ALS,omnirec.runner.algos.LensKit,87,nDCG,10,0.2327059155688063
MovieLens100K,ALS,omnirec.runner.algos.LensKit,87,nDCG,10,0.08431423425588572
MovieLens100K,ALS,omnirec.runner.algos.LensKit,87,nDCG,10,0.10699313236726378
MovieLens100K,ALS,omnirec.runner.algos.LensKit,87,nDCG,10,0.08372491399919348
MovieLens100K,ALS,omnirec.runner.algos.LensKit,87,nDCG,5,0.34519134224686937
MovieLens100K,ALS,omnirec.runner.algos.LensKit,87,nDCG,10,0.22400556151517553
MovieLens100K,ALS,omnirec.runner.algos.LensKit,87,nDCG,10,0.09478836436955078
MovieLens100K,ALS,omnirec.runner.algos.LensKit,87,nDCG,10,0.15176219107803537
MovieLens100K,ALS,omnirec.runner.algos.LensKit,87,nDCG,10,0.19342640361727081
MovieLens100K,ALS,omnirec.runner.algos.LensKit,87,nDCG,10,0.3647442587311445
MovieLens100K,ALS,omnirec.runner.algos.LensKit,87,nDCG,10,0.41939799988819815
MovieLens100K,ALS,omnirec.runner.algos.LensKit,87,Precision,10,0.4
MovieLens100K,ALS,omnirec.runner.algos.LensKit,87,nDCG,10,0.2350455494144854
MovieLens100K,ALS,omnirec.runner.algos.LensKit,87,nDCG,10,0.13568544539116628
MovieLens100K,ALS,omnirec.runner.algos.LensKit,87,nDCG,5,0.6843515475204855
MovieLens100K,ALS,omnirec.runner.algos.LensKit,87,Precision,5,0.6
MovieLens100K,ALS,omnirec.runner.algos.LensKit,87,nDCG,10,0.4440973278132557
MovieLens100K,ALS,omnirec.runner.algos.LensKit,87,nDCG,10,0.3391602052736161
MovieLens100K,ALS,omnirec.runner.algos.LensKit,87,nDCG,10,0.5531464700081437
MovieLens100K,ALS,omnirec.runner.algos.LensKit,87,nDCG,5,0.46927872602275644
MovieLens100K,ALS,omnirec.runner.algos.LensKit,87,nDCG,10,0.617319681505689
MovieLens100K,ALS,omnirec.runner.algos.LensKit,87,nDCG,10,0.16716045496620227
MovieLens100K,ALS,omnirec.runner.algos.LensKit,87,nDCG,10,0.4599715079731103
MovieLens100K,ALS,omnirec.runner.algos.LensKit,87,nDCG,10,0.37185395737611554
MovieLens100K,ALS,omnirec.runner.algos.LensKit,87,nDCG,10,0.46927872602275644
MovieLens100K,ALS,omnirec.runner.algos.LensKit,87,nDCG,10,0.30580131013556605
MovieLens100K,ALS,omnirec.runner.algos.LensKit,87,nDCG,10,0.17947710508581735
MovieLens100K,ALS,omnirec.runner.algos.LensKit,87,nDCG,10,0.15850703974098102
MovieLens100K,ALS,omnirec.runner.algos.LensKit,87,nDCG,10,0.14606834984270645
MovieLens100K,ALS,omnirec.runner.algos.LensKit,87,nDCG,10,0.21840743681816419
MovieLens100K,ALS,omnirec.runner.algos.LensKit,87,nDCG,10,0.10778915452451095
MovieLens100K,ALS,omnirec.runner.algos.LensKit,87,nDCG,10,0.30046628673637255
MovieLens100K,ALS,omnirec.runner.algos.LensKit,87,nDCG,10,0.12987501165334076
MovieLens100K,ALS,omnirec.runner.algos.LensKit,87,nDCG,10,0.17723928678404774
MovieLens100K,ALS,omnirec.runner.algos.LensKit,87,nDCG,10,0.13032376591037065
MovieLens100K,ALS,omnirec.runner.algos.LensKit,87,nDCG,10,0.07839826897867533
MovieLens100K,ALS,omnirec.runner.algos.LensKit,87,nDCG,10,0.13120507751234178
MovieLens100K,ALS,omnirec.runner.algos.LensKit,87,nDCG,10,0.07336392209936005
MovieLens100K,ALS,omnirec.runner.algos.LensKit,87,nDCG,10,0.11284514134893527
MovieLens100K,ALS,omnirec.runner.algos.LensKit,87,nDCG,5,0.20210734650054757
MovieLens100K,ALS,omnirec.runner.algos.LensKit,87,nDCG,10,0.20210734650054757
MovieLens100K,ALS,omnirec.runner.algos.LensKit,87,nDCG,5,0.27727342735504823
MovieLens100K,ALS,omnirec.runner.algos.LensKit,87,nDCG,10,0.17993148201117176
MovieLens100K,ALS,omnirec.runner.algos.LensKit,87,nDCG,10,0.19796212533499347
MovieLens100K,ALS,omnirec.runner.algos.LensKit,87,nDCG,10,0.27487633291429087
MovieLens100K,ALS,omnirec.runner.algos.LensKit,87,nDCG,5,0.38356636737133565
MovieLens100K,ALS,omnirec.runner.algos.LensKit,87,nDCG,10,0.2489083270225946
MovieLens100K,ALS,omnirec.runner.algos.LensKit,87,nDCG,5,0.7039180890341347
MovieLens100K,ALS,omnirec.runner.algos.LensKit,87,nDCG,10,0.7039180890341347
MovieLens100K,ALS,omnirec.runner.algos.LensKit,87,nDCG,10,0.13565197343244778
MovieLens100K,ALS,omnirec.runner.algos.LensKit,87,nDCG,10,0.07414861528507456
MovieLens100K,ALS,omnirec.runner.algos.LensKit,87,nDCG,10,0.8315546295836225
MovieLens100K,ALS,omnirec.runner.algos.LensKit,87,nDCG,5,0.3903800499921017
MovieLens100K,ALS,omnirec.runner.algos.LensKit,87,nDCG,10,0.3903800499921017
MovieLens100K,ALS,omnirec.runner.algos.LensKit,87,nDCG,5,0.7227265726449519
MovieLens100K,ALS,omnirec.runner.algos.LensKit,87,nDCG,10,0.5716213154129578
MovieLens100K,ALS,omnirec.runner.algos.LensKit,87,nDCG,10,0.13012668333070054
MovieLens100K,ALS,omnirec.runner.algos.LensKit,87,nDCG,10,0.07945707943276742
MovieLens100K,ALS,omnirec.runner.algos.LensKit,87,nDCG,5,0.4468535299918563
MovieLens100K,ALS,omnirec.runner.algos.LensKit,87,nDCG,10,0.3594085870969891
MovieLens100K,ALS,omnirec.runner.algos.LensKit,87,nDCG,10,0.24703059344735182
MovieLens100K,ALS,omnirec.runner.algos.LensKit,87,nDCG,10,0.09791292534996782
MovieLens100K,ALS,omnirec.runner.algos.LensKit,87,nDCG,5,0.4703652827859579
MovieLens100K,ALS,omnirec.runner.algos.LensKit,87,nDCG,10,0.30523488393970116
MovieLens100K,ALS,omnirec.runner.algos.LensKit,87,nDCG,10,0.28165758790969186
MovieLens100K,ALS,omnirec.runner.algos.LensKit,87,nDCG,10,0.3531437764338091
MovieLens100K,ALS,omnirec.runner.algos.LensKit,87,nDCG,10,0.4409203293308675
MovieLens100K,ALS,omnirec.runner.algos.LensKit,87,nDCG,5,0.3156484524795145
MovieLens100K,ALS,omnirec.runner.algos.LensKit,87,nDCG,10,0.2684550357175426
MovieLens100K,ALS,omnirec.runner.algos.LensKit,87,nDCG,10,0.15457433957839825
MovieLens100K,ALS,omnirec.runner.algos.LensKit,87,nDCG,5,0.6164336326286644
MovieLens100K,ALS,omnirec.runner.algos.LensKit,87,nDCG,10,0.5478527392247046
MovieLens100K,ALS,omnirec.runner.algos.LensKit,87,Precision,10,0.5
MovieLens100K,ALS,omnirec.runner.algos.LensKit,87,nDCG,10,0.3628869103342175
MovieLens100K,ALS,omnirec.runner.algos.LensKit,87,nDCG,10,0.2051166673279436
MovieLens100K,ALS,omnirec.runner.algos.LensKit,87,nDCG,10,0.28952298823485745
MovieLens100K,ALS,omnirec.runner.algos.LensKit,87,nDCG,10,0.18340980524840012
MovieLens100K,ALS,omnirec.runner.algos.LensKit,87,nDCG,10,0.17630010660342912
MovieLens100K,ALS,omnirec.runner.algos.LensKit,87,nDCG,10,0.2683637998873703
MovieLens100K,ALS,omnirec.runner.algos.LensKit,87,nDCG,5,0.8687949224876582
MovieLens100K,ALS,omnirec.runner.algos.LensKit,87,Precision,5,0.8
MovieLens100K,ALS,omnirec.runner.algos.LensKit,87,nDCG,10,0.6274092458891772
MovieLens100K,ALS,omnirec.runner.algos.LensKit,87,nDCG,10,0.09092803061897885
MovieLens100K,ALS,omnirec.runner.algos.LensKit,87,nDCG,10,0.5032251913410369
MovieLens100K,ALS,omnirec.runner.algos.LensKit,87,nDCG,10,0.19587129117873783
MovieLens100K,ALS,omnirec.runner.algos.LensKit,87,nDCG,10,0.33725693702354287
MovieLens100K,ALS,omnirec.runner.algos.LensKit,87,nDCG,10,0.40350157154648025
MovieLens100K,ALS,omnirec.runner.algos.LensKit,87,nDCG,10,0.29025978496956456
MovieLens100K,ALS,omnirec.runner.algos.LensKit,87,nDCG,10,0.123151194370365
MovieLens100K,ALS,omnirec.runner.algos.LensKit,87,nDCG,10,0.2863459897524692
MovieLens100K,ALS,omnirec.runner.algos.LensKit,87,nDCG,10,0.23992089480238082
MovieLens100K,ALS,omnirec.runner.algos.LensKit,87,nDCG,10,0.3029889503327762
MovieLens100K,ALS,omnirec.runner.algos.LensKit,87,nDCG,10,0.3537338847624762
MovieLens100K,ALS,omnirec.runner.algos.LensKit,87,nDCG,10,0.1559378792798317
MovieLens100K,ALS,omnirec.runner.algos.LensKit,87,nDCG,10,0.41039156802332444
MovieLens100K,ALS,omnirec.runner.algos.LensKit,87,nDCG,10,0.3557772116892465
MovieLens100K,ALS,omnirec.runner.algos.LensKit,87,nDCG,10,0.1736666713479918
MovieLens100K,ALS,omnirec.runner.algos.LensKit,87,nDCG,5,0.6992148198508501
MovieLens100K,ALS,omnirec.runner.algos.LensKit,87,nDCG,10,0.4537425745411855
MovieLens100K,ALS,omnirec.runner.algos.LensKit,87,nDCG,10,0.34695119186869644
MovieLens100K,ALS,omnirec.runner.algos.LensKit,87,nDCG,10,0.16927654709047396
MovieLens100K,ALS,omnirec.runner.algos.LensKit,87,nDCG,10,0.2973694836145356
MovieLens100K,ALS,omnirec.runner.algos.LensKit,87,nDCG,10,0.20248323207250624
MovieLens100K,ALS,omnirec.runner.algos.LensKit,87,nDCG,10,0.0901000086523677
MovieLens100K,ALS,omnirec.runner.algos.LensKit,87,nDCG,5,0.48522855511632257
MovieLens100K,ALS,omnirec.runner.algos.LensKit,87,nDCG,10,0.31488013066763093
MovieLens100K,ALS,omnirec.runner.algos.LensKit,87,nDCG,10,0.1909208661789347
MovieLens100K,ALS,omnirec.runner.algos.LensKit,87,nDCG,10,0.32124463208930537
MovieLens100K,ALS,omnirec.runner.algos.LensKit,87,nDCG,10,0.25909036127391766
MovieLens100K,ALS,omnirec.runner.algos.LensKit,87,nDCG,10,0.14126697285982898
MovieLens100K,ALS,omnirec.runner.algos.LensKit,87,nDCG,10,0.1635413866202963
MovieLens100K,ALS,omnirec.runner.algos.LensKit,87,nDCG,5,0.2960819109658652
MovieLens100K,ALS,omnirec.runner.algos.LensKit,87,nDCG,10,0.2960819109658652
MovieLens100K,ALS,omnirec.runner.algos.LensKit,87,nDCG,10,0.47842151728792726
MovieLens100K,ALS,omnirec.runner.algos.LensKit,87,nDCG,10,0.09803928583135704
MovieLens100K,ALS,omnirec.runner.algos.LensKit,87,nDCG,10,0.3900741276002217
MovieLens100K,ALS,omnirec.runner.algos.LensKit,87,nDCG,5,0.3065735963827292
MovieLens100K,ALS,omnirec.runner.algos.LensKit,87,nDCG,10,0.3065735963827292
MovieLens100K,ALS,omnirec.runner.algos.LensKit,87,nDCG,10,0.3562071871080222
MovieLens100K,ALS,omnirec.runner.algos.LensKit,87,nDCG,10,0.1584091525685025
MovieLens100K,ALS,omnirec.runner.algos.LensKit,87,nDCG,10,0.16958010263680806
MovieLens100K,ALS,omnirec.runner.algos.LensKit,87,nDCG,10,0.17957712468379533
MovieLens100K,ALS,omnirec.runner.algos.LensKit,87,nDCG,10,0.2614432242450501
MovieLens100K,ALS,omnirec.runner.algos.LensKit,87,nDCG,10,0.3589542101716347
MovieLens100K,ALS,omnirec.runner.algos.LensKit,87,nDCG,10,0.20483424751859086
MovieLens100K,ALS,omnirec.runner.algos.LensKit,87,nDCG,10,0.4632423659320675
MovieLens100K,ALS,omnirec.runner.algos.LensKit,87,nDCG,10,0.30281242839865
MovieLens100K,ALS,omnirec.runner.algos.LensKit,87,nDCG,10,0.13961814555374907
MovieLens100K,ALS,omnirec.runner.algos.LensKit,87,nDCG,10,0.4125317798925535
MovieLens100K,ALS,omnirec.runner.algos.LensKit,87,nDCG,10,0.27134058233820724
MovieLens100K,ALS,omnirec.runner.algos.LensKit,87,nDCG,5,0.19519002499605084
MovieLens100K,ALS,omnirec.runner.algos.LensKit,87,nDCG,10,0.19519002499605084
MovieLens100K,ALS,omnirec.runner.algos.LensKit,87,nDCG,10,0.2528410271851774
MovieLens100K,ALS,omnirec.runner.algos.LensKit,87,nDCG,10,0.17342765698823948
MovieLens100K,ALS,omnirec.runner.algos.LensKit,87,nDCG,10,0.21398626473452756
MovieLens100K,ALS,omnirec.runner.algos.LensKit,87,nDCG,10,0.28997736516021183
MovieLens100K,ALS,omnirec.runner.algos.LensKit,87,nDCG,10,0.29062463495158997
MovieLens100K,ALS,omnirec.runner.algos.LensKit,87,nDCG,5,0.2640681225725909
MovieLens100K,ALS,omnirec.runner.algos.LensKit,87,nDCG,10,0.2640681225725909
MovieLens100K,ALS,omnirec.runner.algos.LensKit,87,nDCG,10,0.08671382849411974
MovieLens100K,ALS,omnirec.runner.algos.LensKit,87,nDCG,5,0.38685280723454163
MovieLens100K,ALS,omnirec.runner.algos.LensKit,87,nDCG,10,0.38685280723454163
MovieLens100K,ALS,omnirec.runner.algos.LensKit,87,nDCG,10,0.16421958630632802
MovieLens100K,ALS,omnirec.runner.algos.LensKit,87,nDCG,10,0.2934556883974402
MovieLens100K,ALS,omnirec.runner.algos.LensKit,87,nDCG,10,0.1480409554829326
MovieLens100K,ALS,omnirec.runner.algos.LensKit,87,nDCG,10,0.3026024134988135
MovieLens100K,ALS,omnirec.runner.algos.LensKit,87,nDCG,10,0.2437748474873753
MovieLens100K,ALS,omnirec.runner.algos.LensKit,87,nDCG,10,0.11838279295536293
MovieLens100K,ALS,omnirec.runner.algos.LensKit,87,nDCG,10,0.09785159463516042
MovieLens100K,ALS,omnirec.runner.algos.LensKit,87,nDCG,10,0.33627415762678564
MovieLens100K,ALS,omnirec.runner.algos.LensKit,87,nDCG,10,0.2187513829195429
MovieLens100K,ALS,omnirec.runner.algos.LensKit,87,nDCG,10,0.08747171410140821
MovieLens100K,ALS,omnirec.runner.algos.LensKit,87,nDCG,10,0.22793826167775832
MovieLens100K,ALS,omnirec.runner.algos.LensKit,87,nDCG,10,0.14829723057014912
MovieLens100K,ALS,omnirec.runner.algos.LensKit,87,nDCG,10,0.24968908577726404
MovieLens100K,ALS,omnirec.runner.algos.LensKit,87,nDCG,10,0.1208113026994942
MovieLens100K,ALS,omnirec.runner.algos.LensKit,87,nDCG,10,0.1731866333482261
MovieLens100K,ALS,omnirec.runner.algos.LensKit,87,nDCG,5,0.23719771276929622
MovieLens100K,ALS,omnirec.runner.algos.LensKit,87,nDCG,10,0.23719771276929622
MovieLens100K,ALS,omnirec.runner.algos.LensKit,87,nDCG,10,0.14910427719257574
MovieLens100K,ALS,omnirec.runner.algos.LensKit,87,nDCG,5,0.4912596920895758
MovieLens100K,ALS,omnirec.runner.algos.LensKit,87,nDCG,10,0.3882251478215036
MovieLens100K,ALS,omnirec.runner.algos.LensKit,87,nDCG,10,0.2742654694553681
MovieLens100K,ALS,omnirec.runner.algos.LensKit,87,nDCG,10,0.34445239307233994
MovieLens100K,ALS,omnirec.runner.algos.LensKit,87,nDCG,5,0.6548086577531307
MovieLens100K,ALS,omnirec.runner.algos.LensKit,87,nDCG,10,0.6548086577531307
MovieLens100K,ALS,omnirec.runner.algos.LensKit,87,nDCG,5,0.18154179253735267
MovieLens100K,ALS,omnirec.runner.algos.LensKit,87,nDCG,10,0.18154179253735267
MovieLens100K,ALS,omnirec.runner.algos.LensKit,87,nDCG,5,0.5
MovieLens100K,ALS,omnirec.runner.algos.LensKit,87,nDCG,10,0.5
MovieLens100K,ALS,omnirec.runner.algos.LensKit,87,nDCG,5,0.639945385422766
MovieLens100K,ALS,omnirec.runner.algos.LensKit,87,nDCG,10,0.5509662124799075
MovieLens100K,ALS,omnirec.runner.algos.LensKit,87,nDCG,10,0.20438239758848611
MovieLens100K,ALS,omnirec.runner.algos.LensKit,87,nDCG,10,0.7040791436471738
MovieLens100K,ALS,omnirec.runner.algos.LensKit,87,nDCG,10,0.5087403079104241
MovieLens100K,ALS,omnirec.runner.algos.LensKit,87,nDCG,10,0.2180164145324244
MovieLens100K,ALS,omnirec.runner.algos.LensKit,87,nDCG,10,0.07311683844390995
MovieLens100K,ALS,omnirec.runner.algos.LensKit,87,nDCG,10,0.38121301394452073
MovieLens100K,ALS,omnirec.runner.algos.LensKit,87,nDCG,10,0.1478294909154526
MovieLens100K,ALS,omnirec.runner.algos.LensKit,87,nDCG,10,0.37850091886658266
MovieLens100K,ALS,omnirec.runner.algos.LensKit,87,nDCG,10,0.3308744461818274
MovieLens100K,ALS,omnirec.runner.algos.LensKit,87,nDCG,10,0.24309789328476902
MovieLens100K,ALS,omnirec.runner.algos.LensKit,87,nDCG,10,0.10086747116627115
MovieLens100K,ALS,omnirec.runner.algos.LensKit,87,nDCG,10,0.28371255449703187
MovieLens100K,ItemKNN,omnirec.runner.algos.LensKit,87,nDCG,1,1.0
MovieLens100K,ItemKNN,omnirec.runner.algos.LensKit,87,Precision,1,1.0
MovieLens100K,ItemKNN,omnirec.runner.algos.LensKit,87,nDCG,5,0.3391602052736161
MovieLens100K,ItemKNN,omnirec.runner.algos.LensKit,87,Precision,5,0.2
MovieLens100K,ItemKNN,omnirec.runner.algos.LensKit,87,nDCG,10,0.2984900352767555
MovieLens100K,ItemKNN,omnirec.runner.algos.LensKit,87,Precision,10,0.2
MovieLens100K,ItemKNN,omnirec.runner.algos.LensKit,87,nDCG,1,0.0
MovieLens100K,ItemKNN,omnirec.runner.algos.LensKit,87,Precision,1,0.0
MovieLens100K,ItemKNN,omnirec.runner.algos.LensKit,87,nDCG,5,0.0
MovieLens100K,ItemKNN,omnirec.runner.algos.LensKit,87,Precision,5,0.0
MovieLens100K,ItemKNN,omnirec.runner.algos.LensKit,87,nDCG,10,0.0
MovieLens100K,ItemKNN,omnirec.runner.algos.LensKit,87,Precision,10,0.0
MovieLens100K,ItemKNN,omnirec.runner.algos.LensKit,87,nDCG,10,0.22009176629808017
MovieLens100K,ItemKNN,omnirec.runner.algos.LensKit,87,Precision,10,0.1
MovieLens100K,ItemKNN,omnirec.runner.algos.LensKit,87,nDCG,5,0.13120507751234178
MovieLens100K,ItemKNN,omnirec.runner.algos.LensKit,87,nDCG,10,0.08514311764162098
MovieLens100K,ItemKNN,omnirec.runner.algos.LensKit,87,nDCG,5,0.14606834984270645
MovieLens100K,ItemKNN,omnirec.runner.algos.LensKit,87,nDCG,10,0.1089364926177559
MovieLens100K,ItemKNN,omnirec.runner.algos.LensKit,87,nDCG,5,0.21398626473452756
MovieLens100K,ItemKNN,omnirec.runner.algos.LensKit,87,nDCG,10,0.13886244387355454
MovieLens100K,ItemKNN,omnirec.runner.algos.LensKit,87,nDCG,5,0.16958010263680806
MovieLens100K,ItemKNN,omnirec.runner.algos.LensKit,87,nDCG,10,0.12647135138382856
MovieLens100K,ItemKNN,omnirec.runner.algos.LensKit,87,nDCG,10,0.14279514403613733
MovieLens100K,ItemKNN,omnirec.runner.algos.LensKit,87,nDCG,5,0.5087403079104241
MovieLens100K,ItemKNN,omnirec.runner.algos.LensKit,87,Precision,5,0.4
MovieLens100K,ItemKNN,omnirec.runner.algos.LensKit,87,nDCG,10,0.33013764944712026
MovieLens100K,ItemKNN,omnirec.runner.algos.LensKit,87,nDCG,10,0.2082936658103318
MovieLens100K,ItemKNN,omnirec.runner.algos.LensKit,87,nDCG,10,0.06362078819895171
MovieLens100K,ItemKNN,omnirec.runner.algos.LensKit,87,nDCG,10,0.10633668103022986
MovieLens100K,ItemKNN,omnirec.runner.algos.LensKit,87,nDCG,10,0.22415199495126517
MovieLens100K,ItemKNN,omnirec.runner.algos.LensKit,87,nDCG,10,0.06943122193677727
MovieLens100K,ItemKNN,omnirec.runner.algos.LensKit,87,nDCG,5,0.30078518014914984
MovieLens100K,ItemKNN,omnirec.runner.algos.LensKit,87,nDCG,10,0.19518900079066107
MovieLens100K,ItemKNN,omnirec.runner.algos.LensKit,87,nDCG,10,0.15139734109601002
MovieLens100K,ItemKNN,omnirec.runner.algos.LensKit,87,nDCG,5,0.16812753627111746
MovieLens100K,ItemKNN,omnirec.runner.algos.LensKit,87,nDCG,10,0.16812753627111746
MovieLens100K,ItemKNN,omnirec.runner.algos.LensKit,87,nDCG,10,0.07614334071738352
MovieLens100K,ItemKNN,omnirec.runner.algos.LensKit,87,nDCG,10,0.2529427027676571
MovieLens100K,ItemKNN,omnirec.runner.algos.LensKit,87,nDCG,5,0.6131471927654584
MovieLens100K,ItemKNN,omnirec.runner.algos.LensKit,87,nDCG,10,0.6131471927654584
MovieLens100K,ItemKNN,omnirec.runner.algos.LensKit,87,nDCG,10,0.11004588314904008
MovieLens100K,ItemKNN,omnirec.runner.algos.LensKit,87,nDCG,10,0.06625422345438903
MovieLens100K,ItemKNN,omnirec.runner.algos.LensKit,87,nDCG,10,0.21222636597291458
MovieLens100K,ItemKNN,omnirec.runner.algos.LensKit,87,nDCG,5,0.36005461457723403
MovieLens100K,ItemKNN,omnirec.runner.algos.LensKit,87,nDCG,10,0.23365080824310533
MovieLens100K,ItemKNN,omnirec.runner.algos.LensKit,87,nDCG,5,0.5531464700081437
MovieLens100K,ItemKNN,omnirec.runner.algos.LensKit,87,nDCG,10,0.42520843362602373
MovieLens100K,ItemKNN,omnirec.runner.algos.LensKit,87,Precision,10,0.3
MovieLens100K,ItemKNN,omnirec.runner.algos.LensKit,87,nDCG,10,0.13905617951077562
MovieLens100K,ItemKNN,omnirec.runner.algos.LensKit,87,nDCG,5,0.6713860725233041
MovieLens100K,ItemKNN,omnirec.runner.algos.LensKit,87,nDCG,10,0.6713860725233041
MovieLens100K,ItemKNN,omnirec.runner.algos.LensKit,87,nDCG,10,0.15958907712489637
MovieLens100K,ItemKNN,omnirec.runner.algos.LensKit,87,nDCG,5,0.24630238874073
MovieLens100K,ItemKNN,omnirec.runner.algos.LensKit,87,nDCG,10,0.24630238874073
MovieLens100K,ItemKNN,omnirec.runner.algos.LensKit,87,nDCG,10,0.07979453856244818
MovieLens100K,ItemKNN,omnirec.runner.algos.LensKit,87,nDCG,10,0.2327059155688063
MovieLens100K,ItemKNN,omnirec.runner.algos.LensKit,87,nDCG,10,0.08431423425588572
MovieLens100K,ItemKNN,omnirec.runner.algos.LensKit,87,nDCG,10,0.10699313236726378
MovieLens100K,ItemKNN,omnirec.runner.algos.LensKit,87,nDCG,10,0.08372491399919348
MovieLens100K,ItemKNN,omnirec.runner.algos.LensKit,87,nDCG,5,0.34519134224686937
MovieLens100K,ItemKNN,omnirec.runner.algos.LensKit,87,nDCG,10,0.22400556151517553
MovieLens100K,ItemKNN,omnirec.runner.algos.LensKit,87,nDCG,10,0.09478836436955078
MovieLens100K,ItemKNN,omnirec.runner.algos.LensKit,87,nDCG,10,0.15176219107803537
MovieLens100K,ItemKNN,omnirec.runner.algos.LensKit,87,nDCG,10,0.19342640361727081
MovieLens100K,ItemKNN,omnirec.runner.algos.LensKit,87,nDCG,10,0.3647442587311445
MovieLens100K,ItemKNN,omnirec.runner.algos.LensKit,87,nDCG,10,0.41939799988819815
MovieLens100K,ItemKNN,omnirec.runner.algos.LensKit,87,Precision,10,0.4
MovieLens100K,ItemKNN,omnirec.runner.algos.LensKit,87,nDCG,10,0.2350455494144854
MovieLens100K,ItemKNN,omnirec.runner.algos.LensKit,87,nDCG,10,0.13568544539116628
MovieLens100K,ItemKNN,omnirec.runner.algos.LensKit,87,nDCG,5,0.6843515475204855
MovieLens100K,ItemKNN,omnirec.runner.algos.LensKit,87,Precision,5,0.6
MovieLens100K,ItemKNN,omnirec.runner.algos.LensKit,87,nDCG,10,0.4440973278132557
MovieLens100K,ItemKNN,omnirec.runner.algos.LensKit,87,nDCG,10,0.3391602052736161
MovieLens100K,ItemKNN,omnirec.runner.algos.LensKit,87,nDCG,10,0.5531464700081437
MovieLens100K,ItemKNN,omnirec.runner.algos.LensKit,87,nDCG,5,0.46927872602275644
MovieLens100K,ItemKNN,omnirec.runner.algos.LensKit,87,nDCG,10,0.617319681505689
MovieLens100K,ItemKNN,omnirec.runner.algos.LensKit,87,nDCG,10,0.16716045496620227
MovieLens100K,ItemKNN,omnirec.runner.algos.LensKit,87,nDCG,10,0.4599715079731103
MovieLens100K,ItemKNN,omnirec.runner.algos.LensKit,87,nDCG,10,0.37185395737611554
MovieLens100K,ItemKNN,omnirec.runner.algos.LensKit,87,nDCG,10,0.46927872602275644
MovieLens100K,ItemKNN,omnirec.runner.algos.LensKit,87,nDCG,10,0.30580131013556605
MovieLens100K,ItemKNN,omnirec.runner.algos.LensKit,87,nDCG,10,0.17947710508581735
MovieLens100K,ItemKNN,omnirec.runner.algos.LensKit,87,nDCG,10,0.15850703974098102
MovieLens100K,ItemKNN,omnirec.runner.algos.LensKit,87,nDCG,10,0.14606834984270645
MovieLens100K,ItemKNN,omnirec.runner.algos.LensKit,87,nDCG,10,0.21840743681816419
MovieLens100K,ItemKNN,omnirec.runner.algos.LensKit,87,nDCG,10,0.10778915452451095
MovieLens100K,ItemKNN,omnirec.runner.algos.LensKit,87,nDCG,10,0.30046628673637255
MovieLens100K,ItemKNN,omnirec.runner.algos.LensKit,87,nDCG,10,0.12987501165334076
MovieLens100K,ItemKNN,omnirec.runner.algos.LensKit,87,nDCG,10,0.17723928678404774
MovieLens100K,ItemKNN,omnirec.runner.algos.LensKit,87,nDCG,10,0.13032376591037065
MovieLens100K,ItemKNN,omnirec.runner.algos.LensKit,87,nDCG,10,0.07839826897867533
MovieLens100K,ItemKNN,omnirec.runner.algos.LensKit,87,nDCG,10,0.13120507751234178
MovieLens100K,ItemKNN,omnirec.runner.algos.LensKit,87,nDCG,10,0.07336392209936005
MovieLens100K,ItemKNN,omnirec.runner.algos.LensKit,87,nDCG,10,0.11284514134893527
MovieLens100K,ItemKNN,omnirec.runner.algos.LensKit,87,nDCG,5,0.20210734650054757
MovieLens100K,ItemKNN,omnirec.runner.algos.LensKit,87,nDCG,10,0.20210734650054757
MovieLens100K,ItemKNN,omnirec.runner.algos.LensKit,87,nDCG,5,0.27727342735504823
MovieLens100K,ItemKNN,omnirec.runner.algos.LensKit,87,nDCG,10,0.17993148201117176
MovieLens100K,ItemKNN,omnirec.runner.algos.LensKit,87,nDCG,10,0.19796212533499347
MovieLens100K,ItemKNN,omnirec.runner.algos.LensKit,87,nDCG,10,0.27487633291429087
MovieLens100K,ItemKNN,omnirec.runner.algos.LensKit,87,nDCG,5,0.38356636737133565
MovieLens100K,ItemKNN,omnirec.runner.algos.LensKit,87,nDCG,10,0.2489083270225946
MovieLens100K,ItemKNN,omnirec.runner.algos.LensKit,87,nDCG,5,0.7039180890341347
MovieLens100K,ItemKNN,omnirec.runner.algos.LensKit,87,nDCG,10,0.7039180890341347
MovieLens100K,ItemKNN,omnirec.runner.algos.LensKit,87,nDCG,10,0.13565197343244778
MovieLens100K,ItemKNN,omnirec.runner.algos.LensKit,87,nDCG,10,0.07414861528507456
MovieLens100K,ItemKNN,omnirec.runner.algos.LensKit,87,nDCG,10,0.8315546295836225
MovieLens100K,ItemKNN,omnirec.runner.algos.LensKit,87,nDCG,5,0.3903800499921017
MovieLens100K,ItemKNN,omnirec.runner.algos.LensKit,87,nDCG,10,0.3903800499921017
MovieLens100K,ItemKNN,omnirec.runner.algos.LensKit,87,nDCG,5,0.7227265726449519
MovieLens100K,ItemKNN,omnirec.runner.algos.LensKit,87,nDCG,10,0.5716213154129578
MovieLens100K,ItemKNN,omnirec.runner.algos.LensKit,87,nDCG,10,0.13012668333070054
MovieLens100K,ItemKNN,omnirec.runner.algos.LensKit,87,nDCG,10,0.07945707943276742
MovieLens100K,ItemKNN,omnirec.runner.algos.LensKit,87,nDCG,5,0.4468535299918563
MovieLens100K,ItemKNN,omnirec.runner.algos.LensKit,87,nDCG,10,0.3594085870969891
MovieLens100K,ItemKNN,omnirec.runner.algos.LensKit,87,nDCG,10,0.24703059344735182
MovieLens100K,ItemKNN,omnirec.runner.algos.LensKit,87,nDCG,10,0.09791292534996782
MovieLens100K,ItemKNN,omnirec.runner.algos.LensKit,87,nDCG,5,0.4703652827859579
MovieLens100K,ItemKNN,omnirec.runner.algos.LensKit,87,nDCG,10,0.30523488393970116
MovieLens100K,ItemKNN,omnirec.runner.algos.LensKit,87,nDCG,10,0.28165758790969186
MovieLens100K,ItemKNN,omnirec.runner.algos.LensKit,87,nDCG,10,0.3531437764338091
MovieLens100K,ItemKNN,omnirec.runner.algos.LensKit,87,nDCG,10,0.4409203293308675
MovieLens100K,ItemKNN,omnirec.runner.algos.LensKit,87,nDCG,5,0.3156484524795145
MovieLens100K,ItemKNN,omnirec.runner.algos.LensKit,87,nDCG,10,0.2684550357175426
MovieLens100K,ItemKNN,omnirec.runner.algos.LensKit,87,nDCG,10,0.15457433957839825
MovieLens100K,ItemKNN,omnirec.runner.algos.LensKit,87,nDCG,5,0.6164336326286644
MovieLens100K,ItemKNN,omnirec.runner.algos.LensKit,87,nDCG,10,0.5478527392247046
MovieLens100K,ItemKNN,omnirec.runner.algos.LensKit,87,Precision,10,0.5
MovieLens100K,ItemKNN,omnirec.runner.algos.LensKit,87,nDCG,10,0.3628869103342175
MovieLens100K,ItemKNN,omnirec.runner.algos.LensKit,87,nDCG,10,0.2051166673279436
MovieLens100K,ItemKNN,omnirec.runner.algos.LensKit,87,nDCG,10,0.28952298823485745
MovieLens100K,ItemKNN,omnirec.runner.algos.LensKit,87,nDCG,10,0.18340980524840012
MovieLens100K,ItemKNN,omnirec.runner.algos.LensKit,87,nDCG,10,0.17630010660342912
MovieLens100K,ItemKNN,omnirec.runner.algos.LensKit,87,nDCG,10,0.2683637998873703
MovieLens100K,ItemKNN,omnirec.runner.algos.LensKit,87,nDCG,5,0.8687949224876582
MovieLens100K,ItemKNN,omnirec.runner.algos.LensKit,87,Precision,5,0.8
MovieLens100K,ItemKNN,omnirec.runner.algos.LensKit,87,nDCG,10,0.6274092458891772
MovieLens100K,ItemKNN,omnirec.runner.algos.LensKit,87,nDCG,10,0.09092803061897885
MovieLens100K,ItemKNN,omnirec.runner.algos.LensKit,87,nDCG,10,0.5032251913410369
MovieLens100K,ItemKNN,omnirec.runner.algos.LensKit,87,nDCG,10,0.19587129117873783
MovieLens100K,ItemKNN,omnirec.runner.algos.LensKit,87,nDCG,10,0.33725693702354287
MovieLens100K,ItemKNN,omnirec.runner.algos.LensKit,87,nDCG,10,0.40350157154648025
MovieLens100K,ItemKNN,omnirec.runner.algos.LensKit,87,nDCG,10,0.29025978496956456
MovieLens100K,ItemKNN,omnirec.runner.algos.LensKit,87,nDCG,10,0.123151194370365
MovieLens100K,ItemKNN,omnirec.runner.algos.LensKit,87,nDCG,10,0.2863459897524692
MovieLens100K,ItemKNN,omnirec.runner.algos.LensKit,87,nDCG,10,0.23992089480238082
MovieLens100K,ItemKNN,omnirec.runner.algos.LensKit,87,nDCG,10,0.3029889503327762
MovieLens100K,ItemKNN,omnirec.runner.algos.LensKit,87,nDCG,10,0.3537338847624762
MovieLens100K,ItemKNN,omnirec.runner.algos.LensKit,87,nDCG,10,0.1559378792798317
MovieLens100K,ItemKNN,omnirec.runner.algos.LensKit,87,nDCG,10,0.41039156802332444
MovieLens100K,ItemKNN,omnirec.runner.algos.LensKit,87,nDCG,10,0.3557772116892465
MovieLens100K,ItemKNN,omnirec.runner.algos.LensKit,87,nDCG,10,0.1736666713479918
MovieLens100K,ItemKNN,omnirec.runner.algos.LensKit,87,nDCG,5,0.6992148198508501
MovieLens100K,ItemKNN,omnirec.runner.algos.LensKit,87,nDCG,10,0.4537425745411855
MovieLens100K,ItemKNN,omnirec.runner.algos.LensKit,87,nDCG,10,0.34695119186869644
MovieLens100K,ItemKNN,omnirec.runner.algos.LensKit,87,nDCG,10,0.16927654709047396
MovieLens100K,ItemKNN,omnirec.runner.algos.LensKit,87,nDCG,10,0.2973694836145356
MovieLens100K,ItemKNN,omnirec.runner.algos.LensKit,87,nDCG,10,0.20248323207250624
MovieLens100K,ItemKNN,omnirec.runner.algos.LensKit,87,nDCG,10,0.0901000086523677
MovieLens100K,ItemKNN,omnirec.runner.algos.LensKit,87,nDCG,5,0.48522855511632257
MovieLens100K,ItemKNN,omnirec.runner.algos.LensKit,87,nDCG,10,0.31488013066763093
MovieLens100K,ItemKNN,omnirec.runner.algos.LensKit,87,nDCG,10,0.1909208661789347
MovieLens100K,ItemKNN,omnirec.runner.algos.LensKit,87,nDCG,10,0.32124463208930537
MovieLens100K,ItemKNN,omnirec.runner.algos.LensKit,87,nDCG,10,0.25909036127391766
MovieLens100K,ItemKNN,omnirec.runner.algos.LensKit,87,nDCG,10,0.14126697285982898
MovieLens100K,ItemKNN,omnirec.runner.algos.LensKit,87,nDCG,10,0.1635413866202963
MovieLens100K,ItemKNN,omnirec.runner.algos.LensKit,87,nDCG,5,0.2960819109658652
MovieLens100K,ItemKNN,omnirec.runner.algos.LensKit,87,nDCG,10,0.2960819109658652
MovieLens100K,ItemKNN,omnirec.runner.algos.LensKit,87,nDCG,10,0.47842151728792726
MovieLens100K,ItemKNN,omnirec.runner.algos.LensKit,87,nDCG,10,0.09803928583135704
MovieLens100K,ItemKNN,omnirec.runner.algos.LensKit,87,nDCG,10,0.3900741276002217
MovieLens100K,ItemKNN,omnirec.runner.algos.LensKit,87,nDCG,5,0.3065735963827292
MovieLens100K,ItemKNN,omnirec.runner.algos.LensKit,87,nDCG,10,0.3065735963827292
MovieLens100K,ItemKNN,omnirec.runner.algos.LensKit,87,nDCG,10,0.3562071871080222
MovieLens100K,ItemKNN,omnirec.runner.algos.LensKit,87,nDCG,10,0.1584091525685025
MovieLens100K,ItemKNN,omnirec.runner.algos.LensKit,87,nDCG,10,0.16958010263680806
MovieLens100K,ItemKNN,omnirec.runner.algos.LensKit,87,nDCG,10,0.17957712468379533
MovieLens100K,ItemKNN,omnirec.runner.algos.LensKit,87,nDCG,10,0.2614432242450501
MovieLens100K,ItemKNN,omnirec.runner.algos.LensKit,87,nDCG,10,0.3589542101716347
MovieLens100K,ItemKNN,omnirec.runner.algos.LensKit,87,nDCG,10,0.20483424751859086
MovieLens100K,ItemKNN,omnirec.runner.algos.LensKit,87,nDCG,10,0.4632423659320675
MovieLens100K,ItemKNN,omnirec.runner.algos.LensKit,87,nDCG,10,0.30281242839865
MovieLens100K,ItemKNN,omnirec.runner.algos.LensKit,87,nDCG,10,0.13961814555374907
MovieLens100K,ItemKNN,omnirec.runner.algos.LensKit,87,nDCG,10,0.4125317798925535
MovieLens100K,ItemKNN,omnirec.runner.algos.LensKit,87,nDCG,10,0.27134058233820724
MovieLens100K,ItemKNN,omnirec.runner.algos.LensKit,87,nDCG,5,0.19519002499605084
MovieLens100K,ItemKNN,omnirec.runner.algos.LensKit,87,nDCG,10,0.19519002499605084
MovieLens100K,ItemKNN,omnirec.runner.algos.LensKit,87,nDCG,10,0.2528410271851774
MovieLens100K,ItemKNN,omnirec.runner.algos.LensKit,87,nDCG,10,0.17342765698823948
MovieLens100K,ItemKNN,omnirec.runner.algos.LensKit,87,nDCG,10,0.21398626473452756
MovieLens100K,ItemKNN,omnirec.runner.algos.LensKit,87,nDCG,10,0.28997736516021183
MovieLens100K,ItemKNN,omnirec.runner.algos.LensKit,87,nDCG,10,0.29062463495158997
MovieLens100K,ItemKNN,omnirec.runner.algos.LensKit,87,nDCG,5,0.2640681225725909
MovieLens100K,ItemKNN,omnirec.runner.algos.LensKit,87,nDCG,10,0.2640681225725909
MovieLens100K,ItemKNN,omnirec.runner.algos.LensKit,87,nDCG,10,0.08671382849411974
MovieLens100K,ItemKNN,omnirec.runner.algos.LensKit,87,nDCG,5,0.38685280723454163
MovieLens100K,ItemKNN,omnirec.runner.algos.LensKit,87,nDCG,10,0.38685280723454163
MovieLens100K,ItemKNN,omnirec.runner.algos.LensKit,87,nDCG,10,0.16421958630632802
MovieLens100K,ItemKNN,omnirec.runner.algos.LensKit,87,nDCG,10,0.2934556883974402
MovieLens100K,ItemKNN,omnirec.runner.algos.LensKit,87,nDCG,10,0.1480409554829326
MovieLens100K,ItemKNN,omnirec.runner.algos.LensKit,87,nDCG,10,0.3026024134988135
MovieLens100K,ItemKNN,omnirec.runner.algos.LensKit,87,nDCG,10,0.2437748474873753
MovieLens100K,ItemKNN,omnirec.runner.algos.LensKit,87,nDCG,10,0.11838279295536293
MovieLens100K,ItemKNN,omnirec.runner.algos.LensKit,87,nDCG,10,0.09785159463516042
MovieLens100K,ItemKNN,omnirec.runner.algos.LensKit,87,nDCG,10,0.33627415762678564
MovieLens100K,ItemKNN,omnirec.runner.algos.LensKit,87,nDCG,10,0.2187513829195429
MovieLens100K,ItemKNN,omnirec.runner.algos.LensKit,87,nDCG,10,0.08747171410140821
MovieLens100K,ItemKNN,omnirec.runner.algos.LensKit,87,nDCG,10,0.22793826167775832
MovieLens100K,ItemKNN,omnirec.runner.algos.LensKit,87,nDCG,10,0.14829723057014912
MovieLens100K,ItemKNN,omnirec.runner.algos.LensKit,87,nDCG,10,0.24968908577726404
MovieLens100K,ItemKNN,omnirec.runner.algos.LensKit,87,nDCG,10,0.1208113026994942
MovieLens100K,ItemKNN,omnirec.runner.algos.LensKit,87,nDCG,10,0.1731866333482261
MovieLens100K,ItemKNN,omnirec.runner.algos.LensKit,87,nDCG,5,0.23719771276929622
MovieLens100K,ItemKNN,omnirec.runner.algos.LensKit,87,nDCG,10,0.23719771276929622
MovieLens100K,ItemKNN,omnirec.runner.algos.LensKit,87,nDCG,10,0.14910427719257574
MovieLens100K,ItemKNN,omnirec.runner.algos.LensKit,87,nDCG,5,0.4912596920895758
MovieLens100K,ItemKNN,omnirec.runner.algos.LensKit,87,nDCG,10,0.3882251478215036
MovieLens100K,ItemKNN,omnirec.runner.algos.LensKit,87,nDCG,10,0.2742654694553681
MovieLens100K,ItemKNN,omnirec.runner.algos.LensKit,87,nDCG,10,0.34445239307233994
MovieLens100K,ItemKNN,omnirec.runner.algos.LensKit,87,nDCG,5,0.6548086577531307
MovieLens100K,ItemKNN,omnirec.runner.algos.LensKit,87,nDCG,10,0.6548086577531307
MovieLens100K,ItemKNN,omnirec.runner.algos.LensKit,87,nDCG,5,0.18154179253735267
MovieLens100K,ItemKNN,omnirec.runner.algos.LensKit,87,nDCG,10,0.18154179253735267
MovieLens100K,ItemKNN,omnirec.runner.algos.LensKit,87,nDCG,5,0.5
MovieLens100K,ItemKNN,omnirec.runner.algos.LensKit,87,nDCG,10,0.5
MovieLens100K,ItemKNN,omnirec.runner.algos.LensKit,87,nDCG,5,0.639945385422766
MovieLens100K,ItemKNN,omnirec.runner.algos.LensKit,87,nDCG,10,0.5509662124799075
MovieLens100K,ItemKNN,omnirec.runner.algos.LensKit,87,nDCG,10,0.20438239758848611
MovieLens100K,ItemKNN,omnirec.runner.algos.LensKit,87,nDCG,10,0.7040791436471738
MovieLens100K,ItemKNN,omnirec.runner.algos.LensKit,87,nDCG,10,0.5087403079104241
MovieLens100K,ItemKNN,omnirec.runner.algos.LensKit,87,nDCG,10,0.2180164145324244
MovieLens100K,ItemKNN,omnirec.runner.algos.LensKit,87,nDCG,10,0.07311683844390995
MovieLens100K,ItemKNN,omnirec.runner.algos.LensKit,87,nDCG,10,0.38121301394452073
MovieLens100K,ItemKNN,omnirec.runner.algos.LensKit,87,nDCG,10,0.1478294909154526
MovieLens100K,ItemKNN,omnirec.runner.algos.LensKit,87,nDCG,10,0.37850091886658266
MovieLens100K,ItemKNN,omnirec.runner.algos.LensKit,87,nDCG,10,0.3308744461818274
MovieLens100K,ItemKNN,omnirec.runner.algos.LensKit,87,nDCG,10,0.24309789328476902
MovieLens100K,ItemKNN,omnirec.runner.algos.LensKit,87,nDCG,10,0.10086747116627115
MovieLens100K,ItemKNN,omnirec.runner.algos.LensKit,87,nDCG,10,0.28371255449703187
MovieLens100K,MostPopular,omnirec.runner.algos.LensKit,87,nDCG,1,1.0
MovieLens100K,MostPopular,omnirec.runner.algos.LensKit,87,Precision,1,1.0
MovieLens100K,MostPopular,omnirec.runner.algos.LensKit,87,nDCG,5,0.3391602052736161
MovieLens100K,MostPopular,omnirec.runner.algos.LensKit,87,Precision,5,0.2
MovieLens100K,MostPopular,omnirec.runner.algos.LensKit,87,nDCG,10,0.2984900352767555
MovieLens100K,MostPopular,omnirec.runner.algos.LensKit,87,Precision,10,0.2
MovieLens100K,MostPopular,omnirec.runner.algos.LensKit,87,nDCG,1,0.0
MovieLens100K,MostPopular,omnirec.runner.algos.LensKit,87,Precision,1,0.0
MovieLens100K,MostPopular,omnirec.runner.algos.LensKit,87,nDCG,5,0.0
MovieLens100K,MostPopular,omnirec.runner.algos.LensKit,87,Precision,5,0.0
MovieLens100K,MostPopular,omnirec.runner.algos.LensKit,87,nDCG,10,0.0
MovieLens100K,MostPopular,omnirec.runner.algos.LensKit,87,Precision,10,0.0
MovieLens100K,MostPopular,omnirec.runner.algos.LensKit,87,nDCG,10,0.22009176629808017
MovieLens100K,MostPopular,omnirec.runner.algos.LensKit,87,Precision,10,0.1
MovieLens100K,MostPopular,omnirec.runner.algos.LensKit,87,nDCG,5,0.13120507751234178
MovieLens100K,MostPopular,omnirec.runner.algos.LensKit,87,nDCG,10,0.08514311764162098
MovieLens100K,MostPopular,omnirec.runner.algos.LensKit,87,nDCG,5,0.14606834984270645
MovieLens100K,MostPopular,omnirec.runner.algos.LensKit,87,nDCG,10,0.1089364926177559
MovieLens100K,MostPopular,omnirec.runner.algos.LensKit,87,nDCG,5,0.21398626473452756
MovieLens100K,MostPopular,omnirec.runner.algos.LensKit,87,nDCG,10,0.13886244387355454
MovieLens100K,MostPopular,omnirec.runner.algos.LensKit,87,nDCG,5,0.16958010263680806
MovieLens100K,MostPopular,omnirec.runner.algos.LensKit,87,nDCG,10,0.12647135138382856
MovieLens100K,MostPopular,omnirec.runner.algos.LensKit,87,nDCG,10,0.14279514403613733
MovieLens100K,MostPopular,omnirec.runner.algos.LensKit,87,nDCG,5,0.5087403079104241
MovieLens100K,MostPopular,omnirec.runner.algos.LensKit,87,Precision,5,0.4
MovieLens100K,MostPopular,omnirec.runner.algos.LensKit,87,nDCG,10,0.33013764944712026
MovieLens100K,MostPopular,omnirec.runner.algos.LensKit,87,nDCG,10,0.2082936658103318
MovieLens100K,MostPopular,omnirec.runner.algos.LensKit,87,nDCG,10,0.06362078819895171
MovieLens100K,MostPopular,omnirec.runner.algos.LensKit,87,nDCG,10,0.10633668103022986
MovieLens100K,MostPopular,omnirec.runner.algos.LensKit,87,nDCG,10,0.22415199495126517
MovieLens100K,MostPopular,omnirec.runner.algos.LensKit,87,nDCG,10,0.06943122193677727
MovieLens100K,MostPopular,omnirec.runner.algos.LensKit,87,nDCG,5,0.30078518014914984
MovieLens100K,MostPopular,omnirec.runner.algos.LensKit,87,nDCG,10,0.19518900079066107
MovieLens100K,MostPopular,omnirec.runner.algos.LensKit,87,nDCG,10,0.15139734109601002
MovieLens100K,MostPopular,omnirec.runner.algos.LensKit,87,nDCG,5,0.16812753627111746
MovieLens100K,MostPopular,omnirec.runner.algos.LensKit,87,nDCG,10,0.16812753627111746
MovieLens100K,MostPopular,omnirec.runner.algos.LensKit,87,nDCG,10,0.07614334071738352
MovieLens100K,MostPopular,omnirec.runner.algos.LensKit,87,nDCG,10,0.2529427027676571
MovieLens100K,MostPopular,omnirec.runner.algos.LensKit,87,nDCG,5,0.6131471927654584
MovieLens100K,MostPopular,omnirec.runner.algos.LensKit,87,nDCG,10,0.6131471927654584
MovieLens100K,MostPopular,omnirec.runner.algos.LensKit,87,nDCG,10,0.11004588314904008
MovieLens100K,MostPopular,omnirec.runner.algos.LensKit,87,nDCG,10,0.06625422345438903
MovieLens100K,MostPopular,omnirec.runner.algos.LensKit,87,nDCG,10,0.21222636597291458
MovieLens100K,MostPopular,omnirec.runner.algos.LensKit,87,nDCG,5,0.36005461457723403
MovieLens100K,MostPopular,omnirec.runner.algos.LensKit,87,nDCG,10,0.23365080824310533
MovieLens100K,MostPopular,omnirec.runner.algos.LensKit,87,nDCG,5,0.5531464700081437
MovieLens100K,MostPopular,omnirec.runner.algos.LensKit,87,nDCG,10,0.42520843362602373
MovieLens100K,MostPopular,omnirec.runner.algos.LensKit,87,Precision,10,0.3
MovieLens100K,MostPopular,omnirec.runner.algos.LensKit,87,nDCG,10,0.13905617951077562
MovieLens100K,MostPopular,omnirec.runner.algos.LensKit,87,nDCG,5,0.6713860725233041
MovieLens100K,MostPopular,omnirec.runner.algos.LensKit,87,nDCG,10,0.6713860725233041
MovieLens100K,MostPopular,omnirec.runner.algos.LensKit,87,nDCG,10,0.15958907712489637
MovieLens100K,MostPopular,omnirec.runner.algos.LensKit,87,nDCG,5,0.24630238874073
MovieLens100K,MostPopular,omnirec.runner.algos.LensKit,87,nDCG,10,0.24630238874073
MovieLens100K,MostPopular,omnirec.runner.algos.LensKit,87,nDCG,10,0.07979453856244818
MovieLens100K,MostPopular,omnirec.runner.algos.LensKit,87,nDCG,10,0.2327059155688063
MovieLens100K,MostPopular,omnirec.runner.algos.LensKit,87,nDCG,10,0.08431423425588572
MovieLens100K,MostPopular,omnirec.runner.algos.LensKit,87,nDCG,10,0.10699313236726378
MovieLens100K,MostPopular,omnirec.runner.algos.LensKit,87,nDCG,10,0.08372491399919348
MovieLens100K,MostPopular,omnirec.runner.algos.LensKit,87,nDCG,5,0.34519134224686937
MovieLens100K,MostPopular,omnirec.runner.algos.LensKit,87,nDCG,10,0.22400556151517553
MovieLens100K,MostPopular,omnirec.runner.algos.LensKit,87,nDCG,10,0.09478836436955078
MovieLens100K,MostPopular,omnirec.runner.algos.LensKit,87,nDCG,10,0.15176219107803537
MovieLens100K,MostPopular,omnirec.runner.algos.LensKit,87,nDCG,10,0.19342640361727081
MovieLens100K,MostPopular,omnirec.runner.algos.LensKit,87,nDCG,10,0.3647442587311445
MovieLens100K,MostPopular,omnirec.runner.algos.LensKit,87,nDCG,10,0.41939799988819815
MovieLens100K,MostPopular,omnirec.runner.algos.LensKit,87,Precision,10,0.4
MovieLens100K,MostPopular,omnirec.runner.algos.LensKit,87,nDCG,10,0.2350455494144854
MovieLens100K,MostPopular,omnirec.runner.algos.LensKit,87,nDCG,10,0.13568544539116628
MovieLens100K,MostPopular,omnirec.runner.algos.LensKit,87,nDCG,5,0.6843515475204855
MovieLens100K,MostPopular,omnirec.runner.algos.LensKit,87,Precision,5,0.6
MovieLens100K,MostPopular,omnirec.runner.algos.LensKit,87,nDCG,10,0.4440973278132557
MovieLens100K,MostPopular,omnirec.runner.algos.LensKit,87,nDCG,10,0.3391602052736161
MovieLens100K,MostPopular,omnirec.runner.algos.LensKit,87,nDCG,10,0.5531464700081437
MovieLens100K,MostPopular,omnirec.runner.algos.LensKit,87,nDCG,5,0.46927872602275644
MovieLens100K,MostPopular,omnirec.runner.algos.LensKit,87,nDCG,10,0.617319681505689
MovieLens100K,MostPopular,omnirec.runner.algos.LensKit,87,nDCG,10,0.16716045496620227
MovieLens100K,MostPopular,omnirec.runner.algos.LensKit,87,nDCG,10,0.4599715079731103
MovieLens100K,MostPopular,omnirec.runner.algos.LensKit,87,nDCG,10,0.37185395737611554
MovieLens100K,MostPopular,omnirec.runner.algos.LensKit,87,nDCG,10,0.46927872602275644
MovieLens100K,MostPopular,omnirec.runner.algos.LensKit,87,nDCG,10,0.30580131013556605
MovieLens100K,MostPopular,omnirec.runner.algos.LensKit,87,nDCG,10,0.17947710508581735
MovieLens100K,MostPopular,omnirec.runner.algos.LensKit,87,nDCG,10,0.15850703974098102
MovieLens100K,MostPopular,omnirec.runner.algos.LensKit,87,nDCG,10,0.14606834984270645
MovieLens100K,MostPopular,omnirec.runner.algos.LensKit,87,nDCG,10,0.21840743681816419
MovieLens100K,MostPopular,omnirec.runner.algos.LensKit,87,nDCG,10,0.10778915452451095
MovieLens100K,MostPopular,omnirec.runner.algos.LensKit,87,nDCG,10,0.30046628673637255
MovieLens100K,MostPopular,omnirec.runner.algos.LensKit,87,nDCG,10,0.12987501165334076
MovieLens100K,MostPopular,omnirec.runner.algos.LensKit,87,nDCG,10,0.17723928678404774
MovieLens100K,MostPopular,omnirec.runner.algos.LensKit,87,nDCG,10,0.13032376591037065
MovieLens100K,MostPopular,omnirec.runner.algos.LensKit,87,nDCG,10,0.07839826897867533
MovieLens100K,MostPopular,omnirec.runner.algos.LensKit,87,nDCG,10,0.13120507751234178
MovieLens100K,MostPopular,omnirec.runner.algos.LensKit,87,nDCG,10,0.07336392209936005
MovieLens100K,MostPopular,omnirec.runner.algos.LensKit,87,nDCG,10,0.11284514134893527
MovieLens100K,MostPopular,omnirec.runner.algos.LensKit,87,nDCG,5,0.20210734650054757
MovieLens100K,MostPopular,omnirec.runner.algos.LensKit,87,nDCG,10,0.20210734650054757
MovieLens100K,MostPopular,omnirec.runner.algos.LensKit,87,nDCG,5,0.27727342735504823
MovieLens100K,MostPopular,omnirec.runner.algos.LensKit,87,nDCG,10,0.17993148201117176
MovieLens100K,MostPopular,omnirec.runner.algos.LensKit,87,nDCG,10,0.19796212533499347
MovieLens100K,MostPopular,omnirec.runner.algos.LensKit,87,nDCG,10,0.27487633291429087
MovieLens100K,MostPopular,omnirec.runner.algos.LensKit,87,nDCG,5,0.38356636737133565
MovieLens100K,MostPopular,omnirec.runner.algos.LensKit,87,nDCG,10,0.2489083270225946
MovieLens100K,MostPopular,omnirec.runner.algos.LensKit,87,nDCG,5,0.7039180890341347
MovieLens100K,MostPopular,omnirec.runner.algos.LensKit,87,nDCG,10,0.7039180890341347
MovieLens100K,MostPopular,omnirec.runner.algos.LensKit,87,nDCG,10,0.13565197343244778
MovieLens100K,MostPopular,omnirec.runner.algos.LensKit,87,nDCG,10,0.07414861528507456
MovieLens100K,MostPopular,omnirec.runner.algos.LensKit,87,nDCG,10,0.8315546295836225
MovieLens100K,MostPopular,omnirec.runner.algos.LensKit,87,nDCG,5,0.3903800499921017
MovieLens100K,MostPopular,omnirec.runner.algos.LensKit,87,nDCG,10,0.3903800499921017
MovieLens100K,MostPopular,omnirec.runner.algos.LensKit,87,nDCG,5,0.7227265726449519
MovieLens100K,MostPopular,omnirec.runner.algos.LensKit,87,nDCG,10,0.5716213154129578
MovieLens100K,MostPopular,omnirec.runner.algos.LensKit,87,nDCG,10,0.13012668333070054
MovieLens100K,MostPopular,omnirec.runner.algos.LensKit,87,nDCG,10,0.07945707943276742
MovieLens100K,MostPopular,omnirec.runner.algos.LensKit,87,nDCG,5,0.4468535299918563
MovieLens100K,MostPopular,omnirec.runner.algos.LensKit,87,nDCG,10,0.3594085870969891
MovieLens100K,MostPopular,omnirec.runner.algos.LensKit,87,nDCG,10,0.24703059344735182
MovieLens100K,MostPopular,omnirec.runner.algos.LensKit,87,nDCG,10,0.09791292534996782
MovieLens100K,MostPopular,omnirec.runner.algos.LensKit,87,nDCG,5,0.4703652827859579
MovieLens100K,MostPopular,omnirec.runner.algos.LensKit,87,nDCG,10,0.30523488393970116
MovieLens100K,MostPopular,omnirec.runner.algos.LensKit,87,nDCG,10,0.28165758790969186
MovieLens100K,MostPopular,omnirec.runner.algos.LensKit,87,nDCG,10,0.3531437764338091
MovieLens100K,MostPopular,omnirec.runner.algos.LensKit,87,nDCG,10,0.4409203293308675
MovieLens100K,MostPopular,omnirec.runner.algos.LensKit,87,nDCG,5,0.3156484524795145
MovieLens100K,MostPopular,omnirec.runner.algos.LensKit,87,nDCG,10,0.2684550357175426
MovieLens100K,MostPopular,omnirec.runner.algos.LensKit,87,nDCG,10,0.15457433957839825
MovieLens100K,MostPopular,omnirec.runner.algos.LensKit,87,nDCG,5,0.6164336326286644
MovieLens100K,MostPopular,omnirec.runner.algos.LensKit,87,nDCG,10,0.5478527392247046
MovieLens100K,MostPopular,omnirec.runner.algos.LensKit,87,Precision,10,0.5
MovieLens100K,MostPopular,omnirec.runner.algos.LensKit,87,nDCG,10,0.3628869103342175
MovieLens100K,MostPopular,omnirec.runner.algos.LensKit,87,nDCG,10,0.2051166673279436
MovieLens100K,MostPopular,omnirec.runner.algos.LensKit,87,nDCG,10,0.28952298823485745
MovieLens100K,MostPopular,omnirec.runner.algos.LensKit,87,nDCG,10,0.18340980524840012
MovieLens100K,MostPopular,omnirec.runner.algos.LensKit,87,nDCG,10,0.17630010660342912
MovieLens100K,MostPopular,omnirec.runner.algos.LensKit,87,nDCG,10,0.2683637998873703
MovieLens100K,MostPopular,omnirec.runner.algos.LensKit,87,nDCG,5,0.8687949224876582
MovieLens100K,MostPopular,omnirec.runner.algos.LensKit,87,Precision,5,0.8
MovieLens100K,MostPopular,omnirec.runner.algos.LensKit,87,nDCG,10,0.6274092458891772
MovieLens100K,MostPopular,omnirec.runner.algos.LensKit,87,nDCG,10,0.09092803061897885
MovieLens100K,MostPopular,omnirec.runner.algos.LensKit,87,nDCG,10,0.5032251913410369
MovieLens100K,MostPopular,omnirec.runner.algos.LensKit,87,nDCG,10,0.19587129117873783
MovieLens100K,MostPopular,omnirec.runner.algos.LensKit,87,nDCG,10,0.33725693702354287
MovieLens100K,MostPopular,omnirec.runner.algos.LensKit,87,nDCG,10,0.40350157154648025
MovieLens100K,MostPopular,omnirec.runner.algos.LensKit,87,nDCG,10,0.29025978496956456
MovieLens100K,MostPopular,omnirec.runner.algos.LensKit,87,nDCG,10,0.123151194370365
MovieLens100K,MostPopular,omnirec.runner.algos.LensKit,87,nDCG,10,0.2863459897524692
MovieLens100K,MostPopular,omnirec.runner.algos.LensKit,87,nDCG,10,0.23992089480238082
MovieLens100K,MostPopular,omnirec.runner.algos.LensKit,87,nDCG,10,0.3029889503327762
MovieLens100K,MostPopular,omnirec.runner.algos.LensKit,87,nDCG,10,0.3537338847624762
MovieLens100K,MostPopular,omnirec.runner.algos.LensKit,87,nDCG,10,0.1559378792798317
MovieLens100K,MostPopular,omnirec.runner.algos.LensKit,87,nDCG,10,0.41039156802332444
MovieLens100K,MostPopular,omnirec.runner.algos.LensKit,87,nDCG,10,0.3557772116892465
MovieLens100K,MostPopular,omnirec.runner.algos.LensKit,87,nDCG,10,0.1736666713479918
MovieLens100K,MostPopular,omnirec.runner.algos.LensKit,87,nDCG,5,0.6992148198508501
MovieLens100K,MostPopular,omnirec.runner.algos.LensKit,87,nDCG,10,0.4537425745411855
MovieLens100K,MostPopular,omnirec.runner.algos.LensKit,87,nDCG,10,0.34695119186869644
MovieLens100K,MostPopular,omnirec.runner.algos.LensKit,87,nDCG,10,0.16927654709047396
MovieLens100K,MostPopular,omnirec.runner.algos.LensKit,87,nDCG,10,0.2973694836145356
MovieLens100K,MostPopular,omnirec.runner.algos.LensKit,87,nDCG,10,0.20248323207250624
MovieLens100K,MostPopular,omnirec.runner.algos.LensKit,87,nDCG,10,0.0901000086523677
MovieLens100K,MostPopular,omnirec.runner.algos.LensKit,87,nDCG,5,0.48522855511632257
MovieLens100K,MostPopular,omnirec.runner.algos.LensKit,87,nDCG,10,0.31488013066763093
MovieLens100K,MostPopular,omnirec.runner.algos.LensKit,87,nDCG,10,0.1909208661789347
MovieLens100K,MostPopular,omnirec.runner.algos.LensKit,87,nDCG,10,0.32124463208930537
MovieLens100K,MostPopular,omnirec.runner.algos.LensKit,87,nDCG,10,0.25909036127391766
MovieLens100K,MostPopular,omnirec.runner.algos.LensKit,87,nDCG,10,0.14126697285982898
MovieLens100K,MostPopular,omnirec.runner.algos.LensKit,87,nDCG,10,0.1635413866202963
MovieLens100K,MostPopular,omnirec.runner.algos.LensKit,87,nDCG,5,0.2960819109658652
MovieLens100K,MostPopular,omnirec.runner.algos.LensKit,87,nDCG,10,0.2960819109658652
MovieLens100K,MostPopular,omnirec.runner.algos.LensKit,87,nDCG,10,0.47842151728792726
MovieLens100K,MostPopular,omnirec.runner.algos.LensKit,87,nDCG,10,0.09803928583135704
MovieLens100K,MostPopular,omnirec.runner.algos.LensKit,87,nDCG,10,0.3900741276002217
MovieLens100K,MostPopular,omnirec.runner.algos.LensKit,87,nDCG,5,0.3065735963827292
MovieLens100K,MostPopular,omnirec.runner.algos.LensKit,87,nDCG,10,0.3065735963827292
MovieLens100K,MostPopular,omnirec.runner.algos.LensKit,87,nDCG,10,0.3562071871080222
MovieLens100K,MostPopular,omnirec.runner.algos.LensKit,87,nDCG,10,0.1584091525685025
MovieLens100K,MostPopular,omnirec.runner.algos.LensKit,87,nDCG,10,0.16958010263680806
MovieLens100K,MostPopular,omnirec.runner.algos.LensKit,87,nDCG,10,0.17957712468379533
MovieLens100K,MostPopular,omnirec.runner.algos.LensKit,87,nDCG,10,0.2614432242450501
MovieLens100K,MostPopular,omnirec.runner.algos.LensKit,87,nDCG,10,0.3589542101716347
MovieLens100K,MostPopular,omnirec.runner.algos.LensKit,87,nDCG,10,0.20483424751859086
MovieLens100K,MostPopular,omnirec.runner.algos.LensKit,87,nDCG,10,0.4632423659320675
MovieLens100K,MostPopular,omnirec.runner.algos.LensKit,87,nDCG,10,0.30281242839865
MovieLens100K,MostPopular,omnirec.runner.algos.LensKit,87,nDCG,10,0.13961814555374907
MovieLens100K,MostPopular,omnirec.runner.algos.LensKit,87,nDCG,10,0.4125317798925535
MovieLens100K,MostPopular,omnirec.runner.algos.LensKit,87,nDCG,10,0.27134058233820724
MovieLens100K,MostPopular,omnirec.runner.algos.LensKit,87,nDCG,5,0.19519002499605084
MovieLens100K,MostPopular,omnirec.runner.algos.LensKit,87,nDCG,10,0.19519002499605084
MovieLens100K,MostPopular,omnirec.runner.algos.LensKit,87,nDCG,10,0.2528410271851774
MovieLens100K,MostPopular,omnirec.runner.algos.LensKit,87,nDCG,10,0.17342765698823948
MovieLens100K,MostPopular,omnirec.runner.algos.LensKit,87,nDCG,10,0.21398626473452756
MovieLens100K,MostPopular,omnirec.runner.algos.LensKit,87,nDCG,10,0.28997736516021183
MovieLens100K,MostPopular,omnirec.runner.algos.LensKit,87,nDCG,10,0.29062463495158997
MovieLens100K,MostPopular,omnirec.runner.algos.LensKit,87,nDCG,5,0.2640681225725909
MovieLens100K,MostPopular,omnirec.runner.algos.LensKit,87,nDCG,10,0.2640681225725909
MovieLens100K,MostPopular,omnirec.runner.algos.LensKit,87,nDCG,10,0.08671382849411974
MovieLens100K,MostPopular,omnirec.runner.algos.LensKit,87,nDCG,5,0.38685280723454163
MovieLens100K,MostPopular,omnirec.runner.algos.LensKit,87,nDCG,10,0.38685280723454163
MovieLens100K,MostPopular,omnirec.runner.algos.LensKit,87,nDCG,10,0.16421958630632802
MovieLens100K,MostPopular,omnirec.runner.algos.LensKit,87,nDCG,10,0.2934556883974402
MovieLens100K,MostPopular,omnirec.runner.algos.LensKit,87,nDCG,10,0.1480409554829326
MovieLens100K,MostPopular,omnirec.runner.algos.LensKit,87,nDCG,10,0.3026024134988135
MovieLens100K,MostPopular,omnirec.runner.algos.LensKit,87,nDCG,10,0.2437748474873753
MovieLens100K,MostPopular,omnirec.runner.algos.LensKit,87,nDCG,10,0.11838279295536293
MovieLens100K,MostPopular,omnirec.runner.algos.LensKit,87,nDCG,10,0.09785159463516042
MovieLens100K,MostPopular,omnirec.runner.algos.LensKit,87,nDCG,10,0.33627415762678564
MovieLens100K,MostPopular,omnirec.runner.algos.LensKit,87,nDCG,10,0.2187513829195429
MovieLens100K,MostPopular,omnirec.runner.algos.LensKit,87,nDCG,10,0.08747171410140821
MovieLens100K,MostPopular,omnirec.runner.algos.LensKit,87,nDCG,10,0.22793826167775832
MovieLens100K,MostPopular,omnirec.runner.algos.LensKit,87,nDCG,10,0.14829723057014912
MovieLens100K,MostPopular,omnirec.runner.algos.LensKit,87,nDCG,10,0.24968908577726404
MovieLens100K,MostPopular,omnirec.runner.algos.LensKit,87,nDCG,10,0.1208113026994942
MovieLens100K,MostPopular,omnirec.runner.algos.LensKit,87,nDCG,10,0.1731866333482261
MovieLens100K,MostPopular,omnirec.runner.algos.LensKit,87,nDCG,5,0.23719771276929622
MovieLens100K,MostPopular,omnirec.runner.algos.LensKit,87,nDCG,10,0.23719771276929622
MovieLens100K,MostPopular,omnirec.runner.algos.LensKit,87,nDCG,10,0.14910427719257574
MovieLens100K,MostPopular,omnirec.runner.algos.LensKit,87,nDCG,5,0.4912596920895758
MovieLens100K,MostPopular,omnirec.runner.algos.LensKit,87,nDCG,10,0.3882251478215036
MovieLens100K,MostPopular,omnirec.runner.algos.LensKit,87,nDCG,10,0.2742654694553681
MovieLens100K,MostPopular,omnirec.runner.algos.LensKit,87,nDCG,10,0.34445239307233994
MovieLens100K,MostPopular,omnirec.runner.algos.LensKit,87,nDCG,5,0.6548086577531307
MovieLens100K,MostPopular,omnirec.runner.algos.LensKit,87,nDCG,10,0.6548086577531307
MovieLens100K,MostPopular,omnirec.runner.algos.LensKit,87,nDCG,5,0.18154179253735267
MovieLens100K,MostPopular,omnirec.runner.algos.LensKit,87,nDCG,10,0.18154179253735267
MovieLens100K,MostPopular,omnirec.runner.algos.LensKit,87,nDCG,5,0.5
MovieLens100K,MostPopular,omnirec.runner.algos.LensKit,87,nDCG,10,0.5
MovieLens100K,MostPopular,omnirec.runner.algos.LensKit,87,nDCG,5,0.639945385422766
MovieLens100K,MostPopular,omnirec.runner.algos.LensKit,87,nDCG,10,0.5509662124799075
MovieLens100K,MostPopular,omnirec.runner.algos.LensKit,87,nDCG,10,0.20438239758848611
MovieLens100K,MostPopular,omnirec.runner.algos.LensKit,87,nDCG,10,0.7040791436471738
MovieLens100K,MostPopular,omnirec.runner.algos.LensKit,87,nDCG,10,0.5087403079104241
MovieLens100K,MostPopular,omnirec.runner.algos.LensKit,87,nDCG,10,0.2180164145324244
MovieLens100K,MostPopular,omnirec.runner.algos.LensKit,87,nDCG,10,0.07311683844390995
MovieLens100K,MostPopular,omnirec.runner.algos.LensKit,87,nDCG,10,0.38121301394452073
MovieLens100K,MostPopular,omnirec.runner.algos.LensKit,87,nDCG,10,0.1478294909154526
MovieLens100K,MostPopular,omnirec.runner.algos.LensKit,87,nDCG,10,0.37850091886658266
MovieLens100K,MostPopular,omnirec.runner.algos.LensKit,87,nDCG,10,0.3308744461818274
MovieLens100K,MostPopular,omnirec.runner.algos.LensKit,87,nDCG,10,0.24309789328476902
MovieLens100K,MostPopular,omnirec.runner.algos.LensKit,87,nDCG,10,0.10086747116627115
MovieLens100K,MostPopular,omnirec.runner.algos.LensKit,87,nDCG,10,0.28371255449703187
